station_id,name,brand,region,sido,sigungu,addr,is_self,quality_cert,reports_price,tel
A0000004,㈜지에스이앤알 하안단지주유소,GS칼텍스,경기 광명시,경기,광명시,경기 광명시 오리로 608 (소하동),1,0,1,02-899-5202
A0000011,이케이에너지(주) 무산주유소,HD현대오일뱅크,서울 양천구,서울,양천구,서울 양천구 신정로 236,1,0,1,02-2690-7775
A0000012,㈜지에스이앤알 흥덕주유소,GS칼텍스,경기 용인시,경기,용인시,경기 용인시 기흥구 흥덕중앙로 92,1,0,1,031-215-8053
A0000014,㈜지에스이앤알 동일주유소,GS칼텍스,강원 인제군,강원,인제군,강원 인제군 북면 설악로 2775,0,0,1,033-462-5124
A0000015,㈜지에스이앤알 송파제일주유소,HD현대오일뱅크,서울 송파구,서울,송파구,서울 송파구 삼학사로 50 (석촌동),1,0,1,02-424-2900
A0000020,㈜하이테크산업 이천주유소,SK에너지,경기 이천시,경기,이천시,경기 이천시 설성면 서동대로 8219,1,0,0,031-641-5151
A0000027,라온주유소,S-OIL,경기 의정부시,경기,의정부시,경기 의정부시 호국로 1844,1,0,0,031-846-0003
A0000028,시온주유소,SK에너지,충남 홍성군,충남,홍성군,충남 홍성군 홍성읍 내포로 80,1,0,0,041-631-4061
A0000029,사랑리주유소,S-OIL,경기 화성시,경기,화성시,경기 화성시 만세구 장안면 사랑길 80,1,0,0,031-358-5184
A0000035,㈜지에스이앤알 평창주유소,HD현대오일뱅크,서울 종로구,서울,종로구,서울 종로구 평창문화로 135 (평창동),1,0,1,02-391-5185
A0000037,용미self주유소,HD현대오일뱅크,경기 파주시,경기,파주시,경기 파주시 광탄면 혜음로 396,1,0,0,031-942-6060
A0000041,㈜광역주유소 역곡점,GS칼텍스,경기 부천시,경기,부천시,경기도 부천시 소사구 경인로 463,1,0,1,032-343-5155
A0000045,㈜북악주유소,GS칼텍스,서울 종로구,서울,종로구,서울 종로구 평창문화로 137,1,0,0,02-395-6500
A0000050,동산주유소,알뜰주유소,경남 함양군,경남,함양군,경남 함양군 함양읍 고운로 570,0,0,1,055-964-2221
A0000051,태아산업㈜ 부여백제(서천방향)주유소,알뜰(ex),충남 부여군,충남,부여군,충남 부여군 내산면 서천공주고속도로 25,1,1,1,041-834-4600
A0000052,태아산업㈜ 부여백제(공주방향)주유소,알뜰(ex),충남 부여군,충남,부여군,충남 부여군 내산면 서천공주고속도로 26,1,1,1,041-833-8300
A0000053,풀무원푸드앤컬처공주하(대전)주유소,알뜰(ex),충남 공주시,충남,공주시,충남 공주시 당진영덕고속도로 72-1,1,1,1,041-854-9728
A0000054,풀무원푸드앤컬처공주상(당진)주유소,알뜰(ex),충남 공주시,충남,공주시,충남 공주시 의당면 당진영덕고속도로 71,1,1,1,041-854-9504
A0000056,㈜더웨이유통 진안 마이산(익산방향)주유소,알뜰(ex),전북 진안군,전북,진안군,전북 진안군 진안읍 익산장수고속도로 41-1,0,1,1,063-432-1383
A0000057,㈜더웨이유통 진안 마이산(장수방향)주유소,알뜰(ex),전북 진안군,전북,진안군,전북 진안군 진안읍 익산장수고속도로 42-1,1,1,1,063-432-6353
A0000064,안풍주유소,S-OIL,서울 종로구,서울,종로구,서울 종로구 자하문로 303,0,0,0,02-396-5151
A0000069,자하문주유소,SK에너지,서울 종로구,서울,종로구,서울 종로구 자하문로 248 (부암동),1,0,0,02-396-5252
A0000074,구도일주유소 창동,S-OIL,서울 도봉구,서울,도봉구,서울 도봉구 해등로3길 86 (창동),1,0,1,02-906-5104
A0000079,형제주유소,S-OIL,충남 서산시,충남,서산시,충남 서산시 음암면 운암로 678,0,0,0,041-664-3383
A0000081,계림주유소,GS칼텍스,경기 남양주시,경기,남양주시,경기 남양주시 별내면 송산로 400,0,0,0,031-528-2860
A0000084,강현농업협동조합(강현농협주유소),NH-OIL,강원 양양군,강원,양양군,강원 양양군 강현면 동해대로 3415,1,0,1,033-671-5815
A0000089,가은주유소,SK에너지,충남 천안시,충남,천안시,충남 천안시 서북구 성환읍 천안대로 1899,0,0,0,041-583-1228
A0000097,덕적주유소,HD현대오일뱅크,인천 옹진군,인천,옹진군,인천 옹진군 덕적면 덕적북로 66,0,0,0,032-832-3884
A0000110,목장주유소,S-OIL,경기 고양시,경기,고양시,경기 고양시 덕양구 호국로 932,1,0,1,031-967-8805
A0000120,마포주유소,S-OIL,서울 마포구,서울,마포구,서울 마포구 마포대로 186,1,0,1,02-711-5189
A0000129,SK에너지(주) 양지주유소,SK에너지,서울 마포구,서울,마포구,서울 마포구 마포대로 69 (도화동),0,0,1,02-706-8955
A0000134,구도일주유소 두꺼비,S-OIL,서울 서대문구,서울,서대문구,서울 서대문구 성산로 312,1,0,1,02-336-0611
A0000136,포천신북주유소,알뜰주유소,경기 포천시,경기,포천시,경기 포천시 호국로 2226,1,0,1,031-534-7775
A0000139,(주)타이거통상 월드컵주유소,S-OIL,서울 마포구,서울,마포구,서울 마포구 월드컵북로 170 (성산제2동),1,0,0,070-4121-0021
A0000146,마포시엠주유소,SK에너지,서울 마포구,서울,마포구,서울 마포구 월드컵북로 62,0,0,0,02-338-9447
A0000154,하늘주유소,S-OIL,경기 고양시,경기,고양시,경기 고양시 덕양구 통일로 1096,0,0,0,031-964-5188
A0000156,금오주유소,SK에너지,경기 의정부시,경기,의정부시,경기 의정부시 호국로 1582 (금오동),0,0,0,031-821-3939
A0000159,청원주유소,HD현대오일뱅크,서울 마포구,서울,마포구,서울 마포구 월드컵북로 113 (성산동),1,0,1,02-325-5533
A0000160,경포주유소,GS칼텍스,강원 강릉시,강원,강릉시,강원 강릉시 안현로 40 (안현동),0,0,0,033-644-5145
A0000161,염창동주유소,SK에너지,서울 강서구,서울,강서구,서울 강서구 양천로 720,0,0,0,02-3664-4134
A0000163,(주)만성상사 대흥주유소,SK에너지,서울 마포구,서울,마포구,서울 마포구 대흥로 61 (대흥동),0,0,0,02-3273-5151
A0000164,(주)안국에너지 망원동주유소,SK에너지,서울 마포구,서울,마포구,서울 마포구 월드컵로 119 (망원동),0,0,1,02-334-0917
A0000169,성산대교셀프주유소,HD현대오일뱅크,서울 마포구,서울,마포구,서울 마포구 성산로 144,1,0,1,02-323-0078
A0000173,에스에스오토셀프,HD현대오일뱅크,서울 마포구,서울,마포구,서울 마포구 서강로 76 (창전동),1,0,1,02-336-5185
A0000178,(주)미래아스팔트 신우주유소,S-OIL,서울 서대문구,서울,서대문구,서울 서대문구 가좌로 106(홍은동),1,0,1,02-304-5522
A0000180,㈜세일 구도일주유소 안양,S-OIL,경기 안양시,경기,안양시,경기 안양시 만안구 만안로 135,1,0,0,031-448-6633
A0000182,염리동주유소,S-OIL,서울 마포구,서울,마포구,서울 마포구 백범로 126 (염리동),1,0,1,02-3272-5155
A0000189,(주)서울에너지 시민주유소,HD현대오일뱅크,서울 강북구,서울,강북구,서울 강북구 인수봉로 185 (수유동),1,0,1,02-907-9496
A0000190,시선㈜ 권선지점,자가상표,경기 수원시,경기,수원시,경기 수원시 권선구 매송고색로 552,1,0,0,031-278-5180
A0000201,금정주유소,HD현대오일뱅크,경기 양주시,경기,양주시,경기 양주시 화합로 1433,0,0,0,031-858-5501
A0000206,(주)남경주유소,SK에너지,서울 용산구,서울,용산구,서울 용산구 녹사평대로 11길 24,0,0,0,02-793-2954
A0000215,마하주유소,GS칼텍스,경기 안양시,경기,안양시,경기 안양시 만안구 엘에스로 237 (안양동),1,0,1,031-444-5175
A0000216,원지셀프주유소(SK),SK에너지,경남 산청군,경남,산청군,경남 산청군 신안면 원지로 6-3,1,0,1,055-974-3333
A0000217,포일주유소,HD현대오일뱅크,경기 의왕시,경기,의왕시,경기 의왕시 안양판교로 205 (청계동),0,0,0,031-423-7288
A0000221,한석주유소,SK에너지,서울 용산구,서울,용산구,서울 용산구 이촌로 164,0,0,0,02-790-1020
A0000223,동자동주유소,SK에너지,서울 용산구,서울,용산구,서울 용산구 한강대로104길 6 (동자동),0,0,0,02-754-6667
A0000225,(주)영원 풍기주유소,GS칼텍스,서울 용산구,서울,용산구,서울 용산구 원효로 178 (원효로2가),0,0,0,02-719-2202
A0000228,에너비스,SK에너지,서울 용산구,서울,용산구,서울 용산구 한남대로 82 (한남동),0,0,0,070-8707-4572
A0000229,HD현대오일뱅크㈜직영 한남동주유소,HD현대오일뱅크,서울 용산구,서울,용산구,서울 용산구 한남대로 204 (한남동),0,0,1,02-795-0802
A0000230,HD현대오일뱅크㈜직영 한강셀프주유소,HD현대오일뱅크,서울 용산구,서울,용산구,서울 용산구 원효로 9,1,0,1,02-712-7124
A0000232,HD현대오일뱅크㈜직영 갈월동주유소,HD현대오일뱅크,서울 용산구,서울,용산구,서울특별시 용산구  한강대로 322 (남영동),0,0,1,02-754-5217
A0000238,한남지점,SK에너지,서울 용산구,서울,용산구,서울 용산구 한남대로21길 4 (한남동),0,0,0,070-8707-4586
A0000240,HD현대오일뱅크(주)직영 소월길주유소,HD현대오일뱅크,서울 용산구,서울,용산구,서울 용산구 소월로 66 (후암동),0,0,1,02-318-3314
A0000242,스피드 이천 주유소,GS칼텍스,경기 이천시,경기,이천시,경기 이천시 마장면 중부대로 560,1,0,0,031-638-5102
A0000245,(주)신태성주유소,SK에너지,서울 용산구,서울,용산구,서울 용산구 원효로 147 (원효로3가),0,0,0,02-701-9447
A0000248,탑주유소,SK에너지,경기 수원시,경기,수원시,경기 수원시 권선구 서부로 1774,1,0,1,031-278-5182
A0000249,SK에너지㈜ 유공셀프주유소,SK에너지,대전 유성구,대전,유성구,대전 유성구 유성대로 614 (구암동),1,0,1,042-825-5153
A0000250,KH에너지㈜직영 KH테크노주유소,SK에너지,경기 부천시,경기,부천시,경기 부천시 오정구 석천로398번길 57,1,0,1,032-671-5180
A0000251,내삼주유소,S-OIL,경남 김해시,경남,김해시,경남 김해시 주촌면 서부로1499번안길 1,1,0,0,055-329-4351
A0000253,경동석유산업(주)고속철주유소,HD현대오일뱅크,경기 광명시,경기,광명시,경기 광명시 광명로 207 (가학동),1,0,1,02-2617-9767
A0000256,문암주유소,S-OIL,충북 음성군,충북,음성군,충북 음성군 원남면 충청대로 60,1,0,0,043-872-8951
A0000257,서울석유(주)이에스주유소,SK에너지,경기 평택시,경기,평택시,경기 평택시 동삭로 363,1,0,1,031-656-5115
A0000263,㈜세일 구도일주유소 박달,S-OIL,경기 안양시,경기,안양시,경기 안양시 만안구 박달로 274 (박달동),1,0,0,031-441-5153
A0000265,조랑말주유소,SK에너지,경기 포천시,경기,포천시,경기 포천시 이동면 화동로 2469,1,0,0,031-535-7834
A0000269,남사IC주유소,HD현대오일뱅크,경기 용인시,경기,용인시,경기 용인시 처인구 이동면 어진로 637,0,0,0,031-336-5145
A0000270,씨앤에스유통(주) 한일주유소,S-OIL,서울 영등포구,서울,영등포구,서울 영등포구 도림로 486 (문래동3가),1,0,0,02-3667-5101
A0000272,LP가스산업주유소,SK에너지,강원 인제군,강원,인제군,강원 인제군 북면 미시령로 951,0,0,0,033-463-5189
A0000279,선유도주유소,S-OIL,서울 영등포구,서울,영등포구,서울 영등포구 양평로 141 (양평동5가),1,0,1,02-2671-5223
A0000287,버드나룻길주유소,SK에너지,서울 영등포구,서울,영등포구,서울 영등포구 버드나루로 111 (당산동),0,0,0,02-2634-5104
A0000289,고려주유소,S-OIL,경북 문경시,경북,문경시,경북 문경시 마성면 은성로 1028,0,0,0,054-571-5400
A0000290,HD현대오일뱅크㈜직영 대일셀프주유소,HD현대오일뱅크,서울 영등포구,서울,영등포구,서울 영등포구 영등포로 168,1,0,1,02-2068-8700
A0000292,지에스칼텍스㈜ 화일주유소,GS칼텍스,서울 영등포구,서울,영등포구,서울 영등포구 도림로 415,1,0,1,02-2633-5546
A0000297,신달주유소,S-OIL,충남 아산시,충남,아산시,충남 아산시 신창면 서부북로 691,0,0,0,041-541-6667
A0000308,KH에너지㈜직영 KH여의도주유소,SK에너지,서울 영등포구,서울,영등포구,서울 영등포구 국회대로 794 (여의도동),0,0,1,02-761-5101
A0000309,SK에너지(주) 양평주유소,SK에너지,서울 영등포구,서울,영등포구,서울 영등포구 선유로 195 (양평동3가),1,0,1,02-2633-1013
A0000316,SJ오일(주) 여의도주유소,GS칼텍스,서울 영등포구,서울,영등포구,서울 영등포구 은행로 64,0,0,1,02-785-8201
A0000323,(주)한미석유 제2한강주유소,GS칼텍스,서울 영등포구,서울,영등포구,서울 영등포구 선유로 260 (양평동4가),1,0,1,02-2633-2716
A0000324,지에스칼텍스(주) 한양주유소,GS칼텍스,서울 영등포구,서울,영등포구,서울 영등포구 국회대로 665,0,0,1,02-2635-7781
A0000327,SK에너지(주) 기린주유소,SK에너지,서울 영등포구,서울,영등포구,서울 영등포구 선유로 270,1,0,1,02-2671-5182
A0000329,향남신도시주유소,SK에너지,경기 화성시,경기,화성시,경기 화성시 만세구 향남읍 발안로 199,0,0,0,031-366-6027
A0000331,(주)선우엠엔에스주유소,자가상표,충북 청주시,충북,청주시,충북 청주시 흥덕구 청주역로 387 (정봉동),0,0,0,043-237-8951
A0000335,㈜원천주유소,GS칼텍스,서울 성북구,서울,성북구,서울 성북구 돌곶이로 142,1,0,0,070-4001-2057
A0000346,㈜이아이디 네오시티주유소 지점,S-OIL,서울 영등포구,서울,영등포구,서울 영등포구 영등포로 399 (신길동),1,0,0,070-7722-3124
A0000350,동아주유소,S-OIL,서울 구로구,서울,구로구,서울 구로구 도림로 91 (구로동),0,0,0,02-855-1282
A0000363,우일주유소,S-OIL,경기 부천시,경기,부천시,경기 부천시 원미구 원미로 224,0,0,1,032-651-3783
A0000365,북일주유소,S-OIL,전남광주 장성군,전남광주,장성군,전남광주통합특별시 장성군 북일면 신흥로 814,0,0,0,061-394-0081
A0000368,㈜씨더블유창원동작,HD현대오일뱅크,서울 동작구,서울,동작구,서울 동작구 사당로 59,1,0,0,02-825-5151
A0000373,㈜에스코리아 에코주유소,GS칼텍스,경남 창녕군,경남,창녕군,경남 창녕군 부곡면 온천로 916,1,0,0,055-536-0450
A0000379,살피재주유소,SK에너지,서울 동작구,서울,동작구,서울 동작구 상도로 334,0,0,0,02-817-2559
A0000394,씨앤에스유통㈜ 미아셀프주유소,S-OIL,서울 강북구,서울,강북구,서울 강북구 도봉로 200 (미아동),1,0,0,02-945-7999
A0000400,(주)MS오일,HD현대오일뱅크,서울 영등포구,서울,영등포구,서울 영등포구 대림로 230,1,0,0,02-844-5151
A0000408,행촌주유소,SK에너지,서울 영등포구,서울,영등포구,서울 영등포구 도신로 130 (신길동),1,0,0,070-7758-5189
A0000410,㈜신길에너지 신길주유소,GS칼텍스,서울 영등포구,서울,영등포구,서울 영등포구 신길로 74 (신길동),1,0,1,02-833-1113
A0000412,남서울고속주유소,SK에너지,서울 영등포구,서울,영등포구,서울 영등포구 가마산로 367 (대림동),1,0,0,02-843-5151
A0000421,(주)강서오일,HD현대오일뱅크,서울 영등포구,서울,영등포구,서울 영등포구 도신로 151,1,0,0,02-832-1700
A0000425,HD현대오일뱅크㈜직영 동작주유소,HD현대오일뱅크,서울 동작구,서울,동작구,서울 동작구 상도로 403 (상도동),0,0,1,02-817-9179
A0000426,HD현대오일뱅크㈜직영 사당셀프주유소,HD현대오일뱅크,서울 동작구,서울,동작구,서울 동작구 동작대로 73 (사당동),1,0,1,02-521-3618
A0000427,영등포제일셀프주유소,HD현대오일뱅크,서울 영등포구,서울,영등포구,서울 영등포구 가마산로 379,1,0,0,02-847-5151
A0000428,주식회사 새서울글로벌,HD현대오일뱅크,서울 동작구,서울,동작구,서울 동작구 시흥대로 616 (신대방동),1,0,1,02-832-7926
A0000430,HD현대오일뱅크㈜직영 흑석동셀프주유소,HD현대오일뱅크,서울 동작구,서울,동작구,서울 동작구 현충로 101 (흑석동),1,0,1,02-815-0724
A0000431,SK에너지(주) 신길동주유소,SK에너지,서울 영등포구,서울,영등포구,서울 영등포구 영등포로 348 (신길동),0,0,1,02-843-0481
A0000433,한경석유(주)경덕주유소,SK에너지,서울 영등포구,서울,영등포구,서울 영등포구 여의대방로23길 2 (신길동),1,0,0,02-843-3900
A0000442,씨앤에스유통 한성주유소,S-OIL,서울 영등포구,서울,영등포구,서울 영등포구 여의대방로 227,0,0,0,02-849-5180
A0000443,성락주유소,S-OIL,서울 영등포구,서울,영등포구,서울 영등포구 가마산로 414 (신길동),1,0,1,02-842-6148
A0000444,(주)대청에너지 대청주유소,GS칼텍스,서울 영등포구,서울,영등포구,서울 영등포구 가마산로 328 (대림동),1,0,0,02-841-8780
A0000445,(주)한경에너지 베스트원주유소,SK에너지,경기 하남시,경기,하남시,경기 하남시 하남대로 781,1,0,0,031-792-5100
A0000451,금곡주유소,S-OIL,경기 파주시,경기,파주시,경기 파주시 법원읍 술이홀로 1265,0,0,0,031-959-0090
A0000452,문화주유소,GS칼텍스,충북 충주시,충북,충주시,충북 충주시 사직로 59 (문화동),1,0,0,043-857-3155
A0000467,간성주유소,SK에너지,강원 고성군,강원,고성군,강원 고성군 간성읍 탑동길 4-15,1,0,0,033-681-5155
A0000468,대성석유㈜ 대성주유소,GS칼텍스,서울 강서구,서울,강서구,서울 강서구 강서로 472,0,0,0,02-3661-6102
A0000471,(주)광역주유소 고강,GS칼텍스,경기 부천시,경기,부천시,경기 부천시 오정구 역곡로 560 (고강동),1,0,1,032-678-6446
A0000474,강서열린주유소,GS칼텍스,서울 강서구,서울,강서구,서울 강서구 등촌로 213 (등촌동),0,0,0,02-2647-9091
A0000480,개화주유소,SK에너지,서울 강서구,서울,강서구,서울 강서구 양천로 57,1,0,1,02-2661-5555
A0000482,박물관주유소,GS칼텍스,서울 강서구,서울,강서구,서울 강서구 양천로53길 97 (가양동),1,0,0,02-3665-5189
A0000484,부강하나주유소,SK에너지,경기 김포시,경기,김포시,경기 김포시 양촌면 양곡로 382,1,0,1,031-987-5088
A0000491,(주)타이거오일 방화주유소,SK에너지,서울 강서구,서울,강서구,서울 강서구 방화동로 58-2,1,0,0,02-2662-0503
A0000494,지에스칼텍스(주)여월신도시주유소,GS칼텍스,경기 부천시,경기,부천시,경기 부천시 오정구 여월로 112 (작동),1,0,1,032-677-5773
A0000498,참솔에너지,S-OIL,서울 강서구,서울,강서구,서울 강서구 벌말로 281 (오곡동),1,0,0,070-8844-8282
A0000500,㈜한경에너지 신화곡주유소,SK에너지,서울 강서구,서울,강서구,서울 강서구 국회대로 71,1,0,0,02-2696-5189
A0000501,㈜오일마스터강서지점 등촌주유소,HD현대오일뱅크,서울 강서구,서울,강서구,서울 강서구 등촌로 189,0,0,0,02-2647-5700
A0000507,장마루세원3주유소,SK에너지,경기 파주시,경기,파주시,경기 파주시 파평면 율곡로 1366,1,0,0,031-958-5184
A0000508,세원제1주유소,S-OIL,서울 강서구,서울,강서구,서울 강서구 양천로 311,1,0,0,02-3663-5151
A0000519,㈜강서구도일,S-OIL,서울 강서구,서울,강서구,서울 강서구 강서로 154 (화곡동),1,0,0,02-2691-5151
A0000520,피트인 하이웨이,S-OIL,서울 강서구,서울,강서구,서울 강서구 공항대로 432,1,0,1,02-2605-4000
A0000527,용문주유소,S-OIL,경기 양평군,경기,양평군,경기 양평군 용문면 경강로 3299,0,0,0,031-771-5107
A0000528,칠곡IC주유소,GS칼텍스,경기 안성시,경기,안성시,경기 안성시 원곡면 만세로 991,1,0,0,031-654-5182
A0000530,우장산주유소,SK에너지,서울 강서구,서울,강서구,서울 강서구 강서로 292,1,0,0,02-3664-7163
A0000534,코리나(주)청룡주유소,SK에너지,서울 강서구,서울,강서구,서울 강서구 양천로 576,0,0,0,02-3661-1575
A0000537,씨앤에스에너지㈜ 소사본동주유소,S-OIL,경기 부천시,경기,부천시,경기 부천시 소사구 경인로 402,1,0,0,032-345-5179
A0000538,㈜수원터미널주유소,GS칼텍스,경기 수원시,경기,수원시,경기 수원시 권선구 경수대로 270 (권선동),0,0,0,031-267-7773
A0000544,대성석유(주) 관문주유소,GS칼텍스,서울 강서구,서울,강서구,서울 강서구 공항대로 314,0,0,0,02-3665-2051
A0000546,HD현대오일뱅크㈜직영 양화교셀프주유소,HD현대오일뱅크,서울 강서구,서울,강서구,서울 강서구 공항대로 653,1,0,1,02-3665-2004
A0000547,HD현대오일뱅크㈜직영 가양주유소,HD현대오일뱅크,서울 강서구,서울,강서구,서울 강서구  양천로 391 (가양동),0,0,1,02-3661-9470
A0000549,이케이에너지(주) 강서주유소,HD현대오일뱅크,서울 강서구,서울,강서구,서울 강서구 화곡로 273 (화곡동),1,0,1,02-2699-5219
A0000550,KH에너지㈜직영 가양주유소,SK에너지,서울 강서구,서울,강서구,서울 강서구 강서로 498 (가양동),0,0,1,02-3664-6051
A0000560,스카이주유소,S-OIL,서울 강서구,서울,강서구,서울 강서구 개화동로 457 (방화동),1,0,0,02-2663-5146
A0000565,행촌에너지 공항주유소,HD현대오일뱅크,서울 강서구,서울,강서구,서울 강서구 개화동로 420 (개화동),1,0,0,02-2665-5189
A0000567,유턴주유소,알뜰주유소,서울 강서구,서울,강서구,서울 강서구 남부순환로 57,1,1,1,02-2665-5047
A0000568,광호주유소,SK에너지,서울 서대문구,서울,서대문구,서울 서대문구 연희로 266 (홍은동),0,0,0,02-395-7236
A0000571,타이거주유소,SK에너지,서울 은평구,서울,은평구,서울 은평구 수색로 188 (증산동),1,0,0,02-309-9145
A0000572,현대오일뱅크 고잔주유소,HD현대오일뱅크,인천 남동구,인천,남동구,인천 남동구 논현고잔로 156 (고잔동),1,0,0,032-446-4000
A0000573,이케이에너지(주) 예당주유소,HD현대오일뱅크,경기 의정부시,경기,의정부시,경기 의정부시 의정로 10 (의정부동),1,0,1,031-876-6171
A0000576,가평대박주유소,S-OIL,경기 가평군,경기,가평군,경기 가평군 청평면 경춘로 1175,0,0,0,031-584-5155
A0000580,㈜천마에너지,S-OIL,경기 남양주시,경기,남양주시,경기 남양주시 화도읍 묵현로 191,1,0,0,031-593-4655
A0000582,목화주유소,알뜰주유소,서울 강서구,서울,강서구,서울 강서구 국회대로 251 (화곡동),1,0,1,02-2654-4564
A0000583,해뜨는덕소주유소,SK에너지,경기 남양주시,경기,남양주시,경기 남양주시 와부읍 월문천로 335,1,0,1,031-577-5182
A0000585,㈜제일주유소,HD현대오일뱅크,서울 서대문구,서울,서대문구,서울 서대문구 통일로 455 (홍제동),1,0,1,02-379-0753
A0000591,연희주유소,SK에너지,서울 서대문구,서울,서대문구,서울 서대문구 연희로 129 (연희동 89-7번지),1,0,0,02-338-8045
A0000619,㈜오일닷컴 다회주유소,S-OIL,서울 은평구,서울,은평구,서울 은평구 증산로 441,1,0,0,02-375-5156
A0000623,(주)가재울뉴타운주유소,HD현대오일뱅크,서울 서대문구,서울,서대문구,서울 서대문구 모래내로 205,1,0,1,070-8879-7864
A0000627,행촌제2주유소,SK에너지,서울 서대문구,서울,서대문구,서울 서대문구 성산로 490 (대신동),1,0,0,02-365-5189
A0000632,문화촌주유소,S-OIL,서울 서대문구,서울,서대문구,서울 서대문구 세검정로 87,1,0,1,02-395-4300
A0000640,덕양제2주유소,SK에너지,경기 고양시,경기,고양시,경기 고양시 일산서구 경의로 940,1,0,1,031-924-5192
A0000641,(주)케이에스엠 한빛셀프주유소,HD현대오일뱅크,경기 파주시,경기,파주시,경기 파주시 문산읍 방촌로 1613,1,0,0,031-953-5189
A0000642,상야주유소,S-OIL,인천 계양구,인천,계양구,인천 계양구 벌말로584번길 1,1,0,0,032-555-7242
A0000643,식사주유소,S-OIL,경기 고양시,경기,고양시,경기 고양시 일산동구 고양대로 1137 (식사동),1,0,0,031-966-3166
A0000644,덕양제1주유소,SK에너지,경기 고양시,경기,고양시,경기 고양시 덕양구 서오릉로 832 (성사동),1,0,1,031-966-5194
A0000646,CJ대한통운㈜ 부산주유소,GS칼텍스,부산 동구,부산,동구,부산 동구 충장대로 305 (좌천동),1,0,1,051-719-5143
A0000647,CJ대한통운㈜ 강원주유소,GS칼텍스,강원 원주시,강원,원주시,강원 원주시 흥업면 원문로 898,1,0,1,033-000-0000
A0000649,CJ대한통운㈜ 인천주유소,GS칼텍스,인천 제물포구,인천,제물포구,인천 제물포구 서해대로417번길 48,1,0,1,032-772-5151
A0000650,항만주유소,GS칼텍스,인천 제물포구,인천,제물포구,인천 제물포구 축항대로87번길 19,1,0,0,032-882-6897
A0000651,CJ대한통운㈜ 군장산단주유소,GS칼텍스,전북 군산시,전북,군산시,전북 군산시 동장산로 5,0,0,0,063-464-5182
A0000652,CJ대한통운㈜ 대전지사주유소,GS칼텍스,대전 대덕구,대전,대덕구,대전 대덕구 신탄진로 1 (읍내동),1,0,1,042-625-5189
A0000653,CJ대한통운㈜ 공단주유소,GS칼텍스,전북 전주시,전북,전주시,전북 전주시 덕진구 팔복로 167,0,0,1,063-472-1607
A0000655,CJ대한통운㈜ 신림주유소,GS칼텍스,서울 관악구,서울,관악구,서울 관악구 남부순환로 1515 (신림동),0,0,1,02-2632-8612
A0000656,CJ대한통운㈜ 형산강주유소,GS칼텍스,경북 포항시,경북,포항시,경북 포항시 남구 섬안로 65,0,0,0,054-288-1268
A0000657,CJ대한통운㈜ 광양주유소,GS칼텍스,전남광주 광양시,전남광주,광양시,전남광주통합특별시 광양시 태인4길 29 (태인동),0,0,1,061-797-5052
A0000658,㈜제이에스 영남복합물류,S-OIL,경북 칠곡군,경북,칠곡군,경북 칠곡군 지천면 금호로 272,1,0,1,054-380-1111
A0000660,천호현대주유소,HD현대오일뱅크,서울 강동구,서울,강동구,서울 강동구 천중로 67 (천호동),1,0,0,02-000-0000
A0000663,(주)창릉주유소,GS칼텍스,경기 고양시,경기,고양시,경기 고양시 덕양구 고양대로 1900 (동산동),1,0,0,02-356-7789
A0000680,서정주유소,GS칼텍스,서울 은평구,서울,은평구,서울 은평구 통일로 968 (진관동),1,0,0,02-352-4451
A0000683,대성산업㈜ 대성주유소,GS칼텍스,서울 은평구,서울,은평구,서울 은평구 통일로 642,1,0,1,02-355-3434
A0000686,(주)디오티디 은평유니콘주유소,HD현대오일뱅크,서울 은평구,서울,은평구,서울 은평구 통일로 1151,0,0,1,02-356-9051
A0000687,박석고개2주유소,SK에너지,서울 은평구,서울,은평구,서울 은평구 통일로 924,1,0,1,02-355-0349
A0000690,지에스칼텍스(주)수색뉴타운주유소,GS칼텍스,서울 은평구,서울,은평구,서울 은평구 수색로 350 (수색동),1,0,1,02-309-5051
A0000695,성동IC주유소,SK에너지,경기 파주시,경기,파주시,경기 파주시 탄현면 새오리로,1,0,0,031-944-4651
A0000704,코끼리주유소,자가상표,서울 은평구,서울,은평구,서울 은평구 서오릉로 41 (녹번동),0,0,0,02-384-4000
A0000706,천사들주유소,SK에너지,전북 남원시,전북,남원시,전북 남원시 산업로 3272,1,0,1,063-635-5185
A0000707,(주)명연에너지 수색훼미리주유소,HD현대오일뱅크,서울 은평구,서울,은평구,서울 은평구 수색로 236 (수색동),1,0,0,02-374-8770
A0000708,팔달주유소,SK에너지,경기 수원시,경기,수원시,경기 수원시 팔달구 중부대로 64,1,0,0,031-223-8855
A0000710,가원주유소,SK에너지,경기 파주시,경기,파주시,경기 파주시 탄현면 엘지로 635,1,0,0,031-941-3609
A0000711,(주)세지에너지주유소/충전소,SK에너지,경기 시흥시,경기,시흥시,경기 시흥시 서해안로 120,1,0,1,031-365-5090
A0000716,코리아상사 연세주유소,HD현대오일뱅크,서울 서대문구,서울,서대문구,서울 서대문구 연희로 184,1,0,1,02-337-8220
A0000719,엠유산업,S-OIL,충북 제천시,충북,제천시,충북 제천시 봉양읍 북부로 977,0,0,0,043-648-8882
A0000725,불광주유소,HD현대오일뱅크,서울 은평구,서울,은평구,서울 은평구 연서로 314,1,0,0,02-382-5149
A0000728,유성IC메가허브점,S-OIL,대전 유성구,대전,유성구,대전 유성구 현충원로 545,1,0,0,042-825-3351
A0000730,원흥제2주유소,HD현대오일뱅크,경기 고양시,경기,고양시,경기 고양시 일산동구 성현로 533 (사리현동),1,0,0,031-966-5189
A0000732,덕도주유소,SK에너지,경기 양주시,경기,양주시,경기 양주시 광적면 화합로 143,0,0,0,031-871-0052
A0000737,남정주유소,GS칼텍스,서울 서대문구,서울,서대문구,서울 서대문구 모래내로 243 (남가좌동),0,0,0,02-305-9828
A0000744,(주)안국에너지 삼보셀프주유소,SK에너지,서울 서대문구,서울,서대문구,서울 서대문구 연희로 78 (연희동),1,0,1,02-336-6151
A0000745,박석고개주유소,SK에너지,서울 은평구,서울,은평구,서울 은평구 통일로 945 (갈현동),1,0,1,02-388-0477
A0000746,삼미상사(주)서부주유소,SK에너지,서울 서대문구,서울,서대문구,서울 서대문구 성산로 255,1,0,1,02-332-5145
A0000747,중앙에너비스 동교지점,SK에너지,서울 서대문구,서울,서대문구,서울 서대문구 연희로 12 (창천동),1,0,0,070-8707-4568
A0000763,대동주유소,알뜰주유소,경남 거창군,경남,거창군,경남 거창군 거창읍 거열로 229,1,0,1,055-944-5149
A0000768,동원주유소,HD현대오일뱅크,충북 음성군,충북,음성군,충북 음성군 금왕읍 덕금로 932,0,0,0,043-877-2828
A0000781,조이오토주유소,S-OIL,충남 공주시,충남,공주시,충남 공주시  우금티로 157 (태봉동),1,0,1,041-854-0477
A0000790,형제주유소,GS칼텍스,충남 당진시,충남,당진시,충남 당진시 순성면 순성로 345,0,0,0,041-353-1009
A0000791,구인주유소,SK에너지,서울 구로구,서울,구로구,서울 구로구 경인로 558 (구로동),1,0,0,02-2677-5010
A0000792,구로주유소,GS칼텍스,서울 구로구,서울,구로구,서울 구로구 구로동로 137 (구로동),0,0,0,02-857-1251
A0000794,굿모닝셀프주유소,SK에너지,경기 안성시,경기,안성시,경기 안성시 삼죽면 서동대로 6376,1,0,0,031-675-2887
A0000812,지에스칼텍스㈜ 개봉동주유소,GS칼텍스,서울 구로구,서울,구로구,서울 구로구 경인로 290,1,0,1,02-2685-5189
A0000818,서서울고속주유소,SK에너지,서울 구로구,서울,구로구,서울 구로구 경인로 150 (오류동),1,0,1,02-2683-1126
A0000827,신성주유소,알뜰주유소,서울 구로구,서울,구로구,서울 구로구 구로동로 187 (구로제2동),1,0,1,02-866-5189
A0000830,영진주유소,HD현대오일뱅크,서울 구로구,서울,구로구,서울 구로구 구로동로 20 (가리봉동),1,0,1,070-4647-1117
A0000832,화강주유소,S-OIL,강원 철원군,강원,철원군,강원 철원군 서면 와수1로 17,0,0,1,033-458-4949
A0000833,구일주유소,HD현대오일뱅크,서울 구로구,서울,구로구,서울 구로구 구일로 94 (구로동),1,0,0,02-868-5758
A0000849,(주)한미석유구로그린주유소,GS칼텍스,서울 구로구,서울,구로구,서울 구로구 구로중앙로 76 (구로동),1,0,1,02-861-5189
A0000850,대성산업(주)디큐브주유소,GS칼텍스,서울 구로구,서울,구로구,서울 구로구 경인로 650,0,0,1,02-2633-7188
A0000852,에스씨에너지㈜직영 용이주유소,S-OIL,경기 평택시,경기,평택시,경기 평택시 서동대로 3853 (용이동),1,0,1,031-618-5152
A0000854,(주)서울에너지 궁동주유소,HD현대오일뱅크,서울 구로구,서울,구로구,서울 구로구 오리로 1299 (궁동),1,0,1,02-2687-9960
A0000855,대원셀프주유소,HD현대오일뱅크,서울 구로구,서울,구로구,서울 구로구 개봉로 7,1,0,0,02-2612-3880
A0000856,씨앤에스유통(주) 구로드림주유소,S-OIL,서울 구로구,서울,구로구,서울 구로구 경인로 41 (온수동),1,0,0,02-2611-5180
A0000863,신반포주유소,SK에너지,서울 서초구,서울,서초구,서울 서초구 사평대로 94 (반포동),1,0,0,02-533-5151
A0000866,반포그린주유소,GS칼텍스,서울 서초구,서울,서초구,서울 서초구 서초중앙로 239,1,0,1,02-532-5147
A0000867,유원주유소,GS칼텍스,강원 원주시,강원,원주시,강원 원주시 봉화로 87 (단계동),1,0,0,033-731-5257
A0000869,신한주유소,SK에너지,경기 김포시,경기,김포시,경기 김포시 대곶면 대곶남로 165,0,0,0,031-983-8080
A0000894,㈜방배동주유소,S-OIL,서울 서초구,서울,서초구,서울 서초구 효령로 29,1,0,0,02-581-5179
A0000896,마도농협쌍송점주유소,NH-OIL,경기 화성시,경기,화성시,경기 화성시 만세구 마도면 마도공단로 149,1,1,1,031-8059-1300
A0000908,지에스칼텍스(주)남서울주유소,GS칼텍스,서울 서초구,서울,서초구,서울 서초구 나루터로 83 (잠원동),1,0,1,02-542-1517
A0000915,대성산업(주)직영 터미널(고속)주유소,GS칼텍스,서울 서초구,서울,서초구,서울 서초구 신반포로 222 (반포동),0,0,1,02-535-3001
A0000916,대성산업(주)직영 강남주유소,GS칼텍스,서울 서초구,서울,서초구,서울 서초구 반포대로 284 (반포동),1,0,1,02-594-5987
A0000917,방배주유소,HD현대오일뱅크,서울 서초구,서울,서초구,서울 서초구 동작대로 182,0,0,1,02-534-0051
A0000919,HD현대오일뱅크㈜직영 팔레스주유소,HD현대오일뱅크,서울 서초구,서울,서초구,서울 서초구 사평대로 136,0,0,1,02-720-0020
A0000920,(주)진미선산업 더마니주유소,HD현대오일뱅크,경기 용인시,경기,용인시,경기 용인시 처인구 중부대로 1753 (마평동),0,0,0,031-323-1960
A0000925,GS칼텍스㈜ 서계주유소,GS칼텍스,서울 용산구,서울,용산구,서울 용산구  청파로 367,0,0,1,02-701-3335
A0000928,(주)대농석유 남태령주유소,SK에너지,서울 서초구,서울,서초구,서울 서초구 과천대로 838 (방배동),1,0,0,02-587-0895
A0000932,지에스칼텍스(주)신진주유소,GS칼텍스,강원 원주시,강원,원주시,강원 원주시 북원로 2400,1,0,1,033-743-5185
A0000933,효성주유소,HD현대오일뱅크,충남 당진시,충남,당진시,충남 당진시 신평면 북부산업로 135,1,0,0,041-362-5185
A0000934,한석제일주유소,SK에너지,경기 부천시,경기,부천시,경기 부천시 오정구 오정로 86,1,0,1,032-679-8385
A0000944,삼미상사(주)신월IC셀프주유소,SK에너지,서울 양천구,서울,양천구,서울 양천구 중앙로 331 (신월동),1,0,1,02-2694-4966
A0000948,양천구주유소,HD현대오일뱅크,서울 양천구,서울,양천구,서울 양천구 국회대로 275,1,0,0,02-2644-5105
A0000958,공원주유소,SK에너지,충북 괴산군,충북,괴산군,충북 괴산군 청안면 청안읍내로6길 14,0,0,0,043-838-7555
A0000961,현대오일뱅크㈜직영 목동셀프주유소,HD현대오일뱅크,서울 양천구,서울,양천구,서울 양천구 공항대로 648 (목동),1,0,1,02-2648-4204
A0000970,㈜진영에너지 착한주유소(옥야지점),HD현대오일뱅크,경북 안동시,경북,안동시,경북 안동시 제비원로 94,1,0,0,054-853-5180
A0000974,신양주유소,SK에너지,서울 양천구,서울,양천구,서울 양천구 지양로 67,0,0,0,02-2608-3312
A0000981,가로공원주유소,SK에너지,서울 양천구,서울,양천구,서울 양천구 가로공원로 165 (신월동),0,0,0,02-2695-3423
A0000983,형산석유(주)원주유소,HD현대오일뱅크,서울 양천구,서울,양천구,서울 양천구 남부순환로 408,0,0,0,02-2690-5837
A0000985,목동주유소,SK에너지,서울 양천구,서울,양천구,서울 양천구 목동중앙로 125 (목동),1,0,1,02-2645-5104
A0000990,더지엘에너지㈜ 목동지점,GS칼텍스,서울 양천구,서울,양천구,서울 양천구 안양천로 1171,1,0,0,02-2061-5108
A0000991,현대오일뱅크(주)직영 신목동셀프주유소,HD현대오일뱅크,서울 양천구,서울,양천구,서울 양천구 목동동로10길 13,1,0,1,02-2642-5188
A0000992,신월주유소,GS칼텍스,서울 양천구,서울,양천구,서울 양천구 신월로 193,1,0,0,02-2602-5182
A0000993,세창주유소,HD현대오일뱅크,경기 여주시,경기,여주시,경기 여주시 여주남로 312,0,0,0,031-881-0053
A0000996,현대오일뱅크(주)직영 양천셀프주유소,HD현대오일뱅크,서울 양천구,서울,양천구,서울 양천구 목동로 17,1,0,1,02-2644-5185
A0001005,씨더블유창원 신월,S-OIL,서울 양천구,서울,양천구,서울 양천구 남부순환로 372 (신월동),1,0,0,02-2608-9231
A0001006,㈜JS 프라임주유소,SK에너지,경기 파주시,경기,파주시,경기 파주시 교하읍 교하로 434,1,0,0,031-943-2236
A0001008,씨앤에스유통(주) 양천드림주유소,S-OIL,서울 양천구,서울,양천구,서울 양천구 안양천로 657 (신정동),1,0,0,02-2651-7479
A0001015,동일석유㈜개나리주유소,SK에너지,서울 양천구,서울,양천구,서울 양천구 남부순환로 442 (신월동),1,0,1,02-2606-5189
A0001023,㈜자연에너지 남부주유소,HD현대오일뱅크,서울 양천구,서울,양천구,서울 양천구 남부순환로 553,1,0,1,02-2604-4760
A0001024,SK에너지(주) 경인주유소,SK에너지,서울 양천구,서울,양천구,서울 양천구 국회대로 170 (신정동),1,0,1,02-2693-4994
A0001027,㈜삼표에너지 목동주유소,GS칼텍스,서울 양천구,서울,양천구,서울 양천구 목동서로 129 (목동),1,0,1,02-2654-5153
A0001029,(주)타이거오일 신정주유소,SK에너지,서울 양천구,서울,양천구,서울 양천구 중앙로 226 (신정동),1,0,0,02-2646-6212
A0001031,신정동주유소,HD현대오일뱅크,서울 양천구,서울,양천구,서울 양천구 안양천로 663 (신정동),1,0,0,02-2651-5189
A0001034,도림주유소,알뜰주유소,서울 영등포구,서울,영등포구,서울 영등포구 도림로 343 (도림동),1,0,0,02-835-8881
A0001035,솔티주유소,SK에너지,충남 공주시,충남,공주시,충남 공주시 충의로 2092,0,0,0,041-841-3666
A0001036,남이천주유소,GS칼텍스,경기 이천시,경기,이천시,경기 이천시 진상미로 1871 (단월동),0,0,0,031-633-5123
A0001038,금산주유소,S-OIL,경기 화성시,경기,화성시,경기 화성시 만세구 장안면 3.1만세로 501,0,0,0,031-358-5611
A0001055,HD현대오일뱅크㈜직영 남서울셀프주유소,HD현대오일뱅크,서울 금천구,서울,금천구,서울 금천구 독산로 257 (독산동),1,0,1,02-857-9880
A0001059,허단영주유소,SK에너지,전북 익산시,전북,익산시,전북 익산시 낭산면 함낭로 709,0,0,0,063-861-4777
A0001062,동일석유㈜마석동일주유소,SK에너지,경기 남양주시,경기,남양주시,경기 남양주시 화도읍 경춘로 1757,1,0,1,031-559-1245
A0001075,백산주유소,S-OIL,서울 금천구,서울,금천구,서울특별시 금천구  시흥대로 174 (시흥동),1,0,1,02-807-3161
A0001084,실원주유소,HD현대오일뱅크,충북 진천군,충북,진천군,충북 진천군 광혜원면 진광로 1695,0,0,1,043-535-1640
A0001086,(주)백운주유소,알뜰주유소,서울 금천구,서울,금천구,서울 금천구 시흥대로 282,1,0,1,02-894-8521
A0001089,현대주유소,HD현대오일뱅크,서울 관악구,서울,관악구,서울 관악구 난곡로 108 (신림동),0,0,0,02-851-9100
A0001090,부르릉주유소,HD현대오일뱅크,경기 여주시,경기,여주시,경기 여주시  주내로 839,0,0,0,031-882-5151
A0001093,영광셀프주유소,S-OIL,경기 시흥시,경기,시흥시,경기 시흥시 시흥대로 869 (미산동),1,0,1,031-317-5147
A0001103,영산강주유소,HD현대오일뱅크,전남광주 나주시,전남광주,나주시,전남광주통합특별시 나주시 산포면 산남로 81,0,0,0,061-337-5932
A0001108,대득에너지(금천셀프주유소),GS칼텍스,서울 금천구,서울,금천구,서울 금천구  시흥대로 81 (시흥동),1,0,1,02-805-7888
A0001119,지에스칼텍스㈜ 난곡주유소,GS칼텍스,서울 관악구,서울,관악구,서울 관악구 난곡로 206,0,0,1,02-858-2003
A0001129,㈜자연에너지 관악주유소,HD현대오일뱅크,서울 관악구,서울,관악구,서울 관악구 남부순환로 1520,1,0,1,02-851-7447
A0001132,㈜씨더블유 창원금천지점,HD현대오일뱅크,서울 금천구,서울,금천구,서울 금천구 독산로 147,1,0,0,02-803-5051
A0001139,동일석유㈜이가주유소,SK에너지,서울 금천구,서울,금천구,서울 금천구 시흥대로 441,1,0,1,02-861-2241
A0001141,㈜씨더블유창원금천,HD현대오일뱅크,서울 금천구,서울,금천구,서울 금천구 남부순환로 1410,1,0,0,02-864-5051
A0001144,SK에너지(주)직영 신봉천주유소,SK에너지,서울 관악구,서울,관악구,서울 관악구 남부순환로 1880 (봉천동),0,0,1,02-885-5189
A0001145,대양석유(주)직영 보라매주유소,SK에너지,서울 관악구,서울,관악구,서울 관악구  보라매로 26 (봉천동),1,0,1,02-882-5189
A0001146,SK에너지(주) 박미주유소,SK에너지,서울 금천구,서울,금천구,서울 금천구 시흥대로 39-7 (시흥동),1,0,1,02-802-6749
A0001149,(주)한유에너지 행운주유소,SK에너지,서울 관악구,서울,관악구,서울 관악구 남부순환로 1883 (봉천동),1,0,1,02-871-5189
A0001152,유림주유소,S-OIL,서울 관악구,서울,관악구,서울 관악구 신림로 176 (신림동),0,0,1,02-887-5145
A0001155,서일석유(주)락성주유소,GS칼텍스,서울 관악구,서울,관악구,서울 관악구 남부순환로 1920 (봉천동),1,0,1,02-877-0867
A0001157,㈜CW창원사당,HD현대오일뱅크,서울 관악구,서울,관악구,서울 관악구 과천대로 921 (남현동),1,0,0,02-522-0609
A0001160,삼성주유소,SK에너지,경기 시흥시,경기,시흥시,경기 시흥시 금오로 269 (과림동),1,0,0,02-2683-0051
A0001164,(주)화동유업 화동주유소,SK에너지,서울 금천구,서울,금천구,서울 금천구 시흥대로 484,1,0,0,02-856-0283
A0001169,신길중앙주유소,HD현대오일뱅크,경기 안산시,경기,안산시,경기 안산시 단원구 삼일로 57,1,0,1,031-503-2580
A0001183,상면주유소,SK에너지,경기 가평군,경기,가평군,경기 가평군 상면 청군로 1070,0,0,0,031-585-2907
A0001185,지에스칼텍스㈜ 은마주유소,GS칼텍스,서울 강남구,서울,강남구,서울 강남구 영동대로 235,1,0,1,02-3452-1882
A0001186,대원주유소,SK에너지,충남 천안시,충남,천안시,충남 천안시 동남구 충절로 261 (구성동),1,0,0,041-563-0052
A0001191,sk(주)산본주유소,SK에너지,경기 군포시,경기,군포시,경기 군포시 번영로 607 (금정동),1,0,0,031-459-2880
A0001207,㈜수원창신주유소,GS칼텍스,경기 수원시,경기,수원시,경기 수원시 권선구 금호로 74 (호매실동),1,0,1,031-296-3349
A0001213,(주)중앙에너비스 수서지점,SK에너지,서울 강남구,서울,강남구,서울 강남구 광평로 202 (수서동),1,0,0,070-8707-4582
A0001214,삼성동주유소,HD현대오일뱅크,서울 강남구,서울,강남구,서울 강남구 테헤란로 619,1,0,1,02-508-6572
A0001217,(주)소모 쎈트럴주유소,GS칼텍스,서울 강남구,서울,강남구,서울 강남구 삼성로 335,0,0,1,02-565-0267
A0001219,(주)보성 세곡주유소,SK에너지,서울 강남구,서울,강남구,서울 강남구  헌릉로 731 (세곡동),1,0,0,02-445-6870
A0001235,김진주유소,S-OIL,강원 고성군,강원,고성군,강원도 고성군 토성면 청간정길 6-2,1,0,0,033-636-8897
A0001236,벚꽃길주유소,SK에너지,경기 가평군,경기,가평군,경기 가평군 청평면 경춘로 1454,0,0,0,031-581-3700
A0001245,고암주유소,SK에너지,충북 제천시,충북,제천시,충북 제천시 내토로 1027,0,0,0,043-644-2989
A0001247,㈜태백산에너지 상주IC주유소,S-OIL,경북 상주시,경북,상주시,경북 상주시 영남제일로 1266,1,0,0,054-532-9922
A0001248,(주)광역주유소 만석점,GS칼텍스,인천 제물포구,인천,제물포구,인천 제물포구 인중로 441,0,0,0,032-761-5149
A0001255,새천년주유소,GS칼텍스,인천 제물포구,인천,제물포구,인천 제물포구 제물량로 78-6 (신흥동2가),1,0,0,032-764-5182
A0001257,이케이에너지㈜ 강산주유소,GS칼텍스,서울 성북구,서울,성북구,서울 성북구 보문로 27 (보문동7가),1,0,1,02-953-1448
A0001267,부광셀프주유소,GS칼텍스,인천 검단구,인천,검단구,인천 검단구 봉수대로 1623,1,0,0,032-567-6958
A0001270,석암주유소,SK에너지,인천 미추홀구,인천,미추홀구,인천 미추홀구 구월로 35 (주안동),1,0,0,032-434-4961
A0001271,백년탑주유소,S-OIL,인천 제물포구,인천,제물포구,인천 제물포구 축항대로 245,1,0,0,032-887-9070
A0001272,영진주유소,S-OIL,인천 제물포구,인천,제물포구,인천 제물포구 우현로 7 (사동),0,0,0,032-764-0023
A0001277,뉴코리아주유소,SK에너지,인천 제물포구,인천,제물포구,인천 제물포구 제물량로 387,1,0,0,032-764-8042
A0001279,동일석유㈜남동클린주유소,SK에너지,인천 남동구,인천,남동구,인천 남동구 호구포로 78 (고잔동),1,0,1,032-813-9800
A0001285,내리주유소,GS칼텍스,인천 옹진군,인천,옹진군,인천 옹진군 영흥면 영흥로251번길 18,0,0,1,032-886-5090
A0001286,대동주유소,SK에너지,충남 논산시,충남,논산시,충남 논산시 성동면 논산평야로 453,0,0,0,041-733-1843
A0001289,삼영주유소,SK에너지,인천 제물포구,인천,제물포구,인천 제물포구 염전로 84,0,0,0,032-763-7100
A0001290,삼신주유소,S-OIL,인천 제물포구,인천,제물포구,인천 제물포구 서해대로 258,1,0,0,032-881-8852
A0001291,남동농협주유소,NH-OIL,인천 남동구,인천,남동구,인천 남동구 소래로 446 (수산동),1,1,1,032-464-1861
A0001292,박문주유소,GS칼텍스,인천 미추홀구,인천,미추홀구,인천 미추홀구 석정로 146,0,0,0,032-883-0054
A0001294,지에스칼텍스㈜ 검단스타주유소,GS칼텍스,인천 검단구,인천,검단구,인천 검단구 봉수대로 1533,1,0,1,032-561-2626
A0001295,통일주유소,SK에너지,인천 미추홀구,인천,미추홀구,인천 미추홀구 인주대로 189,1,0,0,032-868-0051
A0001298,장봉주유소,S-OIL,인천 옹진군,인천,옹진군,인천 옹진군 북도면 장봉로 467,0,0,0,032-751-0307
A0001299,선재주유소,GS칼텍스,인천 옹진군,인천,옹진군,인천 옹진군 영흥면 선재로 123,0,0,0,032-888-5185
A0001301,한국주유소,SK에너지,인천 제물포구,인천,제물포구,인천 제물포구 축항대로 275,0,0,0,032-888-2411
A0001305,학익셀프주유소,GS칼텍스,인천 미추홀구,인천,미추홀구,인천 미추홀구 소성로 154 (학익동),1,0,0,032-874-2929
A0001307,대명주유소,SK에너지,경기 시흥시,경기,시흥시,경기 시흥시 소래로 18 (월곶동),1,0,0,031-318-8039
A0001314,구도일주유소,S-OIL,인천 부평구,인천,부평구,인천 부평구 경인로 1020,1,0,1,032-514-8072
A0001327,부광알뜰셀프주유소,알뜰주유소,인천 제물포구,인천,제물포구,인천 제물포구 인중로 180 (사동),1,0,1,032-765-5145
A0001329,청양셀프주유소,S-OIL,충남 청양군,충남,청양군,충남 청양군 칠갑산로 271,1,0,0,041-942-5182
A0001331,피트인 하이웨이 수봉공원점,HD현대오일뱅크,인천 미추홀구,인천,미추홀구,인천 미추홀구 경인로 194,1,0,0,032-872-5189
A0001338,황금주유소,SK에너지,인천 미추홀구,인천,미추홀구,인천 미추홀구 소성로 253 (학익동),1,0,0,032-872-1515
A0001344,영종,SK에너지,인천 영종구,인천,영종구,인천 영종구 운중로 218 (중산동),1,0,0,032-746-1478
A0001371,동일석유㈜영남주유소,SK에너지,인천 미추홀구,인천,미추홀구,인천 미추홀구 주안로 22 (도화동),1,0,1,032-866-7726
A0001419,공항주유소,SK에너지,인천 영종구,인천,영종구,인천 영종구 마시란로 30,0,0,0,032-746-6885
A0001424,북포주유소,HD현대오일뱅크,인천 옹진군,인천,옹진군,인천 옹진군 백령면 백령로 859,0,0,1,032-836-5144
A0001425,탑self주유소,알뜰주유소,인천 미추홀구,인천,미추홀구,인천 미추홀구 송림로 217 (도화동),1,1,1,032-765-5188
A0001442,피트인하이웨이 인천주안점,S-OIL,인천 미추홀구,인천,미추홀구,인천 미추홀구 인주대로 286 (주안동),1,0,0,032-862-5151
A0001443,(주)오일네트워크 인천항훼미리,HD현대오일뱅크,인천 제물포구,인천,제물포구,인천 제물포구 서해대로 254 (신흥동3가),1,0,0,032-889-3881
A0001444,옹진주유소,GS칼텍스,인천 옹진군,인천,옹진군,인천 옹진군 백령면 백령로 342,0,0,0,032-836-0058
A0001447,금강주유소,HD현대오일뱅크,경남 창원시,경남,창원시,경남 창원시 마산합포구 허당로 23 (상남동),0,0,0,055-246-2262
A0001456,(주)인천항주유소,GS칼텍스,인천 제물포구,인천,제물포구,인천 제물포구 서해대로262번길 3,1,0,0,032-882-5145
A0001460,(주)을왕주유소,SK에너지,인천 영종구,인천,영종구,인천 영종구 용유서로 460 (을왕동),0,0,0,032-751-3322
A0001461,㈜백운주유소 인천점,알뜰주유소,인천 미추홀구,인천,미추홀구,인천 미추홀구 아암대로 128 (용현동),1,0,1,032-881-7748
A0001468,동양산업(주)사동주유소,GS칼텍스,인천 제물포구,인천,제물포구,인천 제물포구 인중로 164,1,0,1,032-761-3338
A0001472,극동유화(주) 인천주유소,S-OIL,인천 제물포구,인천,제물포구,인천 제물포구 서해대로93번길 40 (항동7가),0,0,1,032-887-5100
A0001476,지에스칼텍스㈜ 인천공항 화물터미널점,GS칼텍스,인천 영종구,인천,영종구,인천 영종구 공항동로465번길 9,0,0,1,032-742-8681
A0001480,HD현대오일뱅크㈜직영 미추홀셀프주유소,HD현대오일뱅크,인천 미추홀구,인천,미추홀구,인천 남구  인주대로 394 (주안8동),1,0,1,032-422-6152
A0001481,㈜인창실업 스마트3주유소,SK에너지,인천 제물포구,인천,제물포구,인천 제물포구 봉수대로 101,1,0,0,032-581-3338
A0001483,HD현대오일뱅크㈜직영 문학현대셀프주유소,HD현대오일뱅크,인천 미추홀구,인천,미추홀구,인천 미추홀구 매소홀로 574,1,0,1,032-422-5189
A0001484,KH에너지㈜직영 남강주유소,SK에너지,인천 미추홀구,인천,미추홀구,인천 미추홀구 인주대로 43 (숭의동),1,0,1,032-886-5198
A0001487,지에스칼텍스㈜ 인천공항 제1터미널점,GS칼텍스,인천 영종구,인천,영종구,인천 영종구 영종해안남로 545,1,0,1,032-743-5225
A0001489,지에스칼텍스(주) 지원1주유소,GS칼텍스,인천 영종구,인천,영종구,인천 영종구 공항동로465번길 9 (운서동),0,0,1,032-743-5240
A0001490,지에스칼텍스(주) 지원2주유소,GS칼텍스,인천 영종구,인천,영종구,인천 영종구 공항동로465번길 9 (운서동),0,0,1,032-743-5251
A0001491,지원3점,GS칼텍스,인천 영종구,인천,영종구,인천 영종구 공항동로465번길 9,0,0,1,032-743-5253
A0001492,지에스칼텍스(주)지원4주유소,GS칼텍스,인천 영종구,인천,영종구,인천 영종구 공항동로295번길 124,0,0,1,032-743-5251
A0001494,현대오일뱅크㈜직영 신공항주유소,HD현대오일뱅크,인천 영종구,인천,영종구,인천 영종구 신도시남로141번길 6 (운서동),0,0,1,032-752-1588
A0001497,한국2주유소,SK에너지,인천 제물포구,인천,제물포구,인천 제물포구 축항대로212번길 4,0,0,0,032-889-7708
A0001498,동양산업(주)항동주유소,GS칼텍스,인천 제물포구,인천,제물포구,인천 제물포구 축항대로 226 (항동7가),1,0,1,032-884-8544
A0001500,송현주유소,HD현대오일뱅크,인천 제물포구,인천,제물포구,인천 제물포구 중봉대로 70 (송현동),1,0,0,032-766-1363
A0001504,신화상사㈜ 구도일주유소 인천제일,S-OIL,인천 제물포구,인천,제물포구,인천 제물포구 제물량로 44,1,0,1,032-881-5183
A0001505,내트럭(주)인천사업소,SK에너지,인천 제물포구,인천,제물포구,인천 제물포구 축항대로 296번길 183,0,0,1,032-891-7860
A0001512,연평주유소,자가상표,인천 옹진군,인천,옹진군,인천 옹진군 연평면 연평로 715,0,0,0,032-831-3363
A0001520,동성주유소 ㈜태평석유 직영,S-OIL,인천 제물포구,인천,제물포구,인천 제물포구 축항대로 299,1,0,0,032-881-4523
A0001523,SK드림월드셀프주유소,SK에너지,인천 미추홀구,인천,미추홀구,인천 미추홀구 아암대로253번길 14,1,0,0,070-4351-6687
A0001524,SK행복가득주유소,SK에너지,인천 미추홀구,인천,미추홀구,인천 미추홀구 노적산로 1,1,0,0,032-865-2071
A0001525,KH에너지㈜직영 북항주유소,SK에너지,인천 제물포구,인천,제물포구,인천 제물포구 중봉대로 91,1,0,1,032-772-6084
A0001527,자연에너지㈜ 설표주유소,HD현대오일뱅크,인천 제물포구,인천,제물포구,인천 제물포구 축항대로 216 (항동7가),1,0,1,032-887-4184
A0001531,대박주유소,알뜰주유소,인천 제물포구,인천,제물포구,인천 제물포구 송미로 50,1,1,1,032-777-4997
A0001532,한국3주유소,SK에너지,인천 제물포구,인천,제물포구,인천 제물포구 서해대로418번길 70 (신흥동3가),1,0,0,032-881-8833
A0001534,허브제1주유소,GS칼텍스,인천 영종구,인천,영종구,인천 영종구 백운로 264 (운북동),1,0,0,032-751-5145
A0001535,허브제2주유소,GS칼텍스,인천 영종구,인천,영종구,인천 영종구 영종대로 283 (운서동),1,0,0,032-752-5189
A0001539,동일석유㈜주안동일주유소,SK에너지,인천 미추홀구,인천,미추홀구,인천 미추홀구 석정로 498,1,0,1,032-433-8511
A0001540,㈜랜스타오일 오일캠프주유소,GS칼텍스,인천 제물포구,인천,제물포구,인천 제물포구 축항대로 282 (신흥동3가),1,0,0,032-888-2066
A0001542,(주)창조 청라주유소,S-OIL,인천 제물포구,인천,제물포구,인천 제물포구 중봉대로 83,0,0,1,032-777-8580
A0001548,백운주유소(주),HD현대오일뱅크,인천 영종구,인천,영종구,인천 영종구 운남로82번길 44,1,0,0,032-751-0051
A0001550,하은상사주유소,GS칼텍스,인천 강화군,인천,강화군,인천 강화군 길상면 해안동로 75,1,0,1,032-937-9914
A0001551,경인터미널 디에스에너지㈜,HD현대오일뱅크,인천 미추홀구,인천,미추홀구,인천 미추홀구 봉수대로 54,1,0,0,032-766-5188
A0001552,무진에너지(주)스카이점,GS칼텍스,인천 영종구,인천,영종구,인천 영종구 공항서로 187,0,0,0,032-747-0131
A0001554,영흥주유소,HD현대오일뱅크,인천 옹진군,인천,옹진군,인천 옹진군 영흥면 선재로 273,0,0,0,032-888-5189
A0001557,계현주유소,SK에너지,인천 계양구,인천,계양구,인천 계양구 장제로 1263 (장기동),1,0,0,032-514-5141
A0001560,작전주유소,HD현대오일뱅크,경기 안산시,경기,안산시,경기 안산시 단원구 대부황금로 780 (대부동동),0,0,0,032-882-5141
A0001561,유항주유소,HD현대오일뱅크,인천 부평구,인천,부평구,인천 부평구 주부토로 273,1,0,0,032-501-5151
A0001567,㈜동일석유 고래주유소,HD현대오일뱅크,경기 포천시,경기,포천시,경기 포천시 신북면 호국로 2272,1,0,0,031-531-1846
A0001569,행정타운오일뱅크,HD현대오일뱅크,경기 화성시,경기,화성시,경기 화성시 만세구 남양읍 시청로 275,1,0,0,031-357-7561
A0001580,그린주유소,HD현대오일뱅크,충남 홍성군,충남,홍성군,충남 홍성군 홍성읍 도청대로96번길 2,0,0,0,041-631-9251
A0001593,비전셀프주유소,SK에너지,경기 김포시,경기,김포시,경기 김포시 대곶면 율생로 49,1,0,0,031-981-5112
A0001599,(주)거보주유소,GS칼텍스,인천 계양구,인천,계양구,인천 계양구 아나지로 130 (효성동),1,0,0,032-545-5145
A0001601,(주)유카스에너지 김포뉴타운,SK에너지,경기 김포시,경기,김포시,경기 김포시 양촌읍 김포대로 1581,1,0,1,070-7728-9124
A0001602,도고온천주유소,S-OIL,충남 아산시,충남,아산시,충남 아산시 도고면 온천대로 342,1,0,0,041-533-5189
A0001606,동성에너지주유소,S-OIL,인천 부평구,인천,부평구,인천 부평구 부평대로 222,1,0,1,032-505-5104
A0001615,동양동주유소,GS칼텍스,인천 계양구,인천,계양구,인천 계양구 벌말로 328 (동양동),1,0,1,032-513-5831
A0001616,㈜자연에너지 계양주유소,HD현대오일뱅크,인천 계양구,인천,계양구,인천 계양구 아나지로 344 (작전동),1,0,1,032-555-9531
A0001625,아름셀프주유소,S-OIL,충남 아산시,충남,아산시,충남 아산시 온천대로 1616,1,0,0,041-533-7637
A0001635,㈜계양산업,HD현대오일뱅크,인천 계양구,인천,계양구,인천 계양구 장기로 7 (장기동),1,0,0,032-552-5170
A0001640,삼성self주유소,SK에너지,인천 부평구,인천,부평구,인천 부평구 평천로 546 (삼산동),1,0,1,032-330-5155
A0001643,백악관주유소,HD현대오일뱅크,인천 미추홀구,인천,미추홀구,인천 미추홀구 경인로 413 (주안동),1,0,0,032-434-5151
A0001644,고개마루주유소,S-OIL,인천 부평구,인천,부평구,인천 부평구 원적로 294 (산곡동),0,0,0,032-525-9695
A0001652,부개주유소,SK에너지,인천 부평구,인천,부평구,인천 부평구 경인로 1050 (부개동),1,0,0,032-514-1864
A0001653,남동하이웨이주유소,S-OIL,인천 남동구,인천,남동구,인천 남동구 인주대로 709,1,0,0,032-473-5151
A0001658,동암주유소,GS칼텍스,인천 부평구,인천,부평구,인천 부평구 열우물로 19 (십정동),0,0,0,032-424-9717
A0001681,㈜나비파크 주유소,S-OIL,인천 부평구,인천,부평구,인천 부평구 서달로 338,1,0,0,032-529-1125
A0001682,흥인주유소,HD현대오일뱅크,충북 청주시,충북,청주시,충북 청주시 청원구 오창읍 두릉유리로 755,1,0,0,043-211-7633
A0001684,SK에너지㈜직영 남항주유소,SK에너지,인천 제물포구,인천,제물포구,인천 제물포구 축항대로 173,0,0,1,032-886-5145
A0001687,미담주유소,S-OIL,인천 계양구,인천,계양구,인천광역시 계양구  계양대로 108 (작전2동),1,0,0,0325565182
A0001694,갈산셀프주유소,SK에너지,인천 부평구,인천,부평구,인천 부평구 장제로 362,1,0,0,032-567-5000
A0001696,아크로셀프주유소,GS칼텍스,인천 부평구,인천,부평구,인천 부평구 무네미로 431 (구산동),1,0,0,032-503-1113
A0001703,해동주유소,HD현대오일뱅크,경기 부천시,경기,부천시,경기 부천시 오정구 소사로 627 (여월동),1,0,0,032-671-5189
A0001706,㈜가온에너지 슈퍼맨주유소,HD현대오일뱅크,경기 평택시,경기,평택시,경기 평택시 탄현로 192,1,0,0,031-662-9095
A0001708,(주)자연에너지 한강주유소,HD현대오일뱅크,인천 서해구,인천,서해구,인천 서해구 서곶로 415 (연희동),1,0,1,032-568-1448
A0001718,㈜유카스에너지 부흥로주유소,GS칼텍스,인천 부평구,인천,부평구,인천 부평구 장제로 200,1,0,1,032-523-5133
A0001721,지에스칼텍스(주)계산신도시주유소,GS칼텍스,인천 계양구,인천,계양구,인천 계양구 봉오대로 942,1,0,1,032-543-8951
A0001727,서울석유(주) 태경주유소,SK에너지,인천 계양구,인천,계양구,인천 계양구 아나지로 554,1,0,1,032-555-5189
A0001729,(주)신진에너지 양정셀프주유소,S-OIL,인천 계양구,인천,계양구,인천 계양구 아나지로 597 (서운동),1,0,0,032-554-9697
A0001732,박촌주유소,HD현대오일뱅크,인천 계양구,인천,계양구,인천 계양구 장제로 1021 (박촌동),1,0,0,032-519-9922
A0001734,㈜소모 동양7주유소,GS칼텍스,인천 부평구,인천,부평구,인천 부평구 경인로 1130 (일신동),1,0,1,032-502-9111
A0001739,부광주유소,S-OIL,인천 계양구,인천,계양구,인천 계양구 아나지로 557 (서운동),1,0,0,032-671-1230
A0001745,유카스에너지 열우물주유소,SK에너지,인천 부평구,인천,부평구,인천 부평구 경원대로 1132 (십정동),1,0,1,032-512-0186
A0001748,수림주유소,GS칼텍스,인천 남동구,인천,남동구,인천 남동구 수현로 117 (만수동),1,0,0,032-469-0001
A0001749,제일주유소,SK에너지,인천 부평구,인천,부평구,인천 부평구  장제로 151 (부평동),1,0,0,032-501-5001
A0001750,㈜오일리오 인천지점,HD현대오일뱅크,인천 계양구,인천,계양구,인천 계양구 장제로 936,1,0,0,032-542-3154
A0001753,워터파크주유소,GS칼텍스,충남 천안시,충남,천안시,충남 천안시 동남구 목천읍 충절로 1140,1,0,0,041-568-5152
A0001756,㈜디오티디 김포달님이주유소,HD현대오일뱅크,경기 김포시,경기,김포시,경기 김포시 김포대로 1467,1,0,0,070-4189-5185
A0001767,부일주유소,SK에너지,인천 부평구,인천,부평구,인천 부평구 부평대로 96,1,0,1,032-502-1773
A0001768,동양산업(주)직영 효성주유소,GS칼텍스,인천 부평구,인천,부평구,인천 부평구 부평북로 154 (청천동),1,0,1,032-505-5188
A0001769,동일석유㈜임학주유소,SK에너지,인천 계양구,인천,계양구,인천 계양구 경명대로 1161 (임학동),1,0,1,032-548-5189
A0001770,동일석유㈜동일주유소,SK에너지,인천 계양구,인천,계양구,인천 계양구 아나지로 283 (작전동),1,0,1,032-542-0052
A0001771,SK에너지㈜ 보보프라자주유소,SK에너지,인천 부평구,인천,부평구,인천 부평구 무네미로 471,1,0,1,032-502-8562
A0001772,서일석유(주) 갈현주유소,GS칼텍스,인천 계양구,인천,계양구,인천 계양구  드림로 764 (갈현동),0,0,1,032-513-8903
A0001779,HD현대오일뱅크㈜직영 싸이클셀프주유소,HD현대오일뱅크,인천 부평구,인천,부평구,인천 부평구 경인로 1195 (구산동),1,0,1,032-502-7771
A0001785,이안주유소,S-OIL,인천 부평구,인천,부평구,인천 부평구 경인로 1151,0,0,1,032-508-5009
A0001786,KH에너지㈜직영 KH작전주유소,SK에너지,인천 계양구,인천,계양구,인천 계양구 아나지로 426 (작전동),1,0,1,032-544-5151
A0001790,공단하이웨이주유소,HD현대오일뱅크,인천 부평구,인천,부평구,인천 부평구 부평대로 262 (갈산동),1,0,0,032-514-5104
A0001791,산곡하이웨이주유소,HD현대오일뱅크,인천 부평구,인천,부평구,인천 부평구 원적로 417 (산곡동),1,0,0,032-524-5151
A0001792,부평IC주유소,HD현대오일뱅크,인천 계양구,인천,계양구,인천 계양구 아나지로 240,1,0,0,032-553-5189
A0001795,SK에너지(주) 삼산주유소,SK에너지,인천 부평구,인천,부평구,인천 부평구 장제로 347 (삼산동),1,0,1,032-518-8333
A0001804,삼미상사(주)북인천주유소,SK에너지,인천 계양구,인천,계양구,인천 계양구 경명대로 1082 (계산동),1,0,1,032-545-2421
A0001806,(주)태보에너지 송내I.C주유소,SK에너지,인천 부평구,인천,부평구,인천 부평구 경인로 1182-1 (일신동),1,0,0,032-502-1171
A0001807,삼미상사(주)하늘빛셀프주유소,SK에너지,인천 계양구,인천,계양구,인천 계양구 벌말로 545,1,0,1,032-543-5104
A0001809,KH에너지㈜직영 에이원주유소,SK에너지,인천 계양구,인천,계양구,인천 계양구 벌말로 583 (하야동),1,0,1,032-543-6395
A0001812,오목천주유소,HD현대오일뱅크,경기 수원시,경기,수원시,경기 수원시 권선구 오목천로 40 (오목천동),0,0,0,031-293-9008
A0001815,명품주유소,GS칼텍스,인천 계양구,인천,계양구,인천 계양구 경명대로 971 (계산동),1,0,0,032-546-0777
A0001821,영부에너지주유소,SK에너지,인천 계양구,인천,계양구,인천 계양구 아나지로 148 (효성동),1,0,0,032-548-5501
A0001822,(주)백마에너지,HD현대오일뱅크,인천 부평구,인천,부평구,인천 부평구 길주로 390 (산곡동),0,0,0,032-516-5151
A0001823,㈜한국주유소,GS칼텍스,인천 부평구,인천,부평구,인천 부평구 경인로 795 (십정동),1,0,1,032-513-6655
A0001824,강산주유소,HD현대오일뱅크,충북 옥천군,충북,옥천군,충북 옥천군 옥천읍 동부로 150,0,0,0,043-732-5151
A0001834,태연주유소,GS칼텍스,강원 태백시,강원,태백시,강원 태백시 강원남부로 143,1,0,0,033-553-1420
A0001835,아포대로주유소,S-OIL,경북 김천시,경북,김천시,경북 김천시 아포읍 아포대로 775,1,0,0,070-4006-0970
A0001837,청운주유소,GS칼텍스,경기 의왕시,경기,의왕시,경기 의왕시 안양판교로 461,1,0,0,031-426-0128
A0001846,하나주유소,S-OIL,대구 수성구,대구,수성구,대구 수성구 달구벌대로 3299 (사월동),1,0,0,053-794-9330
A0001853,지에스칼텍스(주)꿈주유소,GS칼텍스,경기 안양시,경기,안양시,경기 안양시 동안구 귀인로 285 (평촌동),0,0,1,031-422-9223
A0001856,청기와주유소,HD현대오일뱅크,경기 안양시,경기,안양시,경기 안양시 만안구 만안로 114,0,0,0,031-446-1339
A0001857,동우주유소,GS칼텍스,경기 의왕시,경기,의왕시,경기 의왕시 안양판교로 138 (포일동),1,0,0,031-425-7061
A0001864,백운주유소,GS칼텍스,경기 파주시,경기,파주시,경기 파주시 조리읍 등원로 341,1,0,1,031-947-5151
A0001865,행복주유소,GS칼텍스,경기 양주시,경기,양주시,경기 양주시 은현면 화합로 749,1,0,1,031-858-3968
A0001873,㈜다원에너지직영 은화삼주유소,HD현대오일뱅크,경기 용인시,경기,용인시,경기 용인시 처인구 이동면 백옥대로 826,0,0,0,031-339-8395
A0001878,도산주유소,SK에너지,충남 논산시,충남,논산시,충남 논산시 벌곡면 수락로 57,1,0,0,041-733-5666
A0001880,㈜태양에너지 화성주유소,GS칼텍스,경기 화성시,경기,화성시,경기 화성시 만세구 장안면 포승향남로 1237,1,0,0,031-358-0168
A0001881,한길주유소 ㈜한길산업개발,HD현대오일뱅크,경기 안양시,경기,안양시,경기 안양시 만안구 안양로 72,0,0,0,031-449-5151
A0001882,행운주유소,GS칼텍스,경기 의왕시,경기,의왕시,경기 의왕시 덕영대로 171 (삼동),1,0,1,031-462-5189
A0001888,씨앤에스유통㈜구도일주유소 신반월,S-OIL,경기 안산시,경기,안산시,경기 안산시 상록구 건건1길 7 (건건동),1,0,0,031-501-8251
A0001889,창촌주유소,SK에너지,강원 홍천군,강원,홍천군,강원 홍천군 내면 구룡령로 5216,0,0,1,033-436-5048
A0001891,대월주유소,HD현대오일뱅크,충남 보령시,충남,보령시,충남 보령시 남포면 남포방조제로 677,0,0,0,041-934-8607
A0001893,쓰리원주유소,GS칼텍스,경기 안양시,경기,안양시,경기 안양시 동안구 시민대로 93 (호계동),1,0,1,031-453-5145
A0001894,SK에너지(주) 청계주유소,SK에너지,경기 의왕시,경기,의왕시,경기 의왕시 민백길 1,1,0,1,031-423-2323
A0001896,㈜현대가스텍 고양주유소,HD현대오일뱅크,경기 고양시,경기,고양시,경기 고양시 덕양구 호국로 730,1,0,1,031-966-3825
A0001901,주식회사 기정에너지,GS칼텍스,경기 시흥시,경기,시흥시,경기 시흥시 수인로 3471 (신천동),1,0,0,031-435-5189
A0001904,남경주유소㈜,SK에너지,경기 안양시,경기,안양시,경기 안양시 만안구 경수대로 1279 (석수동),1,0,0,031-474-5757
A0001905,안양알찬주유소,S-OIL,경기 안양시,경기,안양시,경기 안양시 만안구 안양로 49 (안양동),1,0,1,031-449-5757
A0001911,동광석유㈜ 대야주유소,S-OIL,경기 군포시,경기,군포시,경기 군포시 군포로 137,0,0,0,031-437-0633
A0001912,(주)왕산주유소,HD현대오일뱅크,경기 용인시,경기,용인시,경기 용인시 처인구 모현면 백옥대로2438번길 1-4,0,0,0,031-339-5205
A0001913,뉴그린주유소,GS칼텍스,경기 안양시,경기,안양시,경기 안양시 만안구 박달로 569 (안양동),1,0,0,031-447-0309
A0001917,㈜삼표에너지 군포스타주유소,GS칼텍스,경기 군포시,경기,군포시,경기 군포시 고산로 688,1,0,1,031-393-5189
A0001922,(주)양지,GS칼텍스,경기 안양시,경기,안양시,경기 안양시 만안구 양화로 44 (안양동),1,0,0,031-468-0011
A0001923,(주)대미주유소,S-OIL,경기 군포시,경기,군포시,경기 군포시 군포로 10,1,0,0,031-502-0833
A0001932,HD현대오일뱅크㈜직영 신분당셀프주유소,HD현대오일뱅크,경기 성남시,경기,성남시,경기 성남시 분당구 새마을로 65,1,0,1,031-707-9331
A0001936,The풍전주유소,SK에너지,전남광주 순천시,전남광주,순천시,전남광주통합특별시 순천시 순광로 81 (조례동),1,0,0,061-723-1498
A0001937,하이테크에너지(주),SK에너지,경기 성남시,경기,성남시,경기 성남시 중원구 순환로 128,1,0,0,031-745-5189
A0001938,안양원예농업협동조합주유소,NH-OIL,경기 안양시,경기,안양시,경기 안양시 만안구  오리로 60,1,1,1,031-441-8937
A0001939,(주)안국에너지 서진주유소,SK에너지,경기 안양시,경기,안양시,경기 안양시 만안구 안양로 425 (안양동),1,0,1,031-469-6050
A0001942,동일석유㈜산업주유소,SK에너지,경기 군포시,경기,군포시,경기 군포시 경수대로 457 (당정동),1,0,1,031-452-3590
A0001943,삼미상사(주)남부주유소,SK에너지,경기 군포시,경기,군포시,경기 군포시 고산로 259 (당동),1,0,1,031-398-6252
A0001946,HD현대오일뱅크㈜직영 신안주유소,HD현대오일뱅크,경기 안양시,경기,안양시,경기 안양시 만안구 박달로 432 (박달동),0,0,1,031-443-1500
A0001949,(주)서율주유소 석수점,HD현대오일뱅크,경기 안양시,경기,안양시,경기 안양시 만안구 안양로 574 (석수동),1,0,1,031-473-6017
A0001950,KH에너지㈜직영 평촌신도시주유소,SK에너지,경기 안양시,경기,안양시,경기 안양시 동안구 시민대로 301,1,0,1,031-385-4951
A0001952,HD현대오일뱅크㈜직영 비산현대셀프주유소,HD현대오일뱅크,경기 안양시,경기,안양시,경기 안양시 동안구 경수대로 839 (비산동),1,0,1,031-443-3241
A0001955,HD현대오일뱅크㈜직영 군포제일주유소,HD현대오일뱅크,경기 군포시,경기,군포시,경기 군포시 산본로323번길 27,0,0,1,031-391-2125
A0001961,대한주유소,HD현대오일뱅크,경기 안양시,경기,안양시,경기 안양시 동안구 경수대로 510 (호계동),1,0,0,031-427-3108
A0001962,(주)한유에너지 금정주유소,SK에너지,경기 군포시,경기,군포시,경기 군포시 군포로 617 (금정동),1,0,1,031-454-5151
A0001966,삼미상사(주)금정역셀프주유소,SK에너지,경기 군포시,경기,군포시,경기 군포시 엘에스로 178 (산본동),1,0,1,031-456-5189
A0001969,㈜삼표에너지 산본그린주유소,GS칼텍스,경기 군포시,경기,군포시,경기 군포시 군포로 231,1,0,1,031-462-0202
A0001977,대신석유(주)당리주유소,SK에너지,경기 군포시,경기,군포시,경기 군포시 용호1로1번길 16 (당동),1,0,0,031-393-9604
A0001978,대신석유(주)남서울주유소,SK에너지,경기 안양시,경기,안양시,경기 안양시 만안구  경수대로 1425 (석수동),1,0,0,031-472-0076
A0001979,주식회사안양석유,HD현대오일뱅크,경기 안양시,경기,안양시,경기 안양시 만안구 경수대로 1374,1,0,1,031-474-5189
A0001980,(주)세광 푸른주유소,HD현대오일뱅크,경기 안양시,경기,안양시,경기 안양시 만안구 오리로 11 (박달동),1,0,0,031-444-9456
A0001981,당정스타주유소,GS칼텍스,경기 군포시,경기,군포시,경기 군포시 고산로 109,1,0,0,031-429-9990
A0001982,한국복합물류(주) 군포터미널주유소,GS칼텍스,경기 군포시,경기,군포시,경기도 군포시  번영로 82 (군포2동) 관리동 4층,0,0,0,031-460-2076
A0001983,㈜천이코끼리주유소,HD현대오일뱅크,경기 안양시,경기,안양시,경기 안양시 만안구 박달로 464 (박달동),1,0,0,031-449-2242
A0001988,쌍용주유소,S-OIL,경기 화성시,경기,화성시,경기 화성시 만세구 향남읍 발안로 724,0,0,0,031-352-6667
A0001991,비타민 스테이션 ㈜제이메시비타민지점,HD현대오일뱅크,충남 천안시,충남,천안시,충남 천안시 서북구  쌍용대로 220,1,0,0,041-577-1151
A0001994,SK향남주유소,SK에너지,경기 화성시,경기,화성시,경기 화성시 만세구 향남읍 서해로 430-9,0,0,0,031-366-0252
A0002000,(주)에이치앤씨커머스 모곡주유소,HD현대오일뱅크,경기 평택시,경기,평택시,경기 평택시 경기대로 927,0,0,1,031-664-8951
A0002002,고객행복주유소,S-OIL,경기 부천시,경기,부천시,경기도 부천시 오정구 소사로 584,1,0,0,032-674-4544
A0002005,이포에너지㈜ 금강주유소,HD현대오일뱅크,충북 청주시,충북,청주시,충북 청주시 서원구 청남로 2145,1,0,0,043-297-5189
A0002006,경희주유소,GS칼텍스,경기 수원시,경기,수원시,경기 수원시 영통구 덕영대로 1729 (영통동),0,0,0,031-205-0878
A0002009,(주)서진주유소 화성지점 공단주유소,SK에너지,경기 화성시,경기,화성시,경기 화성시 효행구 정남면 발안로 1059,1,0,0,031-377-5150
A0002010,광평주유소,GS칼텍스,경기 화성시,경기,화성시,경기 화성시 만세구 서신면 제부로 724,0,0,0,031-357-8239
A0002014,뉴금강주유소,HD현대오일뱅크,경기 수원시,경기,수원시,경기 수원시 권선구 매송고색로 577,1,0,0,031-246-5151
A0002016,휴게주유소,GS칼텍스,경기 화성시,경기,화성시,경기 화성시 만세구 서신면 전곡항로 190,0,0,1,031-357-1588
A0002021,대양self주유소,SK에너지,인천 부평구,인천,부평구,인천 부평구  평천로 545 (삼산동),1,0,1,032-517-5151
A0002023,수원역주유소,S-OIL,경기 수원시,경기,수원시,경기 수원시 권선구 덕영대로 1003 (세류동),1,0,0,031-237-2010
A0002027,동일석유㈜고덕동일주유소,SK에너지,경기 평택시,경기,평택시,경기 평택시 경기대로 1078 (장당동),1,0,1,031-665-0190
A0002028,창곡주유소,GS칼텍스,경기 화성시,경기,화성시,경기 화성시 만세구 팔탄면 푸른들판로 744,0,0,0,031-354-5588
A0002029,삼환환경㈜ 직영 효행주유소,HD현대오일뱅크,경기 수원시,경기,수원시,경기 수원시 권선구 효행로 50,1,0,0,031-295-0034
A0002031,사강주유소,HD현대오일뱅크,경기 화성시,경기,화성시,경기 화성시 만세구 송산면 송산포도로 42,0,0,0,031-357-5853
A0002033,서수원주유소,SK에너지,경기 수원시,경기,수원시,경기 수원시 권선구 서부로 1963 (구운동),1,0,0,031-296-0017
A0002034,청원로셀프주유소,S-OIL,경기 안성시,경기,안성시,경기 안성시 원곡면 청원로 1831,1,0,1,031-691-9600
A0002037,강변주유소,GS칼텍스,경남 진주시,경남,진주시,경남 진주시 남강로 1119,1,0,0,055-762-5150
A0002041,㈜팔탄주유소,HD현대오일뱅크,경기 화성시,경기,화성시,경기 화성시 만세구 팔탄면 푸른들판로 603,1,0,0,031-354-6690
A0002043,(주)한미석유 진흥주유소,GS칼텍스,경기 수원시,경기,수원시,경기 수원시 권선구 수인로 173 (서둔동),1,0,0,031-295-5185
A0002055,지성주유소,SK에너지,경기 화성시,경기,화성시,경기 화성시 만세구 마도면 화성로 726,1,0,0,031-356-4550
A0002064,(주)장안셀프주유소,GS칼텍스,경기 화성시,경기,화성시,경기 화성시 만세구 장안면 포승향남로 2142,1,0,0,031-351-6446
A0002066,경원주유소,SK에너지,경기 수원시,경기,수원시,경기 수원시 권선구 권광로 80 (권선동),0,0,0,031-233-6678
A0002075,SK참존주유소,SK에너지,경기 오산시,경기,오산시,경기 오산시 발안로 1303 (벌음동),1,0,0,031-372-0108
A0002076,인계동주유소,GS칼텍스,경기 수원시,경기,수원시,경기 수원시 팔달구 인계로 139 (인계동),1,0,0,031-215-8101
A0002078,수원고속주유소,SK에너지,경기 수원시,경기,수원시,경기 수원시 영통구 중부대로 384,1,0,1,031-213-7777
A0002081,대신자연에너지,SK에너지,경기 수원시,경기,수원시,경기 수원시 영통구 권선로 927,1,0,0,031-202-5151
A0002086,소방주유소,S-OIL,경기 화성시,경기,화성시,경기 화성시 만세구 향남읍 발안만세길 47,0,0,0,031-354-7220
A0002088,기룡주유소,SK에너지,경기 오산시,경기,오산시,경기 오산시 동부대로 540 (오산동),1,0,0,031-374-8800
A0002091,지에스칼텍스㈜직영 세교주유소,GS칼텍스,경기 평택시,경기,평택시,경기 평택시 동삭로 224,1,0,1,031-657-7514
A0002093,강남주유소,SK에너지,경기 화성시,경기,화성시,경기 화성시 효행구 비봉면 화성로 1554,0,0,0,031-356-5188
A0002099,남선석유㈜ 하나주유소,S-OIL,경기 평택시,경기,평택시,경기 평택시 경기대로 1280 (이충동),1,0,1,031-663-5182
A0002108,㈜더원에너지 오산주유소,SK에너지,경기 오산시,경기,오산시,경기 오산시 경기대로 437 (수청동),1,0,0,031-373-5189
A0002109,삼미상사㈜ 오산제일주유소,SK에너지,경기 오산시,경기,오산시,경기 오산시 원동로 74,1,0,1,031-376-0090
A0002110,유정주유소,S-OIL,경기 광주시,경기,광주시,경기 광주시 도척면 마도로 196,1,0,1,031-763-2525
A0002116,신성주유소,SK에너지,경기 화성시,경기,화성시,경기 화성시 만세구 마도면 화성로 930,1,0,0,031-357-0332
A0002120,형제주유소,S-OIL,경기 수원시,경기,수원시,경기 수원시 권선구 수인로 446,0,0,0,031-291-9253
A0002122,비봉주유소,GS칼텍스,경기 화성시,경기,화성시,경기 화성시 효행구 비봉면 푸른들판로 1672,0,0,1,031-356-5154
A0002124,해양산업단지주유소,HD현대오일뱅크,경기 화성시,경기,화성시,경기 화성시 만세구 서신면 전곡항로 382,0,0,1,031-357-5136
A0002125,쌍학주유소,GS칼텍스,경기 화성시,경기,화성시,경기 화성시 효행구 비봉면 화성로 2087,1,0,0,031-356-7780
A0002127,현대주유소,SK에너지,경기 화성시,경기,화성시,경기 화성시 효행구 비봉면 푸른들판로 1023,0,0,0,031-356-2003
A0002134,평동그린주유소,GS칼텍스,경기 수원시,경기,수원시,경기 수원시 권선구 매송고색로 864 (평동),1,0,0,031-295-5198
A0002135,안녕주유소,S-OIL,경기 화성시,경기,화성시,경기도 화성시 병점구 만년로 921,0,0,1,031-239-3232
A0002136,우진주유소,S-OIL,경기 평택시,경기,평택시,경기 평택시 서탄면 정문회화로 497,1,0,0,031-611-8251
A0002143,815주유소,SK에너지,경기 화성시,경기,화성시,경기 화성시 효행구 봉담읍 효행로 343,0,0,1,031-224-5288
A0002145,사거리주유소,HD현대오일뱅크,경기 화성시,경기,화성시,경기 화성시 만세구 우정읍 쌍봉로 418,0,0,0,031-351-3116
A0002146,매향주유소,GS칼텍스,경기 화성시,경기,화성시,경기 화성시 만세구 우정읍 기아자동차로 251,0,0,0,031-358-2988
A0002148,SK KH에너지 화성주유소,SK에너지,경기 화성시,경기,화성시,경기 화성시 만세구 팔탄면 푸른들판로 918,0,0,0,031-354-8051
A0002151,기영주유소,SK에너지,경기 화성시,경기,화성시,경기 화성시 만세구 향남읍 은행나무로 627,0,0,0,031-353-6888
A0002153,상안주유소,SK에너지,경기 화성시,경기,화성시,경기 화성시 만세구 서신면 마도로 6,0,0,0,031-355-0008
A0002155,정남주유소,S-OIL,경기 화성시,경기,화성시,경기 화성시 효행구 정남면 괘랑1길 1-6,0,0,0,031-352-0406
A0002159,역구내주유소,SK에너지,경기 화성시,경기,화성시,경기 화성시 효행구 비봉면 양노로 14,0,0,0,031-356-9900
A0002160,오산삼미주유소,GS칼텍스,경기 오산시,경기,오산시,경기 오산시 경기대로 721,1,0,0,031-378-1146
A0002163,동신주유소,SK에너지,경기 이천시,경기,이천시,경기 이천시 모가면 진상미로 1235,0,0,0,031-634-8867
A0002165,흥아주유소,SK에너지,경기 화성시,경기,화성시,경기 화성시 만세구 향남읍 서해로 553,1,0,0,031-353-3101
A0002167,골든벨주유소,S-OIL,경기 수원시,경기,수원시,경기 수원시 권선구 서부로 1650 (고색동),1,0,0,031-297-5182
A0002171,노하공단주유소,SK에너지,경기 화성시,경기,화성시,경기 화성시 만세구 팔탄면 현대기아로 8,0,0,0,031-352-2228
A0002174,덕우주유소,GS칼텍스,경기 화성시,경기,화성시,경기 화성시 만세구 팔탄면 온천로 127,0,0,0,031-353-5095
A0002181,차사랑주유소,HD현대오일뱅크,경기 화성시,경기,화성시,경기 화성시 만세구 우정읍 남양만로 565,0,0,0,031-358-5155
A0002183,청호셀프주유소,SK에너지,경기 수원시,경기,수원시,경기 수원시 권선구 수인로 57,1,0,1,031-227-5189
A0002186,온새미주유소,GS칼텍스,경기 오산시,경기,오산시,경기 오산시 남부대로 482 (청호동),0,0,0,031-668-3024
A0002187,삼우셀프주유소,SK에너지,경기 화성시,경기,화성시,경기 화성시 효행구 정남면 시청로 1601,1,0,0,031-359-8951
A0002197,안녕그린주유소,SK에너지,경기 화성시,경기,화성시,경기 화성시 병점구 효행로 852 (안녕동),1,0,0,031-225-5145
A0002201,신남직영주유소,HD현대오일뱅크,경기 화성시,경기,화성시,경기 화성시 만세구 남양읍 남양로 581,1,0,0,031-355-5150
A0002204,동양산업(주)마도주유소,GS칼텍스,경기 화성시,경기,화성시,경기도 화성시 만세구 마도면 화성로 873,1,0,1,031-357-9909
A0002206,SK기양주유소,SK에너지,경기 화성시,경기,화성시,경기 화성시 만세구 우정읍 기아자동차로 571,1,0,0,031-358-5759
A0002211,㈜한화미 구도일주유소 특종,S-OIL,서울 종로구,서울,종로구,서울 종로구 평창문화로 90 (평창동),0,0,0,02-379-6524
A0002216,가장공단주유소,HD현대오일뱅크,경기 화성시,경기,화성시,경기 화성시 효행구 정남면 가장로 405,0,0,1,031-352-4461
A0002217,동네방네주유소,GS칼텍스,전북 익산시,전북,익산시,전북 익산시 평동로 714,1,0,0,063-855-5100
A0002221,신달주유소,SK에너지,충남 공주시,충남,공주시,충남 공주시 유구읍 금계산로 687,1,0,0,041-841-6607
A0002226,㈜양지 화성스마트주유소,GS칼텍스,경기 화성시,경기,화성시,경기 화성시 만세구 팔탄면 서해로 1130,1,0,0,031-353-5188
A0002227,(주)태영 구도일주유소 한인,S-OIL,서울 중랑구,서울,중랑구,서울 중랑구 망우로 170,1,0,0,02-438-5151
A0002230,SK서근주유소,SK에너지,경기 화성시,경기,화성시,경기 화성시 만세구 팔탄면 버들로 1231,0,0,0,031-358-5121
A0002231,(주)태산이엔엘 가장셀프주유소,HD현대오일뱅크,경기 오산시,경기,오산시,경기도 오산시  가장로 524 (남촌동),1,0,1,031-8043-2008
A0002232,동현주유소,SK에너지,경기 화성시,경기,화성시,경기 화성시 만세구 향남읍 3.1만세로 1015,1,0,1,031-354-1151
A0002233,자안주유소,HD현대오일뱅크,경기 화성시,경기,화성시,경기 화성시 효행구 비봉면 푸른들판로 1116,0,0,1,031-356-7344
A0002237,동탄뉴타운주유소,GS칼텍스,경기 화성시,경기,화성시,경기 화성시 동탄구 경기동로 234,0,0,0,031-375-7799
A0002242,구장주유소,SK에너지,경기 화성시,경기,화성시,경기 화성시 만세구 팔탄면 푸른들판로 639,0,0,0,031-352-5176
A0002243,KH에너지㈜직영 성수만세주유소,SK에너지,서울 성동구,서울,성동구,서울 성동구 왕십리로 109,1,0,1,02-499-8223
A0002251,고지리주유소,GS칼텍스,경기 화성시,경기,화성시,경기 화성시 효행구 정남면 가장로 300,0,0,1,031-366-2151
A0002253,융건릉주유소,SK에너지,경기 화성시,경기,화성시,경기 화성시 병점구 효행로 458 (안녕동),1,0,1,031-223-5189
A0002257,(주)정도인더스트리 주유소,SK에너지,경기 화성시,경기,화성시,경기 화성시 만세구 남양읍 현대기아로 394,0,0,0,031-355-5172
A0002259,그린화성주유소,HD현대오일뱅크,경기 화성시,경기,화성시,경기 화성시 효행구 봉담읍 최루백로 260,0,0,0,031-278-5151
A0002260,㈜성인석유 거창주유소,HD현대오일뱅크,경기 화성시,경기,화성시,경기 화성시 만세구 팔탄면 마당바위로 113,1,0,0,031-366-6000
A0002264,차사랑주유소,알뜰주유소,경기 오산시,경기,오산시,경기 오산시 경기대로 296 (오산동),1,0,1,031-375-8551
A0002265,금호주유소,GS칼텍스,경기 화성시,경기,화성시,경기 화성시 만세구 향남읍 은행나무로 561-4,0,0,0,031-366-6358
A0002266,만세주유소,SK에너지,경기 화성시,경기,화성시,경기 화성시 효행구 비봉면 푸른들판로 1133,0,0,1,031-355-4192
A0002271,슈퍼맨주유소,HD현대오일뱅크,경기 화성시,경기,화성시,경기 화성시 만세구 향남읍 발안로 392,1,0,1,031-366-2556
A0002274,서신주유소,HD현대오일뱅크,경기 화성시,경기,화성시,경기 화성시 만세구 서신면 매화3길 10,0,0,0,031-357-7799
A0002281,한일주유소,HD현대오일뱅크,경기 오산시,경기,오산시,경기 오산시 원동로 47,1,0,0,031-377-4035
A0002282,원평주유소,S-OIL,경기 화성시,경기,화성시,경기 화성시 효행구 매송면 화성로 2415,1,0,0,031-294-2293
A0002284,연구단지주유소,HD현대오일뱅크,경기 화성시,경기,화성시,경기 화성시 만세구 남양읍 남양로 361,1,0,0,031-356-5192
A0002294,그린주유소,GS칼텍스,경기 화성시,경기,화성시,경기 화성시 만세구 팔탄면 버들로 1315,0,0,0,031-366-5925
A0002302,효현(주) 아주주유소,GS칼텍스,경기 수원시,경기,수원시,경기 수원시 팔달구 월드컵로 246,1,0,0,031-216-5189
A0002304,(주)한미석유 매탄동주유소,GS칼텍스,경기 수원시,경기,수원시,경기 수원시 영통구 동탄원천로 1015 (매탄동),1,0,1,031-217-5108
A0002308,슈퍼맨주유소,HD현대오일뱅크,경기 수원시,경기,수원시,경기 수원시 권선구 덕영대로 1139,1,0,0,031-224-5100
A0002318,동백IC주유소,GS칼텍스,경기 용인시,경기,용인시,경기 용인시 기흥구 동백죽전대로 560,0,0,0,031-287-5149
A0002322,우리주유소,GS칼텍스,경기 화성시,경기,화성시,경기 화성시 효행구 봉담읍 효행로 311,0,0,0,031-226-5149
A0002330,남양신도시주유소,GS칼텍스,경기 화성시,경기,화성시,경기 화성시 만세구 남양읍 화성로 957,1,0,1,031-356-5160
A0002333,서진주유소 향남점 (주)논산얀마,GS칼텍스,경기 화성시,경기,화성시,경기 화성시 만세구 팔탄면 삼천병마로 563,1,0,0,031-354-5106
A0002342,원더우먼주유소,알뜰주유소,경기 화성시,경기,화성시,경기 화성시 만세구 우정읍 포승향남로 1106,1,1,1,031-358-5181
A0002347,탑주유소,GS칼텍스,경기 화성시,경기,화성시,경기 화성시 만세구 우정읍 기아자동차로 703-1,1,0,0,031-358-6283
A0002348,한민족주유소,GS칼텍스,경기 화성시,경기,화성시,경기 화성시 만세구 향남읍 푸른들판로 324-6,1,0,0,031-366-4486
A0002353,대한석유유통(유) 화성현대주유소,HD현대오일뱅크,경기 화성시,경기,화성시,경기 화성시 효행구 봉담읍 세자로 352,1,0,0,031-236-5145
A0002361,㈜하이테크산업 화성주유소,SK에너지,경기 화성시,경기,화성시,경기 화성시 만세구 남양읍 주석로 353,1,0,0,031-366-9415
A0002364,신남스타주유소,GS칼텍스,경기 화성시,경기,화성시,경기 화성시 만세구 남양읍 남양로 409,1,0,1,031-355-5185
A0002367,공룡주유소,S-OIL,경기 화성시,경기,화성시,경기 화성시 만세구 남양읍 시청로 270,1,0,0,031-356-9545
A0002371,풍년주유소,HD현대오일뱅크,경기 화성시,경기,화성시,경기 화성시 만세구 우정읍 포승향남로 1420,0,0,0,031-358-7002
A0002375,서안에너지㈜,SK에너지,경기 용인시,경기,용인시,경기 용인시 처인구 백암면 죽양대로 1454,1,0,0,031-637-5223
A0002377,덕성주유소,HD현대오일뱅크,경기 화성시,경기,화성시,경기 화성시 만세구 팔탄면 버들로 1509,0,0,0,031-353-7001
A0002382,(주)신화성주유소,알뜰주유소,경기 화성시,경기,화성시,경기 화성시 만세구 우정읍 포승향남로 1552,1,0,1,031-358-3395
A0002389,지에스칼텍스(주) 동탄푸른숲주유소,GS칼텍스,경기 화성시,경기,화성시,경기 화성시 병점구 여울로 114,1,0,1,031-224-5189
A0002396,동탄예운주유소,HD현대오일뱅크,경기 화성시,경기,화성시,경기 화성시 동탄구 경기동로 492 (장지동),0,0,0,031-372-5149
A0002400,조형주유소,S-OIL,경기 화성시,경기,화성시,경기 화성시 만세구 우정읍 버들로 94,1,0,0,031-358-5182
A0002410,화성크린주유소,S-OIL,경기 화성시,경기,화성시,경기 화성시 만세구 송산면 화성로 288,1,0,0,031-357-9355
A0002423,금영주유소,GS칼텍스,경기 화성시,경기,화성시,경기 화성시 만세구 서신면 궁평항로 1161,0,0,0,031-357-3346
A0002424,정문주유소,SK에너지,경기 화성시,경기,화성시,경기 화성시 만세구 양감면 정문회화로 239,0,0,0,031-8059-6474
A0002427,향남TG주유소,HD현대오일뱅크,경기 화성시,경기,화성시,경기 화성시 만세구 향남읍 만년로 24,0,0,0,031-366-5128
A0002428,㈜디이에이치오일포유(궁평항주유소),S-OIL,경기 화성시,경기,화성시,경기 화성시 만세구 서신면 궁평항로 1146,1,0,0,031-366-9987
A0002445,상봉주유소,S-OIL,경기 오산시,경기,오산시,경기 오산시 서동로 111,1,0,0,031-376-5252
A0002449,기쁨가득주유소,SK에너지,경기 오산시,경기,오산시,경기 오산시 경기대로 56,1,0,0,031-376-5191
A0002467,(주)융건주유소,S-OIL,경기 화성시,경기,화성시,경기 화성시 병점구 효행로481번길 14 (안녕동),1,0,0,031-222-7238
A0002479,연구소주유소,HD현대오일뱅크,경기 화성시,경기,화성시,경기 화성시 만세구 남양읍 현대기아로 240,0,0,0,031-355-5149
A0002480,815GS주유소,GS칼텍스,경기 화성시,경기,화성시,경기 화성시 병점구 정조로 139 (반정동),1,0,1,031-235-1033
A0002481,미소주유소,HD현대오일뱅크,경기 화성시,경기,화성시,경기 화성시 만세구 마도면 화성로 570,1,0,1,031-355-5180
A0002488,동그라미주유소,GS칼텍스,경기 화성시,경기,화성시,경기 화성시 만세구 팔탄면 서해로 1380,1,0,1,031-354-9938
A0002494,이케이에너지㈜ 광차주유소,HD현대오일뱅크,경기 화성시,경기,화성시,경기 화성시 만세구 팔탄면 서해로 1266,1,0,1,031-352-3057
A0002501,하늘에너지(주)대창주유소,GS칼텍스,경기 수원시,경기,수원시,경기 수원시 팔달구  경수대로 682 (우만동),1,0,0,031-252-5151
A0002504,명품주유소,알뜰주유소,경기 수원시,경기,수원시,경기 수원시 권선구 권선로 651 (권선동),1,1,1,031-232-6051
A0002506,대신self주유소,HD현대오일뱅크,경기 수원시,경기,수원시,경기 수원시 장안구  경수대로 1011,1,0,1,031-245-8952
A0002511,경진셀프주유소,SK에너지,경기 수원시,경기,수원시,경기 수원시 장안구 경수대로 1059,1,0,1,031-252-5149
A0002516,주식회사 청송유업,SK에너지,경기 수원시,경기,수원시,경기 수원시 권선구 권선로 331,1,0,0,031-296-5189
A0002523,대원주유소,S-OIL,경기 수원시,경기,수원시,경기 수원시 장안구 경수대로 772 (영화동),1,0,0,031-255-8061
A0002528,현대오일뱅크㈜직영 송도셀프주유소,HD현대오일뱅크,인천 연수구,인천,연수구,인천 연수구 송도과학로 13 (송도동),1,0,1,032-219-5151
A0002532,원천주유소,S-OIL,경기 용인시,경기,용인시,경기 용인시 기흥구 중부대로 1-5 (영덕동),1,0,0,031-215-5189
A0002535,㈜경향주유소,GS칼텍스,경기 수원시,경기,수원시,경기 수원시 권선구 매송고색로 827 (평동),1,0,1,031-292-2640
A0002537,비행장주유소,SK에너지,경기 수원시,경기,수원시,경기 수원시 권선구 정조로 291,1,0,0,031-222-7007
A0002539,힘찬주유소 ㈜구도일주유소신흥,S-OIL,경기 화성시,경기,화성시,경기 화성시 만세구 남양읍 온석길 15-2,1,0,0,031-357-5160
A0002542,금정주유소,알뜰주유소,경기 군포시,경기,군포시,경기 군포시 공단로 278-29,1,0,1,031-000-0000
A0002545,하하하주유소,HD현대오일뱅크,경기 오산시,경기,오산시,경기 오산시  경기대로 140,1,0,1,031-377-3388
A0002546,정남농협주유소,NH-OIL,경기 화성시,경기,화성시,경기 화성시 효행구 정남면 만년로 552,0,0,1,031-353-3323
A0002547,마도농협주유소,NH-OIL,경기 화성시,경기,화성시,경기 화성시 만세구 마도면 화성로 777,1,1,1,031-357-4694
A0002553,대경TLS(주)대경주유소,SK에너지,경기 화성시,경기,화성시,경기 화성시 만세구 우정읍 남양만로 454,0,0,0,031-358-8267
A0002559,현대주유소,HD현대오일뱅크,경기 화성시,경기,화성시,경기 화성시 효행구 봉담읍 삼천병마로 862,1,0,0,031-227-6861
A0002561,대보유통㈜화성(하)목포방향,알뜰(ex),경기 화성시,경기,화성시,경기 화성시 만세구 팔탄면 서해안고속도로 301-1,1,1,0,031-353-8015
A0002562,대보유통㈜ 화성(상)주유소/충전소,알뜰(ex),경기 화성시,경기,화성시,경기 화성시 만세구 팔탄면 서해안고속도로 302-1,1,1,1,031-353-8148
A0002563,㈜지유에너지 레몬주유소,HD현대오일뱅크,경기 오산시,경기,오산시,경기 오산시 남부대로 354,1,0,0,031-374-5131
A0002565,㈜제이와이에너지 지점(이라크주유소),HD현대오일뱅크,경기 화성시,경기,화성시,경기 화성시 병점구 효행로 767,1,0,0,031-221-3884
A0002569,㈜레드에너지,SK에너지,경기 수원시,경기,수원시,경기 수원시 권선구 수인로 23,1,0,0,031-296-6060
A0002570,㈜제이와이에너지 두바이주유소,HD현대오일뱅크,경기 수원시,경기,수원시,경기 수원시 영통구 영통로 317 (매탄동),1,0,0,031-212-8669
A0002572,㈜서정산업 주유소,HD현대오일뱅크,경기 화성시,경기,화성시,경기 화성시 만세구 향남읍 3.1만세로 972,1,0,0,031-353-3660
A0002574,HD현대오일뱅크㈜직영 봉담IC셀프주유소,HD현대오일뱅크,경기 화성시,경기,화성시,경기 화성시 효행구 봉담읍 삼천병마로 1346,1,0,1,031-298-5100
A0002576,SK에너지(주)운암뜰주유소,SK에너지,경기 오산시,경기,오산시,경기 오산시 경기대로 317 (오산동),0,0,1,031-374-2209
A0002577,케이와이에너지(주)남양주유소충전소,HD현대오일뱅크,경기 화성시,경기,화성시,경기 화성시 만세구 남양읍 화성로 1412,0,0,0,031-355-4071
A0002585,39라인주유소,GS칼텍스,경기 화성시,경기,화성시,경기 화성시 만세구 향남읍 서해로 806,1,0,0,031-354-9581
A0002593,동화주유소,SK에너지,경기 화성시,경기,화성시,경기 화성시 효행구 봉담읍 효행로 188,0,0,1,031-295-5130
A0002599,HD현대오일뱅크㈜직영 동탄현대주유소,HD현대오일뱅크,경기 화성시,경기,화성시,경기 화성시 병점구 효행로 1315,0,0,1,031-234-1761
A0002601,㈜효창에너지직영3주유소,SK에너지,경기 화성시,경기,화성시,경기도 화성시 만세구 팔탄면 3.1만세로 784,1,0,0,031-352-9696
A0002606,HD현대오일뱅크㈜직영 비봉현대주유소,HD현대오일뱅크,경기 화성시,경기,화성시,경기 화성시 효행구 비봉면 화성로 1589-1,0,0,1,031-357-9853
A0002611,진현에너지 해오름지점,HD현대오일뱅크,경기 화성시,경기,화성시,경기 화성시 만세구 팔탄면 서해로 833,1,0,1,031-352-5189
A0002612,하이웨이주유소,GS칼텍스,경기 수원시,경기,수원시,경기 수원시 권선구 매송고색로 513 (오목천동),1,0,0,031-294-5189
A0002617,SK에너지(주)솔빛나루주유소,SK에너지,경기 화성시,경기,화성시,경기 화성시 동탄구 10용사로 650 (반송동),1,0,1,031-613-5194
A0002619,HD현대오일뱅크㈜직영 동탄제일주유소,HD현대오일뱅크,경기 화성시,경기,화성시,경기 화성시 병점구 효행로 1279 (반월동),0,0,1,031-225-6974
A0002623,에스제이오일(주) 샤인주유소,GS칼텍스,경기 화성시,경기,화성시,경기 화성시 동탄구 경기동로 527,1,0,1,031-376-5171
A0002629,SK에너지㈜ 동탄셀프주유소,SK에너지,경기 화성시,경기,화성시,경기 화성시 병점구 여울로3길 21 (능동),1,0,1,031-8003-5169
A0002640,KH에너지㈜직영 오산주유소(동탄방향),SK에너지,경기 오산시,경기,오산시,경기 오산시 수도권제2순환고속도로 14,1,0,1,031-375-5157
A0002641,KH에너지㈜직영 오산주유소(과천방향),SK에너지,경기 오산시,경기,오산시,경기 오산시 수도권제2순환고속도로 13,1,0,1,031-378-5258
A0002650,KH에너지㈜직영 동탄맥주유소,SK에너지,경기 화성시,경기,화성시,경기 화성시 동탄구 효행로 1260,1,0,1,031-8003-3475
A0002658,해뜨는주유소,HD현대오일뱅크,경기 화성시,경기,화성시,경기 화성시 동탄구 경기동로 516,0,0,0,0
A0002659,하늘에너지㈜송산마도IC주유소충전소,GS칼텍스,경기 화성시,경기,화성시,경기 화성시 만세구 송산면 화성로 618,1,0,0,031-366-7131
A0002662,에스제이오일㈜ 빅토리주유소,GS칼텍스,경기 화성시,경기,화성시,경기 화성시 만세구 향남읍 발안로 206,1,0,1,031-353-4035
A0002664,(주)대황교동주유소,SK에너지,경기 수원시,경기,수원시,경기 수원시 권선구 정조로 235 (대황교동),0,0,0,031-232-3100
A0002666,덕원주유소,GS칼텍스,경기 수원시,경기,수원시,경기 수원시 권선구 권선로 258 (고색동),1,0,0,031-292-4799
A0002669,정자주유소,HD현대오일뱅크,경기 수원시,경기,수원시,경기 수원시 장안구 정자천로 175,1,0,1,031-269-0051
A0002682,㈜오앤유에너지,SK에너지,경기 수원시,경기,수원시,경기 수원시 팔달구 인계로 58,1,0,0,031-238-5189
A0002683,(주)디오티디 수원햄스터주유소,SK에너지,경기 수원시,경기,수원시,경기 수원시 권선구 매송고색로 810,1,0,1,031-297-5185
A0002690,(주)미래석유 역전주유소,GS칼텍스,경기 수원시,경기,수원시,경기 수원시 권선구 덕영대로 1000 (세류동),1,0,0,031-237-8134
A0002703,기아현대주유소,HD현대오일뱅크,경기 화성시,경기,화성시,경기 화성시 만세구 우정읍 기아자동차로 386,1,0,0,031-358-5199
A0002704,(주)송림에너지주유소,SK에너지,경기 화성시,경기,화성시,경기 화성시 만세구 우정읍 기아자동차로 621,1,0,0,031-351-6067
A0002708,㈜오레네트웍스 해방촌주유소,SK에너지,충북 진천군,충북,진천군,충북 진천군 덕산면 한삼로 259,1,0,0,043-537-5151
A0002719,㈜거창에너지 권선제일주유소,S-OIL,경기 수원시,경기,수원시,경기 수원시 권선구 경수대로 350 (권선동),1,0,0,031-232-1548
A0002721,㈜흥운 상기리주유소,S-OIL,경기 화성시,경기,화성시,경기 화성시 효행구 봉담읍 주석로 996,0,0,0,031-227-2847
A0002732,(주)앨림하이오일주유소,S-OIL,경기 화성시,경기,화성시,경기 화성시 효행구 봉담읍 삼천병마로 1136,1,0,1,031-297-5108
A0002733,(주)영광주유소,HD현대오일뱅크,경기 화성시,경기,화성시,경기 화성시 병점구 효행로 1144 (병점동),1,0,0,031-239-9400
A0002736,동일석유㈜회천동일주유소,SK에너지,경기 양주시,경기,양주시,경기 양주시 평화로 1803,1,0,1,031-868-5151
A0002737,㈜나이스디앤에스 장안공원주유소,S-OIL,경기 수원시,경기,수원시,경기 수원시 장안구 팔달로 227,1,0,1,031-248-9320
A0002739,오일나우 두번째주유소,HD현대오일뱅크,경기 수원시,경기,수원시,경기 수원시 장안구 장안로 153,1,0,0,031-245-0396
A0002740,푸른현대주유소,S-OIL,경기 수원시,경기,수원시,경기 수원시 팔달구 팔달로 137 (화서동),1,0,0,031-245-8669
A0002742,행복주유소,S-OIL,경기 수원시,경기,수원시,경기 수원시 권선구 수인로 379 (구운동),0,0,0,031-291-5151
A0002746,금곡주유소,HD현대오일뱅크,경기 평택시,경기,평택시,경기 평택시 안중읍 서해로 1209,0,0,0,031-681-5088
A0002747,삼성self주유소,SK에너지,경기 평택시,경기,평택시,경기 평택시 만세로 1465 (청룡동),1,0,0,031-611-5140
A0002748,디오티디 아산부엉이주유소 (주)다휘,HD현대오일뱅크,충남 아산시,충남,아산시,충남 아산시 영인면 장영실로 430,1,0,0,041-424-5115
A0002756,국도주유소,GS칼텍스,경기 평택시,경기,평택시,경기 평택시 경기대로 781 (지제동),0,0,0,031-656-6150
A0002757,합정셀프주유소,SK에너지,경기 평택시,경기,평택시,경기 평택시 평택4로 28,1,0,0,031-653-5151
A0002763,미양,S-OIL,경기 안성시,경기,안성시,경기 안성시 미양면 미양로 463,1,0,0,031-673-0510
A0002765,한길주유소,HD현대오일뱅크,경기 평택시,경기,평택시,경기 평택시 고덕면 서동대로 2531,1,0,0,031-662-2323
A0002766,동1 self주유소,HD현대오일뱅크,경기 평택시,경기,평택시,경기 평택시 삼남로 94 (도일동),1,0,0,031-663-8995
A0002768,KH에너지㈜직영 포승행복주유소,SK에너지,경기 평택시,경기,평택시,경기 평택시 포승읍 포승공단로 68,0,0,1,031-681-5022
A0002772,(주)승일주유소,S-OIL,경기 평택시,경기,평택시,경기 평택시  송탄로 240 (서정동),1,0,0,031-665-5444
A0002783,중앙주유소,GS칼텍스,경기 안성시,경기,안성시,경기 안성시 대덕면 서동대로 4645,1,0,0,031-676-5188
A0002785,한길주유소 신도시점 한솔유화㈜,S-OIL,경기 안성시,경기,안성시,경기 안성시 서동대로 5046 (신소현동),1,0,1,031-676-5193
A0002787,경기대로주유소,GS칼텍스,경기 평택시,경기,평택시,경기 평택시 진위면 경기대로 1786,1,0,0,031-611-5189
A0002788,서동self주유소,S-OIL,경기 평택시,경기,평택시,경기 평택시 현덕면 서동대로 1286,1,0,0,031-682-2580
A0002804,청룡셀프주유소,HD현대오일뱅크,경기 평택시,경기,평택시,경기 평택시 만세로 1595 (청룡동),1,0,0,031-653-5189
A0002806,안성맞춤주유소,S-OIL,경기 안성시,경기,안성시,경기 안성시 대덕면 중앙로 55,1,0,0,031-677-0146
A0002808,녹박재주유소,알뜰주유소,경기 안성시,경기,안성시,경기 안성시 죽산면 서동대로 6518,1,0,1,031-673-1038
A0002812,대림주유소,SK에너지,경기 안성시,경기,안성시,경기 안성시 공도읍 서동대로 4519,0,0,1,031-618-2155
A0002813,송내주유소,SK에너지,경기 평택시,경기,평택시,경기 평택시 포승읍 서동대로 896,0,0,0,031-682-5182
A0002814,삼미상사㈜ 옥산셀프주유소,SK에너지,경기 안성시,경기,안성시,경기 안성시 중앙로 162,1,0,1,031-672-6751
A0002816,비원주유소,HD현대오일뱅크,경기 평택시,경기,평택시,경기 평택시 현덕면 인광4길 22-12,0,0,0,031-681-5189
A0002820,서평택IC셀프주유소,S-OIL,경기 평택시,경기,평택시,경기 평택시 포승읍 불당길 132,1,0,0,031-681-9060
A0002824,KC네트웍스,알뜰주유소,경기 안성시,경기,안성시,경기 안성시 공도읍 공도로 120,1,0,0,031-653-2021
A0002829,(주)유공 칠성주유소,SK에너지,경기 안성시,경기,안성시,경기 안성시 보개면 보개원삼로 1144,0,0,0,031-674-0055
A0002831,이죽주유소,SK에너지,경기 안성시,경기,안성시,경기 안성시 죽산면 죽주로 197,0,0,0,031-676-6032
A0002833,스카이주유소,SK에너지,경기 안성시,경기,안성시,경기 안성시 대덕면 서동대로 4891,1,0,0,031-677-8077
A0002834,계림주유소,HD현대오일뱅크,경기 안성시,경기,안성시,경기 안성시 안성맞춤대로 841,1,0,0,031-672-2008
A0002837,삼죽주유소,알뜰주유소,경기 안성시,경기,안성시,경기 안성시 삼죽면 삼죽로 193,1,0,1,031-674-1038
A0002838,조일주유소,HD현대오일뱅크,경기 평택시,경기,평택시,경기 평택시 중앙로 185-1,1,0,1,031-656-5200
A0002840,평택주유소,S-OIL,경기 평택시,경기,평택시,경기 평택시 평택로 258,1,0,0,031-655-4051
A0002843,서해안주유소,HD현대오일뱅크,경기 평택시,경기,평택시,경기 평택시 현덕면 서해로 517,0,0,0,031-683-8811
A0002853,가야주유소,HD현대오일뱅크,경기 성남시,경기,성남시,경기 성남시 중원구 경충대로 2590 (갈현동),1,0,0,031-754-5102
A0002854,비룡주유소,S-OIL,경기 안성시,경기,안성시,경기 안성시 일죽면 죽양대로 530,1,0,1,031-672-5185
A0002855,CJ대한통운㈜ 충일주유소,HD현대오일뱅크,경기 안성시,경기,안성시,경기 안성시 공도읍 서동대로 4405,1,0,0,031-618-2570
A0002857,보개주유소,S-OIL,경기 안성시,경기,안성시,경기 안성시 보개면 서동대로 5816,1,0,0,031-671-5144
A0002858,매산주유소,알뜰주유소,경기 안성시,경기,안성시,경기 안성시 죽산면 죽양대로 200,1,0,1,031-671-3303
A0002859,사랑을 담는,HD현대오일뱅크,전북 군산시,전북,군산시,전북 군산시  해망로 580 (소룡동),1,0,0,0
A0002860,SK동아에너지주유소충전소,SK에너지,경기 평택시,경기,평택시,"경기 평택시 남북대로 545,  (동삭동)",1,0,0,031-664-7743
A0002863,태광주유소,SK에너지,경기 안성시,경기,안성시,경기 안성시 원곡면 청원로 1786,0,0,0,031-656-8951
A0002865,태양주유소,GS칼텍스,경기 평택시,경기,평택시,경기 평택시 오성면 서동대로 2086,1,0,0,031-682-0044
A0002867,SK고속주유소,SK에너지,경기 평택시,경기,평택시,경기 평택시 서동대로 3848 (소사동),1,0,0,031-653-5154
A0002868,하늘주유소,SK에너지,충남 당진시,충남,당진시,충남 당진시 순성면 남부로 551,1,0,0,0
A0002883,오산물류주유소,HD현대오일뱅크,경기 오산시,경기,오산시,경기 오산시 오산로 129,0,0,0,031-375-5189
A0002892,㈜대경유업 포승공단주유소,HD현대오일뱅크,경기 평택시,경기,평택시,경기 평택시 포승읍 포승공단로 241,1,0,0,031-681-9474
A0002896,상선주유소,GS칼텍스,경기 평택시,경기,평택시,경기 평택시 청북면 서해로 1914,1,0,1,031-683-8549
A0002898,서안에너지 평화,GS칼텍스,경기 평택시,경기,평택시,경기 평택시 현덕면 서해로 506,1,0,0,031-681-0094
A0002900,부림주유소,SK에너지,경기 안성시,경기,안성시,경기 안성시 삼죽면 서동대로 5988,0,0,1,031-674-0814
A0002901,원곡주유소,HD현대오일뱅크,경기 안성시,경기,안성시,경기 안성시 원곡면 만세로 1275,0,0,0,031-651-0880
A0002904,마당재주유소,HD현대오일뱅크,전북 전주시,전북,전주시,전북 전주시 완산구 아중로 90,1,0,0,063-283-5188
A0002909,일죽주유소,S-OIL,경기 안성시,경기,안성시,경기 안성시 일죽면 서동대로 7381,1,0,1,031-677-1117
A0002914,은석주유소,GS칼텍스,경기 안성시,경기,안성시,경기 안성시 일죽면 사실로 335,0,0,0,031-672-2278
A0002915,신창주유소,HD현대오일뱅크,경기 안성시,경기,안성시,경기 안성시 고삼면 안성맞춤대로 1838,1,0,0,031-672-7744
A0002917,삼팔주유소,SK에너지,경기 안성시,경기,안성시,경기 안성시 일죽면 노성로 7-6,0,0,0,031-674-5050
A0002922,현대대성셀프주유소,HD현대오일뱅크,경기 안성시,경기,안성시,경기 안성시 중앙로 177 (신건지동),1,0,1,031-675-2262
A0002930,도계주유소,S-OIL,경기 평택시,경기,평택시,경기 평택시 팽성읍 팽성로 6,1,0,0,031-691-2235
A0002934,지에스칼텍스(주) 평택항주유소,GS칼텍스,경기 평택시,경기,평택시,경기 평택시 포승읍 포승향남로 228,1,0,1,031-686-5114
A0002939,세일주유소,HD현대오일뱅크,충북 보은군,충북,보은군,충청북도 보은군 탄부면 보청대로 760,0,0,0,043-542-0900
A0002945,HD현대오일뱅크㈜직영 대길주유소,HD현대오일뱅크,경기 평택시,경기,평택시,경기 평택시 포승읍 포승향남로 384,1,0,1,031-686-6083
A0002949,이케이에너지(주) 평택주유소,HD현대오일뱅크,경기 평택시,경기,평택시,경기 평택시 청북면 청원로 49,1,0,1,031-682-1448
A0002952,사랑의주유소,HD현대오일뱅크,경기 평택시,경기,평택시,경기 평택시 팽성읍 팽성북로 415,0,0,0,031-651-5179
A0002957,가람주유소,S-OIL,경기 평택시,경기,평택시,경기 평택시 안중읍 강변로 196,0,0,0,031-682-6616
A0002959,서탄주유소,S-OIL,경기 평택시,경기,평택시,경기 평택시 서탄면 서탄로 174,1,0,0,031-665-5182
A0002962,중앙주유소,S-OIL,경기 평택시,경기,평택시,경기 평택시 송탄고가길 95 (독곡동),0,0,0,031-611-2388
A0002963,해오름셀프주유소,S-OIL,경기 안성시,경기,안성시,경기 안성시 일죽면 서동대로 7787,1,0,0,031-673-5186
A0002967,평택호주유소,S-OIL,경기 평택시,경기,평택시,경기 평택시 현덕면 서해로 471,1,0,1,031-684-0099
A0002973,성은주유소,GS칼텍스,경기 안성시,경기,안성시,경기 안성시 원곡면 천덕산로 545,0,0,0,031-655-6651
A0002974,(주)남안성I.C셀프주유소,SK에너지,경기 안성시,경기,안성시,경기 안성시 미양면 제2공단2길 100,1,0,0,031-677-2321
A0002982,형제주유소,SK에너지,경기 안성시,경기,안성시,경기 안성시 공도읍 덕봉서원로 100,0,0,0,031-652-5145
A0002985,더조은주유소,SK에너지,경기 안성시,경기,안성시,경기 안성시 공도읍 공도로 160,1,0,0,031-651-0052
A0002989,평택구도일㈜,S-OIL,경기 평택시,경기,평택시,경기 평택시 포승읍 서동대로 1179,1,0,0,031-682-5179
A0002990,㈜어연공단주유소,SK에너지,경기 평택시,경기,평택시,경기도 평택시 청북읍 청원로 390,1,0,1,031-686-5163
A0002996,평택석유직영 서안성주유소,HD현대오일뱅크,경기 안성시,경기,안성시,경기 안성시 원곡면 남북대로 1033,0,0,0,031-651-5149
A0002999,친환경주유소,SK에너지,경기 안성시,경기,안성시,경기 안성시 대덕면 만세로 43,0,0,0,031-677-7799
A0003011,도일주유소,S-OIL,경기 평택시,경기,평택시,경기 평택시 도일로 201 (도일동),1,0,0,031-611-5135
A0003015,주식회사 구도일,S-OIL,충북 음성군,충북,음성군,충북 음성군 음성읍 생음대로 564,1,0,1,043-872-1237
A0003017,동충주주유소,HD현대오일뱅크,충북 충주시,충북,충주시,충북 충주시 산척면 북부로 3008,0,0,0,043-856-4098
A0003023,현곡주유소,SK에너지,경기 평택시,경기,평택시,경기 평택시 청북읍 청원로 27,1,0,1,031-683-2563
A0003029,서경주유소,GS칼텍스,경기 평택시,경기,평택시,경기 평택시 팽성읍 사거리길 7,1,0,0,031-655-3900
A0003036,대흥주유소,GS칼텍스,경기 안성시,경기,안성시,경기 안성시 안성맞춤대로 1335 (금석동),0,0,0,031-677-8100
A0003047,우리주유소,HD현대오일뱅크,경기 안성시,경기,안성시,경기 안성시 서동대로 5082 (신소현동),0,0,0,031-675-6655
A0003050,관문주유소,SK에너지,경기 안성시,경기,안성시,경기 안성시 보개원삼로 146 (가사동),0,0,0,031-679-5151
A0003060,굿모닝주유소,S-OIL,경기 평택시,경기,평택시,경기 평택시 포승읍 서동대로 501,1,0,1,031-684-3610
A0003071,엘지로주유소,GS칼텍스,경기 평택시,경기,평택시,경기 평택시 진위면 엘지로 74,1,0,0,031-372-2268
A0003077,성신주유소,S-OIL,경기 안성시,경기,안성시,경기 안성시 대덕면 만세로 222,1,0,0,031-674-7729
A0003088,평택굿오일주유소,GS칼텍스,경기 평택시,경기,평택시,경기 평택시 경기대로 729 (지제동),1,0,0,031-657-5133
A0003091,청북셀프주유소,S-OIL,경기 평택시,경기,평택시,경기 평택시 청북면 서해로 1562,1,0,0,031-684-9333
A0003092,신광주유소,HD현대오일뱅크,충남 천안시,충남,천안시,충남 천안시 동남구 망향로 42,1,0,0,041-553-0407
A0003125,옥계주유소,HD현대오일뱅크,대전 중구,대전,중구,대전 중구 대종로 103,1,0,0,042-285-1297
A0003132,평택 한이에너지 주유소,SK에너지,경기 평택시,경기,평택시,경기 평택시 오성면 서동대로 2043,1,0,0,031-686-8785
A0003153,남부주유소,HD현대오일뱅크,경기 평택시,경기,평택시,경기 평택시 청북면청오로 396,0,0,0,031-681-9007
A0003161,CJ대한통운㈜ 광장주유소,S-OIL,경기 안성시,경기,안성시,경기 안성시 일죽면 서동대로 7184,1,0,1,031-674-5289
A0003162,우리주유소,SK에너지,경기 평택시,경기,평택시,경기 평택시 경기대로 772 (지제동),0,0,0,031-656-8275
A0003178,오평가득에너지,HD현대오일뱅크,경기 평택시,경기,평택시,경기 평택시 진위면 남부대로 597,0,0,1,0
A0003180,대성주유소,S-OIL,경기 평택시,경기,평택시,경기 평택시 서탄면 발안로 1192,0,0,0,031-374-9988
A0003183,대원주유소,S-OIL,경기 평택시,경기,평택시,경기 평택시  지산천로 90 (독곡동),0,0,0,031-611-3641
A0003184,흥인주유소,GS칼텍스,경기 안성시,경기,안성시,경기 안성시 대덕면 서동대로 4880,1,0,0,031-673-3080
A0003185,남양주유소,SK에너지,경기 평택시,경기,평택시,경기 평택시 포승읍 포승향남로 547,1,0,1,031-684-5671
A0003186,미리내주유소,HD현대오일뱅크,경기 안성시,경기,안성시,경기 안성시 양성면 양성로 684,1,0,0,031-674-9817
A0003198,삼성주유소,HD현대오일뱅크,경기 평택시,경기,평택시,경기 평택시 탄현로 344,0,0,0,031-663-9330
A0003200,뉴시티 팽성주유소,S-OIL,경기 평택시,경기,평택시,경기 평택시 팽성읍 안정로 90,0,0,0,031-691-0666
A0003203,HD현대오일뱅크㈜직영 영원현대주유소,HD현대오일뱅크,경기 평택시,경기,평택시,경기 평택시 서탄면 발안로 1102,0,0,1,031-668-0018
A0003204,태산(구.명도주유소),HD현대오일뱅크,경기 안성시,경기,안성시,경기 안성시 양성면 양성로 373,1,0,0,031-611-5339
A0003208,이화셀프주유소,알뜰주유소,경기 안성시,경기,안성시,경기 안성시 보개면 서동대로 5894,1,0,1,031-672-9997
A0003214,대성산업(주) 현대주유소,GS칼텍스,경기 평택시,경기,평택시,경기 평택시 서동대로 3929,1,0,1,031-654-0217
A0003216,와이에이치에너지,SK에너지,경기 평택시,경기,평택시,경기도 평택시 진위면 남부대로 538,0,0,1,031-665-0692
A0003224,만남주유소,S-OIL,경기 평택시,경기,평택시,경기 평택시 안중읍 서동대로 1456,1,0,0,031-683-0323
A0003232,운동장주유소,GS칼텍스,경기 안성시,경기,안성시,경기 안성시 보개면 양협길 4,1,0,0,031-677-5149
A0003233,믿음주유소,S-OIL,경기 평택시,경기,평택시,경기 평택시 고덕면 청원로 673,0,0,0,031-667-8866
A0003235,지에스칼텍스(주)직영 동방주유소,GS칼텍스,경기 평택시,경기,평택시,경기 평택시 경기대로 1624,1,0,1,031-663-8951
A0003240,㈜에스엠넷 직영 한강주유소,GS칼텍스,경기 안성시,경기,안성시,경기 안성시 죽산면 걸미로 169,0,0,0,031-674-2662
A0003244,일죽IC주유소,S-OIL,경기 안성시,경기,안성시,경기 안성시 일죽면 서동대로 7159,1,0,1,031-675-9950
A0003245,영차주유소,S-OIL,경기 평택시,경기,평택시,경기 평택시 오성면 청오로 253,0,0,0,031-683-5189
A0003247,항만주유소,SK에너지,경기 평택시,경기,평택시,경기 평택시 포승읍 서동대로 524,0,0,1,031-684-5145
A0003249,현대드림주유소,HD현대오일뱅크,경기 평택시,경기,평택시,경기 평택시 팽성읍 안정로 200,1,0,1,031-691-0888
A0003250,한빛주유소,GS칼텍스,경기 안성시,경기,안성시,경기 안성시 대덕면 만세로 381,0,0,0,031-671-7951
A0003256,(주)태현주유소,HD현대오일뱅크,경기 안성시,경기,안성시,경기도 안성시 대덕면 안성대로 1539,1,0,0,031-677-5144
A0003265,무한대주유소,GS칼텍스,경기 평택시,경기,평택시,경기 평택시 송탄로 301 (서정동),1,0,0,031-647-6555
A0003266,(주)태경평택공단주유소,S-OIL,경기 평택시,경기,평택시,경기 평택시 경기대로 616 (세교동),1,0,0,031-657-5146
A0003269,(주)원창경성주유소,S-OIL,경기 오산시,경기,오산시,경기 오산시 경기대로 69,1,0,0,031-376-3705
A0003277,세방주유소,GS칼텍스,경기 평택시,경기,평택시,경기 평택시 평택로163번길 7,1,0,1,031-652-6700
A0003285,HD현대오일뱅크㈜직영 서탄주유소,HD현대오일뱅크,경기 평택시,경기,평택시,경기 평택시 서탄면 발안로 1177,0,0,1,031-375-5145
A0003286,㈜안일석유,SK에너지,경기 안성시,경기,안성시,경기 안성시 안성맞춤대로 1250 (당왕동),1,0,0,031-674-2700
A0003290,삼미상사(주) 서안성셀프주유소,SK에너지,경기 안성시,경기,안성시,경기 안성시 원곡면 남북대로 1106,1,0,1,031-652-5210
A0003295,(주)필앤유오케이주유소,SK에너지,경기 안성시,경기,안성시,경기 안성시 안성맞춤대로 822 (계동),0,0,0,031-677-6527
A0003298,(주)파인코리아직영대명주유소,HD현대오일뱅크,경기 안성시,경기,안성시,경기 안성시 공도읍 서동대로 4298,1,0,0,031-651-4977
A0003299,원탑주유소,HD현대오일뱅크,경기 안성시,경기,안성시,경기 안성시 양성면 남북대로 2038,0,0,0,031-677-3981
A0003301,평택농협주유소,NH-OIL,경기 평택시,경기,평택시,경기 평택시 만세로 1649,0,1,1,031-653-9805
A0003302,삼죽농협주유소,NH-OIL,경기 안성시,경기,안성시,경기 안성시 삼죽면 삼백로 9,0,0,1,031-677-4776
A0003303,미양농협주유소,NH-OIL,경기 안성시,경기,안성시,경기 안성시 미양면 미양로 62,0,0,1,031-674-8774
A0003304,금광농협주유소,NH-OIL,경기 안성시,경기,안성시,경기 안성시 금광면 진안로 1087,1,0,1,031-672-3910
A0003307,금광농협개산주유소,NH-OIL,경기 안성시,경기,안성시,경기 안성시 금광면 외개산길 55,1,0,1,031-674-3773
A0003309,일죽농협주유소,NH-OIL,경기 안성시,경기,안성시,경기 안성시 일죽면 금일로 298,0,0,1,031-672-0464
A0003310,죽산농협주유소,GS칼텍스,경기 안성시,경기,안성시,경기 안성시 죽산면 죽주로 159,0,0,1,031-675-9448
A0003311,안중농협 청북주유소,NH-OIL,경기 평택시,경기,평택시,경기 평택시 청북읍 신포길 41,1,0,1,031-683-5006
A0003312,보개농협주유소,S-OIL,경기 안성시,경기,안성시,경기 안성시 보개면 보개원삼로 289,0,0,1,031-676-0772
A0003314,한국도로공사 안성(부산방향)주유소/충전소,알뜰(ex),경기 안성시,경기,안성시,경기 안성시 원곡면 경부고속도로 365,1,1,1,031-651-5385
A0003321,현대오일뱅크(주)직영 송화주유소,HD현대오일뱅크,경기 평택시,경기,평택시,경기 평택시 팽성읍 팽성송화로 49,0,0,1,031-691-0655
A0003325,㈜은십자직영 현화주유소,HD현대오일뱅크,경기 평택시,경기,평택시,경기 평택시 안중읍 서해로 1256,0,0,1,031-681-0531
A0003327,㈜선문에너지 안성TG셀프주유소,HD현대오일뱅크,경기 안성시,경기,안성시,경기 안성시 공도읍 서동대로 3986,1,0,0,031-653-6051
A0003328,(주)늘바른주유소,HD현대오일뱅크,경기 평택시,경기,평택시,경기 평택시 오성면 서동대로 2067,1,0,1,031-681-8058
A0003330,HD현대오일뱅크㈜직영 송탄제일셀프주유소,HD현대오일뱅크,경기 평택시,경기,평택시,경기 평택시 송탄로 81 (장당동),1,0,1,031-665-4253
A0003335,정원셀프주유소,HD현대오일뱅크,경기 평택시,경기,평택시,경기 평택시 청원로 1640 (도일동),1,0,0,031-667-3332
A0003336,동양산업(주)해안주유소,GS칼텍스,경기 평택시,경기,평택시,경기 평택시 포승읍 서동대로 376,1,0,1,031-682-5189
A0003338,KH에너지㈜직영 평택항주유소,SK에너지,경기 평택시,경기,평택시,경기 평택시 포승읍 포승공단로 240,0,0,1,031-681-5730
A0003339,㈜삼표에너지 신성주유소,GS칼텍스,경기 평택시,경기,평택시,경기 평택시 고덕면 서동대로 2796,1,0,1,031-664-5115
A0003340,안일주유소,GS칼텍스,경기 평택시,경기,평택시,경기 평택시 안중읍 서동대로 1736,1,0,1,031-681-9417
A0003342,라인45주유소,SK에너지,경기 평택시,경기,평택시,경기 평택시 팽성읍 팽성로 230,1,0,1,031-651-5182
A0003357,한길주유소 안성점 한솔유화㈜,HD현대오일뱅크,경기 안성시,경기,안성시,경기 안성시 대덕면 서동대로 5049,1,0,1,031-677-4872
A0003359,선인에너지㈜ 선인주유소,S-OIL,경기 안성시,경기,안성시,경기 안성시 대덕면 안성대로 1532,1,0,0,031-675-9639
A0003367,서안성주유소,S-OIL,경기 안성시,경기,안성시,경기 안성시 보개면 서동대로 5623,1,0,0,031-673-6543
A0003375,(주)복연주유소,GS칼텍스,경기 평택시,경기,평택시,경기 평택시 남북대로 910 (청룡동),1,0,1,031-691-7150
A0003382,대성산업(주)평택주유소,GS칼텍스,경기 평택시,경기,평택시,경기 평택시 경기대로 1232,1,0,1,031-611-5130
A0003386,㈜두한 동안성주유소,S-OIL,경기 안성시,경기,안성시,경기 안성시 삼죽면 서동대로 6034,1,0,0,031-676-2815
A0003396,(주)국영에너지 하나주유소,HD현대오일뱅크,충북 청주시,충북,청주시,충북 청주시 흥덕구 직지대로 584,1,0,0,043-277-5189
A0003398,HD현대오일뱅크㈜직영 송탄현대셀프주유소,HD현대오일뱅크,경기 평택시,경기,평택시,경기 평택시 청원로 1626,1,0,1,031-668-5189
A0003399,대보유통(주) 안성(서울)주유소/충전소,알뜰(ex),경기 안성시,경기,안성시,경기 안성시 경부고속도로 372-1,1,1,1,031-664-4096
A0003401,이글스주유소,HD현대오일뱅크,경기 평택시,경기,평택시,경기 평택시 경기대로 1577,1,0,0,031-663-5186
A0003403,성원이앤에스(주)안성지점,GS칼텍스,경기 안성시,경기,안성시,경기 안성시 대덕면 안성대로 1284,0,0,0,031-671-6789
A0003404,SK에너지(주) 삼성주유소,SK에너지,경기 평택시,경기,평택시,경기 평택시 청북면 청원로 158,0,0,1,031-683-8206
A0003407,현대오일뱅크㈜직영 비전현대Self주유소,HD현대오일뱅크,경기 평택시,경기,평택시,경기 평택시 경기대로 572 (세교동),1,0,1,031-651-5188
A0003408,고덕IC주유소,S-OIL,경기 평택시,경기,평택시,경기 평택시 고덕면 서동대로 2633,1,0,1,031-668-8277
A0003410,두바이주유소,S-OIL,경기 평택시,경기,평택시,경기 평택시 포승읍 서동대로 713,1,0,1,031-684-1500
A0003411,산운에너지,HD현대오일뱅크,경기 평택시,경기,평택시,경기 평택시 청원로 1466 (가재동),0,0,0,031-664-6255
A0003412,㈜소모 칠곡주유소,GS칼텍스,경기 안성시,경기,안성시,경기 안성시 원곡면 남북대로 1201-4,1,0,1,031-618-1325
A0003413,(주)소모 송탄주유소,GS칼텍스,경기 평택시,경기,평택시,경기 평택시  삼남로 445 (장안동),0,0,1,031-667-5189
A0003415,안성가득주유소,GS칼텍스,경기 안성시,경기,안성시,경기 안성시 보개원삼로 48,1,0,1,031-671-2407
A0003416,대광피플즈(달구지주유소),S-OIL,경기 평택시,경기,평택시,경기 평택시 진위면 남부대로 613,1,0,1,031-668-8065
A0003417,서안성IC주유소,S-OIL,경기 안성시,경기,안성시,경기 안성시 양성면 남북대로 1916,1,0,1,031-673-3301
A0003418,경원주유소,S-OIL,경기 평택시,경기,평택시,경기 평택시 경기대로 1602,1,0,0,031-668-5185
A0003419,희망가득주유소,HD현대오일뱅크,경기 안성시,경기,안성시,경기 안성시 삼죽면 서동대로 6102,1,0,0,031-677-5133
A0003421,삼보주유소,GS칼텍스,경기 안성시,경기,안성시,경기 안성시 일죽면 죽양대로 505,0,0,0,031-671-5185
A0003422,HD현대오일뱅크㈜직영 세교현대Self주유소,HD현대오일뱅크,경기 평택시,경기,평택시,경기 평택시 경기대로 542,1,0,1,031-618-5184
A0003423,명품주유소,S-OIL,경기 안성시,경기,안성시,경기 안성시 대덕면 안성맞춤대로 1523,1,0,0,031-677-5145
A0003424,(주)우진에너지주유소/충전소,SK에너지,경기 안성시,경기,안성시,경기 안성시 안성맞춤대로 621,1,0,0,031-677-1271
A0003429,㈜봉남주유소,HD현대오일뱅크,경기 평택시,경기,평택시,경기 평택시 진위면 봉남길 10,0,0,0,031-611-9981
A0003432,(주)경기에너지,알뜰주유소,경기 안성시,경기,안성시,경기 안성시 안성맞춤대로 862,1,1,1,031-673-0021
A0003434,영화에너지(주)직영 칠칠주유소,HD현대오일뱅크,경기 평택시,경기,평택시,경기 평택시 팽성읍 부용로 118,0,0,1,031-691-6667
A0003436,평택물류주유소,S-OIL,경기 평택시,경기,평택시,경기 평택시 도일유통길 38-4 (도일동),0,0,0,031-611-3744
A0003443,이천고속주유소,S-OIL,경기 이천시,경기,이천시,경기 이천시 경충대로 2940 (사음동),1,0,0,031-635-2417
A0003444,삼원주유소,GS칼텍스,경기 광주시,경기,광주시,경기 광주시 오포읍 포은대로 429,1,0,0,031-766-5992
A0003448,수경주유소,S-OIL,경기 이천시,경기,이천시,경기 이천시 이섭대천로 1324,1,0,1,031-633-5145
A0003452,형제주유소,GS칼텍스,경기 광주시,경기,광주시,경기 광주시 순암로 120 (장지동),0,0,0,031-768-5189
A0003453,셀프광장주유소,S-OIL,경기 하남시,경기,하남시,경기 하남시 창우로 56 (창우동),1,0,0,031-795-2001
A0003460,성동주유소,GS칼텍스,경기 광주시,경기,광주시,경기 광주시 이배재로 506 (목현동),1,0,0,031-768-5143
A0003461,신한국주유소,GS칼텍스,경기 하남시,경기,하남시,경기 하남시 동남로 516 (감북동),1,0,0,02-486-1066
A0003465,큰나무주유소,HD현대오일뱅크,경기 광주시,경기,광주시,경기 광주시 이배재로 140 (회덕동),1,0,0,031-765-3100
A0003468,약수터주유소,S-OIL,경기 하남시,경기,하남시,경기 하남시 하남대로 63 (상산곡동),1,0,1,031-793-1355
A0003469,기름나라주유소,SK에너지,경기 광주시,경기,광주시,경기 광주시 회안대로 608 (장지동),1,0,1,031-765-6051
A0003475,진암주유소,SK에너지,경기 이천시,경기,이천시,경기 이천시 장호원읍 서동대로 8777,0,0,0,031-642-3651
A0003476,선읍주유소,SK에너지,경기 이천시,경기,이천시,경기 이천시 장호원읍 경충대로 399,0,0,0,031-641-8851
A0003477,온천주유소,GS칼텍스,충남 예산군,충남,예산군,충남 예산군 덕산면 덕산온천로 313,1,0,0,041-338-0051
A0003479,오륜주유소,GS칼텍스,경기 하남시,경기,하남시,경기 하남시 동남로 376 (감일동),0,0,0,02-402-6005
A0003480,㈜이아이디 서하남고속주유소 지점,SK에너지,경기 하남시,경기,하남시,경기 하남시 서하남로 77,1,0,0,070-8836-1034
A0003483,성신주유소,SK에너지,경기 여주시,경기,여주시,경기 여주시 가남읍 경충대로 1394,1,0,0,031-883-7799
A0003485,(주)유공 모전주유소,SK에너지,경기 이천시,경기,이천시,경기 이천시 백사면 이여로 121,0,0,0,031-638-5151
A0003486,마국주유소,SK에너지,경기 이천시,경기,이천시,경기 이천시 모가면 사실로 724,0,0,0,031-636-0841
A0003487,대월주유소,SK에너지,경기 이천시,경기,이천시,경기 이천시 대월면 대월로 673,0,0,0,031-634-6065
A0003492,21세기주유소,GS칼텍스,경기 이천시,경기,이천시,경기 이천시 부발읍 경충대로 1896,1,0,1,031-631-5151
A0003493,가산주유소,HD현대오일뱅크,경기 여주시,경기,여주시,경기 여주시 대신면 여양로 921,1,0,0,031-881-5355
A0003503,중부주유소,HD현대오일뱅크,경기 하남시,경기,하남시,경기 하남시 하남대로 557,0,0,1,031-796-2552
A0003507,영릉주유소,S-OIL,경기 여주시,경기,여주시,경기 여주시 능서면 중부대로 2710-16,0,0,0,031-886-5189
A0003509,밀목주유소,GS칼텍스,경기 광주시,경기,광주시,경기 광주시 회안대로 968 (송정동),1,0,1,031-765-1248
A0003511,새천년주유소,GS칼텍스,경기 이천시,경기,이천시,경기 이천시 마장면 중부대로533번길 28,0,0,0,031-637-3017
A0003512,삼강주유소,HD현대오일뱅크,경기 여주시,경기,여주시,경기 여주시 흥천면 흥천로 1,1,0,0,031-881-5144
A0003514,월선주유소,GS칼텍스,충남 아산시,충남,아산시,충남 아산시 영인면 월선길 82,1,0,0,041-541-1162
A0003520,㈜자연에너지 리플주유소,HD현대오일뱅크,인천 계양구,인천,계양구,인천 계양구 아나지로 553,1,0,1,032-552-3498
A0003525,백제주유소,HD현대오일뱅크,경기 하남시,경기,하남시,경기 하남시 미사대로 246,0,0,0,031-791-0500
A0003527,경수주유소,SK에너지,경기 여주시,경기,여주시,경기 여주시 점동면 장여로 653,0,0,0,031-884-0266
A0003529,남북대로주유소,HD현대오일뱅크,경기 안성시,경기,안성시,경기 안성시 양성면 남북대로 2035,1,0,0,031-677-8684
A0003534,수목원주유소,GS칼텍스,경기 포천시,경기,포천시,경기 포천시 소흘읍 광릉수목원로 554 (소흘읍),1,0,0,031-544-0824
A0003540,터미널주유소,S-OIL,경기 여주시,경기,여주시,경기 여주시 세종로 129,1,0,0,031-883-5145
A0003555,동서울주유소,S-OIL,경기 여주시,경기,여주시,경기도 여주시 점동면 장여로 871,0,0,0,031-883-3220
A0003556,여주주유소,HD현대오일뱅크,경기 여주시,경기,여주시,경기도 여주시  주내로 62,0,0,0,031-885-6006
A0003558,흥천주유소,HD현대오일뱅크,경기 여주시,경기,여주시,경기 여주시 흥천면 효자로 87,0,0,0,031-882-0335
A0003559,상하이주유소,SK에너지,경기 광주시,경기,광주시,경기 광주시 오포읍 회안대로 80,1,0,0,031-766-0082
A0003562,CJ대한통운㈜ 남한강주유소,S-OIL,경기 여주시,경기,여주시,경기 여주시 세종로 432,0,0,1,031-883-6600
A0003563,서하남아이씨주유소,SK에너지,경기 하남시,경기,하남시,경기 하남시 서하남로 28,1,0,0,02-485-5152
A0003564,삼우에너지,SK에너지,경기 남양주시,경기,남양주시,경기 남양주시 사릉로 56,1,0,0,031-000-0000
A0003578,내산주유소,GS칼텍스,경기 여주시,경기,여주시,경기 여주시 대신면 여양로 1678,0,0,0,031-884-2783
A0003579,시민석화주유소,GS칼텍스,경기 여주시,경기,여주시,경기 여주시 흥천면 이여로 742,0,0,0,031-633-5852
A0003582,강천주유소,GS칼텍스,경기 여주시,경기,여주시,경기 여주시 강천면 강문로 460,0,0,0,031-884-5181
A0003584,SK우리주유소,SK에너지,경기 광주시,경기,광주시,경기 광주시 경충대로 1454 (쌍령동),0,0,0,031-763-5183
A0003585,경원주유소,SK에너지,경기 광주시,경기,광주시,경기 광주시 도척면 마도로 66,1,0,1,031-761-0551
A0003586,한라주유소,알뜰주유소,경기 광주시,경기,광주시,경기 광주시 포은대로 655 (장지동),1,0,0,031-762-0070
A0003587,장미주유소,S-OIL,경기 광주시,경기,광주시,경기 광주시 경충대로 1920 (장지동),1,0,0,031-761-2549
A0003588,오천주유소,SK에너지,경기 이천시,경기,이천시,경기 이천시 마장면 서이천로 224,1,0,0,031-632-6667
A0003589,평래주유소,SK에너지,경기 광주시,경기,광주시,경기 광주시 곤지암읍 광여로 712,0,0,0,031-763-6000
A0003590,곤지암주유소 롤링스톤㈜,HD현대오일뱅크,경기 광주시,경기,광주시,경기 광주시 곤지암읍 경충대로 567,1,0,0,070-7707-3250
A0003593,한신주유소,SK에너지,경기 광주시,경기,광주시,경기 광주시 오포읍 신현로 90,1,0,0,031-718-5151
A0003601,(주)세종하이닉스 세종주유소,HD현대오일뱅크,경기 이천시,경기,이천시,경기도 이천시 백사면 이여로 481,0,0,0,031-631-2946
A0003603,고담주유소,알뜰주유소,경기 이천시,경기,이천시,경기 이천시 진상미로 2168 (고담동),1,0,1,031-634-5185
A0003604,(주)썬라이즈오일 해뜨는광주,SK에너지,경기 광주시,경기,광주시,경기 광주시 순암로 215 (중대동),1,0,1,031-798-1126
A0003611,제일주유소,HD현대오일뱅크,경기 여주시,경기,여주시,경기 여주시 여흥로 157-1,1,0,0,031-885-3604
A0003616,㈜선경오일,S-OIL,경기 광주시,경기,광주시,경기 광주시 곤지암읍 경충대로 426,1,0,1,031-766-8339
A0003617,이평에너지,HD현대오일뱅크,경기 이천시,경기,이천시,경기 이천시 마장면 덕평로 760,0,0,0,031-638-8474
A0003621,청정하남주유소,HD현대오일뱅크,경기 하남시,경기,하남시,경기 하남시 하남대로 236,1,0,1,031-793-4088
A0003622,굿모닝주유소,HD현대오일뱅크,경기 이천시,경기,이천시,경기 이천시 모가면 진상미로 1586,0,0,0,031-631-5185
A0003623,블루랜드주유소,HD현대오일뱅크,경기 용인시,경기,용인시,경기 용인시 처인구 포곡읍 마성로 375,1,0,0,031-336-5199
A0003624,뛰뛰빵빵주유소,GS칼텍스,경기 이천시,경기,이천시,경기 이천시 호법면 이섭대천로 866,1,0,0,031-636-0044
A0003626,명호주유소,GS칼텍스,경기 이천시,경기,이천시,경기 이천시 부발읍 중부대로 1744,1,0,0,031-636-5175
A0003627,두월self주유소,SK에너지,경기 광주시,경기,광주시,경기 광주시 초월읍 산수로 378,1,0,0,031-769-5151
A0003633,해동주유소,SK에너지,경기 이천시,경기,이천시,경기 이천시 이섭대천로 1366,0,0,0,031-632-0002
A0003634,삼성주유소,S-OIL,경기 이천시,경기,이천시,경기 이천시 율면 일생로 851,1,0,0,031-643-1159
A0003635,지에스칼텍스㈜ 설악IC주유소,GS칼텍스,경기 가평군,경기,가평군,경기 가평군 설악면 유명로 1619,1,0,1,031-585-5129
A0003637,㈜홈런주유소,S-OIL,경기 광주시,경기,광주시,경기 광주시 오포읍 포은대로 38,1,0,0,031-767-5907
A0003638,동운주유소,HD현대오일뱅크,경기 하남시,경기,하남시,경기 하남시 조정대로 116,1,0,0,031-794-5189
A0003640,(유)풍산주유소,HD현대오일뱅크,경기 하남시,경기,하남시,경기 하남시 하남대로 956 (풍산동),1,0,0,031-795-2100
A0003641,대림주유소,S-OIL,경기 이천시,경기,이천시,경기 이천시 장호원읍 장여로 361,0,0,1,031-642-9977
A0003642,선광주유소,SK에너지,경기 광주시,경기,광주시,경기 광주시 경충대로 1962 (중대동),1,0,0,031-763-2000
A0003655,중앙셀프주유소,HD현대오일뱅크,경기 광주시,경기,광주시,경기 광주시 오포읍 오포로 342,1,0,0,031-766-5925
A0003657,남강주유소,S-OIL,경기 여주시,경기,여주시,경기 여주시 가남읍 경충대로 1040,1,0,0,031-884-5153
A0003659,㈜솔밭주유소,SK에너지,경기 수원시,경기,수원시,경기 수원시 장안구 장안로 357,0,0,0,031-254-7027
A0003661,지평주유소,HD현대오일뱅크,경기 양평군,경기,양평군,경기 양평군 지평면 지평로 239,1,0,0,031-772-3076
A0003673,명품셀프주유소,HD현대오일뱅크,경기 광주시,경기,광주시,경기 광주시 곤지암읍 광여로 190,1,0,1,031-769-0088
A0003674,금강웰빙주유소,SK에너지,경기 여주시,경기,여주시,경기 여주시 가남읍 경충대로 1219,0,0,0,031-882-4002
A0003676,신하주유소,GS칼텍스,경기 이천시,경기,이천시,경기 이천시 부발읍 경충대로 2182,1,0,0,031-636-8051
A0003680,곤지암스타주유소,GS칼텍스,경기 광주시,경기,광주시,경기 광주시 곤지암읍 경충대로 698,1,0,1,031-764-0202
A0003691,세경주유소,HD현대오일뱅크,경기 여주시,경기,여주시,경기 여주시 가남읍 경충대로 1130,0,0,0,031-882-2428
A0003698,초월주유소,SK에너지,경기 광주시,경기,광주시,경기 광주시 초월읍 경충대로 882,1,0,0,031-762-4544
A0003699,(주)조은에너지 예솔주유소,HD현대오일뱅크,경기 여주시,경기,여주시,경기 여주시 대신면 여양1로 104,0,0,0,031-882-6200
A0003710,코리아주유소,HD현대오일뱅크,경기 이천시,경기,이천시,경기 이천시 진상미로 1726 (대포동),0,0,0,031-634-0111
A0003712,지에스칼텍스㈜ 황산주유소,GS칼텍스,경기 하남시,경기,하남시,경기 하남시 조정대로 89,1,0,1,031-796-5149
A0003714,황제주유소,SK에너지,경기 이천시,경기,이천시,경기 이천시 부발읍 경충대로 2064,0,0,0,031-637-2723
A0003715,태평주유소,SK에너지,경기 여주시,경기,여주시,경기 여주시 가남읍 경충대로 1350,0,0,0,031-882-2711
A0003721,(주)썬라이즈오일 서여주IC 주유소,SK에너지,경기 여주시,경기,여주시,경기 여주시 능서면 중부대로 2657,1,0,1,031-881-5052
A0003729,번도리주유소,HD현대오일뱅크,경기 여주시,경기,여주시,경기 여주시 능서면 중부대로 2545-6,0,0,0,031-884-4568
A0003736,신창주유소,GS칼텍스,경기 광주시,경기,광주시,경기 광주시 고불로 164,0,0,0,031-767-5197
A0003741,서울석유(주) 구산주유소,SK에너지,경기 하남시,경기,하남시,경기 하남시 미사대로 316 (망월동),1,0,1,031-792-0902
A0003743,(주)금강에너지,SK에너지,경기 광주시,경기,광주시,경기 광주시 곤지암읍 경충대로 487,1,0,0,031-769-9090
A0003748,서하남배다리주유소,HD현대오일뱅크,경기 하남시,경기,하남시,경기 하남시 서하남로 58(감북동),0,0,1,02-473-1001
A0003754,코리아주유소,GS칼텍스,경기 여주시,경기,여주시,경기 여주시 대신면 여양로 2012,1,0,1,031-886-9390
A0003763,한길설성주유소,SK에너지,경기 이천시,경기,이천시,경기 이천시 설성면 진상미로 644,0,0,0,031-641-9981
A0003765,대학주유소,S-OIL,경기 여주시,경기,여주시,경기 여주시  세종로 270,0,0,0,031-884-3355
A0003769,운정드림주유소/충전소,S-OIL,경기 파주시,경기,파주시,경기 파주시 파주로 721,1,0,0,031-947-5188
A0003778,대광주유소,SK에너지,경기 광주시,경기,광주시,경기 광주시 오포읍 오포로 660,0,0,0,031-766-4992
A0003784,오산주유소,S-OIL,경기 여주시,경기,여주시,경기 여주시 가남읍 양화로 150,0,0,0,031-882-2989
A0003786,남여주주유소,GS칼텍스,경기 여주시,경기,여주시,경기 여주시 웅골로 186,0,0,0,031-886-5151
A0003787,백안주유소,HD현대오일뱅크,경기 양평군,경기,양평군,경기 양평군 양평읍 중앙로 259,0,0,0,031-772-5700
A0003794,경일주유소,SK에너지,경기 광주시,경기,광주시,경기 광주시 곤지암읍 광여로 525,1,0,0,031-769-5181
A0003797,금강주유소,HD현대오일뱅크,경기 이천시,경기,이천시,경기 이천시 진상미로 1752,1,0,1,031-634-0551
A0003799,탑선주유소,알뜰주유소,경기 광주시,경기,광주시,경기 광주시 퇴촌면 정영로 518,0,0,1,031-767-0062
A0003804,광암에너지주유소,HD현대오일뱅크,경기 하남시,경기,하남시,경기 하남시 초광로 75,0,0,1,02-475-5188
A0003805,구도일서하남주유소,S-OIL,경기 하남시,경기,하남시,경기 하남시 서하남로 29,1,0,1,02-470-2606
A0003807,백두한라주유소,SK에너지,경기 여주시,경기,여주시,경기 여주시 대신면 여양로 1233,1,0,0,031-882-8822
A0003812,신태양주유소,GS칼텍스,경기 여주시,경기,여주시,경기 여주시 흥천면 흥천로 634,0,0,1,031-883-9199
A0003833,SK대동주유소,SK에너지,경기 이천시,경기,이천시,경기 이천시 갈산로 39,1,0,0,031-635-2164
A0003845,가남주유소,HD현대오일뱅크,경기 여주시,경기,여주시,경기 여주시 가남읍 여주남로 627,0,0,1,031-883-1942
A0003848,서진주유소,SK에너지,경기 이천시,경기,이천시,경기 이천시 황무로 745 (송정동),1,0,0,031-631-5525
A0003856,산북바다주유소,SK에너지,경기 여주시,경기,여주시,경기 여주시 산북면 광여로 1101,0,0,0,031-883-3177
A0003857,우리주유소,S-OIL,경기 이천시,경기,이천시,경기 이천시 신둔면 경충대로 3282,0,0,0,031-632-6369
A0003858,(주)두바이 곤지암리조트,GS칼텍스,경기 광주시,경기,광주시,경기 광주시 도척면 도척윗로 263,1,0,0,031-767-7751
A0003868,제일주유소,S-OIL,경기 광주시,경기,광주시,경기 광주시 오포읍 오포로 527,0,0,0,031-765-9691
A0003882,HD현대오일뱅크㈜직영 서이천주유소,HD현대오일뱅크,경기 이천시,경기,이천시,경기 이천시 신둔면 서이천로 811,0,0,1,031-638-5144
A0003889,세계로주유소,SK에너지,경기 이천시,경기,이천시,경기 이천시 부발읍 경충대로 2165,0,0,0,031-635-5189
A0003898,덕풍주유소,S-OIL,경기 하남시,경기,하남시,경기 하남시 하남대로 829,1,0,1,031-792-5711
A0003901,덕평알뜰주유소,알뜰주유소,경기 여주시,경기,여주시,경기 여주시 점동면 장여로 931,1,0,1,031-882-7338
A0003902,하나K주유소,SK에너지,경기 이천시,경기,이천시,경기 이천시 진상미로 2355 (장록동),1,0,1,031-634-5500
A0003911,서민주유소,SK에너지,경기 광주시,경기,광주시,경기 광주시 회안대로 993 (송정동),1,0,0,031-798-0391
A0003912,돌고래주유소,S-OIL,경기 광주시,경기,광주시,경기 광주시 회안대로 739 (탄벌동),1,0,0,031-767-6633
A0003915,청기와주유소,S-OIL,경기 여주시,경기,여주시,경기 여주시 여주남로 48,0,0,0,031-882-7171
A0003918,송정주유소,S-OIL,경기 이천시,경기,이천시,경기 이천시 증신로 302 (송정동),1,0,1,031-636-5182
A0003922,우진주유소,SK에너지,경기 여주시,경기,여주시,경기 여주시 신륵로 200 (오학동),0,0,0,031-885-5858
A0003943,이포주유소,S-OIL,경기 여주시,경기,여주시,경기 여주시 금사면 이포로 3,0,0,0,031-883-8183
A0003944,오학주유소,HD현대오일뱅크,경기 여주시,경기,여주시,경기도 여주시  여양로 349,0,0,0,031-885-5149
A0003947,㈜오일파워,S-OIL,경기 광주시,경기,광주시,경기 광주시 곤지암읍 광여로 233,0,0,0,031-767-1218
A0003948,㈜낙원 백사점,S-OIL,경기 이천시,경기,이천시,경기 이천시 백사면 이여로 388,1,0,0,031-633-1711
A0003951,대림주유소,알뜰주유소,경기 여주시,경기,여주시,경기 여주시 금사면 금품1로 436,1,0,1,031-885-5151
A0003952,뉴이천주유소,GS칼텍스,경기 이천시,경기,이천시,경기 이천시 황무로 715 (사음동),0,0,0,031-633-7282
A0003955,영동주유소,SK에너지,경기 광주시,경기,광주시,경기 광주시 퇴촌면 정영로 894,1,0,0,031-798-5153
A0003958,양귀리주유소,SK에너지,경기 여주시,경기,여주시,경기 여주시 가남읍 가남로 369,0,0,0,031-882-0041
A0003969,(주)현에너지 세준주유소,S-OIL,경기 광주시,경기,광주시,경기 광주시 곤지암읍 경충대로 522,1,0,1,031-797-5151
A0003979,㈜싸이먼 주유소(이천),S-OIL,경기 이천시,경기,이천시,경기 이천시 진상미로 1848,1,0,0,031-632-3223
A0003981,광주주유소,SK에너지,경기 광주시,경기,광주시,경기 광주시 회안대로 1021,1,0,0,031-764-1448
A0003982,상상초월주유소 ㈜뉴페이스,S-OIL,경기 광주시,경기,광주시,경기 광주시 초월읍 경충대로 1329,1,0,0,031-766-4777
A0003983,산업로 주유소,GS칼텍스,경기 광주시,경기,광주시,경기 광주시 경충대로 1763 (역동),1,0,0,031-762-5149
A0003986,(주)GS파트너주유소,GS칼텍스,경기 이천시,경기,이천시,경기 이천시 호법면 중부대로 908-3,1,0,0,031-635-5155
A0003987,신해주유소,HD현대오일뱅크,경기 여주시,경기,여주시,경기도 여주시 가남읍 경충대로 1490,1,0,0,031-882-5133
A0003988,㈜낙원주유소,S-OIL,경기 여주시,경기,여주시,경기 여주시 가남읍 경충대로 1477,1,0,0,031-885-9794
A0003989,이케이에너지(주) 신원주유소,HD현대오일뱅크,경기 이천시,경기,이천시,경기 이천시 부발읍 중부대로 1921,1,0,1,031-635-3211
A0003990,승승장구주유소,S-OIL,경기 이천시,경기,이천시,경기 이천시 마장면 서이천로 683,0,0,0,031-635-5144
A0003991,정품주유소,S-OIL,경기 양평군,경기,양평군,경기 양평군 용문면 경강로 3286,1,0,0,031-773-5189
A0003992,쉼터주유소,S-OIL,경기 이천시,경기,이천시,경기 이천시 부발읍 경충대로 1821,1,0,1,031-634-0997
A0003997,광탄주유소,HD현대오일뱅크,경기 양평군,경기,양평군,경기 양평군 용문면 용문로 794,1,0,0,031-772-4514
A0003998,마장주유소,HD현대오일뱅크,경기 이천시,경기,이천시,경기 이천시 마장면 중부대로 685,1,0,0,031-632-5156
A0003999,점동농협셀프주유소,NH-OIL,경기 여주시,경기,여주시,경기 여주시 청안로 180,1,0,1,031-883-5189
A0004000,삼교주유소,S-OIL,경기 여주시,경기,여주시,경기 여주시 장여로 1596,0,0,0,031-883-5185
A0004001,CJ대한통운㈜ 톨게이트주유소,GS칼텍스,경기 여주시,경기,여주시,경기 여주시 세종로 503 (점봉동),0,0,1,031-881-5113
A0004004,이천강가주유소/충전소,알뜰주유소,경기 이천시,경기,이천시,경기 이천시 부발읍 중부대로 1782,1,1,1,031-635-5185
A0004006,㈜케이알산업 인삼랜드(하남)주유소/충전소,알뜰(ex),충남 금산군,충남,금산군,충남 금산군 군북면 대암길 34-30,1,1,1,041-754-5180
A0004007,한국도로공사 홍성(서울)주유소/충전소,알뜰(ex),충남 홍성군,충남,홍성군,충남 홍성군 은하면 서해안고속도로 220,1,1,1,041-642-1178
A0004008,한국도로공사 홍성(목포)주유소/충전소,알뜰(ex),충남 홍성군,충남,홍성군,충남 홍성군 은하면 서해안고속도로 221,1,1,1,041-642-1145
A0004009,㈜케이알산업 입장(상)주유소/충전소,알뜰(ex),충남 천안시,충남,천안시,충남 천안시 서북구 입장면 연곡길 407,1,1,1,041-588-2184
A0004010,(주)썬엘 청주(서울)주유소,알뜰(ex),충북 청주시,충북,청주시,충북 청주시 흥덕구 옥산면 경부고속도로 318,1,1,1,043-231-8833
A0004011,씨앤에스에너지(주) 경주(부산)주유소/충전소,알뜰(ex),경북 경주시,경북,경주시,경북 경주시 내남면 경부고속도로 59-1,1,1,1,054-748-3427
A0004016,(주)보성셀프주유소,알뜰주유소,경기 남양주시,경기,남양주시,경기 남양주시 진접읍 금강로 1291,1,0,1,031-571-4011
A0004017,이천월드주유소,GS칼텍스,경기 이천시,경기,이천시,경기 이천시 경충대로 2731 (관고동),1,0,0,031-634-8484
A0004020,(주)영화에너지,HD현대오일뱅크,경기 이천시,경기,이천시,경기 이천시 대월면 경충대로 1597,1,0,0,031-632-5182
A0004021,(주)보문석유주유소,SK에너지,경기 여주시,경기,여주시,경기 여주시 여양로 208(천송동),1,0,0,031-885-2560
A0004022,(주)대기주유소,GS칼텍스,경기 광주시,경기,광주시,경기 광주시 초월읍 경충대로 898,1,0,0,031-762-4543
A0004026,(주)오일플라자,S-OIL,경기 광주시,경기,광주시,경기 광주시 오포읍 양벌로 84,1,0,0,031-762-1263
A0004033,호법농협주유소,NH-OIL,경기 이천시,경기,이천시,경기 이천시 호법면 이섭대천로 531,0,0,1,031-634-2176
A0004034,모가농협주유소,NH-OIL,경기 이천시,경기,이천시,경기 이천시 모가면 진상미로 1187,0,0,1,031-633-4984
A0004035,율면농협주유소,NH-OIL,경기 이천시,경기,이천시,경기 이천시 율면 고당로 96,0,0,1,031-641-9338
A0004036,마장농협주유소,NH-OIL,경기 이천시,경기,이천시,경기 이천시 마장면 덕평로 1072,0,0,1,031-634-8570
A0004038,도척농협주유소,NH-OIL,경기 광주시,경기,광주시,경기 광주시 도척면 노곡로 6,1,0,1,031-761-7928
A0004039,퇴촌농협주유소,NH-OIL,경기 광주시,경기,광주시,경기 광주시 퇴촌면 광동로 65,1,0,1,031-768-7708
A0004040,중부농업협동조합,S-OIL,경기 광주시,경기,광주시,경기 광주시 중부면 회안대로 1426,0,0,1,031-761-7195
A0004041,광주농협주유소,NH-OIL,경기 광주시,경기,광주시,경기 광주시 중앙로145번길 6 (경안동),1,1,1,031-765-5151
A0004044,신둔농협주유소,NH-OIL,경기 이천시,경기,이천시,경기 이천시 신둔면 원적로 441,0,0,1,031-634-8141
A0004045,이천농협주유소,NH-OIL,경기 이천시,경기,이천시,경기 이천시 백사면 이여로 176,0,1,1,031-637-5063
A0004047,부발농협주유소,NH-OIL,경기 이천시,경기,이천시,경기 이천시 부발읍 무촌로 173,0,1,1,031-633-3206
A0004048,설성농협주유소,NH-OIL,경기 이천시,경기,이천시,경기 이천시 설성면 진상미로 690 (설성면),0,0,1,031-642-5022
A0004050,장호원농협주유소,NH-OIL,경기 이천시,경기,이천시,경기 이천시 장호원읍 경충대로 162,0,1,1,031-643-0056
A0004051,이천신협주유소,SK에너지,경기 이천시,경기,이천시,경기 이천시 중리천로 141 (중리동),0,0,1,031-631-5179
A0004052,서하남(판교방향)주유소,S-OIL,경기 하남시,경기,하남시,경기 하남시 수도권제1순환고속도로 19,1,0,1,031-795-5870
A0004053,세종대왕농협주유소,NH-OIL,경기 여주시,경기,여주시,경기 여주시 세종대왕면 마장로 9,0,1,1,031-881-4322
A0004054,여주농협클린주유소,NH-OIL,경기 여주시,경기,여주시,경기 여주시 세종로 421-7,1,1,1,031-884-5189
A0004056,한국도로공사 하남드림주유소/충전소,알뜰(ex),경기 하남시,경기,하남시,경기 하남시 중부고속도로 117-1,0,0,1,031-793-5800
A0004057,이천동신주유소,SK에너지,경기 이천시,경기,이천시,경기 이천시 경충대로 2734 (관고동),0,0,0,031-635-4791
A0004060,신창에너지㈜여주(강릉)주유소,알뜰(ex),경기 여주시,경기,여주시,경기 여주시 가남읍 여주남로 722,1,0,1,031-881-6132
A0004061,대보건설㈜이천(하남)주유소/충전소,알뜰(ex),경기 이천시,경기,이천시,경기 이천시 신둔면 서이천로853번길 346-129,1,1,1,031-637-0953
A0004066,HD현대오일뱅크㈜직영 탑골주유소,HD현대오일뱅크,경기 여주시,경기,여주시,경기 여주시  여주남로 158,0,0,1,031-884-9551
A0004067,(주)대지석유 갈마주유소,S-OIL,경기 광주시,경기,광주시,경기 광주시 경충대로 2187 (삼동),1,0,0,031-761-2859
A0004071,HD현대오일뱅크㈜직영 신둔주유소,HD현대오일뱅크,경기 이천시,경기,이천시,경기 이천시 신둔면 경충대로 3126,0,0,1,031-633-5141
A0004072,현대퇴촌주유소,HD현대오일뱅크,경기 광주시,경기,광주시,경기 광주시 퇴촌면 정영로 378,0,0,0,031-768-1313
A0004073,HD현대오일뱅크㈜직영 경기주유소,HD현대오일뱅크,경기 하남시,경기,하남시,경기 하남시 대청로 73,0,0,1,031-791-5070
A0004075,HD현대오일뱅크㈜직영 새광주셀프주유소,HD현대오일뱅크,경기 광주시,경기,광주시,경기 광주시 경충대로 1515 (쌍령동),1,0,1,031-761-6853
A0004077,(주)오늘에이엠씨 오늘주유소 아미점,HD현대오일뱅크,경기 이천시,경기,이천시,경기 이천시 대월면 경충대로 1960,1,0,1,031-632-5189
A0004082,삼미 동부셀프주유소,SK에너지,경기 광주시,경기,광주시,경기도 광주시 오포읍 태재로 75 (오포읍),1,0,1,031-726-5181
A0004083,씨앤에스에너지㈜ 여주(인천방향)주유소/충전소,알뜰(ex),경기 여주시,경기,여주시,경기 여주시 가남읍 화평길 116,1,1,1,031-881-3655
A0004088,이케이에너지㈜ 이천(하)주유소/충전소,알뜰(ex),경기 이천시,경기,이천시,경기 이천시 마장면 중부대로609번길 244-35,1,1,1,031-637-0401
A0004090,HD현대오일뱅크㈜직영 분당현대셀프주유소,HD현대오일뱅크,경기 광주시,경기,광주시,경기 광주시 오포읍 태재로 47,1,0,1,031-715-5189
A0004095,㈜뉴페이스 정직한주유소 제2지점,GS칼텍스,경기 광주시,경기,광주시,경기 광주시 도척면 도척로 313,1,0,0,031-763-6544
A0004113,씨앤에스유통(주)구도일주유소전국,S-OIL,경기 이천시,경기,이천시,경기 이천시 부발읍 경충대로 2315,1,0,0,031-636-4333
A0004115,씨앤에스유통(주)구도일주유소 풍산신도시,S-OIL,경기 하남시,경기,하남시,경기 하남시 덕풍동로 101,1,0,0,031-796-5105
A0004123,한림주유소,GS칼텍스,경기 이천시,경기,이천시,경기 이천시 부발읍 황무로 2046,0,0,0,031-634-6541
A0004137,장호원주유소,GS칼텍스,경기 이천시,경기,이천시,경기 이천시 장호원읍 서동대로 8420,1,0,1,031-641-0880
A0004139,능서주유소/충전소,S-OIL,경기 여주시,경기,여주시,경기 여주시 능서면 중부대로 2171,0,0,0,031-881-4456
A0004141,㈜버드에너지 광주제일,S-OIL,경기 광주시,경기,광주시,경기 광주시 오포읍 양벌로 55,1,0,0,070-4354-5145
A0004143,㈜엘제이에너지 이천주유소,S-OIL,경기 이천시,경기,이천시,경기 이천시 부발읍 경충대로 2268,1,0,1,031-638-5190
A0004144,(주)구산에너지 탄벌주유소,HD현대오일뱅크,경기 광주시,경기,광주시,경기 광주시 회안대로 712,1,0,0,031-769-5145
A0004146,갤러리주유소,S-OIL,경기 이천시,경기,이천시,경기 이천시 부발읍 중부대로 1701-24,0,0,0,031-631-7067
A0004147,여양주유소,GS칼텍스,경기 여주시,경기,여주시,경기 여주군 여양1로 268,1,0,0,031-884-5144
A0004149,㈜하이테크산업 신정주유소,SK에너지,경기 광주시,경기,광주시,경기 광주시 도척면 도척로 373,1,0,0,031-797-9260
A0004151,HD현대오일뱅크㈜직영 양벌현대주유소,HD현대오일뱅크,경기 광주시,경기,광주시,경기 광주시 오포읍 양벌로 165,0,0,1,031-765-2226
A0004152,하남셀프주유소,GS칼텍스,경기 하남시,경기,하남시,경기 하남시 신장로 211 (덕풍동),1,0,1,031-793-5551
A0004155,광신직영(랜드마크셀프),S-OIL,경기 이천시,경기,이천시,경기 이천시 모가면 사실로 878,1,0,1,031-635-5143
A0004156,남선석유(주) 라피네주유소,S-OIL,경기 양평군,경기,양평군,경기도 양평군 양평읍 경강로 1747,1,0,1,031-771-1993
A0004160,한들주유소,GS칼텍스,경기 이천시,경기,이천시,경기 이천시 모가면 진상미로 1483,0,0,0,031-631-8100
A0004161,KH에너지㈜직영 마장프리미엄주유소(하남방향),SK에너지,경기 이천시,경기,이천시,경기도 이천시 마장면 중부고속도로 82,0,0,1,031-638-7930
A0004162,(주)도예주유소,SK에너지,경기 이천시,경기,이천시,경기 이천시 경충대로 3058 (사음동),0,0,1,031-634-2538
A0004168,(주)스카이에너지,HD현대오일뱅크,경기 이천시,경기,이천시,경기 이천시 경충대로 2902 (사음동),1,0,0,031-635-1055
A0004171,SK에너지(주) 스타팅광동주유소,SK에너지,경기 성남시,경기,성남시,경기 성남시 분당구 대왕판교로644번길 43,0,0,1,031-8017-5188
A0004173,혜진주유소,S-OIL,경기 여주시,경기,여주시,경기 여주시 가남읍 여주남로 1099,0,0,0,031-884-4674
A0004174,희망셀프주유소,HD현대오일뱅크,경기 여주시,경기,여주시,경기 여주시 장여로 1705,1,0,0,031-885-9000
A0004176,덕평(양방향)주유소충전소,SK에너지,경기 이천시,경기,이천시,경기 이천시 마장면 덕이로154번길 287-74,1,0,0,031-635-8858
A0004184,KH에너지㈜직영 마장프리미엄주유소(통영방향),SK에너지,경기 이천시,경기,이천시,경기 이천시 마장면 중부고속도로 82,0,0,1,031-638-7869
A0004186,(주)금당주유소,HD현대오일뱅크,경기 여주시,경기,여주시,경기 여주시 북내면 당전로 27,0,0,0,031-884-8488
A0004188,CJ대한통운㈜ 덕평톨게이트주유소,GS칼텍스,경기 이천시,경기,이천시,경기 이천시 마장면 덕평로 971,1,0,1,031-634-5108
A0004192,(주)태화오일뱅크,HD현대오일뱅크,경기 여주시,경기,여주시,경기 여주시  청심로 24,1,0,0,031-885-0750
A0004195,(주)신접주유소,HD현대오일뱅크,경기 여주시,경기,여주시,경기 여주시 북내면 당전로 153,0,0,0,031-884-4438
A0004197,주식회사로얄주유소,GS칼텍스,경기 이천시,경기,이천시,경기 이천시 애련정로 13,0,0,0,031-637-8060
A0004198,대보에너지㈜행운을주는주유소,SK에너지,경기 이천시,경기,이천시,경기 이천시 호법면 중부대로 915,1,0,0,031-637-5155
A0004200,초이주유소,GS칼텍스,경기 하남시,경기,하남시,경기 하남시 천호대로 1427,1,0,0,02-3426-8175
A0004201,SK에너지(주) 뉴마장주유소,SK에너지,경기 이천시,경기,이천시,경기 이천시 서이천로 393,0,0,1,031-638-0051
A0004202,조은기름주유소,S-OIL,충남 천안시,충남,천안시,충남 천안시 서북구 입장면 망향로 1237,1,0,0,041-581-5199
A0004203,미래주유소,HD현대오일뱅크,경기 광주시,경기,광주시,경기 광주시 오포읍 태재로 272,1,0,0,031-714-0051
A0004205,㈜오늘에너지 명품점,HD현대오일뱅크,경기 이천시,경기,이천시,경기 이천시 부발읍 중부대로 2014 (부발읍),1,0,1,031-631-5189
A0004206,금강석유㈜ 매산셀프주유소,HD현대오일뱅크,경기 광주시,경기,광주시,경기 광주시 오포읍 회안대로 15,1,0,0,031-766-5149
A0004208,㈜두드림주유소,SK에너지,경기 여주시,경기,여주시,경기 여주시 여주남로 377,1,0,0,031-885-0518
A0004210,덕평주유소,GS칼텍스,경기 이천시,경기,이천시,경기 이천시 마장면 덕평로 812,1,0,0,031-632-6167
A0004212,다운주유소,HD현대오일뱅크,강원 홍천군,강원,홍천군,강원 홍천군 홍천읍 영서로 1802,0,0,0,033-432-1762
A0004216,신내주유소,SK에너지,서울 중랑구,서울,중랑구,서울 중랑구 용마산로 705 (신내동),1,0,0,02-2207-0523
A0004218,(주)뉴타운에너지 주유소,SK에너지,경기 화성시,경기,화성시,경기 화성시 병점구 경기대로 1106 (진안동),1,0,0,031-225-8087
A0004221,감악산주유소,GS칼텍스,경기 양주시,경기,양주시,경기 양주시 남면 감악산로 144,0,0,1,031-867-7400
A0004224,대광현대주유소,HD현대오일뱅크,경기 연천군,경기,연천군,경기 연천군 신서면 연신로 1213,1,0,1,031-834-4244
A0004229,광진주유소,S-OIL,경기 포천시,경기,포천시,경기 포천시 신북면 청신로 2019,0,0,0,031-532-4478
A0004231,호원IC주유소,GS칼텍스,경기 의정부시,경기,의정부시,경기 의정부시 경의로 5 (의정부동),1,0,0,031-876-5189
A0004232,훼미리주유소,GS칼텍스,경기 의정부시,경기,의정부시,경기 의정부시 동일로 207 (장암동),1,0,0,031-878-5151
A0004234,유정주유소,GS칼텍스,경기 고양시,경기,고양시,경기 고양시 덕양구 호수로 104 (토당동),1,0,1,031-971-5182
A0004237,철원주유소,SK에너지,강원 철원군,강원,철원군,강원 철원군 동송읍 금학로 173,1,0,0,033-455-2727
A0004243,석천주유소,SK에너지,경기 의정부시,경기,의정부시,경기 의정부시 동일로 110 (장암동),1,0,0,031-877-8621
A0004251,금강주유소,S-OIL,경기 양주시,경기,양주시,경기 양주시 부흥로 1643,1,0,1,031-840-2255
A0004253,산북주유소,SK에너지,경기 양주시,경기,양주시,경기 양주시 평화로 1309,1,0,0,031-840-1150
A0004261,금강산주유소,SK에너지,경기 연천군,경기,연천군,경기 연천군 청산면 전영로 373,0,0,0,031-835-5126
A0004262,와이비건설㈜ 부강주유소,HD현대오일뱅크,강원 철원군,강원,철원군,강원 철원군 갈말읍 호국로 5007,0,0,0,033-452-0777
A0004264,이케이에너지㈜ 바다주유소,HD현대오일뱅크,경기 의정부시,경기,의정부시,경기 의정부시 시민로 367,1,0,1,031-844-1431
A0004267,열두개울제일주유소,SK에너지,경기 연천군,경기,연천군,경기 연천군 청산면 청신로 101,0,0,0,031-835-1233
A0004272,시대주유소,SK에너지,경기 연천군,경기,연천군,경기 연천군 전곡읍 양연로 814,1,0,0,031-832-9491
A0004273,트로이목마주유소,HD현대오일뱅크,경기 양주시,경기,양주시,경기 양주시 양주산성로 244 (어둔동),0,0,1,031-848-3213
A0004278,서현주유소,GS칼텍스,경기 의정부시,경기,의정부시,경기 의정부시 호국로 1755 (자일동),1,0,0,031-846-2151
A0004279,정인주유소,SK에너지,경기 양주시,경기,양주시,경기 양주시 남면 삼일로 758,0,0,0,031-868-5185
A0004281,신진BANK주유소,HD현대오일뱅크,경기 동두천시,경기,동두천시,경기 동두천시 삼육사로 706 (상패동),1,0,0,031-867-5300
A0004285,고개로주유소,SK에너지,경기 양주시,경기,양주시,경기 양주시 광적면 그루고개로 89,0,0,0,031-836-2277
A0004287,홍천주유소,S-OIL,강원 홍천군,강원,홍천군,강원 홍천군 홍천읍 홍천로 388,1,0,1,033-434-2201
A0004289,하늘빛주유소,S-OIL,충북 영동군,충북,영동군,충북 영동군 양산면 금강로 1182,1,0,0,043-744-2165
A0004291,중앙로주유소,알뜰주유소,전북 군산시,전북,군산시,전북 군산시 중앙로 188 (중앙로1가),1,0,1,063-446-5154
A0004302,행복주유소,HD현대오일뱅크,강원 철원군,강원,철원군,강원 철원군 서면 와수1로 40,0,0,0,033-458-7000
A0004305,sk장승주유소,SK에너지,경기 남양주시,경기,남양주시,경기 남양주시 진접읍 금강로 1590,0,0,0,031-572-7075
A0004306,엠제이주유소,HD현대오일뱅크,경기 양주시,경기,양주시,경기도 양주시 동일로 934  (마전동),0,0,0,031-847-8332
A0004310,한신주유소,GS칼텍스,경기 의정부시,경기,의정부시,경기 의정부시 시민로 473 (용현동),1,0,0,031-840-5151
A0004313,해오름셀프주유소,S-OIL,충남 천안시,충남,천안시,충남 천안시 동남구 목천읍 남부대로 949,1,0,0,041-557-6051
A0004315,신화에너지 제일주유소,자가상표,경기 의정부시,경기,의정부시,경기 의정부시 호국로 1618 (금오동),1,0,1,031-847-0236
A0004325,우리들주유소,SK에너지,강원 철원군,강원,철원군,강원 철원군 갈말읍 호국로 5155,0,0,0,033-452-8585
A0004329,금주산주유소,자가상표,경기 포천시,경기,포천시,경기 포천시 영중면 영일로 201,0,0,0,031-866-5151
A0004333,해동주유소,HD현대오일뱅크,경기 양주시,경기,양주시,경기 양주시 장흥면 일영로 545,1,0,0,031-855-0003
A0004336,동송주유소,HD현대오일뱅크,강원 철원군,강원,철원군,강원 철원군 동송읍 이평로 7,0,0,0,033-455-2133
A0004338,㈜진우6주유소,HD현대오일뱅크,경기 포천시,경기,포천시,경기 포천시 가산면 포천로 715,1,0,0,031-541-7120
A0004339,SK조광셀프주유소,SK에너지,경기 양주시,경기,양주시,경기 양주시 백석읍 권율로 1375,1,0,0,031-879-4951
A0004344,전곡주유소,S-OIL,경기 연천군,경기,연천군,경기 연천군 전곡읍 전영로 2,1,0,1,031-832-5550
A0004350,(주)태영에너지 칠성주유소,HD현대오일뱅크,충북 음성군,충북,음성군,충북 음성군 금왕읍 음성로 1344,0,0,0,043-877-2222
A0004351,상수주유소,S-OIL,경기 양주시,경기,양주시,경기 양주시 남면 감악산로 107,1,0,0,031-868-5149
A0004356,미래주유소,SK에너지,경기 의정부시,경기,의정부시,경기 의정부시 동일로 492 (신곡동),1,0,1,031-821-4225
A0004361,삼익주유소,SK에너지,경기 연천군,경기,연천군,경기 연천군 연천읍 차현로 139,0,0,0,031-834-0229
A0004362,서부대로주유소,S-OIL,전북 전주시,전북,전주시,전북 전주시 덕진구 온고을로 377 (팔복동3가),1,0,0,063-212-1912
A0004363,SB새벽주유소,GS칼텍스,경기 안성시,경기,안성시,경기 안성시 원곡면 청원로 1815,1,0,0,031-618-5187
A0004365,봉양주유소,SK에너지,경기 양주시,경기,양주시,경기 양주시 칠봉산로 216 (봉양동),0,0,0,031-858-9240
A0004367,종로주유소,HD현대오일뱅크,경기 수원시,경기,수원시,경기 수원시 팔달구 정조로 816 (팔달로1가),0,0,0,031-268-5189
A0004368,오성상사(주),GS칼텍스,경기 연천군,경기,연천군,경기 연천군 청산면 평화로 291,1,0,0,031-832-2000
A0004370,㈜두경에너지대원주유소,S-OIL,경기 포천시,경기,포천시,경기 포천시 영북면 호국로 3525,1,0,0,031-531-5188
A0004371,고석정주유소,GS칼텍스,강원 철원군,강원,철원군,강원 철원군 동송읍 태봉로 1952,0,0,0,033-455-7227
A0004374,베어스주유소,HD현대오일뱅크,경기 포천시,경기,포천시,경기 포천시 내촌면 금강로 2001,0,0,0,031-532-8951
A0004375,노곡주유소,SK에너지,경기 연천군,경기,연천군,경기 연천군 백학면 청정로 109,0,0,0,031-835-3939
A0004380,삼광주유소,HD현대오일뱅크,경기 포천시,경기,포천시,경기 포천시 내촌면 금강로 2856,0,0,0,031-534-3113
A0004381,와룡주유소,S-OIL,경기 포천시,경기,포천시,경기 포천시 내촌면 포천로 230,0,0,0,031-533-7808
A0004382,인양주유소,자가상표,제주 제주시,제주,제주시,제주 제주시 추자면 영흥4길 1,0,0,0,064-742-3529
A0004383,참좋은주유소,S-OIL,경기 수원시,경기,수원시,경기 수원시 권선구 정조로 599 (세류동),1,0,0,031-232-2165
A0004384,강토탈 속초역주유소,S-OIL,강원 속초시,강원,속초시,강원 속초시 온천로 118 (노학동),1,0,1,033-635-5189
A0004395,임진강주유소,S-OIL,경기 연천군,경기,연천군,경기 연천군 군남면 청정로 1992,0,0,0,031-833-7600
A0004397,가산주유소,SK에너지,경기 포천시,경기,포천시,경기 포천시 가산면 포천로 895,1,0,0,031-544-4477
A0004398,가야주유소,HD현대오일뱅크,경기 양주시,경기,양주시,경기 양주시 백석읍 양주산성로 501,0,0,0,031-829-0475
A0004399,송추주유소,SK에너지,경기 양주시,경기,양주시,경기 양주시 장흥면 호국로 513,0,0,0,031-826-6696
A0004403,고인돌주유소,SK에너지,경기 포천시,경기,포천시,경기 포천시 가산면 포천로 740,0,0,0,031-541-3263
A0004406,이동주유소,GS칼텍스,경기 포천시,경기,포천시,경기 포천시 이동면 화동로 2244,0,0,0,031-534-5189
A0004407,오남주유소,SK에너지,경기 양주시,경기,양주시,경기 양주시 백석읍 권율로 1072,0,0,1,031-876-6034
A0004410,대길주유소,SK에너지,경기 포천시,경기,포천시,경기 포천시 영중면 호국로 3283,1,0,0,031-532-7306
A0004416,명성주유소,SK에너지,경기 포천시,경기,포천시,경기 포천시 가산면 가산로 236,1,0,0,031-541-6060
A0004417,KH에너지㈜직영 대복주유소,자가상표,경기 양주시,경기,양주시,경기 양주시 부흥로 1807,1,0,1,031-856-3348
A0004420,지에스칼텍스㈜ 함박주유소,GS칼텍스,경기 양주시,경기,양주시,경기 양주시 평화로 1820,0,0,1,031-858-5197
A0004424,광남주유소 한양산업개발㈜,SK에너지,경기 양주시,경기,양주시,경기 양주시 남면 삼일로 366,1,0,0,031-857-5124
A0004429,하나주유소,GS칼텍스,경기 포천시,경기,포천시,경기 포천시 신북면 중앙로 329,1,0,0,031-532-5188
A0004434,근남주유소,S-OIL,강원 철원군,강원,철원군,강원 철원군 근남면 하오재로 2084,0,0,0,033-458-5896
A0004441,호명주유소,S-OIL,경기 가평군,경기,가평군,경기 가평군 청평명 경춘로 1362,0,0,0,031-584-0551
A0004450,성원주유소,HD현대오일뱅크,경기 포천시,경기,포천시,경기 포천시 일동면 화동로 1207-1,0,0,0,031-531-5166
A0004452,프라임주유소,SK에너지,경기 양주시,경기,양주시,경기 양주시 광적면 그루고개로 82,0,0,0,031-836-3774
A0004458,㈜한화미 동일로주유소,S-OIL,서울 광진구,서울,광진구,서울 광진구 동일로 413 (중곡동),1,0,0,02-461-5152
A0004468,자등주유소,GS칼텍스,강원 철원군,강원,철원군,강원 철원군 서면 자등로 562,0,0,1,033-458-5577
A0004471,형제주유소,HD현대오일뱅크,강원 철원군,강원,철원군,강원 철원군 동송읍 금학로 14,1,0,0,033-455-3321
A0004473,금강주유소,GS칼텍스,강원 철원군,강원,철원군,강원 철원군 갈말읍 호국로 4532,1,0,0,033-452-6355
A0004474,생연주유소,SK에너지,경기 동두천시,경기,동두천시,경기 동두천시 삼육사로 1118 (생연동),0,0,0,031-863-4647
A0004478,제일주유소,자가상표,경기 파주시,경기,파주시,경기 파주시 탄현면 평화로 638,1,0,0,031-000-0000
A0004482,굿오일주유소,S-OIL,경기 포천시,경기,포천시,경기 포천시 내촌면 금강로 2639,1,0,1,031-532-5551
A0004484,㈜임건제2주유소,S-OIL,경기 포천시,경기,포천시,경기 포천시 영중면 호국로 2931,1,0,0,031-534-3746
A0004485,태봉주유소,GS칼텍스,강원 철원군,강원,철원군,강원 철원군 갈말읍 청양로 19,0,0,0,033-458-6009
A0004487,모정제2주유소/충전소,SK에너지,경기 양주시,경기,양주시,경기 양주시 은현면 화합로 959,1,0,0,031-866-9797
A0004488,㈜디오티디 수원힙스터주유소,HD현대오일뱅크,경기 수원시,경기,수원시,경기 수원시 권선구 권선로 644,1,0,0,070-4616-5180
A0004494,(주)제이와이페트로,SK에너지,경기 양주시,경기,양주시,경기 양주시 백석읍 중앙로 308,1,0,0,031-000-0000
A0004496,경기주유소,SK에너지,경기 양주시,경기,양주시,경기 양주시 남면 개나리길 83,0,0,1,031-863-5960
A0004499,이가팔주유소,S-OIL,경기 포천시,경기,포천시,경기 포천시 소흘읍 죽엽산로 120,1,0,0,031-543-5149
A0004513,서경주유소,S-OIL,강원 철원군,강원,철원군,강원 철원군 갈말읍 호국로 4931,1,0,0,033-452-2828
A0004515,마산주유소,GS칼텍스,경기 포천시,경기,포천시,경기 포천시 가산면 마정로 67,0,0,0,031-541-4217
A0004520,경진주유소,S-OIL,경기 양주시,경기,양주시,경기 양주시 백석읍 중앙로 261,0,0,0,031-879-8116
A0004529,씨앤에스유통㈜ 장암IC주유소,S-OIL,경기 의정부시,경기,의정부시,경기 의정부시 금신로 30 (신곡동),1,0,0,031-826-5252
A0004542,우진주유소,HD현대오일뱅크,경기 양주시,경기,양주시,경기 양주시 남면 삼일로 596,0,0,0,031-862-8833
A0004544,양주제일주유소,HD현대오일뱅크,경기 양주시,경기,양주시,경기 양주시 부흥로 1820 (광사동),0,0,0,031-847-1700
A0004545,오봉주유소,SK에너지,경기 양주시,경기,양주시,경기 양주시 장흥면 북한산로 900-14,1,0,1,031-826-3334
A0004551,흥산에너지,GS칼텍스,경기 의정부시,경기,의정부시,경기 의정부시 금신로 91 (신곡동),1,0,1,031-848-0723
A0004552,좋은주유소,S-OIL,경기 양주시,경기,양주시,경기 양주시 은현면 양연로 20,1,0,1,031-859-5150
A0004560,수정주유소,HD현대오일뱅크,경기 포천시,경기,포천시,경기 포천시 내촌면 금강로 3059,1,0,1,031-533-2500
A0004570,동두천하이웨이주유소,S-OIL,경기 동두천시,경기,동두천시,경기 동두천시 강변로 74 (송내동),1,0,0,031-861-0951
A0004572,내촌부자주유소,GS칼텍스,경기 포천시,경기,포천시,경기 포천시 내촌면 금강로 3189,1,0,0,031-541-8811
A0004574,마당주유소,SK에너지,경기 포천시,경기,포천시,경기 포천시 관인면 북원로 749,1,0,0,031-536-6844
A0004589,모정주유소/충전소,SK에너지,경기 양주시,경기,양주시,경기 양주시 화합로 1547 (회암동),1,0,0,031-865-5151
A0004592,남방셀프주유소,HD현대오일뱅크,경기 양주시,경기,양주시,경기 양주시 녹양로 221 (남방동),1,0,0,031-845-5678
A0004595,정교주유소,SK에너지,경기 포천시,경기,포천시,경기 포천시 가산면 정금로 119,0,0,1,031-542-5149
A0004598,갈비촌주유소,HD현대오일뱅크,경기 포천시,경기,포천시,경기도 포천시 이동면 화동로 2002,1,0,0,031-536-5152
A0004606,장군제2주유소,SK에너지,경기 포천시,경기,포천시,경기 포천시 영북면 호국로 3428,1,0,0,031-536-0065
A0004613,사과나무주유소/충전소,SK에너지,경기 양주시,경기,양주시,경기 양주시 부흥로 1881 (광사동),1,0,0,031-842-5155
A0004614,금강산주유소,S-OIL,경기 포천시,경기,포천시,경기 포천시 일동면 금강로 4637,0,0,0,031-534-9653
A0004617,회천주유소,S-OIL,경기 양주시,경기,양주시,경기 양주시 평화로 1505 (덕계동),1,0,0,031-863-3351
A0004618,하봉암주유소 ㈜선일에너지,GS칼텍스,경기 동두천시,경기,동두천시,경기 동두천시 평화로 3188 (하봉암동),1,0,1,031-861-5189
A0004620,고고주유소,GS칼텍스,경기 포천시,경기,포천시,경기 포천시 신북면 포천로 1983,1,0,1,031-534-5159
A0004624,깊이울주유소,HD현대오일뱅크,경기 포천시,경기,포천시,경기 포천시 신북면 포천로 2032,0,0,0,031-534-5550
A0004626,이섬주유소,GS칼텍스,경기 동두천시,경기,동두천시,경기 동두천시 어수로 30 (상패동),1,0,0,031-857-3800
A0004627,석우리주유소,S-OIL,경기 양주시,경기,양주시,경기 양주시 광적면 광적로 192,1,0,0,031-855-3302
A0004634,까르르주유소,SK에너지,경기 포천시,경기,포천시,경기 포천시 내촌면 금강로 2368,1,0,0,031-534-4355
A0004641,신도시주유소,SK에너지,경기 용인시,경기,용인시,경기 용인시 기흥구 금화로 2,1,0,0,031-546-0476
A0004643,장흥주유소,SK에너지,강원 철원군,강원,철원군,강원 철원군 동송읍 태봉로 2202,0,0,0,033-455-0772
A0004646,착한주유소,HD현대오일뱅크,경기 의정부시,경기,의정부시,경기 의정부시 호국로 1097,1,0,1,031-872-4272
A0004652,(주)남양이앤씨,SK에너지,충북 단양군,충북,단양군,충북 단양군 매포읍 단양로 2124,1,0,0,043-422-9660
A0004656,신문혜주유소,GS칼텍스,강원 철원군,강원,철원군,강원 철원군 갈말읍 태봉로 1421,0,0,0,033-452-0065
A0004657,뉴신정주유소,자가상표,서울 강서구,서울,강서구,서울 강서구 곰달래로 207,0,0,0,02-2606-1149
A0004668,장암주유소,HD현대오일뱅크,경기 의정부시,경기,의정부시,경기 의정부시 동일로 30,1,0,1,031-875-5151
A0004681,우리동네주유소,HD현대오일뱅크,경기 포천시,경기,포천시,경기 포천시 영북면 호국로 4182,0,0,0,031-533-5179
A0004683,신동천,알뜰주유소,경기 동두천시,경기,동두천시,경기도 동두천시  삼육사로 770 (상패동),1,0,1,031-867-4477
A0004684,장수셀프(self)주유소,SK에너지,인천 부평구,인천,부평구,인천 부평구 백범로 502,1,0,0,070-7378-5244
A0004693,구도일주유소 의정부,S-OIL,경기 의정부시,경기,의정부시,경기 의정부시 시민로 213 (신곡동),1,0,1,031-841-7711
A0004712,㈜신원,HD현대오일뱅크,경기 양주시,경기,양주시,경기 양주시 백석읍 중앙로 246,1,0,0,031-872-5859
A0004713,㈜영광에너지 영광셀프주유소,알뜰주유소,경기 포천시,경기,포천시,경기 포천시 내촌면 금강로 2182,1,0,1,031-534-5133
A0004715,와수주유소,GS칼텍스,강원 철원군,강원,철원군,강원 철원군 서면 와수로 341,0,0,0,033-458-5151
A0004724,장비주유소,S-OIL,경기 포천시,경기,포천시,경기 포천시 일동면 화동로 1541,1,0,0,031-535-8916
A0004733,행복가득주유소,HD현대오일뱅크,경기 동두천시,경기,동두천시,경기 동두천시 평화로 3059 (하봉암동),1,0,0,031-858-5151
A0004735,오산주유소,SK에너지,경기 양주시,경기,양주시,경기 양주시 백석읍 중앙로 210,0,0,1,031-879-5134
A0004738,㈜경선이엔지 더사랑주유소지점,SK에너지,경기 양주시,경기,양주시,경기 양주시 장흥면 호국로 777,1,0,1,031-855-0961
A0004740,명품골드주유소㈜기정에너지,GS칼텍스,경기 화성시,경기,화성시,경기 화성시 만세구 향남읍 발안로 341,1,0,0,031-8059-8955
A0004744,주식회사 자영에너지투,S-OIL,경기 동두천시,경기,동두천시,경기 동두천시 삼육사로 1109(생연동),1,0,0,031-868-6760
A0004747,일광(내촌점)주유소,SK에너지,경기 포천시,경기,포천시,경기 포천시 내촌면 금강로 2733,0,0,0,031-534-8020
A0004753,㈜임건제3주유소,S-OIL,경기 동두천시,경기,동두천시,경기 동두천시 평화로 2149,1,0,0,031-862-3746
A0004759,천마주유소,S-OIL,경기 양주시,경기,양주시,경기 양주시 부흥로 1317,0,0,0,031-845-5107
A0004771,형제주유소,HD현대오일뱅크,경기 연천군,경기,연천군,경기 연천군 연천읍 연천로 377,0,0,0,031-834-5151
A0004772,중앙셀프주유소,SK에너지,경기 동두천시,경기,동두천시,경기 동두천시 평화로 2266,1,0,0,031-865-2520
A0004773,신용주유소,GS칼텍스,전남광주 북구,전남광주,북구,전남광주통합특별시 북구 임방울대로 959 (신용동),1,0,1,062-573-5189
A0004778,효성셀프주유소,SK에너지,경기 양주시,경기,양주시,경기 양주시 백석읍 권율로 1297,1,0,0,031-853-5151
A0004780,대경주유소,GS칼텍스,경기 양주시,경기,양주시,경기 양주시 광적면 부흥로 844,1,0,0,031-855-5189
A0004783,수입로장군주유소,SK에너지,경기 포천시,경기,포천시,경기 포천시 일동면 수입로 241-13,1,0,0,031-536-3374
A0004784,오륜에너지,SK에너지,경기 양주시,경기,양주시,경기 양주시 광적면 현석로 768,1,0,1,031-877-5149
A0004789,(주)오일릭주유소,S-OIL,경기 가평군,경기,가평군,경기 가평군 가평읍 경춘로 1741,1,0,0,031-581-2280
A0004794,유양주유소,GS칼텍스,경기 양주시,경기,양주시,경기 양주시 부흥로1398번길 102,0,0,0,031-842-4026
A0004799,서울주유소,HD현대오일뱅크,경기 의정부시,경기,의정부시,경기 의정부시 시민로 284,1,0,1,031-844-4250
A0004808,서울이엔지㈜ 일월주유소,HD현대오일뱅크,경기 양주시,경기,양주시,경기 양주시 백석읍 부흥로 1126,1,0,0,031-826-3555
A0004817,(주)영원주유소,HD현대오일뱅크,경기 양주시,경기,양주시,경기 양주시 고덕로 304 (고읍동),1,0,0,031-858-5101
A0004819,㈜제이씨네트웍 양주제일백석점,HD현대오일뱅크,경기 양주시,경기,양주시,경기 양주시 백석읍 부흥로 991,1,0,0,031-829-5145
A0004821,셀프제일주유소,알뜰주유소,경기 양주시,경기,양주시,경기 양주시 장흥면 권율로 111,1,0,0,031-855-0015
A0004822,카이에너지㈜ 복지주유소,SK에너지,경기 양주시,경기,양주시,경기 양주시 백석읍 중앙로 175,0,0,0,031-837-5144
A0004826,하나셀프주유소,GS칼텍스,경기 양주시,경기,양주시,경기 양주시 백석읍 부흥로 1024,1,0,1,031-855-5179
A0004828,북양주IC주유소,S-OIL,경기 양주시,경기,양주시,경기 양주시 평화로 1915 (봉양동),1,0,0,031-865-5184
A0004832,태양주유소,GS칼텍스,경기 양주시,경기,양주시,경기 양주시 남면 삼일로 457,1,0,0,031-858-2810
A0004833,천보산주유소,SK에너지,경기 포천시,경기,포천시,경기 포천시 소흘읍 송우로 124,1,0,1,031-542-5456
A0004834,신사주유소,S-OIL,경기 의정부시,경기,의정부시,경기 의정부시 호국로 937 (가능동),1,0,1,031-871-9700
A0004841,우리영농조합법인(철원점),GS칼텍스,강원 철원군,강원,철원군,강원 철원군 철원읍 금학로357번길 2,0,0,0,033-455-0455
A0004848,하늘에너지㈜남경주유소,GS칼텍스,경기 양주시,경기,양주시,경기 양주시 평화로 2023,1,0,0,031-865-0201
A0004855,한길주유소,GS칼텍스,경기 양주시,경기,양주시,경기 양주시 광적면 권율로 1593,1,0,0,031-829-5151
A0004864,삼미상사(주)내촌IC셀프주유소,SK에너지,경기 포천시,경기,포천시,경기 포천시 내촌면 금강로 2022,1,0,1,031-532-9551
A0004875,포천농협 신북주유소,S-OIL,경기 포천시,경기,포천시,경기 포천시 신북면 포천로 2174,0,0,1,031-534-1913
A0004876,일동농협화현주유소,NH-OIL,경기 포천시,경기,포천시,경기 포천시 화현면 화동로 493,1,0,1,031-534-0211
A0004878,임진농협 진상지점주유소,S-OIL,경기 연천군,경기,연천군,경기 연천군 군남면 군남로 128,1,0,1,031-833-8333
A0004880,가산농협주유소,NH-OIL,경기 포천시,경기,포천시,경기 포천시 가산면 가산로 353,1,1,1,031-544-0107
A0004881,소흘농협주유소,NH-OIL,경기 포천시,경기,포천시,경기 포천시 소흘읍 검바위길 39,0,1,1,031-541-6325
A0004882,은현농협클린주유소,NH-OIL,경기 양주시,경기,양주시,경기 양주시 은현면 은현로 1148,1,1,1,031-861-2009
A0004883,포천농협주유소,S-OIL,경기 포천시,경기,포천시,경기 포천시 군내면 호국로 1698,1,0,1,031-535-8090
A0004884,영북농협주유소,NH-OIL,경기 포천시,경기,포천시,경기 포천시 영북면 호국로 3759,1,1,1,031-536-5556
A0004885,전곡농협주유소,NH-OIL,경기 연천군,경기,연천군,경기 연천군 전곡읍 평화로 557,1,1,1,031-832-0051
A0004886,장흥농협주유소,NH-OIL,경기 양주시,경기,양주시,경기 양주시 장흥면 호국로 183,1,1,1,031-855-6146
A0004887,회천농협클린주유소,NH-OIL,경기 양주시,경기,양주시,경기 양주시 평화로 1851,1,1,1,031-858-8300
A0004903,HD현대오일뱅크㈜직영 한내천주유소,HD현대오일뱅크,경기 포천시,경기,포천시,경기 포천시 호국로 1376 (어룡동),0,0,1,031-535-6893
A0004908,삼미상사㈜의정부주유소,SK에너지,경기 의정부시,경기,의정부시,경기 의정부시  의정로 82,1,0,1,031-876-6391
A0004910,미파랑 신철원주유소,HD현대오일뱅크,강원 철원군,강원,철원군,강원 철원군 갈말읍 명성로 179,1,0,0,033-452-1868
A0004916,KH에너지㈜직영 의정부IC주유소/장암충전소,SK에너지,경기 의정부시,경기,의정부시,경기 의정부시 동일로 141,1,0,1,031-826-3465
A0004919,건화주유소,SK에너지,경기 포천시,경기,포천시,경기 포천시 호국로 1029 (선단동),1,0,1,031-543-0001
A0004920,HD현대오일뱅크㈜직영 민락셀프주유소,HD현대오일뱅크,경기 의정부시,경기,의정부시,경기 의정부시 충의로 91 (용현동),1,0,1,031-853-3133
A0004926,동일석유㈜봉양동일주유소,SK에너지,경기 양주시,경기,양주시,경기도 양주시 평화로 1998-0,1,0,1,031-858-3336
A0004931,정암주유소,S-OIL,경기 양주시,경기,양주시,경기 양주시 은현면 화합로 1006,1,0,0,031-861-5001
A0004941,㈜디오티디 포천막걸리주유소,HD현대오일뱅크,경기 포천시,경기,포천시,경기 포천시 소흘읍 호국로 303,1,0,0,070-4848-5656
A0004945,클린주유소,SK에너지,경기 포천시,경기,포천시,경기 포천시 소흘읍 호국로 346,1,0,0,031-542-6053
A0004963,대성산업㈜ 의정부주유소,GS칼텍스,경기 의정부시,경기,의정부시,경기 의정부시 평화로 468 (의정부동),1,0,1,031-877-2548
A0004964,대성산업(주)동두천주유소,GS칼텍스,경기 동두천시,경기,동두천시,경기 동두천시 평화로 2496,0,0,1,031-862-3482
A0004965,대성산업(주)포천주유소,GS칼텍스,경기 포천시,경기,포천시,경기 포천시 영중면 호국로 2563,1,0,1,031-533-5180
A0004969,일진주유소,S-OIL,경기 의정부시,경기,의정부시,경기 의정부시 평화로 133 (호원동),1,0,1,031-855-7420
A0004975,㈜삼표에너지 고읍주유소,GS칼텍스,경기 양주시,경기,양주시,경기 양주시 부흥로 1941,1,0,1,031-848-6885
A0004986,(주)태봉Self주유소,SK에너지,경기 포천시,경기,포천시,경기도 포천시 소흘읍 호국로 715 (소흘읍),1,0,0,031-543-5151
A0004991,HD현대오일뱅크㈜직영 드림셀프주유소,HD현대오일뱅크,경기 양주시,경기,양주시,경기 양주시 고읍로 146,1,0,1,031-821-5189
A0004997,KH에너지㈜ 신곡주유소,SK에너지,경기 의정부시,경기,의정부시,경기 의정부시 금신로 153 (신곡동),1,0,1,031-856-4332
A0004998,갤러리주유소,SK에너지,경기 양주시,경기,양주시,경기 양주시 어하고개로 107-2 (삼숭동),0,0,0,031-856-8790
A0005000,현학주유소,SK에너지,경기 양주시,경기,양주시,경기 양주시 장흥면 호국로 674,1,0,0,031-855-9655
A0005002,이케이에너지(주)행운주유소,HD현대오일뱅크,경기 양주시,경기,양주시,경기 양주시 평화로 1772 (회정동),1,0,1,031-864-6995
A0005003,(주)어하둥둥알뜰주유소,알뜰주유소,경기 양주시,경기,양주시,경기 양주시 부흥로 1300,1,1,1,031-856-9991
A0005006,청호에너지주식회사,SK에너지,경기 포천시,경기,포천시,경기 포천시 가산면 가산로 93,0,0,1,031-542-4540
A0005013,강산주유소,GS칼텍스,경기 포천시,경기,포천시,경기 포천시 가산면 부흥로 296,0,0,0,0
A0005025,(주)성천주유소,SK에너지,경기 포천시,경기,포천시,경기 포천시 일동면 금강로 4184,1,0,1,031-533-5188
A0005030,(주)교현 알뜰주유소,알뜰주유소,경기 양주시,경기,양주시,경기 양주시 장흥면 북한산로 863,1,0,1,031-826-4989
A0005031,주식회사 동해주유소,알뜰주유소,경기 포천시,경기,포천시,경기 포천시 호국로 2659,1,1,1,031-533-5177
A0005034,대박주유소,S-OIL,경기 양주시,경기,양주시,경기 양주시 평화로 1381,1,0,1,031-857-9111
A0005036,유니콘스주유소,HD현대오일뱅크,경기 포천시,경기,포천시,경기 포천시 군내면 호국로 1537,1,0,1,031-531-3383
A0005039,(주)유성주유소,SK에너지,경기 의정부시,경기,의정부시,경기 의정부시 송산로 913,1,0,1,031-841-2254
A0005043,예루살렘셀프주유소,알뜰주유소,경기 포천시,경기,포천시,경기도 포천시 일동면 금강로 4193 (일동면),1,0,1,031-534-0902
A0005045,기쁨가득주유소,SK에너지,경기 의정부시,경기,의정부시,경기 의정부시 경의로 45,1,0,1,031-873-5189
A0005046,의정부 코스모스주유소,S-OIL,경기 의정부시,경기,의정부시,경기 의정부시 평화로 593 (의정부동),1,0,1,031-842-5188
A0005051,송추월드주유소,HD현대오일뱅크,경기 양주시,경기,양주시,경기 양주시 장흥면 호국로 621,1,0,0,031-829-5152
A0005052,운정신도시주유소,SK에너지,경기 파주시,경기,파주시,경기 파주시 동서대로 377  (동패동),1,0,1,031-946-1340
A0005053,창대주유소,S-OIL,경기 파주시,경기,파주시,경기 파주시 조리읍 홀작로 222,0,0,0,031-941-9199
A0005054,천도리주유소,SK에너지,강원 인제군,강원,인제군,강원 인제군 서화면 금강로 1378,0,0,0,033-462-0551
A0005055,덕은셀프주유소,SK에너지,경기 파주시,경기,파주시,경기도 파주시 월롱면 엘지로 214,1,0,0,031-945-6404
A0005056,㈜비디티 분당탑주유소,SK에너지,경기 성남시,경기,성남시,경기 성남시 분당구 판교로 751 (야탑동),0,0,1,031-702-4983
A0005066,남선석유(주)성현셀프주유소,S-OIL,경기 고양시,경기,고양시,경기 고양시 일산동구 성현로 78 (성석동),1,0,1,031-977-5182
A0005070,지에스칼텍스㈜ 토당주유소,GS칼텍스,경기 고양시,경기,고양시,경기 고양시 덕양구 중앙로 637,1,0,1,031-979-5020
A0005083,덕양제3주유소,SK에너지,경기 고양시,경기,고양시,경기 고양시 덕양구 동헌로 187 (대자동),1,0,1,031-969-5189
A0005084,세종석유,S-OIL,경기 파주시,경기,파주시,경기 파주시 법원읍 자운서원로 436,1,0,0,031-958-2400
A0005085,고향길주유소,HD현대오일뱅크,경기 파주시,경기,파주시,경기 파주시 문산읍 통일로 1875,0,0,0,031-953-6721
A0005087,삼일주유소,HD현대오일뱅크,경기 파주시,경기,파주시,경기 파주시 문산읍 문향로 29,0,0,0,031-952-2745
A0005090,광탄셀프주유소,SK에너지,경기 파주시,경기,파주시,경기 파주시 광탄면 혜음로 1178,1,0,0,031-947-7420
A0005091,도이치에너지,HD현대오일뱅크,경기 수원시,경기,수원시,경기 수원시 권선구 권선로 334 (고색동),1,0,0,031-293-5179
A0005092,대능주유소,SK에너지,경기 파주시,경기,파주시,경기 파주시 법원읍 술이홀로 750,0,0,0,031-959-5025
A0005095,판문점주유소,SK에너지,경기 파주시,경기,파주시,경기 파주시 조리읍 통일로 273,1,0,0,031-941-7278
A0005096,법원주유소,GS칼텍스,경기 파주시,경기,파주시,경기 파주시 법원읍 사임당로 882,0,0,0,031-958-0220
A0005097,신산주유소,GS칼텍스,경기 파주시,경기,파주시,경기 파주시 광탄면 혜음로 964,1,0,0,031-948-7088
A0005101,도화상사은봉주유소,GS칼텍스,경기 파주시,경기,파주시,경기 파주시 평화로 260,0,0,0,031-943-9040
A0005103,북한산주유소,알뜰주유소,경기 고양시,경기,고양시,경기 고양시 덕양구 북한산로 539 (효자동),1,0,1,02-384-4666
A0005105,제일주유소,GS칼텍스,경기 파주시,경기,파주시,경기 파주시 법원읍 술이홀로 1031,0,0,0,031-959-1997
A0005108,HD현대오일뱅크㈜직영 능동셀프주유소,HD현대오일뱅크,경기 화성시,경기,화성시,경기 화성시 병점구 북삼미로 261,1,0,1,031-8003-6661
A0005109,꽃마을주유소,GS칼텍스,경기 고양시,경기,고양시,경기도 고양시 덕양구  고양대로 1242 (주교동),1,0,1,031-963-2844
A0005110,GS칼텍스 상암주유소,GS칼텍스,경기 고양시,경기,고양시,경기 고양시 덕양구 자유로 38 (덕은동),1,0,0,02-3158-0030
A0005115,㈜디오티디 고양고양이주유소,S-OIL,경기 고양시,경기,고양시,경기 고양시 덕양구 중앙로 209,1,0,1,070-8836-5185
A0005120,일광에너비스 헤이리점,GS칼텍스,경기 파주시,경기,파주시,경기 파주시 탄현면 평화로 940,1,0,0,031-949-5618
A0005121,씨앤에스유통㈜ 내유동주유소,S-OIL,경기 고양시,경기,고양시,경기 고양시 덕양구 통일로 1273 (내유동),1,0,0,031-962-0606
A0005122,(주)위굴리 고진역주유소,S-OIL,경기 용인시,경기,용인시,경기 용인시 처인구 백옥대로 1234 (유림동),1,0,1,031-323-7014
A0005135,대원주유소,알뜰주유소,경기 파주시,경기,파주시,경기 파주시 적성면 청송로 1091,1,1,1,031-959-3422
A0005140,청석주유소,S-OIL,경기 파주시,경기,파주시,경기 파주시 교하읍 교하로 1147,0,0,0,031-941-5149
A0005144,고일주유소,SK에너지,경기 고양시,경기,고양시,경기 고양시 일산동구 백마로 455 (풍동),0,0,0,031-902-6096
A0005146,우성주유소,HD현대오일뱅크,경기 양평군,경기,양평군,경기 양평군 개군로 320,0,0,0,031-771-7618
A0005149,신덕이로주유소,SK에너지,경기 고양시,경기,고양시,경기 고양시 일산서구 덕이로 36 (덕이동),1,0,1,031-918-5189
A0005152,세광주유소,SK에너지,경기 파주시,경기,파주시,경기 파주시 광탄면 부흥로 303,0,0,0,031-941-0675
A0005154,KH에너지㈜직영 가나주유소,SK에너지,경기 고양시,경기,고양시,경기 고양시 덕양구 호국로 1941 (벽제동),1,0,1,031-962-1541
A0005156,㈜운정구도일,S-OIL,경기 파주시,경기,파주시,경기 파주시 경의로 1571,1,0,0,031-946-5179
A0005157,시청앞주유소,S-OIL,경기 고양시,경기,고양시,경기 고양시 덕양구 고양대로 1303 (주교동),1,0,0,031-811-5179
A0005161,SK섬마을주유소,SK에너지,경기 고양시,경기,고양시,경기 고양시 덕양구 호수로 237,1,0,0,031-970-5189
A0005162,한솔주유소,GS칼텍스,경기 고양시,경기,고양시,경기 고양시 덕양구 통일로 1015,1,0,1,031-962-5182
A0005163,㈜너멍골,S-OIL,경기 고양시,경기,고양시,경기 고양시 덕양구 호국로 1259,1,0,1,02-371-2264
A0005169,해맑은주유소,GS칼텍스,경기 파주시,경기,파주시,경기 파주시 적성면 청송로 978,0,0,1,031-958-1211
A0005180,자유제일주유소,SK에너지,경기 고양시,경기,고양시,경기 고양시 덕양구 자유로 487 (행주외동),1,0,1,031-971-8533
A0005181,덕양주유소,알뜰주유소,경기 고양시,경기,고양시,경기 고양시 덕양구 충장로 142 (행신동),1,1,1,031-979-8426
A0005184,파주필립스주유소,GS칼텍스,경기 파주시,경기,파주시,경기 파주시 월롱면 통일로 909,0,0,0,031-942-5145
A0005190,자유로주유소,SK에너지,경기 고양시,경기,고양시,경기 고양시 일산서구 이산포길 266 (법곳동),1,0,0,031-923-5186
A0005193,행복한주유소,HD현대오일뱅크,전남광주 무안군,전남광주,무안군,전남광주통합특별시 무안군 현경면 공항로 380,0,0,1,061-454-5189
A0005197,㈜케이지디 당진주유소,HD현대오일뱅크,충남 당진시,충남,당진시,충남 당진시 신평면 북부산업로 387,0,0,0,0507-1403-0774
A0005203,파평산단주유소,HD현대오일뱅크,경기 파주시,경기,파주시,경기 파주시 파평면 율곡로 1394,1,0,1,031-954-0044
A0005214,장항주유소,S-OIL,경기 고양시,경기,고양시,경기 고양시 일산동구 장항로 277 (장항동),1,0,0,031-903-3322
A0005217,푸른에너지,자가상표,충남 예산군,충남,예산군,충남 예산군 예산읍 예산산업단지로 8-1,0,0,0,041-334-9009
A0005219,파평주유소,S-OIL,경기 파주시,경기,파주시,경기 파주시 파평면 청송로 194-1,0,0,1,031-958-6700
A0005225,금경주유소,HD현대오일뱅크,인천 서해구,인천,서해구,인천 서해구 염곡로 124 (가좌동),0,0,0,032-582-5151
A0005234,덕양제5주유소,SK에너지,경기 고양시,경기,고양시,경기 고양시 일산서구 고양대로 120 (법곳동),1,0,1,031-921-0922
A0005237,하우개 주식회사,SK에너지,경기 파주시,경기,파주시,경기 파주시  천정구로 77 (당하동),0,0,1,031-948-6007
A0005238,삼호주유소,HD현대오일뱅크,경기 고양시,경기,고양시,경기 고양시 덕양구 흥도로 404 (성사동),0,0,0,031-966-5599
A0005247,단봉주유소,S-OIL,인천 검단구,인천,검단구,인천 검단구 단봉로 68,0,0,0,032-564-5101
A0005250,삼일주유소,SK에너지,경기 고양시,경기,고양시,경기 고양시 일산동구 견달산로 252 (식사동),0,0,0,031-967-3144
A0005253,벽제석유㈜,SK에너지,경기 고양시,경기,고양시,경기 고양시 덕양구 혜음로 181,1,0,0,031-963-6460
A0005258,송산주유소,GS칼텍스,경기 고양시,경기,고양시,경기 고양시 일산서구 송산로 176,1,0,0,031-923-3393
A0005264,설문IC셀프주유소,HD현대오일뱅크,경기 고양시,경기,고양시,경기 고양시 일산동구 고봉로 799,1,0,0,031-975-5189
A0005266,(주)원흥 원당동지점,HD현대오일뱅크,경기 고양시,경기,고양시,경기 고양시 덕양구 호국로 1113,1,0,0,031-909-5189
A0005271,(주)정발산 주유소,HD현대오일뱅크,경기 고양시,경기,고양시,경기 고양시 일산동구 경의로 468 (정발산동),1,0,1,031-903-5676
A0005272,안곡주유소,HD현대오일뱅크,경기 고양시,경기,고양시,경기 고양시 일산동구 고양대로 831,1,0,0,031-977-0002
A0005277,대신석유(주)대자주유소,SK에너지,경기 고양시,경기,고양시,경기 고양시 덕양구  통일로 499,1,0,0,031-969-5186
A0005279,사우디제 7 주유소,SK에너지,경기 고양시,경기,고양시,경기 고양시 일산동구 백마로 37 (장항동),0,0,0,031-902-1155
A0005280,㈜진우에너지 자유로주유소,GS칼텍스,경기 파주시,경기,파주시,경기 파주시 재두루미길 622,1,0,0,031-945-7877
A0005281,일광에너비스 덕이동점 ㈜신흥에너비스,GS칼텍스,경기 고양시,경기,고양시,경기 고양시 일산서구  덕이로 299,1,0,0,031-911-2474
A0005288,항공대주유소,GS칼텍스,경기 고양시,경기,고양시,경기 고양시 덕양구  중앙로 171 (화전동),1,0,0,02-3158-0900
A0005297,개나리주유소,알뜰주유소,경기 고양시,경기,고양시,경기 고양시 덕양구 보광로 126 (벽제동),1,0,1,031-962-5545
A0005298,동원2주유소,GS칼텍스,경기 고양시,경기,고양시,경기 고양시 덕양구 통일로 1180 (내유동),1,0,0,031-969-5148
A0005300,㈜곡송 중앙로주유소,SK에너지,경기 고양시,경기,고양시,경기 고양시 덕양구 중앙로 113,1,0,0,02-3158-2228
A0005302,호수공원주유소,SK에너지,경기 고양시,경기,고양시,경기 고양시 일산동구 백마로 108 (장항동),1,0,0,031-901-5188
A0005303,(주)디오티디 고양용가리주유소,HD현대오일뱅크,경기 고양시,경기,고양시,경기 고양시 일산동구 백마로 590,1,0,1,070-4193-5151
A0005309,우리주유소,알뜰주유소,경기 고양시,경기,고양시,경기 고양시 일산동구 성현로 487,1,0,1,031-964-5101
A0005311,대화주유소,HD현대오일뱅크,경기 고양시,경기,고양시,경기 고양시 일산서구 대화로37번길 58,1,0,0,031-911-0048
A0005315,(주)한결에너지 한결주유소,S-OIL,경기 용인시,경기,용인시,경기 용인시 처인구 중부대로 1201 (삼가동),1,0,1,031-337-0599
A0005326,KH에너지㈜직영 애니골2주유소,SK에너지,경기 고양시,경기,고양시,경기 고양시 일산동구 무궁화로 304 (풍동),1,0,1,031-902-5157
A0005329,싱글벙글주유소,SK에너지,경기 고양시,경기,고양시,경기 고양시 일산동구 장항로 122-8 (백석동),1,0,0,031-902-5151
A0005348,백신주유소,HD현대오일뱅크,경기 고양시,경기,고양시,경기 고양시 일산동구 장항로 79 (백석동),0,0,0,031-938-7777
A0005355,제1자유로주유소,GS칼텍스,경기 고양시,경기,고양시,경기 고양시 덕양구 자유로 94,1,0,0,02-3158-0707
A0005367,구도일주유소 송포,S-OIL,경기 고양시,경기,고양시,경기 고양시 일산서구 송산로 494 (덕이동),0,0,0,031-916-5189
A0005369,지에스칼텍스㈜ 21세기주유소,GS칼텍스,전남광주 남구,전남광주,남구,전남광주통합특별시 남구 서문대로 697,1,0,1,062-675-5150
A0005372,주식회사 케이씨 문봉주유소,GS칼텍스,경기 고양시,경기,고양시,경기 고양시 일산동구 문봉길 66 (문봉동),1,0,0,031-976-5158
A0005390,(주)내유셀프주유소,HD현대오일뱅크,경기 고양시,경기,고양시,경기 고양시 덕양구 통일로 1228,1,0,0,031-963-2463
A0005391,KH에너지㈜직영 애니골주유소,SK에너지,경기 고양시,경기,고양시,경기 고양시 일산동구 무궁화로 307,1,0,1,031-901-5104
A0005397,탄현기린주유소,GS칼텍스,경기 고양시,경기,고양시,경기 고양시 일산서구 탄중로 263,1,0,1,031-911-5181
A0005406,터치주유소,S-OIL,경기 고양시,경기,고양시,경기 고양시 일산서구 송산로 194,0,0,0,031-923-0002
A0005418,(주)라인에너지 고양,SK에너지,경기 고양시,경기,고양시,경기 고양시 덕양구 고양대로 1926,1,0,0,02-358-3688
A0005430,일품주유소,S-OIL,경기 고양시,경기,고양시,경기 고양시 덕양구 통일로 862 (관산동),1,0,0,031-962-8055
A0005434,㈜탄현마을주유소,SK에너지,경기 고양시,경기,고양시,경기 고양시 일산서구 탄중로 251,1,0,0,031-915-5189
A0005436,덕양제7주유소,알뜰주유소,경기 고양시,경기,고양시,경기 고양시 일산동구 무궁화로 250 (풍동),1,0,1,031-905-5194
A0005438,HD현대오일뱅크㈜직영 일산가좌셀프주유소,HD현대오일뱅크,경기 고양시,경기,고양시,경기 고양시 일산서구 동서대로 352,1,0,1,031-923-8500
A0005440,SJ오일(주) 일산주유소,GS칼텍스,경기 고양시,경기,고양시,경기 고양시 일산서구 고양대로 535 (대화동),0,0,1,031-918-5154
A0005441,덕양제4주유소,SK에너지,경기 고양시,경기,고양시,경기 고양시 일산동구  고봉로 847 (설문동),1,0,1,031-975-5188
A0005442,덕이셀프주유소,S-OIL,경기 고양시,경기,고양시,경기 고양시 일산서구 덕이로 94 (덕이동),1,0,0,031-925-1777
A0005443,(주)원일석유 능곡주유소,SK에너지,경기 고양시,경기,고양시,경기 고양시 덕양구 토당로 104 (토당동),1,0,0,031-972-7311
A0005444,오두산주유소,GS칼텍스,경기 파주시,경기,파주시,경기 파주시 평화로 522 (맥금동),0,0,0,031-945-2388
A0005446,신우에너지(주),SK에너지,경기 고양시,경기,고양시,경기 고양시 일산동구 고봉로 470,1,0,0,031-964-1984
A0005447,신성엘피지허브㈜,SK에너지,경기 파주시,경기,파주시,경기 파주시 문산읍 통일로 1712,1,0,0,031-953-4160
A0005451,(주)골밭 문산주유소,GS칼텍스,경기 파주시,경기,파주시,경기 파주시 문산읍 율곡로 25,1,0,0,031-953-7500
A0005459,씨앤에스유통㈜ 신세계주유소,S-OIL,경기 고양시,경기,고양시,경기 고양시 일산동구 호수로 453,1,0,0,031-905-0210
A0005463,(주)원흥 원흥동지점,HD현대오일뱅크,경기 고양시,경기,고양시,경기 고양시 덕양구 서오릉로 712 (원흥동),1,0,0,031-963-5189
A0005470,농협하나로유통,NH-OIL,경기 고양시,경기,고양시,경기 고양시 일산서구  대화로 362 (대화동),1,0,1,031-910-9111
A0005471,봉암주유소,S-OIL,경기 파주시,경기,파주시,경기 파주시 파주읍 주라위길 278,0,0,0,031-952-6366
A0005472,조리농협주유소,NH-OIL,경기 파주시,경기,파주시,경기 파주시 조리읍 통일로 441,0,0,1,031-945-6048
A0005476,오신개발(주) 임진강주유소,HD현대오일뱅크,경기 파주시,경기,파주시,경기 파주시 월롱면 통일로 975,0,0,0,031-945-2170
A0005477,경일석유(주)신신주유소,GS칼텍스,경기 고양시,경기,고양시,경기 고양시 일산동구 백마로 32,1,0,0,031-903-5633
A0005478,봉일천주유소,GS칼텍스,경기 파주시,경기,파주시,경기 파주시 조리읍 봉천로 95,0,0,0,031-941-4046
A0005481,대성석유(주)스타주유소,GS칼텍스,경기 고양시,경기,고양시,경기 고양시 덕양구 은빛로 59,1,0,0,031-968-7421
A0005493,KLP화정주유소,HD현대오일뱅크,경기 고양시,경기,고양시,경기도 고양시 덕양구 화중로 38 (화정동),1,0,1,031-972-5145
A0005495,㈜와이에스에너지 백석동지점,HD현대오일뱅크,경기 고양시,경기,고양시,경기 고양시 일산동구 일산로 144 (백석동),1,0,1,031-905-5189
A0005504,㈜명주 직영 탄현셀프주유소,HD현대오일뱅크,경기 고양시,경기,고양시,경기 고양시 일산서구 경의로 829 (덕이동),1,0,0,031-918-8071
A0005508,(주)유성 화정점,HD현대오일뱅크,경기 고양시,경기,고양시,경기 고양시 덕양구 호국로 624 (화정동),1,0,0,031-964-0014
A0005509,HD현대오일뱅크㈜직영 장항IC셀프주유소,HD현대오일뱅크,경기 고양시,경기,고양시,경기 고양시 일산동구 백마로 56,1,0,1,031-904-5152
A0005511,SK에너지(주) 백마주유소,SK에너지,경기 고양시,경기,고양시,경기 고양시 일산동구 중앙로 990 (백석동),1,0,1,031-901-5151
A0005515,(주)신흥 신흥주유소,GS칼텍스,경기 파주시,경기,파주시,경기 파주시 중앙로 68 (금능동),0,0,0,031-949-5195
A0005519,경일석유(주) 신우주유소,GS칼텍스,경기 고양시,경기,고양시,경기도 고양시 일산동구  고양대로 952 (식사동),1,0,0,031-969-2745
A0005522,㈜케이엘페트로 고양셀프주유소,HD현대오일뱅크,경기 고양시,경기,고양시,경기 고양시 덕양구 충장로 210,1,0,1,031-938-5186
A0005523,㈜엘아이지휴세코 희망주유소/충전소,HD현대오일뱅크,경기 고양시,경기,고양시,경기 고양시 일산서구 경의로 910,1,0,1,031-925-5133
A0005524,(주)한미석유 덕이동주유소,GS칼텍스,경기 고양시,경기,고양시,경기 고양시 일산서구 덕이로 174 (덕이동),0,0,1,031-912-7618
A0005525,㈜보성중산주유소,SK에너지,경기 고양시,경기,고양시,경기 고양시 일산동구 고양대로 834 (중산동),1,0,0,031-977-4011
A0005528,삼미상사(주)일산제일주유소,SK에너지,경기 고양시,경기,고양시,경기 고양시 일산동구 고봉로 473,1,0,1,031-975-5159
A0005530,㈜제이원에너지 신동일산주유소,SK에너지,경기 고양시,경기,고양시,경기 고양시 일산동구 성현로 469 (사리현동),0,0,0,031-962-5151
A0005533,㈜삼표에너지 동해주유소,GS칼텍스,경기 고양시,경기,고양시,경기 고양시 덕양구 중앙로 110,1,0,1,02-3159-9774
A0005542,KH에너지㈜직영 KH기쁨주유소,SK에너지,경기 고양시,경기,고양시,경기 고양시 일산동구 고양대로 1064,1,0,1,031-977-5156
A0005546,㈜라인에너지 덕이주유소,HD현대오일뱅크,경기 고양시,경기,고양시,경기 고양시 일산서구 송산로 591 (덕이동),1,0,1,031-914-8363
A0005547,제2자유로주유소,GS칼텍스,경기 고양시,경기,고양시,경기 고양시 덕양구 제2자유로 154 (현천동),1,0,0,02-3159-7707
A0005554,삼미상사(주)파주역셀프주유소,SK에너지,경기 파주시,경기,파주시,경기 파주시 파주읍 통일로 1116,1,0,1,031-952-5184
A0005555,(주)원흥 고양동지점,HD현대오일뱅크,경기 고양시,경기,고양시,경기 고양시 덕양구 호국로 1789,1,0,0,031-965-5189
A0005556,㈜자연에너지 산유주유소,HD현대오일뱅크,경기 고양시,경기,고양시,경기 고양시 덕양구 중앙로 107,1,0,1,02-3158-3308
A0005557,비전에너지(주)코리아주유소,SK에너지,경기 고양시,경기,고양시,경기 고양시 일산동구 고봉로 788 (설문동),1,0,0,031-969-1900
A0005565,우주주유소,S-OIL,경기 고양시,경기,고양시,경기 고양시 덕양구 호국로 1693,1,0,1,031-963-5191
A0005566,㈜아동파크 고봉산주유소,SK에너지,경기 고양시,경기,고양시,경기 고양시 일산동구 고봉로 464,1,0,0,031-977-5189
A0005571,(주)원흥 풍동지점,HD현대오일뱅크,경기 고양시,경기,고양시,경기 고양시 일산동구 무궁화로 299 (풍동),1,0,0,031-908-5189
A0005574,(주)해진 구도일주유소 일산지점,S-OIL,경기 고양시,경기,고양시,경기 고양시 일산동구 백마로 36 (장항동),1,0,1,031-904-7793
A0005577,신우주유소,S-OIL,경기 고양시,경기,고양시,경기 고양시 일산동구 성현로 177,1,0,0,031-975-5193
A0005579,㈜럭키주유소,HD현대오일뱅크,경기 고양시,경기,고양시,경기 고양시 일산동구 성현로 58,1,0,0,031-977-5150
A0005592,안양동주유소,알뜰주유소,경기 안양시,경기,안양시,경기 안양시 만안구 박달로 552 (안양동),1,0,1,031-447-0247
A0005598,(주)명주로데오주유소,HD현대오일뱅크,경기 고양시,경기,고양시,경기 고양시 일산서구 덕이로 78-3,1,0,0,031-912-5177
A0005600,㈜한영 원주지점,HD현대오일뱅크,강원 원주시,강원,원주시,강원 원주시 소초면 북원로 3110,1,0,0,033-733-5189
A0005604,정상에너지(주)강매self주유소,SK에너지,경기 고양시,경기,고양시,경기 고양시 덕양구 중앙로 316 (도내동),1,0,0,031-972-1555
A0005606,(주)디오티디 고양야옹이주유소,HD현대오일뱅크,경기 고양시,경기,고양시,경기 고양시 일산서구 덕이로 188 (덕이동),1,0,1,031-8073-9051
A0005608,씨앤에스에너지(주)구도일주유소 성석,S-OIL,경기 고양시,경기,고양시,경기 고양시 일산동구 고봉로 618 (성석동),0,0,0,031-932-6666
A0005609,산성주유소,HD현대오일뱅크,경기 고양시,경기,고양시,경기 고양시 덕양구  행주로 59 (행주내동),1,0,0,031-970-5151
A0005611,(주)주연덕이 셀프주유소,HD현대오일뱅크,경기 고양시,경기,고양시,경기 고양시 일산서구 덕이로292번길 13(덕이동),1,0,0,031-918-5102
A0005613,태림주유소,HD현대오일뱅크,경기 고양시,경기,고양시,경기 고양시 일산서구 송산로 406,1,0,1,031-000-0000
A0005614,풍산셀프주유소,SK에너지,경기 고양시,경기,고양시,경기 고양시 일산동구 중산로 55 (중산동),1,0,1,031-975-5161
A0005615,분당제일에너지,S-OIL,경기 성남시,경기,성남시,경기 성남시 수정구 여수대로 32,1,0,0,031-723-9701
A0005622,굿모닝주유소,S-OIL,경기 용인시,경기,용인시,경기 용인시 처인구 모현면 백옥대로 2556,1,0,1,031-333-5590
A0005623,대평주유소,HD현대오일뱅크,충남 천안시,충남,천안시,충남 천안시 동남구 목천읍 충절로 779,0,0,0,041-557-6004
A0005627,엑스포주유소㈜해성에너지,S-OIL,경기 성남시,경기,성남시,경기 성남시 중원구 순환로 75,1,0,1,031-739-9353
A0005633,사우디주유소,SK에너지,경기 용인시,경기,용인시,경기 용인시 처인구 백암면 죽양대로 685,0,0,0,031-333-6901
A0005640,청계산주유소,GS칼텍스,경기 성남시,경기,성남시,경기 성남시 수정구 청계산로 458 (상적동),1,0,1,031-723-8187
A0005642,아시아셀프주유소,SK에너지,경기 성남시,경기,성남시,경기 성남시 중원구 둔촌대로 235 (하대원동),1,0,1,031-758-5111
A0005643,시티홀오일프라자,GS칼텍스,경기 성남시,경기,성남시,경기 성남시 중원구 여수대로 200,1,0,1,031-753-5959
A0005644,그린랜드주유소,GS칼텍스,경기 광주시,경기,광주시,경기 광주시 퇴촌면 정영로 798,1,0,0,031-768-3371
A0005647,대국주유소,알뜰주유소,경북 청도군,경북,청도군,경북 청도군 금천면 금천로 585,0,0,1,054-372-8911
A0005661,대륙주유소,GS칼텍스,강원 영월군,강원,영월군,강원 영월군 한반도면 강원남로 140,0,0,0,033-372-2998
A0005662,(주)동우에너지 판다주유소,S-OIL,경기 화성시,경기,화성시,경기 화성시 만세구 남양읍 화성로 1420,1,0,0,031-356-4272
A0005663,푸른하늘주유소,HD현대오일뱅크,경기 화성시,경기,화성시,경기 화성시 효행구 정남면 정남동로 145,0,0,0,031-375-8951
A0005669,금광주유소,HD현대오일뱅크,경기 성남시,경기,성남시,경기 성남시 중원구 금상로 79,0,0,0,031-733-2277
A0005682,e-푸른주유소,S-OIL,경기 성남시,경기,성남시,경기 성남시 수정구 성남대로 1482 (복정동),0,0,0,031-759-5189
A0005684,충북주유소,GS칼텍스,충북 옥천군,충북,옥천군,충북 옥천군 이원면 옥천로 2450,1,0,0,043-731-7771
A0005688,양평프라자주유소,SK에너지,경기 양평군,경기,양평군,경기 양평군 옥천면 경강로 1422,1,0,1,031-771-0162
A0005701,sk해뜨는주유소,SK에너지,서울 강동구,서울,강동구,서울 강동구  상일로 132 (강일동),1,0,1,02-442-7801
A0005705,분당로마도시고속주유소,GS칼텍스,경기 성남시,경기,성남시,경기 성남시 분당구 수내로 2 (수내동),1,0,1,031-715-0445
A0005711,주유소티파니블루,GS칼텍스,경기 성남시,경기,성남시,"경기 성남시 분당구 판교로 35,  (운중동)",1,0,1,031-8016-5151
A0005719,판교서일주유소,GS칼텍스,경기 성남시,경기,성남시,경기 성남시 분당구 판교로 315 (삼평동),1,0,1,031-8016-5260
A0005722,산성주유소,GS칼텍스,경기 성남시,경기,성남시,경기 성남시 수정구 산성대로 607 (양지동),1,0,0,031-747-5766
A0005725,상대원주유소,HD현대오일뱅크,경기 성남시,경기,성남시,경기 성남시 중원구 희망로 352,1,0,0,031-744-1592
A0005739,희성석유(주)금곡,GS칼텍스,경기 성남시,경기,성남시,경기 성남시 분당구 불정로 1 (정자동),1,0,1,031-716-5664
A0005743,NH하나로주유소,NH-OIL,경기 성남시,경기,성남시,경기 성남시 분당구 성남대로 43번길 11,1,0,1,031-738-9207
A0005745,분당로주유소,GS칼텍스,경기 성남시,경기,성남시,경기 성남시 분당구 대왕판교로 381 (백현동),1,0,1,031-708-0443
A0005746,㈜소모 동화주유소,GS칼텍스,경기 성남시,경기,성남시,경기 성남시 분당구 돌마로 176 (정자동),1,0,1,031-713-3433
A0005747,구도일주유소 성남,S-OIL,경기 성남시,경기,성남시,경기 성남시 중원구 갈마치로 233,1,0,1,031-741-5151
A0005750,㈜삼표에너지 야탑주유소,GS칼텍스,경기 성남시,경기,성남시,경기 성남시 분당구 돌마로 910,1,0,1,031-706-5145
A0005755,㈜태산이엔엘 태평주유소,HD현대오일뱅크,경기 성남시,경기,성남시,경기 성남시 수정구 성남대로 1301 (태평동),1,0,1,031-604-8260
A0005758,HD현대오일뱅크㈜직영 서현셀프주유소,HD현대오일뱅크,경기 성남시,경기,성남시,경기 성남시 분당구 서현로 488 (분당동),1,0,1,031-701-4983
A0005759,SK에너지(주) 단대주유소,SK에너지,경기 성남시,경기,성남시,경기 성남시 수정구 희망로 530 (산성동),1,0,1,031-743-9401
A0005761,㈜이아이디 희망주유소 지점,S-OIL,경기 성남시,경기,성남시,경기 성남시 중원구 희망로 28 (도촌동),1,0,0,070-4240-6529
A0005763,㈜오일플라자 성남지점 돌마주유소,HD현대오일뱅크,경기 성남시,경기,성남시,경기 성남시 중원구 둔촌대로 295 (하대원동),0,0,0,031-753-7770
A0005765,HD현대오일뱅크㈜직영 이매동셀프주유소,HD현대오일뱅크,경기 성남시,경기,성남시,경기 성남시 분당구 성남대로 772번길 2 (이매동),1,0,1,031-703-9515
A0005768,HD현대오일뱅크㈜직영 수내동셀프주유소,HD현대오일뱅크,경기 성남시,경기,성남시,경기 성남시 분당구 불정로 274,1,0,1,031-715-1681
A0005769,HD현대오일뱅크㈜직영 지알씨주유소,HD현대오일뱅크,경기 성남시,경기,성남시,경기 성남시 분당구 성남대로407번길 13,0,0,1,031-715-0755
A0005775,서현주유소,GS칼텍스,경기 성남시,경기,성남시,경기 성남시 분당구 새마을로 19,0,0,0,031-701-7404
A0005776,주식회사 세진주유소,HD현대오일뱅크,경기 성남시,경기,성남시,경기 성남시 수정구 성남대로 1529,1,0,1,031-757-0551
A0005782,판교주유소,HD현대오일뱅크,경기 성남시,경기,성남시,경기 성남시 분당구 운중로 263,1,0,0,031-708-1717
A0005783,KH에너지㈜직영 판교모드니주유소,SK에너지,경기 성남시,경기,성남시,경기 성남시 분당구 동판교로 42 (백현동),1,0,1,031-8017-5153
A0005784,KH에너지㈜직영 판교운중주유소,SK에너지,경기 성남시,경기,성남시,경기 성남시 분당구 동판교로 177 (삼평동),0,0,1,031-8017-5155
A0005788,㈜세진주유소 경원지점,HD현대오일뱅크,경기 성남시,경기,성남시,경기 성남시 수정구 성남대로 1414 (복정동),1,0,1,031-751-6051
A0005789,(주)새서울석유 동판교주유소,HD현대오일뱅크,경기 성남시,경기,성남시,경기 성남시 수정구 대왕판교로 1002 (고등동),1,0,0,031-723-6331
A0005791,(주)새서울석유 세종,HD현대오일뱅크,경기 성남시,경기,성남시,경기 성남시 수정구 여수대로 10 (시흥동),0,0,0,031-723-6588
A0005792,한강에너지(주),SK에너지,경기 성남시,경기,성남시,경기 성남시 중원구 여수대로 147 (여수동),1,0,0,031-759-2834
A0005793,㈜MOT이엔지 직영 MOT플러스,S-OIL,경기 성남시,경기,성남시,경기 성남시 수정구 산성대로 463 (단대동),0,0,1,031-735-2942
A0005797,㈜디오티디 성남불사조주유소,HD현대오일뱅크,경기 성남시,경기,성남시,경기 성남시 중원구 경충대로 2441,1,0,0,070-7798-5185
A0005799,민들레주유소,SK에너지,경기 이천시,경기,이천시,경기 이천시 장호원읍 경충대로 111,0,0,1,031-642-5151
A0005801,중원에너지 셀프주유소,SK에너지,경기 성남시,경기,성남시,경기 성남시 중원구 산성대로 336 (중동),1,0,1,031-745-5111
A0005802,SK공단주유소,SK에너지,경기 성남시,경기,성남시,경기 성남시 중원구 둔촌대로 413,1,0,1,031-743-6060
A0005804,김포대주유소,S-OIL,경기 김포시,경기,김포시,경기 김포시 월곶면 김포대로 2937,1,0,1,031-984-5177
A0005805,대원주유소,S-OIL,경기 화성시,경기,화성시,경기 화성시 만세구 팔탄면 서해로 1322-3,1,0,1,031-352-8185
A0005806,이케이에너지㈜ 서해주유소,HD현대오일뱅크,경기 부천시,경기,부천시,경기 부천시 오정구 벌말로 8,1,0,1,032-683-9580
A0005807,천운봉주유소,GS칼텍스,경기 양평군,경기,양평군,경기 양평군 옥천면 경강로 1564,0,0,0,031-774-1245
A0005812,(주)신천IC셀프주유소,SK에너지,경기 시흥시,경기,시흥시,경기 시흥시 서해안로 1326-1 (방산동),1,0,0,031-315-1483
A0005818,동우주유소,SK에너지,경기 부천시,경기,부천시,경기 부천시 오정구 삼작로 151 (내동),1,0,1,032-674-6660
A0005828,미소주유소,SK에너지,인천 검단구,인천,검단구,인천 검단구 단봉로 61 (왕길동),1,0,0,032-569-5144
A0005834,세경SK주유소,SK에너지,경기 여주시,경기,여주시,경기 여주시 대신면 여양로 1801,1,0,0,031-881-1801
A0005850,㈜태리 은행나무주유소,GS칼텍스,경기 부천시,경기,부천시,경기 부천시 오정구 길주로 571,1,0,0,032-675-5185
A0005861,큰사랑주유소,GS칼텍스,경기 광명시,경기,광명시,경기 광명시 금오로 659,1,0,0,02-2611-3960
A0005865,㈜하이파워부강주유소,SK에너지,경기 부천시,경기,부천시,경기 부천시 오정구 역곡로 458,1,0,1,032-683-3305
A0005867,삼미상사(주)부천제일주유소,SK에너지,경기 부천시,경기,부천시,경기 부천시 오정구 소사로 782 (원종동),0,0,1,032-681-3737
A0005869,우성주유소,HD현대오일뱅크,경북 김천시,경북,김천시,경북 김천시 영남대로 1564,0,0,0,054-430-9978
A0005889,유레카주유소,HD현대오일뱅크,경기 김포시,경기,김포시,경기 김포시 대곶면 대곶서로 151,0,0,0,031-996-0017
A0005895,금고주유소,SK에너지,충북 음성군,충북,음성군,충북 음성군 소이면 한불로 534,0,0,0,043-872-5122
A0005897,고향주유소,HD현대오일뱅크,강원 춘천시,강원,춘천시,강원 춘천시 서면 서상로 387,0,0,0,033-244-2011
A0005900,(주)아이에스피에너지(서울서부고속주유소),HD현대오일뱅크,서울 은평구,서울,은평구,서울 은평구 응암로 163,1,0,0,02-303-1448
A0005902,태광주유소,SK에너지,경기 부천시,경기,부천시,경기 부천시 원미구 신흥로 330,0,0,1,032-683-9965
A0005903,한마음주유소,GS칼텍스,경기 포천시,경기,포천시,경기 포천시 신북면 호국로 2285,1,0,0,031-531-4285
A0005907,(주)역곡주유소,자가상표,경기 부천시,경기,부천시,경기 부천시 원미구 부일로 820,1,1,1,032-345-5002
A0005910,신화주유소,GS칼텍스,경기 부천시,경기,부천시,경기 부천시 오정구 부천로478번길 5 (오정동),1,0,1,032-673-5189
A0005915,사계절주유소,SK에너지,경기 부천시,경기,부천시,경기 부천시 오정구 봉오대로 278 (오정동),1,0,0,032-673-7011
A0005920,약대주유소,S-OIL,경기 부천시,경기,부천시,경기 부천시 오정구 신흥로 365,1,0,0,032-683-5151
A0005921,남경주유소,HD현대오일뱅크,경기 부천시,경기,부천시,경기 부천시 오정구 오정로 191 (내동),1,0,1,032-671-5179
A0005925,YB원미주유소,HD현대오일뱅크,경기 부천시,경기,부천시,경기 부천시 원미구 원미로 148 (원미동),0,0,0,032-666-1119
A0005926,좋은하루주유소,GS칼텍스,경기 부천시,경기,부천시,경기 부천시 원미구 부흥로 32,1,0,0,032-328-5151
A0005958,BK꿀벌주유소,S-OIL,경기 부천시,경기,부천시,경기 부천시 오정구 역곡로 449,1,0,0,032-676-5001
A0005961,(주)스마트오일주유소,알뜰주유소,경기 평택시,경기,평택시,경기 평택시 진위면 경기대로 1905,1,0,1,031-668-6161
A0005963,오정주유소,S-OIL,경기 부천시,경기,부천시,경기 부천시 오정구 오정로 234 (오정동),1,0,0,032-671-0103
A0005980,한성주유소,GS칼텍스,경기 부천시,경기,부천시,경기 부천시 원미구 길주로 387 (춘의동),0,0,1,032-682-3900
A0005996,마도IC주유소,S-OIL,경기 화성시,경기,화성시,경기 화성시 만세구 마도면 화성로 667,1,0,1,031-356-9880
A0006006,헤이리주유소,HD현대오일뱅크,경기 파주시,경기,파주시,경기 파주시 탄현면 평화로 809,1,0,1,031-945-5149
A0006022,수현주유소,S-OIL,경기 부천시,경기,부천시,경기 부천시 오정구 봉오대로 494,0,0,0,032-683-8006
A0006037,무림통운주유소,SK에너지,경기 평택시,경기,평택시,경기 평택시 도일유통길 69,0,0,0,031-664-3960
A0006038,한도석유(주) 한도주유소,HD현대오일뱅크,경기 부천시,경기,부천시,경기 부천시 오정구 봉오대로 560,0,0,0,032-673-8128
A0006039,(유)동하석유 힐탑셀프주유소,SK에너지,서울 강남구,서울,강남구,서울 강남구 논현로 640,1,0,0,02-544-4075
A0006040,㈜대성주유소,SK에너지,경기 양평군,경기,양평군,경기 양평군 강상면 강남로 682,0,0,0,031-774-6880
A0006041,광명제일주유소 지점,SK에너지,경기 광명시,경기,광명시,경기 광명시  범안로 608 (학온동),1,0,0,02-2611-0491
A0006057,SK에너지(주) 심곡주유소,SK에너지,경기 부천시,경기,부천시,경기 부천시 원미구 신흥로 51 (심곡동),1,0,1,032-656-0188
A0006061,중동하이웨이주유소,HD현대오일뱅크,경기 부천시,경기,부천시,경기 부천시 원미구 평천로 639 (약대동),1,0,0,032-321-5104
A0006062,동일석유㈜복사골주유소,SK에너지,경기 부천시,경기,부천시,경기 부천시 소사구 경인로 36,1,0,1,032-651-4775
A0006063,부천하이웨이주유소,HD현대오일뱅크,경기 부천시,경기,부천시,"경기 부천시 원미구 송내대로 369, 1층(상동)",1,0,0,032-326-5104
A0006069,㈜삼표에너지 삼표주유소,GS칼텍스,경기 부천시,경기,부천시,경기 부천시 원미구 부흥로 317 (중동),1,0,1,032-329-5151
A0006082,씨앤에스유통(주) 서해상동 주유소,S-OIL,경기 부천시,경기,부천시,경기 부천시 원미구  송내대로 389 (상동),0,0,0,032-329-6776
A0006091,내동주유소,GS칼텍스,경기 부천시,경기,부천시,경기 부천시 오정구 수도로 201,1,0,1,032-676-5050
A0006092,(주)동원석유,S-OIL,경기 부천시,경기,부천시,경기 부천시 원미구 부흥로 182(중동),1,0,0,032-612-5104
A0006093,다산주유소,S-OIL,서울 중구,서울,중구,서울 중구 다산로 233,1,0,0,02-2252-2210
A0006095,아이콘주유소,S-OIL,서울 성동구,서울,성동구,서울 성동구 고산자로 273 (도선동),1,0,0,02-2291-5189
A0006096,영신주유소,SK에너지,전남광주 해남군,전남광주,해남군,전남광주통합특별시 해남군 옥천면 공룡대로 3708,0,0,1,061-536-8600
A0006099,계남주유소,S-OIL,경기 부천시,경기,부천시,경기 부천시 원미구 길주로 640 (춘의동),1,0,0,032-682-0278
A0006101,럭키주유소,HD현대오일뱅크,경기 부천시,경기,부천시,경기 부천시 소사로 221,1,0,0,032-345-5145
A0006106,이화주유소,S-OIL,경기 부천시,경기,부천시,경기 부천시 원미구 신흥로 19 (심곡동),1,0,0,032-668-5151
A0006107,㈜자연에너지 삼정주유소,HD현대오일뱅크,경기 부천시,경기,부천시,경기 부천시 오정구 중동로 447 (삼정동),1,0,1,032-682-7406
A0006110,㈜북두칠성주유소,SK에너지,인천 서해구,인천,서해구,인천 서해구 백범로630번길 44,1,0,0,032-299-5151
A0006114,충북석유(주)성화주유소,SK에너지,충북 청주시,충북,청주시,충청북도 청주시 서원구 서부로 1354,1,0,0,043-233-2322
A0006117,㈜창조 신화주유소,S-OIL,인천 연수구,인천,연수구,인천 연수구 경원대로 556,1,0,1,032-433-5188
A0006122,㈜원흥.양주지점 제이앤에스,HD현대오일뱅크,경기 양주시,경기,양주시,경기 양주시 평화로 1107 (산북동),1,0,0,031-840-5189
A0006130,12선녀탕주유소,HD현대오일뱅크,강원 인제군,강원,인제군,강원 인제군 북면 미시령로 660,0,0,0,033-462-5599
A0006135,청해진주유소,SK에너지,전남광주 완도군,전남광주,완도군,전남광주통합특별시 완도군 군외면 청해진로 137,0,0,1,061-555-5104
A0006147,만수광해주유소,SK에너지,인천 남동구,인천,남동구,인천 남동구 인주대로 879,1,0,0,032-471-2000
A0006149,신내주유소,GS칼텍스,강원 홍천군,강원,홍천군,강원 홍천군 화촌면 구룡령로 10,1,0,1,033-435-8100
A0006152,경일석유(주) 도영주유소,GS칼텍스,경기 용인시,경기,용인시,경기 용인시 기흥구 용구대로 2100,1,0,0,031-283-8232
A0006156,명보주유소,알뜰주유소,인천 미추홀구,인천,미추홀구,인천 미추홀구 인하로 217 (주안동),1,0,1,032-872-5511
A0006158,통진셀프주유소,S-OIL,경기 김포시,경기,김포시,경기 김포시 통진읍 율마로 247,1,0,1,031-996-0681
A0006167,수산주유소,HD현대오일뱅크,인천 남동구,인천,남동구,인천 남동구 호구포로 622,1,0,0,032-467-5188
A0006178,도림SELF주유소,SK에너지,인천 남동구,인천,남동구,인천 남동구 논고개로 252,1,0,0,032-441-5144
A0006179,서경주유소,SK에너지,경기 파주시,경기,파주시,경기 파주시 중앙로 90 (금능동),1,0,0,031-944-3131
A0006180,메트로 다솜주유소,GS칼텍스,인천 남동구,인천,남동구,인천 남동구 논고개로 253 (도림동),0,0,0,032-442-5189
A0006184,송화주유소,SK에너지,인천 연수구,인천,연수구,인천 연수구 앵고개로 121 (동춘동),0,0,0,032-832-5156
A0006186,아시아self주유소 인천점,SK에너지,인천 연수구,인천,연수구,인천 연수구 한나루로 131 (옥련동),1,0,1,032-859-5151
A0006190,(주)태리 송도신도시주유소,GS칼텍스,인천 연수구,인천,연수구,인천 연수구 아암대로 809,0,0,0,032-858-8912
A0006207,한사랑주유소,SK에너지,인천 남동구,인천,남동구,인천 남동구 인주대로 774 (구월동),1,0,0,032-462-5429
A0006213,구월아시아드주유소,SK에너지,인천 남동구,인천,남동구,인천 남동구 호구포로 725  (구월동),1,0,1,032-465-8300
A0006214,㈜도지주유소,HD현대오일뱅크,인천 남동구,인천,남동구,인천 남동구 백범로 471,1,0,0,032-433-3832
A0006225,지에스칼텍스(주)송도국제도시주유소,GS칼텍스,인천 연수구,인천,연수구,인천 연수구 하모니로 128 (송도동),1,0,1,032-833-5145
A0006227,보문연수주유소,GS칼텍스,인천 연수구,인천,연수구,인천 연수구 먼우금로 200 (연수동),1,0,0,032-816-5145
A0006229,㈜이안스타에너지 예산지점,S-OIL,충남 예산군,충남,예산군,충남 예산군 예산읍 충서로 1600,1,0,0,041-333-1006
A0006231,(주)박문석유 구월주유소,GS칼텍스,인천 남동구,인천,남동구,인천 남동구 인주대로 512 (구월동),1,0,1,032-422-5455
A0006234,연수하이웨이주유소,HD현대오일뱅크,인천 연수구,인천,연수구,인천 연수구 매소홀로 710,1,0,0,032-434-5189
A0006235,장안주유소,S-OIL,인천 미추홀구,인천,미추홀구,인천 미추홀구 독배로492번길 42 (숭의동),1,0,1,032-888-0110
A0006237,㈜서강산업주유소,SK에너지,경기 화성시,경기,화성시,경기 화성시 효행구 정남면 서봉로 1036,1,0,0,031-366-5145
A0006239,㈜지에스에너지 동홍천지점 주유소/충전소,GS칼텍스,강원 홍천군,강원,홍천군,강원 홍천군 홍천읍 설악로 2374,1,0,1,033-433-6528
A0006252,HD현대오일뱅크㈜직영 수인주유소,HD현대오일뱅크,인천 남동구,인천,남동구,인천 남동구 백범로 255,0,0,1,032-466-7001
A0006256,HD현대오일뱅크㈜직영 송도역셀프주유소,HD현대오일뱅크,인천 연수구,인천,연수구,인천 연수구 비류대로 199,1,0,1,032-710-1030
A0006257,HD현대오일뱅크㈜직영 공단1주유소,HD현대오일뱅크,인천 남동구,인천,남동구,인천 남동구 남동대로 367 (남촌동),0,0,1,032-812-4162
A0006258,HD현대오일뱅크㈜직영 공단2주유소,HD현대오일뱅크,인천 남동구,인천,남동구,인천 남동구 앵고개로 463 (고잔동),0,0,1,032-817-8781
A0006266,KH에너지㈜직영 문광주유소,SK에너지,인천 남동구,인천,남동구,인천 남동구 백범로 423 (간석동),1,0,1,032-433-4392
A0006269,신화상사(주)주원고개주유소,S-OIL,인천 남동구,인천,남동구,인천 남동구 주안로 264 (간석동),1,0,1,032-422-5182
A0006272,동윤주유소,SK에너지,인천 남동구,인천,남동구,인천 남동구 논현고잔로 141,1,0,0,032-437-5151
A0006273,HD현대오일뱅크㈜직영 인천대교주유소,HD현대오일뱅크,인천 연수구,인천,연수구,인천 연수구 아암대로 815 (동춘동),0,0,1,032-833-7020
A0006279,서일석유(주)남동서일주유소,GS칼텍스,인천 남동구,인천,남동구,인천 남동구 인주대로 810 (구월동),1,0,1,032-575-5100
A0006280,서창IC주유소,S-OIL,인천 남동구,인천,남동구,인천 남동구 백범로 5 (만수동),1,0,0,032-472-3588
A0006282,그린좋은주유소,S-OIL,인천 남동구,인천,남동구,인천 남동구 앵고개로 676,1,0,0,032-277-5151
A0006283,원천제3주유소,GS칼텍스,인천 연수구,인천,연수구,인천 연수구 비류대로 223,1,0,1,032-832-5181
A0006285,KH에너지㈜직영 수림공원주유소,SK에너지,인천 남동구,인천,남동구,인천 남동구 주안로 270 (간석동),1,0,1,032-428-0001
A0006286,유카스에너지 대벽주유소,S-OIL,경기 김포시,경기,김포시,경기 김포시 대곶면 약암로 505,1,0,1,031-982-7363
A0006287,청라셀프주유소,GS칼텍스,인천 서해구,인천,서해구,인천 서해구 경명대로 284(경서동),1,0,0,032-565-5185
A0006290,(주)유카스에너지,S-OIL,인천 남동구,인천,남동구,인천 남동구 장수로 2-2 (장수동),1,0,1,032-465-0775
A0006291,(주)유카스에너지 상동SELF,SK에너지,경기 부천시,경기,부천시,경기 부천시 원미구 부일로 274 (상동),1,0,1,070-7728-9215
A0006293,㈜제이케이에너지 선학로주유소,GS칼텍스,인천 연수구,인천,연수구,인천 연수구 경원대로 515 (선학동),0,0,1,032-815-5189
A0006294,선학현대 ㈜강남파크,HD현대오일뱅크,인천 연수구,인천,연수구,인천 연수구 경원대로 539,1,0,0,032-812-5144
A0006295,(주)서해에너지,SK에너지,인천 연수구,인천,연수구,인천 연수구 경원대로 536,1,0,0,032-822-8858
A0006299,청수주유소,SK에너지,충북 괴산군,충북,괴산군,충북 괴산군 연풍면 연풍로 1169,0,0,0,043-833-7749
A0006300,스마일주유소,알뜰주유소,부산 부산진구,부산,부산진구,부산 부산진구 동평로 49,1,0,1,051-939-2022
A0006301,㈜지에스이앤알 인창주유소,GS칼텍스,경기 구리시,경기,구리시,경기 구리시 동구릉로 78,0,0,1,031-553-5644
A0006307,대성주유소,S-OIL,경기 포천시,경기,포천시,경기 포천시 신북면 호국로 1961,1,0,1,031-535-7450
A0006308,교문주유소,S-OIL,경기 구리시,경기,구리시,경기 구리시 아차산로 436 (교문동),1,0,1,031-566-3477
A0006311,광암self주유소,SK에너지,경기 남양주시,경기,남양주시,경기 남양주시 화도읍 수레로 1100,1,0,0,031-593-5060
A0006313,청운농협주유소,SK에너지,경기 양평군,경기,양평군,경기 양평군 청운면 용두로 81,0,0,1,031-774-5164
A0006314,버드나무주유소,S-OIL,경기 남양주시,경기,남양주시,경기 남양주시 경강로 382,1,0,0,031-576-5145
A0006315,금성주유소,S-OIL,경기 남양주시,경기,남양주시,경기 남양주시 강변북로 651번길20 (수석동),1,0,0,031-556-8414
A0006316,가나주유소,GS칼텍스,경기 남양주시,경기,남양주시,경기 남양주시 경강로 318,0,0,1,031-577-2515
A0006319,동북주유소,S-OIL,경기 남양주시,경기,남양주시,경기 남양주시 진건읍 사릉로 420,1,0,0,031-574-8552
A0006322,대흥주유소,GS칼텍스,경기 양평군,경기,양평군,경기 양평군 양평읍 대흥로 106-4,0,0,1,031-771-1876
A0006324,동아주유소(self),GS칼텍스,경기 남양주시,경기,남양주시,경기 남양주시 진접읍 장현로 39,1,0,0,031-572-7000
A0006325,㈜남건이앤에스직영 세방주유소,GS칼텍스,경기 남양주시,경기,남양주시,경기 남양주시 진접읍 금강로 951,1,0,0,031-571-0491
A0006327,덕흥주유소,HD현대오일뱅크,경기 남양주시,경기,남양주시,경기 남양주시 별내면 덕릉로 1101,0,0,0,031-527-5577
A0006328,진건주유소,S-OIL,경기 남양주시,경기,남양주시,경기 남양주시 진건읍 진관로 305,0,0,0,031-574-2344
A0006340,지에스칼텍스㈜ 미호주유소,GS칼텍스,충북 청주시,충북,청주시,충북 청주시 흥덕구 강내면 가로수로 516,0,0,1,043-233-2713
A0006345,백련주유소,GS칼텍스,경기 평택시,경기,평택시,경기 평택시 청원로 1394,1,0,0,031-668-4411
A0006347,가평주유소,S-OIL,경기 가평군,경기,가평군,경기 가평군 가평읍 가화로 41-16,0,0,0,031-582-3114
A0006350,석불주유소,S-OIL,경기 양평군,경기,양평군,경기 양평군 지평면 지평의병로 440,0,0,0,031-774-5145
A0006352,성수주유소,GS칼텍스,경기 남양주시,경기,남양주시,경기 남양주시 화도읍 수레로 1186,1,0,0,031-559-5182
A0006354,풍천주유소,S-OIL,경기 남양주시,경기,남양주시,경기 남양주시 진접읍 금강로 1842,1,0,1,031-529-3357
A0006357,유명산주유소,GS칼텍스,경기 가평군,경기,가평군,경기 가평군 설악면 유명로 867,0,0,0,031-584-7776
A0006358,고동산주유소,S-OIL,경기 가평군,경기,가평군,경기 가평군 청평면 북한강로 1659,0,0,0,031-584-0578
A0006359,태양주유소,GS칼텍스,경기 가평군,경기,가평군,경기 가평군 설악면 한서로 25,1,0,0,031-585-3377
A0006360,삼밭골주유소,GS칼텍스,경기 가평군,경기,가평군,경기 가평군 설악면 유명로 2005,1,0,0,031-584-2476
A0006362,대성주유소,SK에너지,경기 가평군,경기,가평군,경기 가평군 하면 청군로 1184,0,0,0,031-585-0758
A0006363,동현주유소,S-OIL,경기 가평군,경기,가평군,경기 가평군 하면 청군로 1303,0,0,1,031-585-5189
A0006365,(주)골든쌔들주유소,S-OIL,경기 양평군,경기,양평군,경기 양평군 용문면 경강로 2946,0,0,0,031-774-8232
A0006366,주영주유소,SK에너지,경기 남양주시,경기,남양주시,경기 남양주시 진건읍 진건오남로 250,1,0,0,031-575-7110
A0006368,갑산주유소,SK에너지,경기 남양주시,경기,남양주시,경기 남양주시 와부읍 수레로 290,0,0,0,031-576-0144
A0006376,sk율석주유소,SK에너지,경기 남양주시,경기,남양주시,경기 남양주시 와부읍 석실로 460,0,0,0,031-521-9188
A0006380,당림주유소,SK에너지,강원 춘천시,강원,춘천시,강원 춘천시 서면 경춘로 969,1,0,0,033-262-2621
A0006382,팔봉산주유소,HD현대오일뱅크,강원 홍천군,강원,홍천군,강원 홍천군 남면 설악로 124,0,0,0,033-432-4036
A0006384,양평주유소,SK에너지,경기 양평군,경기,양평군,경기 양평군 양평읍 양근로 82,1,0,1,031-772-5151
A0006385,쌍둥이주유소,S-OIL,경기 양평군,경기,양평군,경기 양평군 양서면 경강로 1197,1,0,0,031-774-5144
A0006386,양근주유소,HD현대오일뱅크,경기 양평군,경기,양평군,경기 양평군 양평읍 마유산로 67,0,0,0,031-771-1114
A0006387,문호주유소,SK에너지,경기 양평군,경기,양평군,경기 양평군 서종면 중미산로 97,0,0,0,031-771-9700
A0006388,양평농협 옥천주유소,NH-OIL,경기 양평군,경기,양평군,경기 양평군 옥천면 마유산로 454,0,0,1,031-774-5158
A0006395,수동주유소,S-OIL,경기 남양주시,경기,남양주시,경기 남양주시 수동면 비룡로 815,0,0,0,031-594-6800
A0006400,양동주유소,SK에너지,경기 양평군,경기,양평군,경기 양평군 양동면 학둔지아래길 108,0,0,0,031-773-1146
A0006404,일흥주유소,S-OIL,경기 양평군,경기,양평군,경기 양평군 양서면 경강로 1196,0,0,0,031-771-5144
A0006405,남양주유소,S-OIL,경기 남양주시,경기,남양주시,경기 남양주시 진접읍 장현로 130,0,0,0,031-571-2070
A0006409,남양주주유소,GS칼텍스,경기 남양주시,경기,남양주시,경기 남양주시 화도읍 경춘로 2256,0,0,0,031-594-1470
A0006413,한강주유소,알뜰주유소,경기 고양시,경기,고양시,경기 고양시 덕양구 행주로 57-28,1,1,1,031-972-9125
A0006417,신내주유소,HD현대오일뱅크,경기 양평군,경기,양평군,경기 양평군 양평읍 샘뜰길 57,0,0,0,031-771-5186
A0006419,만남주유소,SK에너지,경기 포천시,경기,포천시,경기 포천시 호국로 1439,1,0,0,031-536-0093
A0006434,월드주유소,HD현대오일뱅크,경기 양평군,경기,양평군,경기 양평군 양평읍 중앙로 402,0,0,0,031-772-6776
A0006435,(주)진우8주유소,SK에너지,경기 남양주시,경기,남양주시,경기도 남양주시 불암로 77 (별내동),1,0,0,070-4048-5684
A0006437,SK성원주유소,SK에너지,경기 양평군,경기,양평군,경기 양평군 서종면 북한강로 888,0,0,1,031-774-6415
A0006439,천마산주유소,HD현대오일뱅크,경기 남양주시,경기,남양주시,경기 남양주시 화도읍 경춘로 1661,0,0,0,031-594-4418
A0006442,남양주스마일주유소,HD현대오일뱅크,경기 남양주시,경기,남양주시,경기 남양주시 와부읍 수레로 295,0,0,0,031-521-0038
A0006444,KH에너지㈜직영 덕소주유소,SK에너지,경기 남양주시,경기,남양주시,경기도 남양주시 와부읍 경강로 881,1,0,1,031-577-2916
A0006454,월문주유소,GS칼텍스,경기 남양주시,경기,남양주시,경기 남양주시 와부읍 수레로 602,1,0,1,000-000-0000
A0006455,여기가좋겠네주유소,HD현대오일뱅크,경기 양평군,경기,양평군,경기 양평군 용문면 경강로 2758-1,1,0,0,031-774-5135
A0006456,마석주유소,SK에너지,경기 남양주시,경기,남양주시,경기 남양주시 화도읍 마석로 111,0,0,1,031-593-8817
A0006457,HD현대오일뱅크㈜직영 구리셀프주유소,HD현대오일뱅크,경기 구리시,경기,구리시,경기 구리시 아차산로 274,1,0,1,031-557-5151
A0006465,송정주유소,S-OIL,경기 가평군,경기,가평군,경기 가평군 가평읍 가화로 359,0,0,1,031-581-0001
A0006466,백운봉주유소,SK에너지,경기 양평군,경기,양평군,경기 양평군 양평읍 경강로 2209,0,0,0,031-771-7182
A0006468,씨앤에스유통㈜ 사능IC주유소,S-OIL,경기 남양주시,경기,남양주시,경기 남양주시 진건읍 사릉로 225,1,0,0,031-573-5058
A0006479,"형제주유소, 씨유 양평 마유산로점",HD현대오일뱅크,경기 양평군,경기,양평군,경기 양평군 옥천면 마유산로 581,0,0,0,031-772-4837
A0006482,오늘주유소 고백점,HD현대오일뱅크,경기 이천시,경기,이천시,경기 이천시 부발읍 중부대로 2033,1,0,1,0
A0006489,청풍주유소,SK에너지,경기 가평군,경기,가평군,경기 가평군 청평면 경춘로 257,1,0,0,031-584-9000
A0006491,지에스칼텍스㈜ 만호주유소,GS칼텍스,경기 평택시,경기,평택시,경기 평택시 포승읍 서동대로 771,1,0,1,031-681-1800
A0006497,푸른주유소,S-OIL,경기 구리시,경기,구리시,경기 구리시 벌말로 117 (토평동),0,0,1,031-566-0051
A0006502,가평Self주유소,HD현대오일뱅크,경기 가평군,경기,가평군,경기 가평군 가평읍 경춘로 2065,1,0,0,031-581-8770
A0006505,서울석유(주) 호평첨단주유소,SK에너지,경기 남양주시,경기,남양주시,경기 남양주시 늘을1로 161,1,0,1,031-594-5149
A0006506,서종온누리주유소,S-OIL,경기 양평군,경기,양평군,경기 양평군 서종면 북한강로 676,1,0,0,031-773-6363
A0006510,강하주유소,S-OIL,경기 양평군,경기,양평군,경기 양평군 강하면 강남로 289,0,0,0,031-771-5859
A0006514,승리주유소,SK에너지,경기 양평군,경기,양평군,경기 양평군 양평읍 경강로 1580,0,0,1,031-771-2895
A0006521,명지산주유소,알뜰주유소,경기 가평군,경기,가평군,경기 가평군 북면 가화로 687,1,0,1,031-581-5188
A0006526,북한강주유소,GS칼텍스,경기 남양주시,경기,남양주시,경기 남양주시 조안면 북한강로 877,1,0,0,031-576-7300
A0006527,남별내IC주유소,S-OIL,경기 남양주시,경기,남양주시,경기 남양주시 별내면 송산로 471,1,0,0,031-527-2225
A0006529,평내셀프주유소,HD현대오일뱅크,경기 남양주시,경기,남양주시,경기 남양주시 경춘로 1071 (금곡동),1,0,0,031-511-2251
A0006535,차차차주유소,S-OIL,경기 양평군,경기,양평군,경기 양평군 청운면 설악로 479,0,0,0,031-775-3251
A0006539,삼미상사(주)청평그린셀프주유소,SK에너지,경기 가평군,경기,가평군,경기 가평군 청평면 경춘로 524,1,0,1,031-585-8388
A0006546,명성주유소,S-OIL,경기 파주시,경기,파주시,경기 파주시 법원읍 사임당로 935,0,0,0,031-959-1285
A0006552,송능주유소,SK에너지,경기 남양주시,경기,남양주시,경기 남양주시 진건읍 진건오남로 405-10,1,0,0,031-528-5022
A0006556,신애주유소,S-OIL,경기 양평군,경기,양평군,경기 양평군 양평읍 마유산로 324,0,0,0,031-775-5144
A0006562,남양주주유소,S-OIL,경기 남양주시,경기,남양주시,경기 남양주시 진건오남로 420 (진접읍),0,0,0,031-574-5151
A0006567,HD현대오일뱅크㈜직영 담터셀프주유소,HD현대오일뱅크,경기 구리시,경기,구리시,경기 구리시 경춘북로 344,1,0,1,031-572-0707
A0006570,㈜대광에너지 남이섬주유소,HD현대오일뱅크,경기 가평군,경기,가평군,경기 가평군 청평면 경춘로 1484,1,0,1,031-584-5127
A0006572,오성주유소,S-OIL,경기 구리시,경기,구리시,경기도 구리시 동구릉로 426 (사노동),1,0,1,031-574-7887
A0006583,홀인원주유소,HD현대오일뱅크,경기 가평군,경기,가평군,경기 가평군 상면 조종로 1622,1,0,0,031-584-3334
A0006587,(주)참조은에너지 민기주유소,HD현대오일뱅크,경기 양평군,경기,양평군,경기 양평군 지평면 지평로 946,0,0,0,031-771-4738
A0006589,㈜지에스이앤알 덕소주유소,GS칼텍스,경기 남양주시,경기,남양주시,경기 남양주시 와부읍 덕소로 24,1,0,1,031-577-9425
A0006592,화도열린주유소,SK에너지,경기 남양주시,경기,남양주시,경기 남양주시 화도읍 경춘로 2507,0,0,0,031-592-5128
A0006593,지에스칼텍스(주)팔당대교주유소,GS칼텍스,경기 남양주시,경기,남양주시,경기도 남양주시 와부읍 경강로 968,1,0,1,031 576 6243
A0006594,달뫼주유소,SK에너지,경기 남양주시,경기,남양주시,경기 남양주시 화도읍 경춘로 2205,0,0,0,031-595-5555
A0006598,별내신도시주유소,HD현대오일뱅크,경기 남양주시,경기,남양주시,경기 남양주시 순화궁로 605,0,0,0,031-529-9039
A0006600,장수주유소,SK에너지,경기 남양주시,경기,남양주시,경기 남양주시 진접읍 금강로 890,0,0,0,031-572-4153
A0006608,만수르주유소,HD현대오일뱅크,경기 남양주시,경기,남양주시,경기 남양주시 오남읍 진건오남로 645,1,0,0,031-575-5151
A0006609,신월IC주유소,GS칼텍스,경기 남양주시,경기,남양주시,경기 남양주시 진건읍 양진로 533,1,0,0,031-529-9998
A0006617,(주)더라벨 신흥주유소,SK에너지,경기 남양주시,경기,남양주시,경기 남양주시 별내면 송산로 582,0,0,0,031-572-5182
A0006619,구도일주유소양서,S-OIL,경기 양평군,경기,양평군,경기 양평군 양서면 경강로 973,1,0,0,031-773-5145
A0006620,만남의광장,SK에너지,경기 양평군,경기,양평군,경기 양평군 양서면 경강로 962,1,0,1,031-000-0000
A0006621,강남주유소,SK에너지,경기 양평군,경기,양평군,경기 양평군 강하면 강남로 78,0,0,0,031-772-4321
A0006624,태양주유소,SK에너지,경기 남양주시,경기,남양주시,경기도 남양주시 비룡로 939,0,0,0,031-592-3377
A0006625,아천동주유소,S-OIL,경기 구리시,경기,구리시,경기 구리시 아차산로 55,0,0,1,02-2201-4545
A0006631,(주)별넷주유소,HD현대오일뱅크,경기 남양주시,경기,남양주시,경기 남양주시 별내면 불암산로 27,1,0,0,031-527-0503
A0006633,국토셀프주유소,SK에너지,경기 가평군,경기,가평군,경기 가평군 조종면 비득재길 120,1,0,1,031-585-6786
A0006635,SK화도주유소,SK에너지,경기 남양주시,경기,남양주시,경기 남양주시 화도읍 경춘로 2198,0,0,0,031-594-2591
A0006642,경기주유소,HD현대오일뱅크,경기 가평군,경기,가평군,경기 가평군 청평면 경춘로 1013,1,0,0,031-584-4803
A0006645,금남주유소,S-OIL,경기 남양주시,경기,남양주시,경기 남양주시 화도읍 북한강로 1438,1,0,0,031-592-8434
A0006647,북면주유소,S-OIL,경기 가평군,경기,가평군,경기 가평군 북면 가화로 996,0,0,0,031-582-5189
A0006648,다산주유소,S-OIL,경기 남양주시,경기,남양주시,경기 남양주시 진관로 64 (다산동),1,0,1,031-563-2100
A0006649,(주)구산에너지 시청앞주유소,SK에너지,경기 남양주시,경기,남양주시,경기 남양주시 경춘로 1048(금곡동),0,0,0,031-591-5187
A0006651,돌고개주유소,HD현대오일뱅크,경기 남양주시,경기,남양주시,경기 남양주시 화도읍 경춘로 2424,0,0,0,031-595-5188
A0006653,신청평주유소,S-OIL,경기 가평군,경기,가평군,경기 가평군 청평면 경춘로 508,1,0,1,031-584-5400
A0006657,도곡주유소,S-OIL,경기 남양주시,경기,남양주시,경기 남양주시 와부읍 석실로 28,1,0,0,031-576-5158
A0006660,지에스칼텍스(주) 토평IC주유소,GS칼텍스,경기 구리시,경기,구리시,경기 구리시 코스모스길 228,0,0,1,031-565-5185
A0006665,(주)장수주유소,SK에너지,서울 광진구,서울,광진구,서울 광진구 동일로 266 (군자동),1,0,0,02-498-1981
A0006666,임건제일주유소,HD현대오일뱅크,경기 남양주시,경기,남양주시,경기 남양주시 진건읍 금강로 683,1,0,0,031-575-3746
A0006667,㈜자연에너지 고척주유소,HD현대오일뱅크,서울 구로구,서울,구로구,서울 구로구 고척로 199 (고척동),1,0,1,02-2687-5755
A0006668,(주)오일유업직영GS경춘주유소,GS칼텍스,경기 가평군,경기,가평군,경기 가평군 가평읍 경춘로 1776,0,0,0,031-581-4545
A0006669,(주)대응,HD현대오일뱅크,경기 남양주시,경기,남양주시,경기 남양주시 화도읍 수레로 914,0,0,0,031-595-8700
A0006671,가나안하이테크주유소,HD현대오일뱅크,경기 동두천시,경기,동두천시,경기 동두천시 강변로 858 (동두천동),1,0,0,031-868-5164
A0006673,하이웨이주유소,S-OIL,경기 가평군,경기,가평군,경기 가평군 상면 청군로 927,1,0,0,031-585-0038
A0006683,(주)설악주유소,HD현대오일뱅크,경기 가평군,경기,가평군,경기 가평군 설악면 유명로 1711,0,0,0,031-584-4300
A0006686,남선석유㈜ 무대푸른주유소,S-OIL,경기 남양주시,경기,남양주시,경기 남양주시 석실로 651,1,0,1,031-511-5125
A0006689,씨앤에스유통(주)호평IC주유소,S-OIL,경기 남양주시,경기,남양주시,경기 남양주시 늘을1로 59 (호평동),1,0,0,031-593-5182
A0006696,도우주유소,SK에너지,경기 남양주시,경기,남양주시,경기 남양주시 진접읍 금강로 1589,1,0,0,031-528-0522
A0006697,한울에너지(주)마송주유소,HD현대오일뱅크,경기 김포시,경기,김포시,경기 김포시 통진읍 김포대로 2397,1,0,0,031-982-5036
A0006698,(주)태양주유소,GS칼텍스,경기 양평군,경기,양평군,경기 양평군 양평읍 양근로 316,0,0,0,031-771-3674
A0006712,화랑포주유소,SK에너지,경기 가평군,경기,가평군,경기 가평군 청평면 경춘로 113,1,0,0,031-584-1818
A0006716,가평군농협하나로주유소,NH-OIL,경기 가평군,경기,가평군,경기 가평군 가평읍 경춘로 1785,1,0,1,031-581-2871
A0006717,양동농협주유소,NH-OIL,경기 양평군,경기,양평군,경기 양평군 양동면 여양3로 661,0,0,1,031-772-9111
A0006719,진접농협주유소,NH-OIL,경기 남양주시,경기,남양주시,경기 남양주시 진접읍 해밀예당1로 14,1,0,1,031-567-8607
A0006720,양평농협주유소,NH-OIL,경기 양평군,경기,양평군,경기 양평군 양평읍 중앙로 178,0,1,1,031-774-5194
A0006721,용문농협주유소,NH-OIL,경기 양평군,경기,양평군,경기 양평군 용문면 용문로 450,0,0,1,031-773-5151
A0006723,양평농협 강상주유소,NH-OIL,경기 양평군,경기,양평군,경기 양평군 강상면 느티나무1길 5,0,1,1,031-774-5195
A0006724,개군농협주유소,NH-OIL,경기 양평군,경기,양평군,경기 양평군 개군면 여양로 2215,0,0,1,031-772-0334
A0006725,㈜한유에너지 도농주유소,SK에너지,경기 남양주시,경기,남양주시,경기 남양주시 경춘로 374 (도농동),1,0,1,031-563-2607
A0006729,동일석유㈜양주주유소,SK에너지,경기 구리시,경기,구리시,경기 구리시 경춘로 196,1,0,1,031-563-2019
A0006733,성신레미컨(주)주유소,HD현대오일뱅크,경기 구리시,경기,구리시,경기 구리시 동구릉로 260,0,0,1,031-556-4127
A0006734,장수화도셀프주유소,SK에너지,경기 남양주시,경기,남양주시,경기 남양주시 화도읍 경춘로 1712,1,0,0,031-594-9451
A0006736,㈜구리농수산물주유소,SK에너지,경기 구리시,경기,구리시,경기 구리시 도매시장로 81-29,1,0,1,031-552-5189
A0006739,HD현대오일뱅크㈜직영 강변셀프주유소,HD현대오일뱅크,경기 남양주시,경기,남양주시,경기 남양주시 고산로 166,1,0,1,031-577-9275
A0006747,삼미상사㈜ 청평주유소,SK에너지,경기 가평군,경기,가평군,경기 가평군 청평면 구청평로 89,0,0,1,031-584-0055
A0006748,(주)대일에너지,S-OIL,경기 남양주시,경기,남양주시,경기 남양주시 진건읍 금강로 368,1,0,0,031-573-5167
A0006752,HD현대오일뱅크㈜직영 토평1호셀프주유소,HD현대오일뱅크,경기 구리시,경기,구리시,경기 구리시 벌말로 136 (토평동),1,0,1,031-565-8919
A0006761,양평강가주유소,알뜰주유소,경기 양평군,경기,양평군,경기 양평군 양평읍 경강로 1638,1,1,1,031-771-0185
A0006762,미래주유소,SK에너지,경기 남양주시,경기,남양주시,경기 남양주시 고산로 257,1,0,1,031-577-2553
A0006767,SK에너지(주) 두바이주유소,SK에너지,경기 구리시,경기,구리시,경기 구리시 벌말로 61,0,0,1,031-569-1080
A0006770,KH에너지㈜직영 가평주유소(춘천방향),SK에너지,경기 가평군,경기,가평군,경기 가평군 설악면 미사리로 540번길 51,1,0,1,031-584-5149
A0006771,KH에너지㈜직영 가평주유소(서울방향),SK에너지,경기 가평군,경기,가평군,경기 가평군 설악면 미사리로 544,1,0,1,031-584-5159
A0006781,가평설악주유소,SK에너지,경기 가평군,경기,가평군,경기 가평군 설악면 신천중앙로 30,1,0,0,031-585-5140
A0006787,㈜동명엔터프라이즈 동명셀프주유소,GS칼텍스,경기 남양주시,경기,남양주시,경기 남양주시 늘을1로 137 (호평동),1,0,1,031-595-0088
A0006796,HD현대오일뱅크㈜직영 별내2호셀프주유소,HD현대오일뱅크,경기 남양주시,경기,남양주시,경기 남양주시  불암로 70 (별내동),1,0,1,031-527-5189
A0006797,HD현대오일뱅크㈜직영 별내1호셀프주유소,HD현대오일뱅크,경기 남양주시,경기,남양주시,경기 남양주시 송산로 149,1,0,1,031-527-5188
A0006801,㈜동안에너지,SK에너지,경기 남양주시,경기,남양주시,경기 남양주시 북부간선로 214,1,0,1,031-555-5438
A0006802,(주)소모 뉴평내셀프주유소,GS칼텍스,경기 남양주시,경기,남양주시,경기 남양주시 경춘로 1272,1,0,1,031-592-0758
A0006806,에쓰오일(주)능마을 보금자리주유소,S-OIL,경기 구리시,경기,구리시,경기 구리시 경춘북로 74 (갈매동),1,0,1,031-574-5200
A0006807,중앙셀프주유소,GS칼텍스,경기 남양주시,경기,남양주시,경기 남양주시 경춘로 928 (금곡동),1,0,0,031-592-3947
A0006809,㈜제이지씨앤씨 스카이주유소,S-OIL,경기 가평군,경기,가평군,경기 가평군 설악면 유명로 1335,1,0,0,031-584-8339
A0006810,명보주유소,SK에너지,경기 가평군,경기,가평군,경기 가평군 가평읍 석봉로 237,1,0,1,031-582-6611
A0006811,양수주유소 ㈜SGINV,GS칼텍스,경기 양평군,경기,양평군,경기 양평군 양서면 양수로 94,1,0,1,031-772-6024
A0006813,(주)한강주유소,S-OIL,경기 양평군,경기,양평군,경기 양평군 개군면 여양로 2140,0,0,0,031-771-8952
A0006821,(주)능마을 왕숙주유소,S-OIL,경기 남양주시,경기,남양주시,경기 남양주시 진건읍 양진로 556,1,0,1,031-573-0951
A0006822,HD현대오일뱅크㈜직영 덕소셀프주유소,HD현대오일뱅크,경기 남양주시,경기,남양주시,경기 남양주시 와부읍 덕소로 256,1,0,1,031-576-5189
A0006824,청평하나오일뱅크주유소,HD현대오일뱅크,경기 가평군,경기,가평군,경기 가평군 청평면 경춘로 1232,0,0,1,031-585-1705
A0006826,(주)남건이앤에스 대선주유소,S-OIL,경기 남양주시,경기,남양주시,경기 남양주시  경춘로 807,0,0,0,031-511-3125
A0006827,덕현주유소,HD현대오일뱅크,경기 가평군,경기,가평군,경기 가평군 상면 청군로 450,0,0,0,031-584-5188
A0006828,하늘에너지㈜ 대성점,GS칼텍스,경기 가평군,경기,가평군,경기 가평군 청평면 경춘로 110,1,0,0,031-584-2802
A0006829,대신석유㈜삼성주유소,SK에너지,경기 광명시,경기,광명시,"경기 광명시 범안로 925, (338-2) (하안동)",1,0,0,02-898-4454
A0006834,㈜블루에너지,HD현대오일뱅크,경기 시흥시,경기,시흥시,경기 시흥시 금오로 427,1,0,0,02-2681-5189
A0006840,킬리만자로의표범주유소,GS칼텍스,경기 화성시,경기,화성시,경기 화성시 효행구 정남면 가장로 319,1,0,0,031-352-4041
A0006842,대성제5주유소,HD현대오일뱅크,충남 천안시,충남,천안시,충남 천안시 동남구 청수로 135,1,0,0,041-555-5660
A0006846,포동주유소,GS칼텍스,경기 시흥시,경기,시흥시,경기 시흥시 시흥대로789번길 3 (포동),1,0,1,031-315-5522
A0006848,㈜왕대박주유소,GS칼텍스,충북 충주시,충북,충주시,충북 충주시 산척면 충원대로 1545,1,0,0,043-857-5188
A0006852,동해주유소,GS칼텍스,경기 안산시,경기,안산시,경기 안산시 상록구 선진6길 38 (사동),0,0,0,031-415-5151
A0006853,피트인 광명하이웨이,HD현대오일뱅크,경기 광명시,경기,광명시,경기 광명시 범안로 864 (하안동),1,0,0,02-899-5104
A0006855,학온셀프주유소,SK에너지,경기 광명시,경기,광명시,경기 광명시 광명로 627 (광명동),1,0,0,02-2681-8781
A0006857,옥길주유소,HD현대오일뱅크,경기 광명시,경기,광명시,경기 광명시 금오로 846 (옥길동),1,0,1,02-2619-4144
A0006858,통일주유소,GS칼텍스,경기 광명시,경기,광명시,경기 광명시 광명로 561,1,0,0,02-2611-4901
A0006859,대복주유소,S-OIL,경기 광명시,경기,광명시,경기 광명시 광명로 344 (노온사동),0,0,0,02-2611-5240
A0006860,시흥주유소,알뜰주유소,경기 시흥시,경기,시흥시,경기 시흥시 시흥대로 1049,0,0,1,031-313-1981
A0006861,동양주유소,SK에너지,경기 시흥시,경기,시흥시,경기 시흥시 금오로 580 (과림동),1,0,1,02-2611-1120
A0006862,안현주유소,S-OIL,경기 시흥시,경기,시흥시,경기 시흥시 수인로 3105 (안현동),1,0,1,031-313-8526
A0006864,조남주유소,GS칼텍스,경기 시흥시,경기,시흥시,경기 시흥시 수인로 2099 (조남동),0,0,0,031-484-0051
A0006869,대안주유소,SK에너지,경기 시흥시,경기,시흥시,경기 시흥시 수인로 2483 (논곡동),1,0,0,031-403-8117
A0006874,현대석유(주)현대주유소,GS칼텍스,경기 광명시,경기,광명시,경기 광명시 남부순환로 997,1,0,1,02-2616-0051
A0006877,㈜디오티디 광명반짝이주유소,SK에너지,경기 광명시,경기,광명시,경기 광명시 광명로 417,1,0,0,070-4184-5185
A0006878,시흥까치주유소,GS칼텍스,경기 시흥시,경기,시흥시,경기 시흥시 서해안로 1418,1,0,0,031-311-8182
A0006879,이산포주유소,S-OIL,경기 고양시,경기,고양시,경기도 고양시 일산서구  고양대로 114 (법곳동),0,0,0,031-919-7712
A0006880,㈜인창실업 삼육주유소,S-OIL,경기 시흥시,경기,시흥시,경기 시흥시 마전로 23 (죽율동),0,0,0,031-499-2810
A0006881,KH에너지㈜직영 미산주유소,SK에너지,경기 시흥시,경기,시흥시,경기 시흥시 시흥대로 944,1,0,1,031-313-3683
A0006885,(주)푸른에너지,GS칼텍스,경기 시흥시,경기,시흥시,경기 시흥시 수인로 2722 (금이동),1,0,0,031-316-5189
A0006886,HD현대오일뱅크㈜직영 영진주유소,HD현대오일뱅크,경기 광명시,경기,광명시,경기 광명시 범안로 984 (하안동),0,0,1,02-898-0051
A0006889,신안산주유소,SK에너지,경기 안산시,경기,안산시,경기 안산시 단원구 고잔로 86 (고잔동),1,0,0,031-486-2205
A0006894,서안산IC주유소,GS칼텍스,경기 안산시,경기,안산시,경기 안산시 단원구 중앙대로 224 (신길동),1,0,0,031-492-9380
A0006898,보령주유소,SK에너지,경기 안산시,경기,안산시,경기 안산시 상록구 용담로 188 (팔곡이동),0,0,0,031-502-0544
A0006899,고속주유소,S-OIL,경기 안산시,경기,안산시,경기 안산시 상록구 가루개로 143 (양상동),1,0,1,031-401-5151
A0006903,수암주유소,SK에너지,경기 안산시,경기,안산시,경기 안산시 상록구 원당골1길 23-14 (수암동),1,0,1,031-482-8118
A0006906,정진주유소,HD현대오일뱅크,경기 안산시,경기,안산시,경기 안산시 단원구 대남로 52 (대부북동),0,0,0,032-880-9874
A0006908,세광주유소,GS칼텍스,경기 안산시,경기,안산시,경기 안산시 상록구 성호로 268 (부곡동),1,0,0,031-416-5188
A0006910,박카스self주유소,SK에너지,충남 당진시,충남,당진시,충남 당진시 신평면 북부산업로 157,1,0,0,041-000-0000
A0006911,자연주유소,HD현대오일뱅크,경기 안산시,경기,안산시,경기 안산시 상록구 해안로 1172,1,0,1,031-409-4475
A0006912,용담주유소,SK에너지,경기 안산시,경기,안산시,경기 안산시 상록구 해안로 1363,1,0,0,031-437-5051
A0006917,동현주유소,HD현대오일뱅크,경기 안산시,경기,안산시,경기 안산시 단원구 대선로 237,0,0,0,032-888-9960
A0006922,스마트허브주유소,GS칼텍스,경기 안산시,경기,안산시,경기 안산시 단원구 해봉로 204 (성곡동),1,0,0,031-492-7744
A0006927,뉴새말주유소,GS칼텍스,강원 횡성군,강원,횡성군,강원 횡성군 우천면 전재로 50,0,0,0,033-344-8086
A0006935,승보스타주유소,S-OIL,경기 화성시,경기,화성시,경기 화성시 만세구 장안면 수정로 113,0,0,0,031-358-3400
A0006936,상림주유소,SK에너지,경기 안산시,경기,안산시,경기 안산시 상록구 서해로 2921,1,0,0,031-437-5151
A0006937,안산고속주유소,HD현대오일뱅크,경기 안산시,경기,안산시,경기 안산시 상록구 가루개로 56 (양상동),0,0,0,031-485-2357
A0006943,구도일주유소아산공원,S-OIL,경기 평택시,경기,평택시,경기 평택시 현덕면 서해로 318,0,0,0,031-681-5154
A0006944,한길주유소 서해점 한솔유화㈜,S-OIL,경기 안산시,경기,안산시,경기 안산시 단원구 시흥대로 10,1,0,1,031-431-7854
A0006954,㈜승지 승일주유소,알뜰주유소,경기 부천시,경기,부천시,경기 부천시 원미구 상일로 42,1,0,1,032-321-5506
A0006956,준오토조이(주) 성우주유소,SK에너지,경기 안산시,경기,안산시,경기 안산시 상록구  안산천서로 277,1,0,1,031-485-6613
A0006959,스마트주유소,S-OIL,경기 동두천시,경기,동두천시,경기 동두천시 평화로 2882,1,0,0,031-866-7337
A0006960,포곡크라주유소,GS칼텍스,경기 용인시,경기,용인시,경기 용인시 처인구 포곡읍 포곡로 334,0,0,0,031-323-5175
A0006967,㈜자연에너지,HD현대오일뱅크,경기 시흥시,경기,시흥시,경기 시흥시 동서로 177 (월곶동),1,0,1,031-431-0622
A0006968,관곡주유소,S-OIL,경기 시흥시,경기,시흥시,경기 시흥시 관곡지로 32 (하중동),0,0,0,031-317-0071
A0006970,부광석유㈜ 역전주유소,S-OIL,경기 시흥시,경기,시흥시,경기 시흥시 역전로 295,0,0,0,031-434-7887
A0006973,서안산주유소,S-OIL,경기 안산시,경기,안산시,경기 안산시 단원구 시흥대로 65,0,0,0,031-498-5181
A0006977,사동주유소,알뜰주유소,경기 안산시,경기,안산시,경기 안산시 상록구 항가울로 22 (사동),1,0,1,031-409-9077
A0006983,HD현대오일뱅크㈜직영 사사동주유소,HD현대오일뱅크,경기 안산시,경기,안산시,경기 안산시 상록구 서해로 2838,0,0,1,031-365-4686
A0006986,매화주유소,SK에너지,경기 화성시,경기,화성시,경기 화성시 만세구 서신면 궁평항로 1679,0,0,0,031-356-5145
A0006988,동백호수주유소,S-OIL,경기 용인시,경기,용인시,경기도 용인시 기흥구 동백죽전대로 381,1,0,0,031-693-5423
A0006989,장하주유소,SK에너지,경기 안산시,경기,안산시,경기 안산시 상록구 장하로 88,0,0,0,031-480-2402
A0006992,(주)진성에너지 안성맞춤셀프주유소,GS칼텍스,경기 안성시,경기,안성시,경기 안성시 안성맞춤대로 1253 (당왕동),1,0,1,031-672-5189
A0006996,㈜정도인더스트리,S-OIL,경기 안산시,경기,안산시,경기 안산시 단원구 정왕대로 424,1,0,0,031-494-5185
A0006997,시화주유소,HD현대오일뱅크,경기 안산시,경기,안산시,경기 안산시 단원구 대부황금로 1435 (대부북동),0,0,0,032-886-5755
A0007004,대상주유소,GS칼텍스,경기 안산시,경기,안산시,경기 안산시 단원구 순환로 157 (선부동),0,0,0,031-413-5189
A0007006,㈜현 유니콘주유소,HD현대오일뱅크,경기 평택시,경기,평택시,경기 평택시 현덕면 서해로 399,1,0,0,0
A0007013,신양주유소,SK에너지,경기 안산시,경기,안산시,경기 안산시 상록구 월피로 84,1,0,0,031-484-2335
A0007014,사동셀프주유소,SK에너지,경기 안산시,경기,안산시,경기 안산시 상록구 선진로 11 (사동),1,0,1,031-406-5152
A0007025,대부주유소,SK에너지,경기 안산시,경기,안산시,경기 안산시 단원구 대부황금로 835 (대부동동),0,0,0,032-885-5189
A0007026,(주)동원석유 행복주유소,SK에너지,경기 안산시,경기,안산시,경기 안산시 상록구 수인로 1820 (부곡동),1,0,0,031-405-4145
A0007027,(주)이든 내주유소,S-OIL,경기 안산시,경기,안산시,경기 안산시 단원구 중앙대로 391,1,0,0,031-494-6811
A0007028,케이비원대부도주유소,SK에너지,경기 안산시,경기,안산시,경기 안산시 단원구 대선로 489 (대부남동),0,0,0,032-888-5104
A0007034,㈜소모 안산하이웨이주유소,GS칼텍스,경기 안산시,경기,안산시,경기 안산시 상록구 안산천서로 263,1,0,1,031-365-5310
A0007039,다복주유소,GS칼텍스,경기 안산시,경기,안산시,경기 안산시 단원구 시흥대로 128 (선부동),0,0,0,031-499-5114
A0007041,지에스칼텍스(주)안산스타주유소,GS칼텍스,경기 안산시,경기,안산시,경기 안산시 단원구 달미로 72,1,0,1,031-414-5189
A0007045,삼원주유소,GS칼텍스,경기 안산시,경기,안산시,경기 안산시 단원구 목내로 45,1,0,0,031-491-0430
A0007046,대지석유 선부주유소,S-OIL,경기 안산시,경기,안산시,경기 안산시 단원구 선부로 81 (선부동),1,0,0,031-402-5134
A0007048,지에스칼텍스(주)국도주유소,GS칼텍스,경기 안산시,경기,안산시,경기 안산시 상록구 수인로 647 (사사동),1,0,1,031-419-4540
A0007050,(주)삼정주유소,HD현대오일뱅크,경기 안산시,경기,안산시,경기 안산시 단원구 삼일로 122 (원곡동),1,0,0,031-494-6270
A0007051,세방주유소,GS칼텍스,경기 안산시,경기,안산시,경기 안산시 상록구 성호로 40 (일동),0,0,0,031-406-5151
A0007054,만해유업㈜ 만해주유소,SK에너지,경기 안산시,경기,안산시,경기 안산시 단원구 만해로 92,1,0,0,031-492-2500
A0007058,조은기름주유소,S-OIL,경기 수원시,경기,수원시,경기 수원시 팔달구  인계로 76 (인계동),1,0,0,031-223-5001
A0007062,시흥버스터미널㈜,S-OIL,경기 시흥시,경기,시흥시,경기 시흥시 옥구공원로 225 (정왕동),1,0,0,031-431-5146
A0007063,(주)대지석유 산업주유소,S-OIL,경기 안산시,경기,안산시,경기 안산시 단원구 동산로 42,1,0,0,031-494-7355
A0007064,본오주유소,SK에너지,경기 안산시,경기,안산시,경기 안산시 상록구 석호로 369 (본오동),1,0,1,031-409-7804
A0007065,히어로주유소,HD현대오일뱅크,경기 안산시,경기,안산시,경기 안산시 단원구 순환로 375 (와동),1,0,0,031-413-5151
A0007066,소망주유소,S-OIL,경기 안산시,경기,안산시,경기 안산시 상록구 석호로 202 (사동),0,0,0,031-416-5511
A0007070,㈜대경유업 신천셀프주유소,HD현대오일뱅크,경기 시흥시,경기,시흥시,경기 시흥시 수인로 3356,0,0,0,031-8042-5189
A0007075,SK에너지(주)파워디젤주유소,SK에너지,경기 시흥시,경기,시흥시,경기 시흥시 옥구공원로 75 (정왕동),0,0,1,031-433-5189
A0007076,SK에너지(주)도시공간주유소,SK에너지,경기 시흥시,경기,시흥시,경기 시흥시  정왕신길로49번길 53 (정왕동),1,0,1,031-433-0130
A0007077,대야동주유소,알뜰주유소,경기 시흥시,경기,시흥시,경기 시흥시 복지로 68,1,0,1,031-312-2704
A0007079,태하셀프주유소,SK에너지,경기 안산시,경기,안산시,경기 안산시 상록구 수인로 1917,1,0,0,031-403-5189
A0007080,SK에너지(주)시화공단주유소,SK에너지,경기 안산시,경기,안산시,경기 안산시 단원구 번영로 109 (성곡동),0,0,1,031-498-0130
A0007081,고잔주유소,SK에너지,경기 안산시,경기,안산시,경기 안산시 단원구 적금로 114,1,0,1,031-413-8076
A0007082,SK에너지(주) 시흥2공단주유소,SK에너지,경기 시흥시,경기,시흥시,경기 시흥시 경제로 117,1,0,1,031-498-4316
A0007083,서해주유소,SK에너지,경기 안산시,경기,안산시,경기 안산시 단원구 중앙대로 351,1,0,0,031-494-9680
A0007084,(주)서율주유소 안산,HD현대오일뱅크,경기 안산시,경기,안산시,경기 안산시 상록구 해안로 1295 (팔곡이동),1,0,1,031-437-7794
A0007086,HD현대오일뱅크㈜직영 신도시셀프주유소,HD현대오일뱅크,경기 안산시,경기,안산시,경기 안산시 상록구 예술광장1로 18,1,0,1,031-480-7227
A0007089,HD현대오일뱅크㈜직영 반월셀프주유소,HD현대오일뱅크,경기 안산시,경기,안산시,경기 안산시 상록구 수인로 1226 (일동),1,0,1,031-406-5991
A0007091,HD현대오일뱅크㈜직영 안산공원셀프주유소,HD현대오일뱅크,경기 안산시,경기,안산시,경기 안산시 단원구  광덕1로 268 (고잔동),1,0,1,031-413-5051
A0007096,제이원네트웍스(주) 해안주유소,SK에너지,경기 안산시,경기,안산시,경기 안산시 상록구 선진6길 8,1,0,1,031-409-6767
A0007103,대성산업(주)안산공단주유소,GS칼텍스,경기 안산시,경기,안산시,경기 안산시 단원구 산단로 313,0,0,1,031-494-5133
A0007105,(주)유카스에너지 시우로주유소,SK에너지,경기 안산시,경기,안산시,경기 안산시 단원구 시우로 46,1,0,1,031-492-4429
A0007106,도금단지주유소,HD현대오일뱅크,경기 안산시,경기,안산시,경기 안산시 상록구 용담로 75 (팔곡이동),0,0,1,031-437-5189
A0007108,(주)성홍 안산터미널주유소,S-OIL,경기 안산시,경기,안산시,경기 안산시 상록구 충장로 431,0,0,0,031-402-5145
A0007109,한길주유소 안산점 한솔유화㈜,HD현대오일뱅크,경기 안산시,경기,안산시,경기 안산시 상록구 서해로 2691 (사사동),1,0,1,031-419-8213
A0007111,주식회사현대석유,HD현대오일뱅크,경기 시흥시,경기,시흥시,경기 시흥시 금화로 411 (물왕동),0,0,0,031-403-2100
A0007113,구산주유소,SK에너지,경기 고양시,경기,고양시,경기 고양시 일산서구 구산로 120,0,0,0,031-916-1007
A0007114,(주)대한석유 한대역주유소,SK에너지,경기 안산시,경기,안산시,경기 안산시 상록구 광덕4로 357 (이동),1,0,0,031-409-5149
A0007117,동창베스트(주) 동창주유소,SK에너지,경기 구리시,경기,구리시,경기 구리시 동구릉로 290 (인창동),0,0,1,031-555-4657
A0007121,(주)세화주유소,S-OIL,경기 안산시,경기,안산시,경기 안산시 단원구 대부중앙로 174 (대부동동),1,0,0,032-886-3883
A0007122,상록수주유소(주),HD현대오일뱅크,경기 안산시,경기,안산시,경기 안산시 상록구 이호로 53 (본오동),0,0,0,031-409-0394
A0007123,대부그린주유소,GS칼텍스,경기 안산시,경기,안산시,경기 안산시 단원구 대부황금로 691 (대부동동),0,0,0,032-881-0055
A0007124,(주)동강석유 남안산IC주유소,S-OIL,경기 안산시,경기,안산시,경기 안산시 단원구 성곡로 279 (신길동),1,0,0,031-494-1080
A0007128,만리포주유소,HD현대오일뱅크,충남 태안군,충남,태안군,충남 태안군 소원면 서해로 156,1,0,0,041-672-1121
A0007129,구성그린주유소,GS칼텍스,경기 용인시,경기,용인시,경기 용인시 기흥구 용구대로 2421 (마북동),0,0,0,031-283-8886
A0007130,그린주유소,S-OIL,경기 용인시,경기,용인시,경기 용인시 처인구 양지면 죽양대로2016번길 2,1,0,1,031-336-5105
A0007139,(주)동부에너지,S-OIL,충남 논산시,충남,논산시,충남 논산시 은진면 득안대로 888,1,0,0,041-742-5151
A0007145,대종주유소,HD현대오일뱅크,경기 용인시,경기,용인시,경기도 용인시 처인구 양지면 중부대로 1869,1,0,0,031-321-0164
A0007149,영화셀프주유소,SK에너지,경기 수원시,경기,수원시,경기 수원시 장안구 수성로290번길 3 (영화동),1,0,0,031-244-2722
A0007151,갈마full-pay주유소,SK에너지,경기 광주시,경기,광주시,경기 광주시 경충대로 2237,1,0,1,031-798-7171
A0007155,영덕주유소,GS칼텍스,경기 용인시,경기,용인시,경기 용인시 기흥구 중부대로 137 (영덕동),1,0,0,031-206-4451
A0007156,풍덕천Self주유소,SK에너지,경기 용인시,경기,용인시,경기 용인시 수지구 포은대로 402 (풍덕천동),1,0,1,031-265-8251
A0007157,동광주유소,GS칼텍스,경기 용인시,경기,용인시,경기 용인시 기흥구 중부대로 56 (영덕동),1,0,1,031-205-0127
A0007159,충청에너지,GS칼텍스,경기 용인시,경기,용인시,경기 용인시 처인구 금령로 176,1,0,0,031-335-5154
A0007162,신갈셀프주유소,GS칼텍스,경기 용인시,경기,용인시,경기 용인시 기흥구 중부대로 261 (영덕동),1,0,0,031-282-5149
A0007164,화서제일주유소,GS칼텍스,경기 수원시,경기,수원시,경기 수원시 팔달구 덕영대로749번길 2,0,0,0,031-244-3400
A0007166,서부주유소,GS칼텍스,경기 수원시,경기,수원시,경기 수원시 팔달구 수성로 188,0,0,0,031-243-8087
A0007174,그린주유소,S-OIL,경기 평택시,경기,평택시,경기 평택시 삼남로 529 (지산동),1,0,1,031-665-8898
A0007176,용인상사,SK에너지,경기 용인시,경기,용인시,경기 용인시 기흥구 중부대로 199 (영덕동),0,0,1,031-283-1496
A0007182,수안주유소,GS칼텍스,경기 수원시,경기,수원시,경기 수원시 장안구 경수대로 1246 (파장동),1,0,0,031-243-4412
A0007184,반도체주유소,SK에너지,경기 용인시,경기,용인시,경기 용인시 기흥구 삼성2로 61 (농서동),0,0,0,031-287-5189
A0007188,포승공단주유소,GS칼텍스,경기 평택시,경기,평택시,경기 평택시 포승읍 평택항로 158,0,0,1,031-684-5138
A0007191,성대역주유소,GS칼텍스,경기 수원시,경기,수원시,경기 수원시 장안구 서부로 2175,1,0,1,031-271-5202
A0007192,SK 협진주유소,SK에너지,경기 용인시,경기,용인시,경기 용인시 처인구 송담로 47 (마평동),0,0,0,031-336-5533
A0007196,신화주유소,S-OIL,경기 용인시,경기,용인시,경기 용인시 기흥구 사은로 255 (지곡동),0,0,0,031-286-5151
A0007197,만남주유소,SK에너지,경기 용인시,경기,용인시,경기 용인시 처인구 모현면 백옥대로 2322,1,0,0,031-332-7108
A0007199,월드컵주유소,SK에너지,경기 수원시,경기,수원시,경기 수원시 영통구 광교로 66 (이의동),1,0,0,031-214-5189
A0007201,진목주유소,SK에너지,경기 용인시,경기,용인시,경기 용인시 처인구 남사면 천덕산로 321,1,0,0,031-332-6080
A0007205,연세석유(주) 동아대Self주유소,GS칼텍스,경기 안성시,경기,안성시,경기 안성시 삼죽면 서동대로 6351,1,0,0,031-671-8975
A0007206,백봉주유소,HD현대오일뱅크,경기 용인시,경기,용인시,경기 용인시 처인구 백암면 백암로 23,0,0,0,031-322-5128
A0007213,육일주유소,SK에너지,경기 화성시,경기,화성시,경기 화성시 만세구 송산면 당성로 523,0,0,0,031-357-6158
A0007218,계성주유소,HD현대오일뱅크,경기 용인시,경기,용인시,경기 용인시 처인구 양지면 남평로 283,0,0,0,031-335-9285
A0007220,만당대경주유소,GS칼텍스,경기 용인시,경기,용인시,경기 용인시 수지구 신수로 777,1,0,0,031-896-5151
A0007227,주식회사 노송유업,SK에너지,경기 수원시,경기,수원시,경기 수원시 장안구 서부로 2359 (이목동),1,0,0,031-243-5149
A0007228,(주)다솜에너지 다솜주유소,GS칼텍스,인천 미추홀구,인천,미추홀구,인천 미추홀구 한나루로 482 (주안동),1,0,0,032-873-8547
A0007231,석포주유소,HD현대오일뱅크,경기 화성시,경기,화성시,경기 화성시 만세구 장안면 버들로 1244,1,0,0,031-351-7021
A0007233,신갈현대주유소,HD현대오일뱅크,경기 용인시,경기,용인시,경기 용인시 기흥구 신갈로 113,0,0,0,031-281-5188
A0007234,㈜교촌에너지 강소주유소,S-OIL,경기 용인시,경기,용인시,경기 용인시 처인구 남사면 경기동로 293,1,0,0,031-333-0176
A0007236,송전휴게소주유소/충전소,S-OIL,경기 용인시,경기,용인시,경기 용인시 처인구 이동면 남북대로 2616,1,0,0,031-335-4194
A0007240,(주)한미석유 성광주유소,GS칼텍스,경기 수원시,경기,수원시,경기 수원시 영통구 창룡대로 243,1,0,0,031-241-5185
A0007242,동문A주유소,GS칼텍스,경기 수원시,경기,수원시,경기 수원시 영통구 창룡대로 370,1,0,0,031-258-0282
A0007243,기흥경인주유소,HD현대오일뱅크,경기 용인시,경기,용인시,경기 용인시 기흥구 공세로 162 (공세동),1,0,0,031-286-7966
A0007245,동문B주유소,GS칼텍스,경기 수원시,경기,수원시,경기 수원시 영통구 창룡대로 380 (이의동),1,0,0,031-256-8879
A0007247,HD현대오일뱅크㈜직영 양지블루주유소,HD현대오일뱅크,경기 용인시,경기,용인시,경기 용인시 처인구 양지면 죽양대로 2210,1,0,1,031-335-9999
A0007248,무촌주유소,GS칼텍스,경기 이천시,경기,이천시,경기 이천시 부발읍 황무로 1279,0,0,1,031-631-8270
A0007262,양지하이웨이주유소,GS칼텍스,경기 용인시,경기,용인시,경기 용인시 처인구 양지면 중부대로 2667,0,0,0,031-333-3777
A0007265,광양주유소,GS칼텍스,경기 용인시,경기,용인시,경기 용인시 처인구 백암면 죽양대로 1447,1,0,0,031-333-5145
A0007273,컨트리주유소,SK에너지,경기 용인시,경기,용인시,경기 용인시 처인구 남사면 경기동로 9,0,0,0,031-333-5151
A0007275,동양주유소,S-OIL,경기 용인시,경기,용인시,경기 용인시 처인구 백암면 덕평로 177,1,0,1,031-323-5353
A0007276,호광주유소,SK에너지,경기 용인시,경기,용인시,경기 용인시 처인구 포곡읍 포곡로 145,1,0,0,031-332-7771
A0007285,용샘주유소,SK에너지,경기 용인시,경기,용인시,경기 용인시 처인구 한터로170번길 5,1,0,0,031-336-7617
A0007286,대원주유소,SK에너지,경기 용인시,경기,용인시,경기 용인시 처인구 백옥대로 1229 (유방동),0,0,0,031-337-0761
A0007287,기흥스마트주유소 주식회사,HD현대오일뱅크,경기 용인시,경기,용인시,경기 용인시 기흥구 동탄기흥로 750 (고매동),1,0,0,031-274-5174
A0007295,산정주유소,자가상표,경기 용인시,경기,용인시,경기 용인시 처인구 모현면 백옥대로 2098,0,0,0,031-334-2611
A0007296,레이크주유소,자가상표,경기 용인시,경기,용인시,경기 용인시 처인구 모현면 대지로 455,1,0,0,031-333-1281
A0007298,진성주유소,SK에너지,경기 용인시,경기,용인시,경기 용인시 처인구 모현면 백옥대로 2561,1,0,1,031-333-1177
A0007299,HD현대오일뱅크㈜직영 동백쥬네브주유소,HD현대오일뱅크,경기 용인시,경기,용인시,경기 용인시 기흥구 동백중앙로 260,0,0,1,031-285-9121
A0007307,동일주유소,SK에너지,경기 용인시,경기,용인시,경기 용인시 처인구 양지면 중부대로 2533,0,0,0,031-336-6482
A0007313,청우주유소,HD현대오일뱅크,충북 진천군,충북,진천군,충북 진천군 문백면 문진로 254,0,0,0,043-532-8951
A0007316,연화산업(주) 연화주유소,SK에너지,경기 용인시,경기,용인시,경기 용인시 처인구 원삼면 죽양대로 1637,1,0,0,031-334-9200
A0007319,하갈셀프주유소,SK에너지,경기 용인시,경기,용인시,경기 용인시 기흥구 덕영대로 1920 (하갈동),1,0,0,031-283-2000
A0007320,주식회사 태위주유소,GS칼텍스,경기 용인시,경기,용인시,경기 용인시 기흥구 동탄기흥로 694,1,0,0,031-8004-8956
A0007327,곤지암Self주유소,S-OIL,경기 광주시,경기,광주시,경기 광주시 곤지암읍 광여로 100,1,0,0,031-768-7770
A0007330,미래주유소,SK에너지,경기 수원시,경기,수원시,경기도 수원시 영통구  창룡대로 266,0,0,0,031-245-5188
A0007334,슈퍼맨주유소(주),HD현대오일뱅크,경기 용인시,경기,용인시,경기도 용인시 처인구 양지면 죽양대로 2287,1,0,0,031-323-5145
A0007335,동남주유소,GS칼텍스,경기 용인시,경기,용인시,경기 용인시 처인구 남사면 천덕산로 5,0,0,0,031-333-4131
A0007367,구도일 새한주유소,S-OIL,경기 수원시,경기,수원시,경기 수원시 장안구  서부로 2348 (이목동),0,0,0,031-269-5120
A0007385,효원주유소,SK에너지,경기 수원시,경기,수원시,경기 수원시 팔달구 효원로 181 (인계동),1,0,1,031-221-7324
A0007389,승채주유소,S-OIL,경기 파주시,경기,파주시,경기도 파주시 월롱면 통일로 824,0,0,0,031-945-4396
A0007394,동탄주유소,GS칼텍스,경기 화성시,경기,화성시,경기 화성시 동탄구 10용사로 446,1,0,1,031-613-5157
A0007398,지에스칼텍스(주)영통주유소,GS칼텍스,경기 수원시,경기,수원시,경기 수원시 영통구 청명로 107,1,0,1,031-205-6900
A0007402,진우10주유소,S-OIL,충북 제천시,충북,제천시,충북 제천시 의림대로 328,1,0,0,043-648-6699
A0007404,유신주유소,S-OIL,경기 수원시,경기,수원시,경기 수원시 영통구 영통로 299,1,0,0,031-216-1475
A0007406,㈜삼화주유소,S-OIL,경기 오산시,경기,오산시,경기 오산시 경기대로 692,1,0,1,031-376-5101
A0007409,저녁노을주유소,S-OIL,경기 화성시,경기,화성시,경기 화성시 병점구 동탄지성로 388,0,0,0,031-221-5149
A0007412,지에스칼텍스(주)동탄신도시주유소,GS칼텍스,경기 화성시,경기,화성시,경기 화성시 병점구 효행로 1293,1,0,1,031-225-5101
A0007418,백산주유소,S-OIL,경기 화성시,경기,화성시,경기 화성시 병점구 효행로 606,1,0,1,031-233-3161
A0007419,대복제2주유소,HD현대오일뱅크,경기 오산시,경기,오산시,경기 오산시 남부대로 511 (고현동),1,0,0,031-665-5171
A0007421,지에스칼텍스(주) 오산태양주유소,GS칼텍스,경기 오산시,경기,오산시,경기 오산시 동부대로 574,1,0,1,031-373-5145
A0007422,(주)일광에너비스 제1주유소,GS칼텍스,경기 화성시,경기,화성시,경기 화성시 병점구 효행로 420 (안녕동),0,0,0,031-898-9977
A0007434,지에스칼텍스(주)남동주유소,GS칼텍스,경기 용인시,경기,용인시,경기 용인시 처인구 백옥대로 993 (남동),1,0,1,031-323-5202
A0007436,(주)대지산주유소,SK에너지,경기 용인시,경기,용인시,경기 용인시 수지구 대지로 92 (죽전동),1,0,0,031-896-3390
A0007438,명성주유소,GS칼텍스,경기 용인시,경기,용인시,경기 용인시 처인구 한터로 118,1,0,0,031-323-2391
A0007443,이동농협주유소,NH-OIL,경기 용인시,경기,용인시,경기 용인시 처인구 이동면 백옥대로 96,1,0,1,031-336-8272
A0007444,남사농업협동조합,NH-OIL,경기 용인시,경기,용인시,경기도 용인시 처인구 남사면 처인성로185번길 11,1,0,1,031-339-1502
A0007446,동탄농협주유소,NH-OIL,경기 화성시,경기,화성시,경기 화성시 동탄구 삼성1로 196,1,1,1,031-613-0002
A0007448,삼미상사(주)한양주유소,SK에너지,경기 용인시,경기,용인시,경기 용인시 기흥구 중부대로 716 (상하동),1,0,1,031-283-6060
A0007450,서창산업(주) 용인(강릉방향)주유소/충전소,알뜰(ex),경기 용인시,경기,용인시,경기 용인시 처인구 양지면 주북로94번길 30,1,1,1,031-332-3221
A0007451,서창산업(주) 용인(인천방향)주유소/충전소,알뜰(ex),경기 용인시,경기,용인시,경기 용인시 처인구 주북로 66-16 (고림동),1,1,1,031-339-2262
A0007453,㈜한미석유직영 동수원톨게이트주유소,GS칼텍스,경기 수원시,경기,수원시,경기 수원시 영통구 창룡대로 363 (이의동),1,0,1,031-256-5691
A0007468,HD현대오일뱅크㈜직영 기흥현대셀프주유소,HD현대오일뱅크,경기 용인시,경기,용인시,경기 용인시 기흥구 기흥로 68,1,0,1,031-287-0044
A0007470,둔전셀프주유소,HD현대오일뱅크,경기 용인시,경기,용인시,경기 용인시 처인구 포곡읍 포곡로 177,1,0,0,031-332-0049
A0007471,㈜이루다셀프주유소,HD현대오일뱅크,경기 용인시,경기,용인시,경기 용인시 처인구 백옥대로 1410,1,0,0,031-322-6051
A0007476,KH에너지㈜직영 엔크린주유소,SK에너지,경기 용인시,경기,용인시,경기도 용인시 수지구 용구대로 2748 (죽전동),0,0,1,031-264-6901
A0007478,㈜청정에너지 죽전점,S-OIL,경기 용인시,경기,용인시,경기 용인시 수지구 용구대로 2751,1,0,1,031-262-0045
A0007480,HD현대오일뱅크㈜직영 천천현대셀프주유소,HD현대오일뱅크,경기 수원시,경기,수원시,경기 수원시 장안구 덕영대로 557,1,0,1,031-269-5151
A0007482,㈜자연에너지 수원주유소,HD현대오일뱅크,경기 수원시,경기,수원시,경기 수원시 장안구 서부로 2201 (율전동),1,0,1,070-000-0000
A0007484,모과나무주유소,SK에너지,경기 용인시,경기,용인시,경기 용인시 처인구 모현면 포은대로 226,1,0,1,031-322-7161
A0007488,기흥(부산)주유소/충전소,알뜰(ex),경기 용인시,경기,용인시,경기 용인시 기흥구 공세로 173,1,1,1,031-286-5185
A0007489,HD현대오일뱅크㈜직영 수지현대셀프주유소,HD현대오일뱅크,경기 용인시,경기,용인시,경기 용인시 수지구 포은대로 95 (상현동),1,0,1,031-261-1374
A0007492,㈜안양석유 성복역주유소,HD현대오일뱅크,경기 용인시,경기,용인시,경기 용인시 수지구 수지로 137 (성복동),1,0,1,031-266-6050
A0007495,HD현대오일뱅크㈜직영 기흥TG셀프주유소,HD현대오일뱅크,경기 용인시,경기,용인시,경기 용인시 기흥구 삼성2로 34,1,0,1,031-285-8733
A0007499,성산에너지 포도나무주유소,HD현대오일뱅크,경기 용인시,경기,용인시,경기 용인시 처인구 중부대로 1560,0,0,1,031-333-5180
A0007500,죽전(서울)주유소,알뜰(ex),경기 용인시,경기,용인시,경기 용인시 수지구 경부고속도로 400,1,1,1,031-262-4601
A0007502,㈜자연에너지 신갈주유소,HD현대오일뱅크,경기 용인시,경기,용인시,경기 용인시 기흥구 용구대로 2245 (신갈동),1,0,1,031-275-5182
A0007507,㈜서율주유소,HD현대오일뱅크,경기 용인시,경기,용인시,경기 용인시 기흥구 어정로 52 (상하동),1,0,1,031-283-2242
A0007508,현대석유(주)서광주유소,GS칼텍스,경기 수원시,경기,수원시,경기 수원시 장안구 서부로 2370 (이목동),1,0,1,031-244-5260
A0007522,대성산업(주)수원주유소,GS칼텍스,경기 수원시,경기,수원시,경기 수원시 장안구 경수대로 868 (조원동),1,0,1,031-243-3535
A0007523,HD현대오일뱅크㈜직영 수원제일주유소,HD현대오일뱅크,경기 수원시,경기,수원시,경기 수원시 팔달구 권광로 273,0,0,1,031-216-5160
A0007525,C＆S유통(주)구도일주유소일류,S-OIL,경기 수원시,경기,수원시,경기 수원시 장안구 경수대로 1029 (파장동),1,0,0,031-257-1150
A0007526,구도일삼익씨앤에스유통(주),S-OIL,경기 수원시,경기,수원시,경기 수원시 장안구  경수대로 1104,1,0,0,031-255-2096
A0007528,HD현대오일뱅크㈜직영 호수공원셀프주유소,HD현대오일뱅크,경기 수원시,경기,수원시,경기 수원시 영통구 광교호수로 124,1,0,1,031-217-5144
A0007529,HD현대오일뱅크㈜직영 오산세교셀프주유소,HD현대오일뱅크,경기 오산시,경기,오산시,경기 오산시 경기대로 876 (세교동),1,0,1,031-372-5151
A0007530,HD현대오일뱅크㈜직영 프리미엄셀프주유소,HD현대오일뱅크,경기 화성시,경기,화성시,경기 화성시 동탄구 삼성1로 231 (석우동),1,0,1,031-8003-5339
A0007533,㈜제이와이에너지 지점(사우디주유소),HD현대오일뱅크,경기 수원시,경기,수원시,경기 수원시 영통구 중부대로 277,1,0,0,031-213-8669
A0007535,대양석유㈜ 삼성단지주유소,SK에너지,경기 용인시,경기,용인시,경기 용인시 기흥구 중부대로 1-2,1,0,1,031-211-5182
A0007536,드림에너지(주)배트맨주유소,HD현대오일뱅크,경기 수원시,경기,수원시,경기 수원시 장안구 경수대로 818,1,0,1,031-258-0445
A0007545,동일석유㈜금호주유소,SK에너지,경기 수원시,경기,수원시,경기 수원시 장안구 경수대로 852 (조원동),1,0,1,031-258-2892
A0007547,(주)어울림주유소,SK에너지,경기 수원시,경기,수원시,경기 수원시 권선구 매송고색로 498,1,0,0,031-255-2661
A0007548,(주)나눔에너지,HD현대오일뱅크,경기 수원시,경기,수원시,경기 수원시 영통구 영통로 171,1,0,0,031-205-5151
A0007550,토마토주유소(오류점),S-OIL,인천 계양구,인천,계양구,인천 계양구 장제로 1456,1,0,0,032-552-5189
A0007553,㈜강청셀프주유소,HD현대오일뱅크,충남 아산시,충남,아산시,충남 아산시 염치읍 현대로 340,1,0,1,041-543-8891
A0007554,(주)무진에너지 서김포IC주유소,GS칼텍스,경기 김포시,경기,김포시,경기 김포시 양촌면 김포대로 1634,1,0,1,031-982-5151
A0007556,걸포주유소,알뜰주유소,경기 김포시,경기,김포시,경기 김포시 금포로 1117-6 (걸포동),1,0,1,031-983-0301
A0007557,서문안주유소,HD현대오일뱅크,인천 강화군,인천,강화군,인천 강화군 불은면 중앙로 665,0,0,0,032-937-3006
A0007571,대곶IC주유소,GS칼텍스,경기 김포시,경기,김포시,경기 김포시 대곶면 대명항로 237,1,0,1,031-987-7488
A0007572,양곡주유소,HD현대오일뱅크,경기 김포시,경기,김포시,경기 김포시 양촌읍 양곡1로 11,1,0,0,031-981-1150
A0007573,대곶주유소,S-OIL,경기 김포시,경기,김포시,경기 김포시 대곶면 율생로 20,1,0,0,031-987-4346
A0007577,조은주유소,SK에너지,경기 김포시,경기,김포시,경기 김포시 대곶면 대명항로 467,1,0,0,031-989-7474
A0007578,약수터주유소,HD현대오일뱅크,경기 김포시,경기,김포시,경기 김포시 월곶면 김포대로 2812,0,0,0,031-987-5747
A0007579,경기주유소,S-OIL,경기 김포시,경기,김포시,경기 김포시 하성면 하성로 264,1,0,1,031-981-0114
A0007581,풍산에너지(주),S-OIL,경기 김포시,경기,김포시,경기 김포시 풍무로 164,1,0,0,031-998-0598
A0007582,아름주유소,GS칼텍스,인천 강화군,인천,강화군,인천 강화군 선원면 중앙로 150,1,0,0,032-933-5145
A0007584,세광주유소,S-OIL,인천 강화군,인천,강화군,인천 강화군 선원면 중앙로 205,0,0,0,032-934-1235
A0007586,탑주유소,자가상표,충북 청주시,충북,청주시,충북 청주시 상당구 대성로 169-1,1,0,0,043-223-4335
A0007588,장화주유소,S-OIL,전북 김제시,전북,김제시,전북 김제시 벽골제로 637 (장화동),0,0,1,063-542-1551
A0007589,교동주유소,GS칼텍스,인천 강화군,인천,강화군,인천 강화군 교동면 대룡안길54번길 5,0,0,0,032-932-5039
A0007591,화도주유소,HD현대오일뱅크,인천 강화군,인천,강화군,인천 강화군 화도면 가능포로 37,0,0,0,032-937-6829
A0007592,삼산주유소,SK에너지,인천 강화군,인천,강화군,인천 강화군 삼산면 삼산북로 462,0,0,0,032-932-3027
A0007596,㈜해탑에너지,S-OIL,인천 검단구,인천,검단구,인천 검단구 봉수대로 1630 (금곡동),1,0,0,032-561-5189
A0007597,김포농협주유소,S-OIL,경기 김포시,경기,김포시,경기 김포시 북변로 36,0,0,1,031-984-8251
A0007610,㈜인창실업 스마트주유소,S-OIL,인천 서해구,인천,서해구,인천 서해구 원적로 136 (가좌동),1,0,0,032-581-2330
A0007613,대명탑주유소,GS칼텍스,경기 김포시,경기,김포시,경기 김포시 대곶면 대곶로 14,1,0,0,031-984-5144
A0007614,팔도셀프주유소,S-OIL,인천 부평구,인천,부평구,인천 부평구 마장로 199 (산곡동),1,0,1,032-221-5783
A0007617,백마외포리주유소,S-OIL,인천 강화군,인천,강화군,인천 강화군 내가면 중앙로 1301,0,0,0,032-933-8155
A0007623,태성주유소,S-OIL,인천 영종구,인천,영종구,인천 영종구 운중로 125,1,0,0,032-752-0051
A0007625,개정주유소,HD현대오일뱅크,경기 안성시,경기,안성시,경기 안성시 미양면 미양로 129,1,0,0,031-672-6902
A0007626,정해주유소개발(주),S-OIL,인천 남동구,인천,남동구,인천광역시 남동구  인주대로 696 (구월동),1,0,0,032-472-5104
A0007628,달산고속주유소,HD현대오일뱅크,경북 영덕군,경북,영덕군,경북 영덕군 지품면 경동로 7526,0,0,0,054-733-7792
A0007629,금정주유소,GS칼텍스,충남 청양군,충남,청양군,충남 청양군 남양면 충절로 782,1,0,0,041-943-2327
A0007631,수남주유소,HD현대오일뱅크,경기 김포시,경기,김포시,경기 김포시 대곶면 대곶남로 420,0,0,0,031-987-5594
A0007634,신일주유소,SK에너지,경기 김포시,경기,김포시,경기 김포시 통진읍 김포대로 2036,0,0,0,031-987-5151
A0007637,동산주유소,HD현대오일뱅크,경기 김포시,경기,김포시,경기 김포시 하성면 월하로 600,0,0,0,031-989-2202
A0007640,SK큰나무셀프주유소,SK에너지,인천 미추홀구,인천,미추홀구,인천 미추홀구 매소홀로 536,1,0,1,032-439-5189
A0007641,가나안주유소,GS칼텍스,인천 강화군,인천,강화군,인천 강화군 화도면 해안남로 2351,1,0,0,032-937-4510
A0007644,함평제일주유소,SK에너지,전남광주 함평군,전남광주,함평군,전남광주통합특별시 함평군 학교면 영산로 3995,0,0,0,061-323-7929
A0007645,창신주유소,GS칼텍스,인천 검단구,인천,검단구,인천 검단구 고산로 35,1,0,1,032-563-4478
A0007646,(주)오성주유소,SK에너지,인천 영종구,인천,영종구,인천 영종구 남북로 174,0,0,0,032-752-5148
A0007649,가좌금강주유소,S-OIL,인천 서해구,인천,서해구,인천 서해구 장고개로 233 (가좌동),0,0,0,032-583-5660
A0007650,미광셀프주유소,SK에너지,경기 김포시,경기,김포시,경기 김포시 고촌읍 김포대로 55-12,1,0,1,031-989-5182
A0007651,하우고개주유소,HD현대오일뱅크,경기 시흥시,경기,시흥시,경기 시흥시 하우로 26-1 (대야동),1,0,0,031-311-9276
A0007653,양도주유소,SK에너지,인천 강화군,인천,강화군,인천 강화군 양도면 강화남로 725,0,0,0,032-937-0119
A0007655,삼성테크노2주유소,HD현대오일뱅크,충남 천안시,충남,천안시,충남 천안시 서북구 직산읍 천안대로 1712,0,0,0,041-587-5191
A0007657,승원주유소,SK에너지,경기 용인시,경기,용인시,경기 용인시 처인구 이동면 백옥대로 537,0,0,0,031-323-5136
A0007658,경기주유소,SK에너지,인천 강화군,인천,강화군,인천 강화군 선원면 중앙로 233,1,0,1,032-933-5060
A0007671,오성주유소,S-OIL,제주 서귀포시,제주,서귀포시,제주 서귀포시 성산읍 고성오조로 113,0,0,1,064-782-2366
A0007682,스카이주유소,HD현대오일뱅크,인천 서해구,인천,서해구,인천 서해구 경명대로 447 (경서동),1,0,0,032-567-0271
A0007685,㈜태리네트웍스 서울주유소지점,GS칼텍스,경기 김포시,경기,김포시,경기도 김포시 양촌읍 양곡로 355,1,0,0,031-998-5151
A0007691,금성주유소,GS칼텍스,전북 전주시,전북,전주시,전북 전주시 덕진구 기린대로 1003 (여의동),1,0,0,063-211-4888
A0007692,마곡주유소,SK에너지,경기 김포시,경기,김포시,경기 김포시 하성면 하성로 383,0,0,0,031-989-2112
A0007697,예멋Self주유소,SK에너지,경기 남양주시,경기,남양주시,경기 남양주시 진접읍 금강로 1897 (진접읍),1,0,0,031-527-6171
A0007698,해명주유소,SK에너지,인천 강화군,인천,강화군,인천 강화군 삼산면 삼산남로 536,1,0,0,032-932-5225
A0007703,BK봉황주유소,S-OIL,인천 부평구,인천,부평구,인천 부평구 마장로 144,1,0,0,032-512-3939
A0007706,㈜석산에너지 민국주유소,HD현대오일뱅크,인천 서해구,인천,서해구,인천 서해구 봉수대로 254,1,0,1,032-577-5557
A0007710,㈜실로암주유소,GS칼텍스,경기 김포시,경기,김포시,경기 김포시 고촌읍 개화동로 46,1,0,1,031-986-1467
A0007711,우리주유소,SK에너지,인천 서해구,인천,서해구,인천 서해구 건지로 215 (석남동),1,0,0,032-581-5189
A0007724,선원부광주유소,HD현대오일뱅크,인천 강화군,인천,강화군,인천 강화군 선원면 강화동로 899,1,0,1,032-933-8182
A0007730,학다리주유소,S-OIL,전남광주 함평군,전남광주,함평군,전남광주통합특별시 함평군 학교면 영산로 3724,0,0,1,061-324-5100
A0007733,참조은주유소,SK에너지,전북 완주군,전북,완주군,전북 완주군 삼례읍 과학로 488,0,0,0,063-262-5088
A0007738,대성1주유소,GS칼텍스,경기 김포시,경기,김포시,경기 김포시 대곶면 대곶북로 429,1,0,0,031-986-5153
A0007739,강력세차 주유소 ㈜케이지디,HD현대오일뱅크,경기 김포시,경기,김포시,경기 김포시 하성면 하성로 301,1,0,0,0507-1384-0455
A0007740,삼보약암주유소,GS칼텍스,경기 김포시,경기,김포시,경기 김포시 대곶면 약암로 766,0,0,0,031-996-1244
A0007744,파란들주유소,GS칼텍스,인천 서해구,인천,서해구,인천 서해구 봉수대로 181 (가좌동),1,0,0,032-578-5188
A0007750,김포대성 주유소,GS칼텍스,경기 김포시,경기,김포시,경기 김포시 중봉로 37 (감정동),1,0,0,031-988-5515
A0007753,(주)유카스 에너지 올림픽점,SK에너지,경기 김포시,경기,김포시,경기 김포시 고촌읍 벌말로 768-70,1,0,1,031-985-5185
A0007756,㈜한경에너지 우진주유소,SK에너지,인천 서해구,인천,서해구,인천 서해구 가정로 63,1,0,0,032-578-5189
A0007765,신보령주유소,S-OIL,충남 보령시,충남,보령시,충남 보령시 청소면 충서로 3610,0,0,0,041-936-8588
A0007776,(주)광역주유소 대곶,GS칼텍스,경기 김포시,경기,김포시,경기 김포시 대곶면 대곶남로 533,1,0,0,031-997-1800
A0007780,경일석유㈜찬빛주유소,GS칼텍스,경기 김포시,경기,김포시,경기 김포시 통진읍 김포대로 1999,1,0,0,031-982-5145
A0007781,고려산주유소,S-OIL,인천 강화군,인천,강화군,인천 강화군 송해면 강화대로 687,0,0,1,032-933-1916
A0007785,㈜가정셀프주유소,GS칼텍스,인천 미추홀구,인천,미추홀구,인천 미추홀구 참외전로 343 (숭의동),1,0,0,032-773-5811
A0007791,신곡주유소,HD현대오일뱅크,경기 김포시,경기,김포시,경기 김포시 고촌읍 금포로 323,1,0,0,031-986-5182
A0007817,신현주유소,S-OIL,인천 서해구,인천,서해구,인천 서해구 봉수대로 501번길 2 (신현동),1,0,1,032-576-3636
A0007819,서민행복주유소,SK에너지,경기 광주시,경기,광주시,경기 광주시 곤지암읍 경충대로 41,1,0,0,031-761-1775
A0007821,현대재경(직)미소주유소,HD현대오일뱅크,경기 김포시,경기,김포시,경기도 김포시 월곶면 군하로 196,0,0,0,031-987-6888
A0007824,길상주유소,S-OIL,충북 보은군,충북,보은군,충북 보은군 보은읍 보청대로 1334,1,0,0,043-542-8251
A0007833,수노을길주유소,SK에너지,경기 김포시,경기,김포시,경기 김포시 월곶면 김포대로 3001,1,0,1,031-987-5185
A0007840,무진에너지(주) 한강로셀프주유소,GS칼텍스,경기 김포시,경기,김포시,경기 김포시 양촌면 석모로 27,1,0,1,031-996-1647
A0007845,솔로몬주유소,GS칼텍스,인천 서해구,인천,서해구,인천 서해구 서곶로 144 (가정동),1,0,0,032-564-8640
A0007853,㈜광역주유소 대능점,GS칼텍스,경기 김포시,경기,김포시,경기 김포시 대곶면 대곶남로 560,1,0,0,031-998-5149
A0007855,약암주유소,SK에너지,경기 김포시,경기,김포시,경기 김포시 대곶면 약암로 921,0,0,0,031-998-4998
A0007863,금광주유소,S-OIL,인천 강화군,인천,강화군,인천 강화군 길상면 까치골길 1,0,0,0,032-937-5104
A0007870,제일주유소,HD현대오일뱅크,경기 김포시,경기,김포시,경기 김포시 양촌면 양곡4로 117,1,0,0,031-981-5518
A0007872,수현주유소,GS칼텍스,경기 김포시,경기,김포시,경기 김포시 월곶면 김포대로 2553,0,0,0,031-987-5656
A0007874,CJ대한통운㈜초원셀프주유소,S-OIL,경기 김포시,경기,김포시,경기 김포시 대곶면 대곶북로 424,1,0,1,031-983-7157
A0007889,㈜한영 김포지점,GS칼텍스,경기 김포시,경기,김포시,경기 김포시 통진읍 김포대로 2466,0,0,0,031-986-5514
A0007898,행운주유소,GS칼텍스,강원 원주시,강원,원주시,강원 원주시 행구로 253 (행구동),1,0,0,033-735-5225
A0007901,태평주유소,S-OIL,인천 서해구,인천,서해구,인천 서해구 서곶로 259,1,0,0,032-561-0387
A0007907,(주)윈통상 하성제일셀프주요소,HD현대오일뱅크,경기 김포시,경기,김포시,경기 김포시 하성면 월하로 782,1,0,0,031-996-4100
A0007908,가좌주유소㈜,GS칼텍스,인천 서해구,인천,서해구,인천 서해구 백범로 853 (가좌동),1,0,0,032-583-5188
A0007912,주식회사 갈산에너지,HD현대오일뱅크,경기 김포시,경기,김포시,경기 김포시 월곶면 월하로 209,1,0,0,031-989-5155
A0007916,가좌IC주유소,GS칼텍스,인천 서해구,인천,서해구,인천 서해구 백범로 674,1,0,0,032-582-3333
A0007917,가재울 주유소,GS칼텍스,인천 서해구,인천,서해구,인천 서해구 장고개로 244,1,0,0,032-583-0651
A0007924,태평양주유소,SK에너지,인천 강화군,인천,강화군,인천 강화군 하점면 강화서로 557,0,0,0,032-932-4109
A0007926,한국주유소,자가상표,인천 강화군,인천,강화군,인천 강화군 선원면 중앙로 445,0,0,0,032-933-8700
A0007931,동일석유㈜김포대로주유소,SK에너지,경기 김포시,경기,김포시,경기도 김포시 통진읍 김포대로 1937,1,0,1,031-988-3017
A0007934,(주)디오티디 김포햇님이주유소,HD현대오일뱅크,경기 김포시,경기,김포시,경기 김포시 대곶면 대명항로 530,1,0,1,031-989-5186
A0007935,오일파크 하성주유소,알뜰주유소,경기 김포시,경기,김포시,경기도 김포시 금포로 1925,1,1,1,031-983-5125
A0007953,(주)자연에너지 금곡주유소,HD현대오일뱅크,인천 검단구,인천,검단구,인천 검단구 봉수대로 1491 (금곡동),1,0,1,032-566-5189
A0007954,㈜YS에너지 공촌지점,HD현대오일뱅크,인천 서해구,인천,서해구,인천 서해구 경명대로 705 (공촌동),1,0,1,032-564-5180
A0007955,하성셀프제1주유소 (주)태평석유 직영,SK에너지,경기 김포시,경기,김포시,경기 김포시 하성면 하성로 247,1,0,0,031-997-9093
A0007956,㈜유카스플러스 서울로주유소,GS칼텍스,경기 김포시,경기,김포시,경기 김포시 양촌읍 김포대로 1749,1,0,1,031-986-6574
A0007957,SK에덴주유소,SK에너지,경기 김포시,경기,김포시,경기 김포시 대곶면 대곶북로 31,1,0,0,031-984-8951
A0007958,(주)석산에너지 태양주유소,HD현대오일뱅크,인천 서해구,인천,서해구,인천 서해구 중봉대로 378,0,0,1,032-574-1447
A0007964,미래주유소,GS칼텍스,인천 검단구,인천,검단구,인천 검단구 봉수대로1581번길 24 (금곡동),0,0,0,032-569-5067
A0007965,신인천주유소,HD현대오일뱅크,인천 서해구,인천,서해구,인천 서해구 경명대로 669 (공촌동),1,0,0,0
A0007966,동일석유㈜인천주유소,SK에너지,인천 서해구,인천,서해구,인천 서해구 서곶로 394 (연희동),1,0,1,032-561-5101
A0007967,(주)재원에너지,SK에너지,인천 검단구,인천,검단구,인천 검단구 서곶로 749 (백석동),1,0,0,032-569-5182
A0007970,금광주유소,SK에너지,인천 서해구,인천,서해구,인천 서해구 염곡로 252 (석남동),1,0,0,032-572-5188
A0007971,행복한셀프주유소,S-OIL,인천 서해구,인천,서해구,인천 서해구 건지로 352,1,0,0,032-572-1213
A0007974,서광유업㈜청도3주유소,SK에너지,인천 서해구,인천,서해구,인천 서해구 중봉대로 372 (원창동),1,0,1,032-577-0001
A0007976,(주)명진제1주유소,SK에너지,인천 서해구,인천,서해구,인천 서해구 경명대로 420,1,0,0,032-566-3221
A0007978,문화주유소,SK에너지,인천 서해구,인천,서해구,인천 서해구 건지로 105,0,0,0,032-571-7210
A0007981,지에스칼텍스㈜ 논현제일셀프주유소,GS칼텍스,인천 남동구,인천,남동구,인천 남동구 청능대로 460 (고잔동),1,0,1,032-437-5185
A0007982,미래주유소,SK에너지,인천 계양구,인천,계양구,인천 계양구 경명대로 966,1,0,1,032-553-0001
A0007985,씨앤에스유통신도시 주유소,S-OIL,인천 계양구,인천,계양구,인천 계양구  봉오대로 391 (효성동),1,0,0,032-554-2994
A0007988,새현에너지(주),HD현대오일뱅크,인천 부평구,인천,부평구,인천 부평구 경인로 1216,1,0,0,032-515-0077
A0007989,(주)화동오일뱅크,HD현대오일뱅크,인천 서해구,인천,서해구,인천 서해구 중봉대로393번길 36 (원창동),0,0,0,032-578-0111
A0007990,인천부릉부릉주유소,HD현대오일뱅크,인천 서해구,인천,서해구,인천 서해구 봉수대로 267,1,0,0,032-572-5189
A0007993,(주)삼일에너지,SK에너지,인천 서해구,인천,서해구,인천 서해구 경명대로 415 (경서동),1,0,0,032-568-3101
A0008002,㈜산호청정오일 구도일주유소 채운,S-OIL,충남 논산시,충남,논산시,충남 논산시 채운면 계백로 640,0,0,1,041-735-4861
A0008003,경춘제1주유소,S-OIL,강원 춘천시,강원,춘천시,강원 춘천시 서면 경춘로 629,1,0,1,033-262-2766
A0008008,인하주유소,SK에너지,인천 미추홀구,인천,미추홀구,인천 미추홀구 인하로 130,1,0,0,032-867-5101
A0008018,신김포농협주유소,S-OIL,경기 김포시,경기,김포시,경기 김포시 통진읍 서암로 121,0,0,1,031-987-0317
A0008020,검단농협주유소,NH-OIL,인천 검단구,인천,검단구,인천 검단구 서곶로 793,1,1,1,032-569-5171
A0008021,신김포농협대곶지점셀프주유소,S-OIL,경기 김포시,경기,김포시,경기 김포시 대곶면 율생로 99,1,0,1,031-987-7753
A0008025,동우석유(주)우진주유소,SK에너지,인천 서해구,인천,서해구,인천 서해구 중봉대로 280,1,0,0,032-574-0286
A0008028,HD현대오일뱅크㈜직영 보령주유소,HD현대오일뱅크,인천 서해구,인천,서해구,인천 서해구 심곡로 209 (연희동),0,0,1,032-562-5189
A0008035,KH에너지㈜직영 고촌주유소,SK에너지,경기 김포시,경기,김포시,경기 김포시 고촌읍 김포대로 336,1,0,1,031-986-9051
A0008037,(주)서울에너지 서인천주유소,HD현대오일뱅크,인천 서해구,인천,서해구,인천 서해구 서곶로 346 (연희동),1,0,1,032-569-1754
A0008039,㈜케이엘페트로 김포대로점,HD현대오일뱅크,경기 김포시,경기,김포시,경기 김포시 김포대로 970 (북변동),1,0,1,031-998-5104
A0008040,KH영종대교주유소(인천공항방향),SK에너지,인천 서해구,인천,서해구,인천 서해구 정서진남로 25(청라동),0,0,1,032-566-4111
A0008057,대성석유(주)통진대성주유소,GS칼텍스,경기 김포시,경기,김포시,경기 김포시 통진읍 하성로 58,0,0,0,031-996-7411
A0008063,SK에너지(주) 봉수대로주유소,SK에너지,인천 서해구,인천,서해구,인천 서해구 봉수대로 336 (석남동),0,0,1,032-583-5185
A0008068,대성산업(주) 인천주유소,GS칼텍스,인천 서해구,인천,서해구,인천 서해구 가남로 181 (가좌동),1,0,1,032-575-7065
A0008072,한밭산업㈜ 청라주유소,GS칼텍스,인천 서해구,인천,서해구,인천 서해구 중봉대로 152,1,0,0,032-575-5261
A0008082,김포하이웨이주유소,S-OIL,경기 김포시,경기,김포시,경기 김포시 김포대로 1518,1,0,1,031-982-4441
A0008084,피트인 하이웨이 구도일한강신도시점,S-OIL,경기 김포시,경기,김포시,경기 김포시 김포한강1로 312 (운양동),1,0,0,031-987-8251
A0008087,(주)오일드림주유소,HD현대오일뱅크,인천 검단구,인천,검단구,인천 검단구 봉수대로 1302 (왕길동),1,0,0,032-562-8118
A0008089,대명에너지 청도2주유소,SK에너지,인천 서해구,인천,서해구,인천 서해구 백범로 964 (가좌1동),1,0,0,032-575-0001
A0008090,(주)늘품오일 한길셀프주유소,알뜰주유소,인천 검단구,인천,검단구,인천 검단구 검단로 861 (불로동),1,1,1,032-568-8995
A0008091,HD현대오일뱅크㈜직영 북인천ic셀프주유소,HD현대오일뱅크,인천 서해구,인천,서해구,인천 서해구 중봉대로 799,1,0,1,032-568-0151
A0008094,(주)유성주유소,SK에너지,인천 강화군,인천,강화군,인천 강화군 하점면 강화대로 1114,0,0,0,032-933-5190
A0008098,(주)태리주유소,GS칼텍스,경기 김포시,경기,김포시,경기 김포시 고촌읍 장곡로3번길 20,0,0,0,031-986-0150
A0008100,훼미리주유소,SK에너지,경기 김포시,경기,김포시,경기 김포시 김포대로 581,1,0,0,031-981-3151
A0008104,구도일주유소 ㈜디오티디 인천킹크랩,S-OIL,인천 검단구,인천,검단구,인천 검단구 완정로 111,1,0,0,070-4353-5188
A0008107,(주)디오티디 인천랍스터주유소,SK에너지,인천 검단구,인천,검단구,인천 검단구 봉수대로 1543 (금곡동),1,0,1,032-567-5185
A0008118,한금령주유소,S-OIL,충북 음성군,충북,음성군,충북 음성군 원남면 충청대로 790,0,0,1,043-872-7507
A0008127,오스타주유소,GS칼텍스,경북 봉화군,경북,봉화군,경북 봉화군 봉성면 파인토피아로 1652,0,0,0,054-672-8228
A0008130,산뜻주유소,S-OIL,경기 의왕시,경기,의왕시,경기도 의왕시 고산로 65 (고천동),0,0,0,031-477-5151
A0008131,한마음주유소,S-OIL,충남 아산시,충남,아산시, 충청남도 아산시 염치읍 아산로 602,1,0,0,041-532-5149
A0008132,백운주유소,SK에너지,경기 의왕시,경기,의왕시,경기 의왕시 학의로 554 (포일동),1,0,0,031-426-3401
A0008133,기쁨두배주유소,SK에너지,경기 안양시,경기,안양시,경기 안양시 동안구 시민대로 67 (호계동),0,0,0,031-451-0101
A0008137,만세로주유소,GS칼텍스,경기 평택시,경기,평택시,경기 평택시 만세로 1555 (청룡동),1,0,0,031-651-7474
A0008138,인성주유소,GS칼텍스,경기 수원시,경기,수원시,경기 수원시 권선구 권선로 541 (세류동),0,0,0,031-231-1115
A0008143,한일주유소,SK에너지,경기 광명시,경기,광명시,경기 광명시 가학로 77 (가학동),0,0,0,02-2616-6626
A0008147,서울석유㈜ 진위산단주유소,SK에너지,경기 평택시,경기,평택시,경기 평택시 진위면 삼남로 712,1,0,1,031-668-0010
A0008148,드림주유소,S-OIL,충남 서천군,충남,서천군,충남 서천군 장항읍 대백제로 50,0,0,0,041-957-2000
A0008149,평안주유소,S-OIL,경기 평택시,경기,평택시,경기 평택시 지산로 291 (지산동),0,0,0,031-611-8300
A0008150,HD현대오일뱅크㈜직영 의왕셀프주유소,HD현대오일뱅크,경기 의왕시,경기,의왕시,경기 의왕시 오봉로 182 (부곡동),1,0,1,031-461-8204
A0008155,삼미주유소,HD현대오일뱅크,경기 의왕시,경기,의왕시,경기 의왕시 안양판교로 377 (청계동),0,0,0,031-426-0333
A0008158,플라트(주)금성주유소,GS칼텍스,경기 안양시,경기,안양시,경기 안양시 동안구 시민대로 325,1,0,1,031-421-4199
A0008165,오전주유소,GS칼텍스,경기 의왕시,경기,의왕시,경기 의왕시 백운로 62(오전동),0,0,0,031-453-0303
A0008167,HG에너지(주)대원주유소,SK에너지,경기 의왕시,경기,의왕시,경기 의왕시 경수대로 215 (고천동),1,0,0,031-452-6455
A0008168,㈜자연에너지 왕정주유소,HD현대오일뱅크,경기 의왕시,경기,의왕시,경기 의왕시 고산로 60,1,0,1,070-8671-2336
A0008174,경마장주유소,SK에너지,경기 과천시,경기,과천시,경기 과천시 중앙로 417 (과천동),1,0,1,02-507-5100
A0008176,(주)의왕ICD주유소,GS칼텍스,경기 의왕시,경기,의왕시,경기 의왕시 창말로 39,1,0,0,031-461-8005
A0008179,서일석유(주)서일주유소,GS칼텍스,경기 안양시,경기,안양시,경기 안양시 동안구 엘에스로 56 (호계동),1,0,1,031-458-3838
A0008182,OK에너지㈜ 청계동self주유소,SK에너지,경기 의왕시,경기,의왕시,경기 의왕시 안양판교로 257 (청계동),1,0,0,031-426-5151
A0008187,구도일주유소 청강,S-OIL,경기 안양시,경기,안양시,경기 안양시 동안구 관악대로 159,1,0,1,031-381-5159
A0008190,(주)덕성에너지,S-OIL,경기 의왕시,경기,의왕시,경기 의왕시 덕영대로 20,1,0,0,031-461-8997
A0008193,동일석유㈜제일주유소,SK에너지,경기 안양시,경기,안양시,경기 안양시 동안구 경수대로 962,1,0,1,031-449-2796
A0008196,현대주유소,SK에너지,경기 의왕시,경기,의왕시,경기 의왕시 경수대로 347 (오전동),1,0,1,031-452-9494
A0008197,남선석유(주) 구도일주유소 평촌,S-OIL,경기 의왕시,경기,의왕시,경기도 의왕시  갈미로 2 (내손동),1,0,1,031-423-5189
A0008198,KH에너지㈜직영 평촌주유소,SK에너지,경기 안양시,경기,안양시,경기 안양시 동안구 평촌대로 99,1,0,1,031-383-3275
A0008204,HD현대오일뱅크㈜직영 부곡셀프주유소,HD현대오일뱅크,경기 의왕시,경기,의왕시,경기 의왕시 철도박물관로 14,1,0,1,031-461-4550
A0008207,HD현대오일뱅크㈜직영 관양현대셀프주유소,HD현대오일뱅크,경기 안양시,경기,안양시,경기 안양시 동안구 관악대로 414,1,0,1,031-423-6942
A0008210,HD현대오일뱅크㈜직영 선암셀프주유소,HD현대오일뱅크,경기 과천시,경기,과천시,경기 과천시 중앙로 534,1,0,1,02-503-0077
A0008216,씨앤에스유통㈜ 구도일주유소 새안양,S-OIL,경기 안양시,경기,안양시,경기 안양시 동안구 흥안대로 463,1,0,0,031-421-4797
A0008218,대성산업(주)과천주유소,GS칼텍스,경기 과천시,경기,과천시,경기 과천시 중앙로 144,0,0,1,02-503-1941
A0008221,KH에너지㈜직영 의왕주유소(서울방향),SK에너지,경기 의왕시,경기,의왕시,경기 의왕시 오전로 24,1,0,1,031-477-7893
A0008224,지지대셀프주유소,SK에너지,경기 의왕시,경기,의왕시,경기 의왕시 경수대로 112 (왕곡동),1,0,1,031-454-0448
A0008225,HD현대오일뱅크(주)직영 판교현대셀프주유소,HD현대오일뱅크,경기 의왕시,경기,의왕시,"경기 의왕시 안양판교로 448,  (청계동)",1,0,1,031-423-5179
A0008226,서일석유(주)열린스타주유소,GS칼텍스,경기 의왕시,경기,의왕시,경기 의왕시 모락로 117,1,0,1,031-452-6246
A0008227,(주)호정디엔이 열린주유소,GS칼텍스,경기 안양시,경기,안양시,경기 안양시 동안구 관악대로 248 (비산동),1,0,1,031-385-7500
A0008233,희망주유소,S-OIL,전남광주 강진군,전남광주,강진군,전남광주통합특별시 강진군 강진읍 보은로 94,0,0,0,061-434-3669
A0008236,인주대로주유소,SK에너지,인천 남동구,인천,남동구,인천 남동구 인주대로 858 (만수동),1,0,0,032-465-1011
A0008241,보문주유소,GS칼텍스,인천 남동구,인천,남동구,인천 남동구 경인로 558 (간석동),1,0,0,032-429-5018
A0008243,신향주유소,HD현대오일뱅크,인천 남동구,인천,남동구,인천 남동구 인주대로 759 (구월동),1,0,0,032-466-8853
A0008245,크로바주유소,S-OIL,인천 연수구,인천,연수구,인천 연수구 한나루로 92 (옥련동),1,0,0,032-834-8500
A0008247,인제햇살주유소,HD현대오일뱅크,강원 인제군,강원,인제군,강원 인제군 남면 설악로 160,1,0,0,033-462-5182
A0008249,농장주유소,HD현대오일뱅크,인천 남동구,인천,남동구,인천 남동구 만월로 22 (간석동),1,0,0,032-000-0000
A0008252,동신셀프주유소,S-OIL,충남 천안시,충남,천안시,충남 천안시 동남구 풍세로 907 (다가동),1,0,0,041-554-8848
A0008253,(주)창조 신화문산주유소,S-OIL,경기 파주시,경기,파주시,경기 파주시 문산읍 통일로 1752-79,1,0,1,031-953-5182
A0008254,에스제이에너지,S-OIL,인천 남동구,인천,남동구,인천 남동구 아암대로 1171 (고잔동),1,0,0,032-814-5185
A0008259,HD현대오일뱅크㈜직영 광장셀프주유소,HD현대오일뱅크,인천 남동구,인천,남동구,인천 남동구 남동대로 462 (남촌동),1,0,1,032-471-5189
A0008261,KH에너지㈜직영 청도1주유소,SK에너지,인천 미추홀구,인천,미추홀구,인천 미추홀구 경원대로 813-9 (주안동),1,0,1,032-426-0001
A0008265,SK셀프서비스주유소,SK에너지,인천 미추홀구,인천,미추홀구,인천 미추홀구 소성로 32 (용현동),1,0,1,032-864-0248
A0008267,(주)중앙에너비스 남동공단지점,SK에너지,인천 남동구,인천,남동구,인천 남동구 남동대로 258,1,0,0,070-8707-4573
A0008268,서일석유(주) 수정주유소,GS칼텍스,인천 남동구,인천,남동구,인천 남동구 남동대로 559 (남촌동),0,0,1,032-815-9055
A0008274,신만해주유소 만해유업㈜시흥지점,SK에너지,경기 시흥시,경기,시흥시,경기 시흥시 금화로 204,1,0,0,031-439-0051
A0008276,구름산주유소,SK에너지,경기 광명시,경기,광명시,경기 광명시 오리로 524 (소하동),0,0,0,02-894-6565
A0008278,주유할인마트,알뜰주유소,경기 시흥시,경기,시흥시,경기 시흥시 수인로 2648 (금이동),0,0,1,031-316-0982
A0008283,(주)참조은에너지 초현주유소,HD현대오일뱅크,경기 여주시,경기,여주시,경기 여주시 대신면 대신1로 186,0,0,0,031-883-8017
A0008287,시화대성주유소,GS칼텍스,경기 시흥시,경기,시흥시,경기 시흥시 정왕신길로 180,1,0,0,031-434-1114
A0008288,제일self주유소,SK에너지,경기 시흥시,경기,시흥시,경기 시흥시 서해안로 602 (정왕동),1,0,0,031-433-7925
A0008289,IN-N-OUT주유소,SK에너지,경기 광명시,경기,광명시,경기 광명시 안양천로 463,1,0,1,02-3666-5151
A0008291,목감IC주유소,SK에너지,경기 시흥시,경기,시흥시,경기 시흥시 동서로 1200 (목감동),1,0,0,031-403-5177
A0008292,원천제2주유소,GS칼텍스,인천 계양구,인천,계양구,인천 계양구 벌말로 295,1,0,0,032-555-9143
A0008298,샘터주유소,HD현대오일뱅크,경기 시흥시,경기,시흥시,경기 시흥시 범안로 336 (계수동),1,0,1,031-313-8420
A0008301,벌말주유소,SK에너지,경기 광명시,경기,광명시,경기 광명시 광명로 38 (가학동),1,0,0,02-2689-0924
A0008302,서해주유소,SK에너지,경기 시흥시,경기,시흥시,경기 시흥시  봉화로 325,1,0,0,031-499-9680
A0008308,대지주유소,SK에너지,경기 시흥시,경기,시흥시,경기 시흥시 군자로 80 (월곶동),0,0,0,031-499-9533
A0008312,승원주유소,SK에너지,경기 시흥시,경기,시흥시,경기 시흥시 서해안로 1081,1,0,1,031-315-7898
A0008314,군자봉주유소,SK에너지,경기 시흥시,경기,시흥시,경기 시흥시 시흥대로 203-1 (군자동),1,0,0,031-499-5151
A0008316,(주)시흥에너지 배곧주유소,SK에너지,경기 시흥시,경기,시흥시,경기 시흥시 서해안로 551,1,0,0,031-434-7683
A0008322,우주피엔씨(주) 새광명주유소,S-OIL,경기 광명시,경기,광명시,경기 광명시 시청로 115 (철산동),1,0,1,02-2625-7674
A0008323,(주)명보에너지,S-OIL,경기 시흥시,경기,시흥시,경기 시흥시  수인로 2186 (조남동),0,0,1,031-485-5855
A0008333,경원주유소,GS칼텍스,경기 시흥시,경기,시흥시,경기 시흥시 수인로 2873 (도창동),0,0,0,031-315-8333
A0008334,루트7주유소,GS칼텍스,경북 포항시,경북,포항시,경북 포항시 북구 송라면 동해대로 2829,1,0,1,054-244-0077
A0008337,장연주유소,GS칼텍스,경기 시흥시,경기,시흥시,경기 시흥시 동서로 633 (광석동),0,0,0,031-312-8251
A0008346,덕안주유소,SK에너지,경기 광명시,경기,광명시,경기 광명시 오리로 270 (소하동),0,0,0,02-898-2365
A0008349,백재주유소,SK에너지,경기 광명시,경기,광명시,경기 광명시 광명로 482,1,0,0,02-2685-6362
A0008351,슈퍼맨주유소,S-OIL,경기 시흥시,경기,시흥시,경기 시흥시 군자로 380,1,0,0,031-498-8883
A0008357,해승주유소,SK에너지,경기 시흥시,경기,시흥시,경기 시흥시 서해안로 1048,1,0,0,031-314-6022
A0008368,대광주유소,SK에너지,경기 시흥시,경기,시흥시,경기 시흥시 금오로 499 (과림동),0,0,0,02-2687-0651
A0008371,㈜한경에너지,GS칼텍스,경기 시흥시,경기,시흥시,경기 시흥시 수인로 3293 (신천동),1,0,0,031-318-5189
A0008372,나분들주유소,S-OIL,경기 시흥시,경기,시흥시,경기 시흥시 동서로 674,1,0,0,031-318-5133
A0008379,SK명성주유소,SK에너지,경기 시흥시,경기,시흥시,경기 시흥시 서해안로1661번길 37,1,0,0,031-435-5151
A0008388,(주)발산주유소,HD현대오일뱅크,경기 시흥시,경기,시흥시,경기 시흥시 계수로 79,1,0,1,031-313-5182
A0008390,경원주유소,GS칼텍스,경기 광명시,경기,광명시,경기 광명시 광명로 136,1,0,1,02-2060-5177
A0008392,해바라기당진점,HD현대오일뱅크,충남 당진시,충남,당진시,충남 당진시 송악읍 서해로 6622,1,0,0,041-356-9399
A0008396,SK경인주유소,SK에너지,경기 시흥시,경기,시흥시,경기 시흥시 범안로 277,1,0,0,031-311-5322
A0008401,보금자리주유소,HD현대오일뱅크,경기 시흥시,경기,시흥시,경기 시흥시 금오로 94,0,0,0,031-435-2335
A0008402,(주)행운주유소,SK에너지,경기 광명시,경기,광명시,경기 광명시 부광로 309,1,0,0,02-2619-0700
A0008405,(주)한유에너지 시흥주유소,SK에너지,경기 시흥시,경기,시흥시,경기 시흥시 시흥대로 342,1,0,1,031-317-8802
A0008406,㈜한유에너지 시흥IC주유소,SK에너지,경기 시흥시,경기,시흥시,경기 시흥시 소사로 49,1,0,1,031-435-5157
A0008407,(주)효창에너지 효창기름나라주유소,SK에너지,경기 시흥시,경기,시흥시,경기 시흥시 옥구공원로 339,1,0,0,031-432-5151
A0008414,(주)세화제2주유소,SK에너지,경기 시흥시,경기,시흥시,경기 시흥시 동서로 425,1,0,0,031-404-5189
A0008418,SK에너지(주) 시화산업주유소,SK에너지,경기 시흥시,경기,시흥시,경기 시흥시 공단1대로 195,0,0,1,031-498-2167
A0008421,(주)대경유업 대경주유소,HD현대오일뱅크,경기 시흥시,경기,시흥시,경기 시흥시 봉화로 166,1,0,0,070-4208-2377
A0008422,철산주유소,HD현대오일뱅크,경기 광명시,경기,광명시,경기 광명시 오리로 883,1,0,0,02-2616-1697
A0008424,롯데제2주유소,GS칼텍스,경기 시흥시,경기,시흥시,경기 시흥시 금오로 304 (과림동),0,0,0,02-3666-5189
A0008425,상천네트워크㈜ 시흥풀페이주유소,S-OIL,경기 시흥시,경기,시흥시,경기 시흥시 서해안로 1317 (방산동),1,0,1,031-316-1201
A0008426,광생주유소,S-OIL,경기 광명시,경기,광명시,경기 광명시 광명로 856 (광명동),0,0,0,02-2689-5512
A0008427,지에스칼텍스㈜ 시화신도시주유소,GS칼텍스,경기 시흥시,경기,시흥시,경기 시흥시 마유로 316 (정왕동),1,0,1,031-499-6961
A0008428,㈜아동파크 그린주유소,HD현대오일뱅크,경기 시흥시,경기,시흥시,경기 시흥시 소사로 22,1,0,0,031-312-8403
A0008429,하이웨이에너지,HD현대오일뱅크,경기 광명시,경기,광명시,경기 광명시 광명로 769 (광명동),1,0,0,02-2066-5189
A0008430,㈜정안에너지,SK에너지,경기 시흥시,경기,시흥시,경기 시흥시 역전로 318,1,0,1,031-433-5250
A0008431,㈜자연에너지 황소주유소,HD현대오일뱅크,경기 시흥시,경기,시흥시,경기 시흥시 동서로 174,1,0,1,031-488-9699
A0008432,지에스칼텍스㈜ 시화공단주유소,GS칼텍스,경기 시흥시,경기,시흥시,경기 시흥시 공단1대로 256,1,0,1,031-498-0167
A0008433,㈜대경유업 능곡셀프주유소,HD현대오일뱅크,경기 시흥시,경기,시흥시,경기 시흥시 시흥대로 238-2 (군자동),1,0,0,031-497-5189
A0008436,우리주유소,알뜰주유소,경기 시흥시,경기,시흥시,경기 시흥시 황고개로 311 (군자동),1,1,1,031-498-0051
A0008437,㈜송송에너지,GS칼텍스,경기 시흥시,경기,시흥시,경기 시흥시 서해안로 1702,1,0,1,031-404-7253
A0008438,KH에너지㈜직영 시흥주유소,SK에너지,경기 시흥시,경기,시흥시,경기 시흥시 수인로 3380 (신천동),1,0,1,031-315-8495
A0008446,(주)디오티디 파주태권브이주유소,HD현대오일뱅크,경기 파주시,경기,파주시,경기 파주시 평화로 128 (금촌동),1,0,1,031-957-5189
A0008447,기름나라주유소,SK에너지,경기 파주시,경기,파주시,경기 파주시 탄현면 엘지로 622,0,0,0,031-945-5145
A0008449,오성주유소,HD현대오일뱅크,경기 파주시,경기,파주시,경기 파주시 조리읍 등원로 229,0,0,0,031-947-0051
A0008452,수향셀프주유소,SK에너지,경기 파주시,경기,파주시,경기 파주시 법원읍 사임당로 680,1,0,0,031-958-7541
A0008457,조인에너지 Self,GS칼텍스,경기 파주시,경기,파주시,경기도 파주시 법원읍 화합로 74,1,0,0,031-953-6979
A0008458,스마일주유소,GS칼텍스,경기 김포시,경기,김포시,경기 김포시 통진읍 김포대로 2429,1,0,1,031-986-5145
A0008459,대성에너지,SK에너지,경기 파주시,경기,파주시,경기 파주시 광탄면 보광로 814,1,0,1,031-945-5185
A0008467,연세석유여주셀프주유소,GS칼텍스,경기 여주시,경기,여주시,경기 여주시 신륵로 164,1,0,0,031-883-8970
A0008469,KH에너지㈜직영 천운주유소,SK에너지,경기 파주시,경기,파주시,경기 파주시 파주읍 충현로 8,1,0,1,031-952-5145
A0008475,주내주유소,SK에너지,경기 파주시,경기,파주시,경기 파주시 파주읍 술이홀로 383,0,0,0,031-953-4330
A0008478,탄현주유소,SK에너지,경기 파주시,경기,파주시,경기 파주시 탄현면 방촌로 644,1,0,0,031-945-3300
A0008481,고속주유소,알뜰주유소,경기 안산시,경기,안산시,경기 안산시 상록구 석호로 367,1,0,1,031-000-0000
A0008491,사랑셀프주유소,GS칼텍스,경기 파주시,경기,파주시,경기 파주시 탄현면 평화로 657,1,0,0,031-943-5190
A0008493,굿모닝주유소,알뜰주유소,경기 파주시,경기,파주시,경기 파주시 파주읍 우계로 299,1,0,1,031-952-3245
A0008502,한성주유소,HD현대오일뱅크,경기 파주시,경기,파주시,경기 파주시 월롱면 도감로 158,0,0,0,031-945-5129
A0008513,금촌주유소,HD현대오일뱅크,경기 파주시,경기,파주시,경기 파주시 아동로 60 (아동동),0,0,0,031-957-3651
A0008526,에이스주유소,GS칼텍스,경기 파주시,경기,파주시,경기 파주시 파평면 청송로 508,0,0,0,031-959-5152
A0008532,조인에너지셀프야동점,GS칼텍스,경기 파주시,경기,파주시,경기 파주시 창곡동길 27 (야동동),1,0,0,031-948-6181
A0008535,비전self주유소,HD현대오일뱅크,경기 파주시,경기,파주시,경기 파주시 파주읍 우계로 152,1,0,0,031-952-9752
A0008543,한성제1주유소,HD현대오일뱅크,경기 파주시,경기,파주시,경기 파주시 탄현면 엘지로 639,1,0,0,031-946-5155
A0008549,능안제일주유소,HD현대오일뱅크,경기 파주시,경기,파주시,경기 파주시 조리읍 대원로 276,1,0,0,031-946-7474
A0008551,(주)제이에스에너지,SK에너지,경기 파주시,경기,파주시,경기 파주시 탄현면 평화로 731,1,0,0,031-945-5135
A0008553,통일특구주유소,HD현대오일뱅크,경기 파주시,경기,파주시,경기 파주시 문산읍 사임당로 394,0,0,0,031-952-1862
A0008564,주)구송에너지,GS칼텍스,경기 파주시,경기,파주시,경기 파주시 교하로 499 (동패동),1,0,0,031-947-0007
A0008568,등원주유소,S-OIL,경기 파주시,경기,파주시,경기 파주시 조리읍 등원로 57,0,0,0,031-944-5155
A0008571,적암주유소,SK에너지,경기 파주시,경기,파주시,경기 파주시 적성면 율곡로 2989,0,0,0,031-959-4495
A0008574,지에스칼텍스(주)파주LCD주유소,GS칼텍스,경기 파주시,경기,파주시,경기 파주시 탄현면 엘지로 448,1,0,1,031-941-3144
A0008580,갈곡 주유소,SK에너지,경기 파주시,경기,파주시,경기 파주시 법원읍 화합로 343,0,0,0,031-958-7154
A0008582,명품주유소,GS칼텍스,경기 파주시,경기,파주시,경기 파주시 금월로 130,0,0,0,031-943-5180
A0008583,장현주유소,S-OIL,경기 파주시,경기,파주시,경기 파주시 적성면 율곡로 2693 (적성면),0,0,1,031-958-8588
A0008593,연세에너지(주),GS칼텍스,경기 파주시,경기,파주시,경기 파주시 월롱면 엘지로 185,1,0,1,031-959-8975
A0008595,(주)엘피엘,GS칼텍스,경기 파주시,경기,파주시,경기 파주시 탄현면 방촌로 1007,1,0,0,031-942-3800
A0008599,적성주유소,HD현대오일뱅크,경기 파주시,경기,파주시,경기 파주시 적성면 청송로 1046,0,0,0,031-959-4032
A0008600,파주경인 ㈜곡송,SK에너지,경기 파주시,경기,파주시,경기 파주시 조리읍 통일로 124,1,0,0,031-943-5052
A0008601,주식회사 흥안,S-OIL,경기 파주시,경기,파주시,경기 파주시 법원읍 화합로 208,1,0,0,031-959-3331
A0008602,LCD주유소,GS칼텍스,경기 파주시,경기,파주시,경기 파주시 탄현면 엘지로 640,1,0,0,031-942-5149
A0008605,(주)디오티디 파주댕댕이주유소,S-OIL,경기 파주시,경기,파주시,경기 파주시 파주로 72 (문발동),1,0,1,031-946-5185
A0008606,파주농협주유소,NH-OIL,경기 파주시,경기,파주시,경기 파주시 파주읍 통일로 1539,1,1,1,031-953-7620
A0008607,광탄농협주유소,NH-OIL,경기 파주시,경기,파주시,경기 파주시 광탄면 신산리 동거리길 41,0,0,1,031-947-7876
A0008608,금촌농협주유소,NH-OIL,경기 파주시,경기,파주시,경기 파주시 평화로 240 (야동동),1,1,1,031-943-0003
A0008614,(주)소모 파주주유소,GS칼텍스,경기 파주시,경기,파주시,경기 파주시 탄현면 엘지로 615,0,0,1,031-944-5114
A0008624,교하셀프주유소,HD현대오일뱅크,경기 파주시,경기,파주시,경기 파주시 교하읍 교하로 926,1,0,0,031-946-5301
A0008625,첨단주유소,GS칼텍스,경기 파주시,경기,파주시,경기 파주시 파주읍 충현로 33,1,0,0,031-954-0886
A0008626,㈜케이알산업 파주출판도시자유로주유소,S-OIL,경기 파주시,경기,파주시,경기 파주시 자유로 2210,1,0,0,031-943-5189
A0008639,HD현대오일뱅크㈜직영 동패셀프주유소,HD현대오일뱅크,경기 파주시,경기,파주시,경기 파주시 동서대로 367,1,0,1,031-945-5125
A0008641,㈜디오티디 파주고라니주유소,HD현대오일뱅크,경기 파주시,경기,파주시,경기도 파주시 파주로 66,1,0,1,031-937-8518
A0008643,HD현대오일뱅크㈜직영 운정셀프주유소,HD현대오일뱅크,경기 파주시,경기,파주시,경기 파주시 미래로 374 (야당동),1,0,1,031-944-5190
A0008647,동일석유㈜ 운정동일주유소,SK에너지,경기 파주시,경기,파주시,경기 파주시 파주로 70,1,0,1,031-941-3868
A0008648,동일석유㈜ 교하동일주유소,SK에너지,경기 파주시,경기,파주시,경기 파주시 파주로 63,1,0,1,031-941-6987
A0008649,디에스에너지㈜파주아동,HD현대오일뱅크,경기 파주시,경기,파주시,경기 파주시 통일로 630,1,0,0,031-942-5103
A0008650,파주셀프주유소,HD현대오일뱅크,경기 파주시,경기,파주시,경기 파주시 조리읍 파주로 1077,1,0,0,031-947-8494
A0008652,㈜현대가스텍 파동주유소,HD현대오일뱅크,경기 파주시,경기,파주시,경기 파주시 통일로 645,1,0,1,031-949-1449
A0008655,삼미상사(주)미래로SELF주유소,SK에너지,경기 파주시,경기,파주시,경기 파주시 미래로 292 (동패동),1,0,1,031-941-5181
A0008662,모현주유소,HD현대오일뱅크,경기 용인시,경기,용인시,경기 용인시 처인구 모현면 문현로 154,1,0,1,031-334-5511
A0008670,초당에너지,SK에너지,경기 용인시,경기,용인시, 경기 용인시 기흥구 동백죽전대로 179,1,0,1,031-693-9771
A0008677,산수주유소,HD현대오일뱅크,경기 용인시,경기,용인시,경기 용인시 처인구 포곡읍 곡현로 184,0,0,0,031-323-7111
A0008684,백암약수주유소,SK에너지,경기 용인시,경기,용인시,경기 용인시 처인구 백암면 죽양대로 1172,0,0,0,031-339-3397
A0008685,대성주유소,SK에너지,경기 용인시,경기,용인시,경기 용인시 처인구 남사면 경기동로 490,0,0,0,031-334-2255
A0008698,남사원주유소,S-OIL,경기 용인시,경기,용인시,경기 용인시 처인구 남사면 천덕산로 396,1,0,0,031-322-5180
A0008707,행복주유소,SK에너지,전북 김제시,전북,김제시,전북 김제시 벽성로 362 (서암동),1,0,1,063-547-0600
A0008709,용인IC주유소,GS칼텍스,경기 용인시,경기,용인시,경기 용인시 처인구 백옥대로 1405 (유방동),1,0,0,031-333-4000
A0008710,서울이엔지㈜ 사월주유소,HD현대오일뱅크,경기 용인시,경기,용인시,경기 용인시 기흥구 청명산로 1,1,0,0,031-203-5189
A0008713,묵리주유소,HD현대오일뱅크,경기 용인시,경기,용인시,경기 용인시 처인구 이동면 이원로384번길 1,0,0,1,031-322-9311
A0008720,언남주유소,S-OIL,경기 용인시,경기,용인시,경기 용인시 기흥구 구성로 152 (언남동),1,0,1,031-283-2758
A0008724,㈜시청앞주유소(한진주유소),S-OIL,경기 안성시,경기,안성시,경기 안성시 안성맞춤대로 926 (도기동),1,0,0,031-677-2525
A0008727,천일주유소,S-OIL,경기 용인시,경기,용인시,경기 용인시 처인구 원삼면 죽양대로 1579,0,0,0,031-321-7279
A0008736,우리주유소,SK에너지,경기 용인시,경기,용인시,경기 용인시 처인구 중부대로 1255,1,0,1,031-335-9511
A0008740,하늘에너지㈜미성주유소,GS칼텍스,경기 용인시,경기,용인시,경기 용인시 처인구 백옥대로 1416,1,0,0,031-335-6232
A0008741,신무궁화주유소,HD현대오일뱅크,경기 용인시,경기,용인시,경기 용인시 기흥구 용구대로2469번길 78 (보정동),0,0,0,031-265-3301
A0008750,SK에너지(주) 대흥셀프주유소,SK에너지,경기 용인시,경기,용인시,경기 용인시 기흥구 신수로 570 (보정동),1,0,1,031-264-5189
A0008756,엠케이주유소,HD현대오일뱅크,경기 화성시,경기,화성시,경기 화성시 병점구 삼성1로 342 (반월동),1,0,1,031-273-5189
A0008776,에너지 플러스허브 죽전,GS칼텍스,경기 용인시,경기,용인시,경기 용인시 수지구 용구대로 2782,1,0,1,031-261-5145
A0008777,수지주유소,GS칼텍스,경기 용인시,경기,용인시,경기 용인시 수지구 수지로 164,1,0,0,031-266-0039
A0008782,주식회사 우리들,GS칼텍스,경기 용인시,경기,용인시,경기 용인시 처인구 동부로 348 (운학동),1,0,0,031-339-0051
A0008789,(주)소모 수지제일주유소,GS칼텍스,경기 용인시,경기,용인시,경기도 용인시 수지구 수지로 350 (풍덕천동),1,0,1,031-264-3636
A0008792,청정에너지주유소,S-OIL,경기 용인시,경기,용인시,경기 용인시 기흥구 용구대로2469번길 161,1,0,1,031-264-2500
A0008793,구도일주유소 미르셀프,S-OIL,경기 용인시,경기,용인시,경기 용인시 기흥구 동백죽전대로 143,1,0,1,031-304-1151
A0008798,삼일주유소,SK에너지,경기 용인시,경기,용인시,경기 용인시 처인구 원삼면 동부로 1204,1,0,0,031-332-3942
A0008804,㈜더오일 용인지점,자가상표,경기 용인시,경기,용인시,경기 용인시 처인구 중부대로 1653,1,0,0,031-338-9989
A0008807,SK선봉대주유소,SK에너지,경기 용인시,경기,용인시,경기 용인시 처인구 성산로 153,1,0,0,031-323-5593
A0008809,새봄주유소,HD현대오일뱅크,경기 용인시,경기,용인시,경기 용인시 처인구 양지면 주북로 129,1,0,0,031-334-3956
A0008815,오일필드㈜ 기흥지점,자가상표,경기 용인시,경기,용인시,경기 용인시 기흥구 중부대로 859 (상하동),1,0,0,031-282-5552
A0008818,세종주유소,SK에너지,경기 용인시,경기,용인시,경기 용인시 처인구 이동면 백자로 81,0,0,0,031-333-0708
A0008820,㈜셀프제일에너지 용인SELF,알뜰주유소,경기 용인시,경기,용인시,경기 용인시 기흥구 사은로 334 (상하동),1,0,0,031-281-4759
A0008821,블루그린㈜ 마평지점,HD현대오일뱅크,경기 용인시,경기,용인시,경기 용인시 처인구 중부대로 1764,1,0,0,031-322-5189
A0008822,매산주유소,GS칼텍스,경기 용인시,경기,용인시,경기 용인시 처인구 모현면 곡현로 638,0,0,0,031-321-8558
A0008826,나이스주유소,S-OIL,경기 용인시,경기,용인시,경기 용인시 처인구 백옥대로 1011,1,0,1,031-323-5189
A0008827,(주)디오티디 용인드래곤주유소,HD현대오일뱅크,경기 용인시,경기,용인시,경기 용인시 처인구 백옥대로 1002(남동),1,0,0,031-326-0518
A0008829,(주)이엘에스 양변주유소/충전소,HD현대오일뱅크,경기 안성시,경기,안성시,경기 안성시 미양면 211-0,1,0,0,031-673-5179
A0008836,㈜대교페트로,HD현대오일뱅크,경기 용인시,경기,용인시,경기 용인시 처인구 모현읍 포은대로 1099,1,0,0,031-334-1284
A0008840,상하길벗에너지㈜,GS칼텍스,경기 용인시,경기,용인시,경기 용인시 기흥구 중부대로 667,0,0,0,031-287-9127
A0008842,㈜엘엔케이토탈 용인제1주유소,S-OIL,경기 용인시,경기,용인시,경기 용인시 기흥구 신수로 547,1,0,0,070-4187-5185
A0008843,(주)세이브주유소,HD현대오일뱅크,경기 용인시,경기,용인시,경기 용인시 기흥구 공세로 63 (고매동),1,0,0,031-286-8220
A0008845,부영에너지,HD현대오일뱅크,경기 용인시,경기,용인시,경기 용인시 기흥구 사은로 169,1,0,1,031-287-5566
A0008846,진우12주유소,HD현대오일뱅크,경기 용인시,경기,용인시,경기 용인시 기흥구 용구대로 1875,1,0,0,031-8067-5143
A0008847,(주)남경프라임,SK에너지,경기 용인시,경기,용인시,경기 용인시 기흥구 마북로 130 (마북동),1,0,0,031-283-5191
A0008850,(주)자연에너지,SK에너지,경기 용인시,경기,용인시,경기 용인시 기흥구 동탄기흥로 653 (고매동),1,0,0,031-275-5151
A0008851,㈜임팩 삼가셀프주유소,S-OIL,경기 용인시,경기,용인시,경기 용인시 처인구 중부대로 1092,1,0,1,031-321-0151
A0008852,㈜선민 죽전역주유소,SK에너지,경기 용인시,경기,용인시,경기 용인시 기흥구 진산로 188 (보정동),1,0,0,031-265-5140
A0008853,미키주유소,알뜰주유소,경기 용인시,경기,용인시,경기 용인시 기흥구 용구대로2469번길 57,1,0,1,031-265-8917
A0008854,백암농협주유소,NH-OIL,경기 용인시,경기,용인시,경기 용인시 처인구 백암면 백암로 196,0,0,1,031-334-4041
A0008855,원삼농협 클린주유소,NH-OIL,경기 용인시,경기,용인시,경기 용인시 처인구 원삼면 죽양대로 1626번길 5,1,0,1,031-339-2056
A0008860,㈜오늘에너지,HD현대오일뱅크,경기 용인시,경기,용인시,경기 용인시 처인구 백암면 죽양대로 1399,1,0,1,031-333-5190
A0008861,후세인주유소,SK에너지,경기 용인시,경기,용인시,경기 용인시 기흥구 용구대로 1835 (보라동),1,0,0,031-286-8669
A0008862,보정셀프주유소 ㈜소모,GS칼텍스,경기 용인시,경기,용인시,경기 용인시 기흥구 용구대로 2570 (보정동),1,0,1,031-261-2677
A0008864,동백시티주유소,S-OIL,경기 용인시,경기,용인시,경기 용인시 기흥구 동백죽전대로556번길 1,1,0,1,031-286-3560
A0008870,㈜삼표에너지 보정주유소,GS칼텍스,경기 용인시,경기,용인시,경기 용인시 기흥구 용구대로2469번길 150 (보정동),1,0,1,031-896-7111
A0008883,두창주유소,SK에너지,경기 용인시,경기,용인시,경기 용인시 기흥구 언동로 197 (중동),1,0,1,031-286-7638
A0008889,서일석유(주)기흥서일 주유소,GS칼텍스,경기 용인시,경기,용인시,경기 용인시 기흥구 신수로 179,1,0,1,031-283-5260
A0008890,지에스칼텍스(주)이마트구성점주유소,GS칼텍스,경기 용인시,경기,용인시,경기 용인시 기흥구 용구대로 2441 (마북동),1,0,1,031-281-5145
A0008893,하늘에너지㈜구갈주유소,GS칼텍스,경기 용인시,경기,용인시,경기 용인시 기흥구 중부대로 551,1,0,0,031-275-5116
A0008895,언남에너지유한책임회사,S-OIL,경기 용인시,경기,용인시,경기 용인시 기흥구 마북로2번길 69,1,0,1,031-283-7293
A0008897,기흥IC주유소,SK에너지,경기 용인시,경기,용인시,경기 용인시 기흥구 기흥단지로 45 (고매동),0,0,0,031-286-4075
A0008898,대명에너지 광교셀프직영점,HD현대오일뱅크,경기 용인시,경기,용인시,경기 용인시 수지구 포은대로 58 (상현동),1,0,1,031-263-5188
A0008900,㈜에버에너지(갈담주유소),SK에너지,경기 용인시,경기,용인시,경기 용인시 처인구 모현면 백옥대로 2177,1,0,1,031-332-5182
A0008901,양지IC셀프주유소,HD현대오일뱅크,경기 용인시,경기,용인시,경기 용인시 처인구 양지면 중부대로 2247,1,0,1,031-321-2100
A0008902,대신석유(주)신안주유소,SK에너지,경기 용인시,경기,용인시,경기 용인시 기흥구 중부대로 234 (영덕동),1,0,0,031-283-6015
A0008903,기흥 배트맨주유소,HD현대오일뱅크,경기 용인시,경기,용인시,경기 용인시 기흥구 용구대로 1876,1,0,0,031-285-9194
A0008904,경기제일주유소,GS칼텍스,경기 용인시,경기,용인시,경기 용인시 처인구 이동면 경기동로 634,1,0,1,031-335-5145
A0008905,디딤돌주유소,SK에너지,경기 용인시,경기,용인시,경기 용인시 처인구 백암면 죽양대로 820,1,0,1,031-336-5149
A0008906,삼미상사㈜ 기흥셀프주유소,SK에너지,경기 용인시,경기,용인시,경기 용인시 기흥구 중부대로 519 (구갈동),1,0,1,031-283-2120
A0008907,양지현대주유소,GS칼텍스,경기 용인시,경기,용인시,경기 용인시 처인구 양지면 중부대로 2608,1,0,0,031-323-5121
A0008909,KH에너지㈜직영 양지IC주유소,SK에너지,경기 용인시,경기,용인시,경기도 용인시 처인구 양지읍 죽양대로 2294,1,0,1,031-321-6818
A0008910,이지석유(주)천마주유소,S-OIL,경기 용인시,경기,용인시,경기 용인시 처인구 양지면 중부대로 2454,1,0,0,070-4254-5189
A0008911,(주)만남이엔지 두꺼비주유소,S-OIL,경기 용인시,경기,용인시,경기 용인시 수지구 고기로 1,1,0,0,031-262-5503
A0008912,HD현대오일뱅크㈜직영 경기주유소,HD현대오일뱅크,경기 용인시,경기,용인시,경기 용인시 기흥구 중부대로 312,0,0,1,031-283-5189
A0008913,㈜디오티디 용인짠돌이주유소,SK에너지,경기 용인시,경기,용인시,경기 용인시 처인구 중부대로 1622,1,0,0,031-326-0052
A0008914,HD현대오일뱅크㈜직영 에버랜드주유소,HD현대오일뱅크,경기 용인시,경기,용인시,경기 용인시 처인구 포곡읍 에버랜드로 184,0,0,1,031-334-8251
A0008915,(주)삼원에너지,GS칼텍스,경기 용인시,경기,용인시,경기 용인시 처인구 백옥대로 980 (남동),1,0,0,031-334-5189
A0008916,SK에너지㈜직영 기쁨셀프주유소,SK에너지,경기 용인시,경기,용인시,경기 용인시 기흥구 용구대로2469번길 130 (보정동),1,0,1,031-263-7151
A0008919,신동백주유소,S-OIL,경기 용인시,경기,용인시,경기 용인시 기흥구 언동로 117,1,0,1,031-275-5105
A0008920,블루원주유소,HD현대오일뱅크,경기 용인시,경기,용인시,경기 용인시 처인구 원삼면 보개원삼로 1536,0,0,0,031-333-6619
A0008921,호성주유소,SK에너지,경기 화성시,경기,화성시,경기 화성시 만세구 남양읍 무하로 124,0,0,0,031-355-2010
A0008923,SK대훈주유소,SK에너지,경기 화성시,경기,화성시,경기 화성시 만세구 남양읍 남양로 410,1,0,0,031-357-5149
A0008924,㈜나이스디앤에스 봉담주유소,S-OIL,경기 화성시,경기,화성시,경기 화성시 효행구 봉담읍 동화역말길 63,1,0,1,031-298-8170
A0008925,㈜현대가스텍 화성제일주유소,HD현대오일뱅크,경기 화성시,경기,화성시,경기 화성시 효행구 정남면 세자로 31,0,0,1,031-352-3830
A0008928,정남IC주유소,S-OIL,경기 화성시,경기,화성시,경기 화성시 효행구 정남면 세자로 68,1,0,0,031-353-0884
A0008931,영신주유소,HD현대오일뱅크,경기 화성시,경기,화성시,경기 화성시 만세구 양감면 서해로 135,0,0,0,031-354-0251
A0008932,희망주유소,S-OIL,경기 용인시,경기,용인시,경기 용인시 처인구 포곡읍 백옥대로 1924-10,1,0,0,031-339-3310
A0008934,수노을주유소,GS칼텍스,경기 화성시,경기,화성시,경기 화성시 만세구 화성로 362,1,0,0,031-355-5182
A0008935,구도일주유소 상리,S-OIL,경기 화성시,경기,화성시,경기 화성시 효행구 봉담읍 삼천병마로 1129-18,1,0,0,031-227-5149
A0008936,효진주유소,HD현대오일뱅크,경기 화성시,경기,화성시,경기 화성시 만세구 향남읍 서봉로 713,1,0,0,031-366-4497
A0008939,주식회사청우에너지,SK에너지,경기 화성시,경기,화성시,경기 화성시 만세구 팔탄면 서해로 1409-9,1,0,0,031-353-5169
A0008946,한얼에너지,GS칼텍스,경기 화성시,경기,화성시,경기 화성시 만세구 남양읍 화성로 1244,0,0,0,031-356-8051
A0008959,유림주유소,SK에너지,경기 화성시,경기,화성시,경기 화성시 만세구 향남읍 서봉로 586,0,0,0,031-352-2174
A0008967,스마일주유소,SK에너지,경기 화성시,경기,화성시,경기 화성시 만세구 장안면 수정로 265,0,0,1,031-358-6013
A0008972,청강신리주유소,GS칼텍스,경기 화성시,경기,화성시,경기 화성시 효행구 정남면 만년로 391,1,0,1,031-353-2251
A0008977,MOT플러스,S-OIL,경기 김포시,경기,김포시,경기 김포시 대곶면 대곶북로 525,1,0,0,031-982-8111
A0008978,(주)구구에너지직영 88주유소,SK에너지,경기 화성시,경기,화성시,경기 화성시 만세구 향남읍 삼천병마로 276,1,0,0,031-352-2000
A0008980,㈜현대가스텍 일품주유소,HD현대오일뱅크,경기 이천시,경기,이천시,경기 이천시 중부대로 644,1,0,1,031-635-6522
A0008982,한결에너지,S-OIL,경기 화성시,경기,화성시,경기 화성시 만세구 우정읍 포승향남로 1207,1,0,0,031-351-0578
A0008986,대동에너지주유소,HD현대오일뱅크,경기 화성시,경기,화성시,경기 화성시 만세구 양감면 은행나무로 442,1,0,0,031-354-9928
A0008989,푸른현대주유소,HD현대오일뱅크,경기 화성시,경기,화성시,경기 화성시 만세구 남양읍 주석로 304,1,0,1,031-355-0717
A0008991,장수주유소,GS칼텍스,경기 화성시,경기,화성시,경기 화성시 만세구 장안면 3.1만세로 480,0,0,0,031-351-4480
A0008992,BK부광주유소,SK에너지,경기 화성시,경기,화성시,경기 화성시 효행구 비봉면 비봉로 477,1,0,0,031-357-7006
A0008993,이케이에너지㈜ 화성주유소,HD현대오일뱅크,경기 화성시,경기,화성시,경기 화성시 만세구 남양읍 화성로 995,1,0,1,031-8047-9082
A0008995,(주)구구에너지 99주유소,SK에너지,경기 화성시,경기,화성시,경기 화성시 만세구 팔탄면 포승향남로 2978,1,0,0,031-352-6351
A0008997,화성골드주유소 (주)기정에너지,GS칼텍스,경기 화성시,경기,화성시,경기 화성시 만세구 남양읍 화성로 1267,1,0,0,031-357-5980
A0009000,신기알뜰주유소,알뜰주유소,경기 화성시,경기,화성시,경기 화성시 만세구 남양읍 화성로 1472,1,1,1,031-357-1145
A0009002,서진주유소,GS칼텍스,경기 화성시,경기,화성시,경기 화성시 만세구 팔탄면 삼천병마로 568,1,0,0,031-366-5155
A0009004,남양타운주유소,HD현대오일뱅크,경기 화성시,경기,화성시,경기 화성시 만세구 남양읍 주석로 54,1,0,0,031-355-5189
A0009006,서해로주유소,SK에너지,경기 화성시,경기,화성시,경기 화성시 만세구 팔탄면 서해로 962,1,0,1,031-352-5179
A0009007,송산그린주유소,SK에너지,경기 화성시,경기,화성시,경기 화성시 만세구 송산면 화성로 246,1,0,1,031-356-6843
A0009008,거홍주유소 (주),GS칼텍스,경기 화성시,경기,화성시,경기 화성시 만세구 양감면 은행나무로 389,0,0,0,031-353-5262
A0009009,서신농협주유소,NH-OIL,경기 화성시,경기,화성시,경기 화성시 만세구 서신면 궁평항로 1705,1,1,1,031-357-5031
A0009011,KH에너지㈜직영 KH덕우주유소,SK에너지,경기 화성시,경기,화성시,경기 화성시 만세구 팔탄면 포승향남로 2298,1,0,1,031-8059-5138
A0009012,송산(평택방향)주유소,자가상표,경기 화성시,경기,화성시,경기 화성시 만세구 송산면 평택시흥고속도로 25,0,1,1,031-357-8194
A0009013,송산(시흥방향)주유소,자가상표,경기 화성시,경기,화성시,경기 화성시 만세구 송산면 평택시흥고속도로 25,0,1,1,031-357-8192
A0009017,정남제일주유소,HD현대오일뱅크,경기 화성시,경기,화성시,경기 화성시 효행구 정남면 만년로 354,0,0,0,031-8059-1517
A0009019,㈜삼표산업 화성에너지,HD현대오일뱅크,경기 화성시,경기,화성시,경기 화성시 효행구 비봉면 푸른들판로 1275,0,0,0,031-356-3435
A0009020,혜성주유소,S-OIL,경기 화성시,경기,화성시,경기 화성시 만세구 팔탄면 서해로 1271,1,0,0,031-354-4686
A0009021,(주)신영광셀프주유소,GS칼텍스,경기 화성시,경기,화성시,경기 화성시 만세구 남양읍 화성로 1515 (북양동),1,0,0,031-357-4312
A0009022,SK대로셀프주유소,SK에너지,경기 화성시,경기,화성시,경기 화성시 만세구 남양읍 화성로 1229,1,0,0,031-366-7762
A0009023,(주)디오티디 화성외계인주유소,S-OIL,경기 화성시,경기,화성시,경기 화성시 효행구 매송면 매송고색로 376,1,0,0,031-8067-5185
A0009024,(주)구구에너지 89주유소,SK에너지,경기 화성시,경기,화성시,경기 화성시 만세구 우정읍 포승향남로 1129,1,0,0,031-351-5199
A0009025,분당대일주유소,GS칼텍스,경기 성남시,경기,성남시,경기 성남시 분당구 양현로 312,1,0,1,031-706-6037
A0009028,남선석유㈜ 구도일주유소 해성,S-OIL,경기 성남시,경기,성남시,경기 성남시 중원구 제일로 14 (하대원동),1,0,1,031-751-2222
A0009029,KH에너지㈜직영 분당공원주유소,SK에너지,경기 성남시,경기,성남시,경기 성남시 분당구 새마을로 27,0,0,1,031-704-5182
A0009030,㈜위굴리 구도일주유소 톨게이트,S-OIL,경기 성남시,경기,성남시,경기 성남시 분당구 대왕판교로 263,1,0,1,031-786-1070
A0009031,(주)새서울석유 신도시주유소,HD현대오일뱅크,경기 성남시,경기,성남시,경기 성남시 분당구 황새울로359번길 3,1,0,0,031-706-5151
A0009040,해찬주유소,S-OIL,충북 증평군,충북,증평군,충북 증평군 증평읍 중부로 2475,1,0,0,043-838-5811
A0009047,필동주유소,GS칼텍스,서울 중구,서울,중구,서울 중구 퇴계로 196,0,0,0,02-2267-8025
A0009048,원성깨비셀프,HD현대오일뱅크,충남 천안시,충남,천안시,충남 천안시 동남구 천안대로 653,1,0,0,041-567-7983
A0009055,오포주유소/충전소,SK에너지,경기 광주시,경기,광주시,경기 광주시 오포읍 포은대로 317,1,0,1,031-766-0005
A0009061,(주)선진도곡주유소,S-OIL,서울 강남구,서울,강남구,서울 강남구 도곡로 162 (도곡동),0,0,1,02-2058-3024
A0009063,(주)한진 항동주유소,S-OIL,인천 제물포구,인천,제물포구,인천 제물포구 서해대로 277,1,0,1,032-889-5182
A0009064,(주)한진 인천터미널주유소,S-OIL,인천 미추홀구,인천,미추홀구,인천 미추홀구 연남로 35,0,0,1,032-441-9790
A0009065,(주)창조 정왕IC주유소,S-OIL,경기 시흥시,경기,시흥시,경기 시흥시 서해안로 584,1,0,1,031-434-5182
A0009066,구도일 주유소 포항,S-OIL,경북 포항시,경북,포항시,경북 포항시 북구 소티재로 108,1,0,0,054-281-3226
A0009071,HD현대오일뱅크㈜직영 장원주유소,HD현대오일뱅크,서울 중구,서울,중구,서울 중구 동호로 203 (신당동),0,0,1,02-2236-2759
A0009073,장충드림주유소,S-OIL,서울 중구,서울,중구,서울 중구 동호로 296,1,0,0,02-2275-5150
A0009076,진심self주유소,S-OIL,서울 중구,서울,중구,서울 중구 왕십리로 403,1,0,1,02-2232-4190
A0009088,한일주유소,S-OIL,전북 정읍시,전북,정읍시,전북 정읍시 신태인읍 감곡로 138,0,0,1,063-571-3500
A0009092,유진주유소,HD현대오일뱅크,충북 음성군,충북,음성군,충북 음성군 음성읍 음성로 272,1,0,0,043-872-0085
A0009094,산곡주유소,SK에너지,경기 하남시,경기,하남시,경기 하남시 하남대로 273 (상산곡동),0,0,0,031-793-5184
A0009096,신당동주유소,SK에너지,서울 중구,서울,중구,서울 중구 다산로 242 (신당동),0,0,0,02-2252-6688
A0009097,약수주유소,SK에너지,서울 중구,서울,중구,서울 중구 다산로 173,1,0,0,02-2252-3345
A0009098,이케이에너지㈜ 마장주유소,HD현대오일뱅크,경기 이천시,경기,이천시,경기 이천시 마장면 중부대로 88,1,0,1,031-632-3339
A0009100,동일석유㈜퇴계로주유소,SK에너지,서울 중구,서울,중구,서울 중구 퇴계로 228 (필동2가),0,0,1,02-2273-5189
A0009101,장충주유소,SK에너지,서울 중구,서울,중구,서울 중구 장충단로 202 (장충동1가),0,0,1,02-2279-9965
A0009108,오일스토리 관리주유소,HD현대오일뱅크,경기 이천시,경기,이천시,경기 이천시 마장면 마도로 263,0,0,0,031-638-5177
A0009115,단월주유소,SK에너지,경기 양평군,경기,양평군,경기 양평군 단월면 단월로 59,0,0,1,031-771-0051
A0009118,㈜오일리오 하남지점 동부주유소,HD현대오일뱅크,경기 하남시,경기,하남시,경기 하남시 신장로 85,1,0,0,031-794-5182
A0009121,지에스칼텍스㈜ 화랑주유소,GS칼텍스,서울 성북구,서울,성북구,서울 성북구 화랑로 185,0,0,1,02-942-5152
A0009130,대양주유소,GS칼텍스,서울 중랑구,서울,중랑구,서울 중랑구 봉우재로 105 (상봉동),1,0,0,02-437-5457
A0009131,지평선주유소,S-OIL,전북 김제시,전북,김제시,전북 김제시 진봉면 해학로 791,0,0,0,063-542-5182
A0009138,우림주유소,GS칼텍스,서울 중랑구,서울,중랑구,서울 중랑구 용마산로 487 (망우제3동),1,0,0,02-433-9990
A0009143,(주)정건에너지 배봉로지점,HD현대오일뱅크,서울 동대문구,서울,동대문구,서울 동대문구 서울시립대로 108,1,0,1,02-2242-0556
A0009158,면목SELF주유소,SK에너지,서울 중랑구,서울,중랑구,서울 중랑구 동일로 627 (면목동),1,0,0,02-437-4072
A0009163,구도일주유소 신흥,S-OIL,경기 화성시,경기,화성시,경기 화성시 만세구 팔탄면 서해로 1280,1,0,0,031-366-5109
A0009164,(주)헨지스에너지직영 세이버주유소,HD현대오일뱅크,경기 고양시,경기,고양시,경기 고양시 덕양구 화랑로 124 (화전동),0,0,1,02-3158-0014
A0009172,풍한주유소,SK에너지,서울 동대문구,서울,동대문구,서울 동대문구 안암로 168,0,0,0,02-924-5189
A0009173,재정주유소,HD현대오일뱅크,서울 동대문구,서울,동대문구,서울 동대문구 전농로 121,1,0,1,070-8256-4617
A0009174,지에스칼텍스㈜ 하대원주유소,GS칼텍스,경기 성남시,경기,성남시,경기 성남시 중원구 둔촌대로 200,0,0,1,031-755-5189
A0009177,홍능주유소,S-OIL,서울 동대문구,서울,동대문구,서울 동대문구 홍릉로 87,0,0,0,02-966-9190
A0009180,대원주유소,GS칼텍스,서울 중랑구,서울,중랑구,서울 중랑구 동일로 600,1,0,0,02-438-6111
A0009183,금산주유소,SK에너지,경기 남양주시,경기,남양주시,경기 남양주시 가운로 139,1,0,0,031-555-1494
A0009185,무지내주유소,알뜰주유소,경기 시흥시,경기,시흥시,경기 시흥시  금오로 144 (무지내동),1,0,1,031-313-8333
A0009189,(주)기지에너지,S-OIL,서울 중랑구,서울,중랑구,서울 중랑구 용마산로 712,0,0,1,02-2207-9419
A0009195,HD현대오일뱅크㈜직영 스피드주유소,HD현대오일뱅크,서울 동대문구,서울,동대문구,서울 동대문구 천호대로 453 (장안동),0,0,1,02-2216-5151
A0009203,(주)자연에너지 대창주유소,HD현대오일뱅크,서울 중랑구,서울,중랑구,서울 중랑구 동일로 636 (면목동),1,0,1,02-434-1448
A0009210,대성산업(주)동마장주유소,GS칼텍스,서울 동대문구,서울,동대문구,서울 동대문구 고산자로 405 (용두동),1,0,1,02-966-5451
A0009215,삼미상사(주)장안킹셀프주유소,SK에너지,서울 동대문구,서울,동대문구,서울 동대문구  한천로 100 (장안동),1,0,1,02-2242-7115
A0009217,구도일주유소 동천,S-OIL,서울 중랑구,서울,중랑구,서울 중랑구 동일로 654 (면목동),1,0,0,02-495-0081
A0009220,범아주유소,S-OIL,서울 중랑구,서울,중랑구,서울 중랑구 동일로 881,0,0,0,02-974-8356
A0009222,동서울고속주유소,SK에너지,서울 동대문구,서울,동대문구,서울 동대문구 한천로 414,1,0,0,02-969-1144
A0009229,열린주유소,S-OIL,서울 동대문구,서울,동대문구,서울 동대문구 한천로 263 (휘경동),0,0,0,02-2215-6543
A0009231,재정제2주유소,HD현대오일뱅크,서울 동대문구,서울,동대문구,서울 동대문구 사가정로 90 (전농동),1,0,0,02-2249-6682
A0009232,(주)자연에너지 국민주유소,HD현대오일뱅크,서울 동대문구,서울,동대문구,서울 동대문구 답십리로 223 (답십리동),1,0,1,02-2216-7155
A0009233,오동나무주유소,S-OIL,서울 동대문구,서울,동대문구,서울 동대문구  한천로 81,0,0,0,02-2247-5132
A0009236,신제천주유소,SK에너지,충북 제천시,충북,제천시,충북 제천시 송학면 북부로 3276,1,0,1,043-645-7636
A0009240,한영주유소 (한화),HD현대오일뱅크,서울 동대문구,서울,동대문구,서울 동대문구 망우로 38 (휘경동),1,0,0,02-2214-9890
A0009244,(주)헨지스에너지 직영 해동,GS칼텍스,경기 구리시,경기,구리시,경기 구리시 경춘로 69,1,0,1,031-569-5189
A0009246,지곡현대주유소,HD현대오일뱅크,충남 서산시,충남,서산시,충남 서산시 지곡면 충의로 1300,0,0,0,041-664-0073
A0009248,삼영주유소,SK에너지,서울 동대문구,서울,동대문구,서울 동대문구 답십리로 258 (장안동),0,0,0,02-2217-2018
A0009249,지정주유소,자가상표,강원 원주시,강원,원주시,강원 원주시 지정면 간현로 110,0,0,0,033-732-1130
A0009254,(주)안국에너지 삼원셀프주유소,SK에너지,서울 동대문구,서울,동대문구,서울 동대문구 망우로 90 (휘경동),1,0,1,02-2244-1972
A0009260,세원주유소,HD현대오일뱅크,서울 성동구,서울,성동구,서울 성동구 광나루로 184,0,0,0,02-462-5665
A0009267,아이언맨주유소,알뜰주유소,경기 용인시,경기,용인시,경기 용인시 기흥구 신갈로 13 (상갈동),1,0,1,031-281-5185
A0009272,(주)연우에너지 신관주유소,알뜰주유소,서울 관악구,서울,관악구,서울 관악구 신림로 290 (신림동),1,0,1,02-871-1356
A0009279,금호주유소,GS칼텍스,서울 성동구,서울,성동구,서울 성동구 금호로 39 (금호동4가),0,0,0,02-2297-0066
A0009281,사능역주유소,SK에너지,경기 남양주시,경기,남양주시,경기 남양주 진건읍 양진로 329,0,0,0,0507-1432-0685
A0009284,진우7주유소 ㈜준우에너지,알뜰주유소,서울 관악구,서울,관악구,서울 관악구 보라매로 41,1,0,1,02-889-8929
A0009285,청계로주유소,SK에너지,서울 성동구,서울,성동구,서울 성동구 청계천로 454 (하왕십리동),0,0,0,02-2294-4225
A0009293,㈜성동에너지,HD현대오일뱅크,서울 성동구,서울,성동구,서울 성동구 천호대로 392,1,0,1,02-3394-7003
A0009313,백두산주유소,S-OIL,강원 홍천군,강원,홍천군,강원 홍천군 두촌면 설악로 4441,1,0,0,033-435-3711
A0009318,㈜알찬에너지,S-OIL,경기 용인시,경기,용인시,경기 용인시 기흥구 중부대로 752,1,0,0,031-285-5140
A0009324,지에스칼텍스㈜ 도루코주유소,GS칼텍스,서울 성동구,서울,성동구,서울 성동구 아차산로 180,1,0,1,02-463-6919
A0009330,서울중앙고속주유소,SK에너지,서울 광진구,서울,광진구,서울 광진구 동일로 345 (중곡동),1,0,0,02-463-2231
A0009332,정호주유소,자가상표,서울 성동구,서울,성동구,서울 성동구 고산자로 307 (마장동),0,0,0,02-2297-9442
A0009337,동인석유 주식회사,SK에너지,충남 아산시,충남,아산시,충남 아산시 순천향로 738 (장존동),0,0,0,041-534-5145
A0009349,SK에너지(주) 성수주유소,SK에너지,서울 성동구,서울,성동구,서울 성동구 뚝섬로 352,0,0,1,02-467-7240
A0009354,HD현대오일뱅크㈜직영 효진주유소,HD현대오일뱅크,서울 성동구,서울,성동구,서울 성동구 동일로 129,0,0,1,02-464-7252
A0009357,㈜CW창원광진,HD현대오일뱅크,서울 광진구,서울,광진구,서울 광진구 광나루로 460 (화양동),1,0,0,02-3436-1112
A0009358,HD현대오일뱅크㈜직영 장호셀프주유소,HD현대오일뱅크,서울 광진구,서울,광진구,서울 광진구 자양로 37,1,0,1,02-447-9796
A0009359,SK에너지(주) 군자동주유소,SK에너지,서울 성동구,서울,성동구,서울특별시 성동구  천호대로 446 (용답동),0,0,1,02-2244-4945
A0009361,(주)서울에너지 직영,S-OIL,서울 성동구,서울,성동구,서울 성동구 천호대로 324 (용답동),1,0,0,02-3390-4338
A0009376,HD현대오일뱅크㈜직영 성동셀프주유소,HD현대오일뱅크,서울 성동구,서울,성동구,서울 성동구 마장로 311 (마장동),1,0,1,02-2299-7333
A0009377,지에스칼텍스(주)이마트 통영점,GS칼텍스,경남 통영시,경남,통영시,경상남도 통영시 광도면 죽림4로 9 (광도면),1,0,1,055-643-4206
A0009378,지에스칼텍스㈜ 이마트포항점주유소,GS칼텍스,경북 포항시,경북,포항시,경북 포항시 남구 냉천로 10 (인덕동),1,0,1,054-281-3303
A0009379,지에스칼텍스㈜ 군산이마트셀프주유소,GS칼텍스,전북 군산시,전북,군산시,전북 군산시 구암3.1로 137 (경암동),1,0,1,063-446-1280
A0009380,지에스칼텍스(주) 이마트안동점주유소,GS칼텍스,경북 안동시,경북,안동시,경북 안동시 옥서로 44 (옥동),1,0,1,054-852-9116
A0009381,지에스칼텍스㈜ 이마트의정부점,GS칼텍스,경기 의정부시,경기,의정부시,경기 의정부시 민락로 214,1,0,1,031-853-5189
A0009382,지에스칼텍스(주) 이마트원주점,GS칼텍스,강원 원주시,강원,원주시,강원 원주시 북원로 1930 (무실동),1,0,1,033-766-5750
A0009388,지에스칼텍스(주) 이마트순천점주유소,GS칼텍스,전남광주 순천시,전남광주,순천시,전남광주통합특별시 순천시 팔마로 191 (덕암동),1,0,1,061-746-5151
A0009392,(주)옥수하이웨이스테이션,GS칼텍스,서울 성동구,서울,성동구,서울 성동구 독서당로 168 (옥수동),0,0,0,02-2282-5151
A0009394,KLP제2주유소,HD현대오일뱅크,서울 성동구,서울,성동구,서울 성동구 동일로 249 (송정동),1,0,0,02-465-5182
A0009402,수펙스주유소,SK에너지,경기 성남시,경기,성남시,경기 성남시 분당구 성남대로 71,1,0,0,031-717-1141
A0009405,GS4공단주유소,GS칼텍스,충남 천안시,충남,천안시,충남 천안시 서북구 직산읍 4산단3로 69,1,0,0,041-587-5189
A0009411,㈜동화오일 대원주유소,GS칼텍스,서울 광진구,서울,광진구,서울 광진구 용마산로 122 (중곡동),1,0,0,02-455-5185
A0009413,유니스에너지 자양주유소,SK에너지,서울 광진구,서울,광진구,서울 광진구 아차산로 298 (자양동),0,0,0,02-457-7600
A0009418,경호주유소,S-OIL,충남 당진시,충남,당진시,충남 당진시 신평면 신평길 4,1,0,0,041-363-2707
A0009421,(주)자연에너지 중원주유소,HD현대오일뱅크,서울 광진구,서울,광진구,서울 광진구 동일로 398 (중곡동),1,0,1,02-498-8683
A0009428,신방주유소,HD현대오일뱅크,충남 천안시,충남,천안시,충남 천안시 서북구 성환읍 신방로 41,0,0,1,041-581-1474
A0009431,㈜정현주유소,HD현대오일뱅크,인천 부평구,인천,부평구,인천 부평구 장제로 379,1,0,0,032-502-5152
A0009433,(주)중앙에너비스 혜화주유소,SK에너지,서울 종로구,서울,종로구,서울 종로구 창경궁로35길 1,1,0,0,070-8707-4564
A0009448,수암주유소,HD현대오일뱅크,강원 원주시,강원,원주시,강원 원주시 소초면 치악로 2574,0,0,0,033-732-7221
A0009459,엘림주유소,HD현대오일뱅크,인천 서해구,인천,서해구,인천 서해구 서달로 4,1,0,0,032-578-0422
A0009463,신방주유소,S-OIL,서울 성북구,서울,성북구,서울 성북구 안암로 111 (안암동5가),0,0,0,02-922-5151
A0009466,동일주유소,S-OIL,서울 성북구,서울,성북구,서울특별시 성북구  보문로 85 (보문동5가),1,0,1,02-923-8484
A0009480,㈜명연에너지 효성주유소,GS칼텍스,서울 성북구,서울,성북구,서울 성북구 화랑로 27,1,0,0,02-942-5150
A0009488,아이에스피시그넷㈜ 서울북부고속주유소,SK에너지,서울 성북구,서울,성북구,서울 성북구 삼양로 78,0,0,0,02-980-1311
A0009490,우리주유소,SK에너지,서울 성북구,서울,성북구,서울 성북구 화랑로 292,1,0,1,02-969-5185
A0009492,이케이에너지(주) 강산제2주유소,HD현대오일뱅크,서울 성북구,서울,성북구,서울 성북구 보국문로 52,1,0,1,02-942-1448
A0009496,신동방주유소,S-OIL,서울 성북구,서울,성북구,서울 성북구 월계로 84,1,0,0,02-918-5151
A0009500,(주)성북주유소,HD현대오일뱅크,서울 성북구,서울,성북구,서울 성북구 보문로 142,1,0,0,02-928-4900
A0009501,(주)신용 구도일주유소화랑로,S-OIL,서울 성북구,서울,성북구,서울 성북구 화랑로 174,1,0,1,02-963-0051
A0009502,중앙에너비스 종암지점,SK에너지,서울 성북구,서울,성북구,서울 성북구 종암로 58,1,0,0,070-8707-4565
A0009507,㈜삼표에너지 정릉주유소,GS칼텍스,서울 성북구,서울,성북구,서울 성북구 보국문로 35 (정릉동),1,0,1,02-914-6556
A0009511,HD현대오일뱅크㈜직영 북악셀프주유소,HD현대오일뱅크,서울 성북구,서울,성북구,서울 성북구 정릉로 218 (정릉동),1,0,1,02-911-5189
A0009512,장삼 쌍둥이 주유소,HD현대오일뱅크,서울 성북구,서울,성북구,서울 성북구 한천로 612 (장위동),1,0,0,02-909-0314
A0009514,HD현대오일뱅크㈜직영 아리랑주유소,HD현대오일뱅크,서울 성북구,서울,성북구,서울 성북구 아리랑로 96,0,0,1,02-941-5189
A0009515,삼미상사㈜ 드림랜드주유소,SK에너지,서울 성북구,서울,성북구,서울 성북구 월계로 128 (장위동),1,0,1,02-916-9906
A0009520,지에스칼텍스(주) 종암주유소,GS칼텍스,서울 성북구,서울,성북구,서울 성북구 종암로 145 (종암동),1,0,1,02-921-7785
A0009529,대명주유소(SK),SK에너지,충북 진천군,충북,진천군,충북 진천군 진천읍 문화로 633,0,0,0,043-533-1860
A0009536,관악시몬주유소,S-OIL,서울 관악구,서울,관악구,서울특별시 관악구 남부순환로 1753 (봉천동),0,0,0,02-874-5185
A0009544,뉴타운주유소,SK에너지,경기 안성시,경기,안성시,경기 안성시 대덕면 중앙대학로 251,1,0,0,031-671-6667
A0009553,매일주유소,S-OIL,서울 동작구,서울,동작구,서울 동작구 상도로 139 (상도동),1,0,0,02-817-4085
A0009608,수유동주유소,GS칼텍스,서울 강북구,서울,강북구,서울 강북구 도봉로 395 (수유동),1,0,0,02-902-9470
A0009610,덕릉로주유소,S-OIL,서울 강북구,서울,강북구,서울 강북구 덕릉로 158 (번동),1,0,0,02-989-9806
A0009611,코끼리/제천휴게소충전소 ㈜대양물류,GS칼텍스,충북 제천시,충북,제천시,충북 제천시 송학면 북부로 3392,1,0,0,043-651-7149
A0009614,SK통일주유소,SK에너지,경기 연천군,경기,연천군,경기 연천군 신서면 연신로 1060,0,0,0,031-834-7100
A0009622,철정주유소,SK에너지,강원 홍천군,강원,홍천군,강원 홍천군 두촌면 한계길 9,1,0,0,033-435-7475
A0009640,(주)자연에너지 번동주유소,HD현대오일뱅크,서울 강북구,서울,강북구,서울 강북구 한천로 963 (번동),1,0,1,02-994-4458
A0009641,(주)석산에너지,HD현대오일뱅크,서울 강북구,서울,강북구,서울 강북구 삼양로 316 (수유동),1,0,1,02-980-1448
A0009645,대성석유(주)신광주유소,GS칼텍스,서울 강북구,서울,강북구,서울 강북구 삼양로 484,0,0,0,02-908-3320
A0009663,(주)정건에너지직영,HD현대오일뱅크,서울 노원구,서울,노원구,서울 노원구 노원로17길 29 (하계동),1,0,1,02-975-1386
A0009665,삼미상사㈜ 매일셀프주유소,SK에너지,서울 강북구,서울,강북구,서울 강북구 삼양로 217,1,0,1,02-982-8855
A0009668,도봉제일주유소(주)송만에너지,HD현대오일뱅크,서울 도봉구,서울,도봉구,서울 도봉구 도봉로 783 (도봉동),0,0,1,02-955-5185
A0009669,HD현대오일뱅크㈜직영 영신주유소,HD현대오일뱅크,서울 도봉구,서울,도봉구,서울 도봉구 방학로 151,0,0,1,02-956-5152
A0009676,(주)자연에너지 햇살주유소,HD현대오일뱅크,서울 도봉구,서울,도봉구,서울 도봉구 방학로 142 (방학동),1,0,1,02-954-4555
A0009677,쌍문으뜸주유소,HD현대오일뱅크,서울 도봉구,서울,도봉구,서울 도봉구 노해로 161 (쌍문동),1,0,1,02-998-9704
A0009678,북서울고속주유소,SK에너지,서울 강북구,서울,강북구,서울 강북구 삼양로 410 (수유동),1,0,0,02-907-5182
A0009680,(주)헨지스에너지 구도일주유소 도봉,S-OIL,서울 도봉구,서울,도봉구,서울 도봉구 도봉로 706 (방학동),1,0,1,02-3491-3454
A0009682,이케이에너지 주식회사,HD현대오일뱅크,서울 도봉구,서울,도봉구,서울 도봉구 도봉로 941 (도봉동),1,0,1,02-3494-3641
A0009695,드림주유소,S-OIL,강원 홍천군,강원,홍천군,강원도 홍천군 화촌면 설악로 2696,1,0,0,033-435-9889
A0009699,교리주유소,HD현대오일뱅크,경기 여주시,경기,여주시,경기 여주시 세종로 315,1,0,1,031-885-3990
A0009705,대교셀프주유소,SK에너지,서울 강남구,서울,강남구,서울 강남구 강남대로 640 (신사동),1,0,0,02-512-5521
A0009707,(주)제이제이네트웍스 제이제이주유소,HD현대오일뱅크,서울 강남구,서울,강남구,서울 강남구 언주로 716,0,0,1,02-518-5631
A0009709,남선석유(주)은계셀프주유소,S-OIL,경기 시흥시,경기,시흥시,경기 시흥시 수인로 3142 (안현동),1,0,1,031-317-5189
A0009710,SK논현주유소,SK에너지,서울 강남구,서울,강남구,서울 강남구 논현로 747 (논현동),0,0,0,02-511-0955
A0009711,신천안스테이션,HD현대오일뱅크,충남 천안시,충남,천안시,충남 천안시 동남구 목천읍 삼성4길 43,1,0,0,000-000-0000
A0009712,대동석유 압구정주유소,SK에너지,서울 강남구,서울,강남구,서울 강남구 언주로 842 (신사동),1,0,0,02-545-6161
A0009715,㈜새서울석유 새서울주유소,HD현대오일뱅크,서울 강남구,서울,강남구,서울 강남구 압구정로 154,0,0,0,02-543-1154
A0009717,(주)제때직영스마일주유소 배양점,SK에너지,경기 남양주시,경기,남양주시,경기 남양주시 진건읍 진관로 268 (진건읍),0,0,0,031-573-5178
A0009724,한양주유소,알뜰주유소,서울 강남구,서울,강남구,서울 강남구 압구정로 302 (신사동),0,0,1,02-3444-0804
A0009725,HD현대오일뱅크㈜직영 신사현대주유소,HD현대오일뱅크,서울 강남구,서울,강남구,서울 강남구 도산대로 163 (신사동),0,0,1,02-546-2182
A0009729,(주)태화유업 병점주유소,HD현대오일뱅크,경기 화성시,경기,화성시,경기 화성시 병점구 떡전골로 148,0,0,0,031-225-5189
A0009736,유림주유소,S-OIL,경기 파주시,경기,파주시,경기 파주시 광탄면 보광로 940,0,0,0,031-948-5144
A0009738,HD현대오일뱅크㈜직영 도곡셀프주유소,HD현대오일뱅크,서울 강남구,서울,강남구,서울 강남구  남부순환로 2718,1,0,1,02-529-5101
A0009741,멋다리주유소,SK에너지,강원 평창군,강원,평창군,강원 평창군 방림면 서동로 1141,0,0,0,033-334-1114
A0009743,광성주유소,SK에너지,서울 강동구,서울,강동구,서울 강동구 올림픽로 673 (천호동),0,0,0,02-470-5133
A0009746,이화주유소,HD현대오일뱅크,경기 가평군,경기,가평군,경기 가평군 가평읍 경춘로 2021,0,0,0,031-581-5149
A0009747,삼부주유소,SK에너지,충북 제천시,충북,제천시,충북 제천시 내토로 733 (장락동),1,0,0,043-653-5189
A0009749,신공단주유소,SK에너지,경기 안성시,경기,안성시,경기 안성시 미양면 안성맞춤대로 419,1,0,0,031-677-8951
A0009752,정인주유소,GS칼텍스,경기 동두천시,경기,동두천시,경기 동두천시 평화로 3125,0,0,0,031-867-5155
A0009753,마도알뜰주유소,알뜰주유소,경기 화성시,경기,화성시,경기 화성시 만세구 마도면 두곡서길 58,1,1,1,031-355-0928
A0009754,일광에너비스 행주내동점,GS칼텍스,경기 고양시,경기,고양시,경기 고양시 덕양구 행주로 104 (행주내동),1,0,0,031-973-5151
A0009765,능동주유소 ㈜케이에스넷,알뜰주유소,서울 광진구,서울,광진구,서울 광진구 천호대로 584,1,1,1,02-452-7723
A0009767,지에스칼텍스㈜ 호원주유소,GS칼텍스,경기 의정부시,경기,의정부시,경기 의정부시 평화로 317 (호원동),1,0,1,031-879-5189
A0009774,이화셀프주유소,S-OIL,경기 화성시,경기,화성시,경기 화성시 효행구 비봉면 푸른들판로 1401,1,0,0,031-356-3482
A0009780,다대주유소,SK에너지,경기 양평군,경기,양평군,경기 양평군 청운면 설악로 249,1,0,0,031-773-9073
A0009793,구천면주유소,HD현대오일뱅크,서울 강동구,서울,강동구,서울 강동구 구천면로 357 (암사동),0,0,0,02-441-0536
A0009801,대박주유소,HD현대오일뱅크,경기 남양주시,경기,남양주시,경기 남양주시 경강로 351,1,0,0,031-576-1557
A0009804,대성석유(주)길동주유소,GS칼텍스,서울 강동구,서울,강동구,서울 강동구 천호대로 1168,0,0,0,02-474-7222
A0009805,(주)소모 성내주유소,GS칼텍스,서울 강동구,서울,강동구,서울 강동구 올림픽로 578 (성내동),1,0,1,02-479-3838
A0009807,㈜삼표에너지 고덕주유소,GS칼텍스,서울 강동구,서울,강동구,서울 강동구 고덕로 39 (암사동),1,0,1,02-441-3327
A0009814,재건에너지 재정제2주유소 고속셀프지점,HD현대오일뱅크,서울 강동구,서울,강동구,서울특별시 강동구  천호대로 1246 (둔촌제2동),1,0,1,02-487-2030
A0009824,지에스칼텍스㈜ 동서울주유소,GS칼텍스,서울 강동구,서울,강동구,서울 강동구 천호대로 1456 (상일동),1,0,1,02-426-5372
A0009827,주)지유에너지직영 오렌지주유소,SK에너지,서울 강동구,서울,강동구,서울 강동구 성안로 102 (성내동),0,0,0,02-484-6165
A0009828,방죽주유소,GS칼텍스,서울 강남구,서울,강남구,서울 강남구 밤고개로 215 (율현동),1,0,0,02-459-3434
A0009829,자곡셀프주유소,SK에너지,서울 강남구,서울,강남구,서울 강남구 밤고개로 120 (자곡동),1,0,0,02-445-5841
A0009832,상록주유소,S-OIL,충남 천안시,충남,천안시,충남 천안시 동남구 수신면 수신로 642,0,0,0,041-622-9199
A0009834,삼호주유소,S-OIL,서울 광진구,서울,광진구,서울 광진구 천호대로 809 (광장동),1,0,0,02-455-7200
A0009835,오일프러스 셀프,SK에너지,서울 강남구,서울,강남구,서울 강남구 남부순환로 2651 (도곡동),1,0,0,02-3462-5100
A0009837,일원주유소,S-OIL,서울 강남구,서울,강남구,서울 강남구 양재대로55길 3 (일원동),1,0,0,02-2226-5188
A0009838,HD현대오일뱅크㈜직영 산성셀프주유소,HD현대오일뱅크,서울 강남구,서울,강남구,서울 강남구 헌릉로 730,1,0,1,02-2226-4963
A0009845,요한주유소,HD현대오일뱅크,서울 도봉구,서울,도봉구,서울 도봉구 마들로 776,1,0,0,02-955-8669
A0009855,남양대로주유소,HD현대오일뱅크,경기 화성시,경기,화성시,경기 화성시 만세구 남양읍 화성로 1235,1,0,0,031-351-5152
A0009861,오토테크주유소,S-OIL,서울 서초구,서울,서초구,서울특별시 서초구  효령로 356,1,0,1,02-585-5189
A0009866,하점주유소,HD현대오일뱅크,인천 강화군,인천,강화군,인천 강화군 하점면 강화대로 909,0,0,0,032-934-5189
A0009868,신경주역사주유소,SK에너지,경북 경주시,경북,경주시,경북 경주시 대경로 4391,1,0,0,054-773-5189
A0009869,말죽거리주유소,GS칼텍스,서울 서초구,서울,서초구,서울 서초구 남부순환로 2650,0,0,0,02-579-9933
A0009878,㈜스마트산업,HD현대오일뱅크,경기 김포시,경기,김포시,경기 김포시 대곶면 대명항로 346,1,0,0,031-981-2114
A0009880,옥금주유소,GS칼텍스,충남 당진시,충남,당진시,충남 당진시 합덕읍 덕평로 122,0,0,0,041-362-5678
A0009881,양재최고주유소,S-OIL,서울 서초구,서울,서초구,서울 서초구 매헌로 72 (양재동),0,0,0,02-2057-5189
A0009886,(주)선문에너지 중앙주유소,HD현대오일뱅크,서울 서초구,서울,서초구,서울 서초구  바우뫼로 219 (양재1동),0,0,0,02-575-5110
A0009889,에너지 플러스 허브 내곡,GS칼텍스,서울 서초구,서울,서초구,서울 서초구 헌릉로 210,1,0,1,02-3461-5145
A0009890,서초꽃마을주유소,GS칼텍스,서울 서초구,서울,서초구,서울 서초구 반포대로 69 (서초동),1,0,0,02-523-5551
A0009895,차오름에너지㈜,SK에너지,인천 검단구,인천,검단구,인천 검단구 봉수대로 1248 (왕길동),1,0,0,032-568-5189
A0009897,강우주유소,SK에너지,전북 군산시,전북,군산시,전북 군산시 새만금북로 534-5 (내초동),1,0,0,063-464-7703
A0009898,지에스칼텍스(주)근화주유소,GS칼텍스,경기 안양시,경기,안양시,경기 안양시 동안구 흥안대로 436 (평촌동),1,0,1,031-421-4277
A0009901,대성석유(주)연일주유소,GS칼텍스,서울 서초구,서울,서초구,서울 서초구 남부순환로 2451,0,0,0,02-3471-5151
A0009905,HD현대오일뱅크㈜직영 사평로주유소,HD현대오일뱅크,서울 서초구,서울,서초구,서울 서초구 사평대로 350 (서초동),0,0,1,02-3481-2513
A0009906,극동유화(주) 전당앞주유소,S-OIL,서울 서초구,서울,서초구,서울 서초구 남부순환로 2391 (서초동),1,0,1,02-6080-0516
A0009907,에너지플러스허브 삼방주유소,GS칼텍스,서울 서초구,서울,서초구,서울 서초구 사평대로 364 (서초동),1,0,1,02-536-5145
A0009912,(주)한미석유 서초주유소,GS칼텍스,서울 서초구,서울,서초구,서울 서초구 반포대로 64 (서초동),1,0,0,02-582-5198
A0009913,HD현대오일뱅크㈜직영 서초제일주유소,HD현대오일뱅크,서울 서초구,서울,서초구,서울 서초구 사임당로 116,0,0,1,02-587-6080
A0009916,대신석유(주)대우주유소,SK에너지,서울 서초구,서울,서초구,서울 서초구 양재대로 173 (양재동),1,0,0,02-572-0567
A0009917,대신석유㈜서원주유소,SK에너지,서울 서초구,서울,서초구,서울 서초구 반포대로 142 (서초동),0,0,0,02-599-3657
A0009918,서초우면산주유소,S-OIL,서울 서초구,서울,서초구,서울 서초구 양재대로2길 100-30,1,0,1,02-577-5151
A0009919,HD현대오일뱅크㈜직영 양재현대주유소,HD현대오일뱅크,서울 서초구,서울,서초구,서울 서초구 마방로 6,0,0,1,02-579-8429
A0009920,씨앤에스유통㈜ 내곡드림주유소,S-OIL,서울 서초구,서울,서초구,서울 서초구 헌릉로 177 (내곡동),1,0,0,02-2058-3224
A0009921,㈜나이스디앤에스 오수(완주방향)주유소,알뜰(ex),전북 임실군,전북,임실군,전북특별자치도 임실군 오수면 순천완주고속도로 74,1,1,1,063-644-4800
A0009922,㈜나이스디앤에스 오수(순천방향)주유소,알뜰(ex),전북 임실군,전북,임실군,전북특별자치도 임실군 오수면 순천완주고속도로 73,1,1,1,063-644-7300
A0009923,㈜나이스디앤에스 이서(천안방향)주유소/충전소,알뜰(ex),전북 완주군,전북,완주군,전북 완주군 이서면 호남고속도로 162,1,1,1,063-236-4400
A0009924,이서(순천방향)주유소/충전소,알뜰(ex),전북 완주군,전북,완주군,전북 완주군 이서면 호남고속도로 161-1,1,1,1,063-227-7100
A0009925,우리유통㈜ 함평천지(서울)주유소/충전소,알뜰(ex),전남광주 함평군,전남광주,함평군,전남광주 함평군 손불면 서해안고속도로 38,1,1,1,061-322-4409
A0009931,지에코주유소,자가상표,경기 의정부시,경기,의정부시,경기 의정부시 평화로 10,1,0,0,031-000-0000
A0009932,남성대주유소,SK에너지,서울 송파구,서울,송파구,서울 송파구 송파대로 52 (장지동),1,0,0,02-409-2211
A0009938,제트라인DM주유소,HD현대오일뱅크,서울 송파구,서울,송파구,서울 송파구 중대로 183 (가락동),0,0,0,02-430-5151
A0009939,양운개발 마천로주유소,SK에너지,서울 송파구,서울,송파구,서울 송파구 마천로 230,1,0,0,02-431-1991
A0009941,공열주유소,HD현대오일뱅크,전북 익산시,전북,익산시,전북 익산시 황등면 황등로 22,0,0,0,063-856-5577
A0009960,주식회사 다나 디오티디 포천로보트주유소,HD현대오일뱅크,경기 포천시,경기,포천시,경기 포천시 내촌면 포천로 331,1,0,0,070-7779-5185
A0009961,우리주유소,GS칼텍스,경남 산청군,경남,산청군,경남 산청군 산청읍 웅석봉로 49,1,0,0,055-973-1075
A0009964,㈜무진에너지플러스 만수스카이주유소,GS칼텍스,인천 남동구,인천,남동구,인천 남동구 백범로 85,1,0,1,032-461-2277
A0009969,이플러스주유소,S-OIL,경기 포천시,경기,포천시,경기 포천시 중앙로 52,1,0,0,031-531-5155
A0009974,지에스칼텍스㈜에너지플러스허브GS타워,GS칼텍스,서울 강남구,서울,강남구,서울 강남구 논현로 516 (역삼동),1,0,1,02-539-5145
A0009976,스타홀딩스 주식회사,S-OIL,충남 천안시,충남,천안시,충남 천안시 서북구 천안대로 1207 (신당동),1,0,0,041-566-5185
A0009978,거두주유소,GS칼텍스,강원 춘천시,강원,춘천시,강원도 춘천시 동내면 춘천순환로 59,1,0,0,033-257-8778
A0009985,㈜삼표에너지 우리주유소,GS칼텍스,서울 송파구,서울,송파구,서울 송파구 동남로 153,1,0,1,02-3401-1588
A0009989,상아주유소,S-OIL,서울 송파구,서울,송파구,서울 송파구 거마로 82,1,0,0,02-409-8251
A0009995,CJ대한통운(주)직영 경기고속주유소,GS칼텍스,경기 광주시,경기,광주시,경기 광주시 초월읍 경충대로 1021,0,0,1,031-765-5805
A0009996,서해제일주유소,S-OIL,충남 태안군,충남,태안군,충남 태안군 근흥면 근흥로 438,0,0,0,041-673-1170
A0010010,(주)퍼스트오일서울주유소,S-OIL,서울 송파구,서울,송파구,서울 송파구 문정로 153,0,0,0,02-407-0708
A0010020,(주)정직한주유소,HD현대오일뱅크,서울 송파구,서울,송파구,서울 송파구 오금로 455 (거여동),1,0,0,02-406-4634
A0010021,완불주유소,SK에너지,서울 송파구,서울,송파구,서울 송파구 송파대로 3,1,0,0,02-3402-2900
A0010023,서울이엔지㈜ 이월주유소,GS칼텍스,서울 송파구,서울,송파구,서울 송파구 송이로 28,1,0,0,02-425-5125
A0010024,초월공단주유소,GS칼텍스,경기 광주시,경기,광주시,경기 광주시 초월읍 산수로 615,1,0,0,031-769-5149
A0010027,(주)대양씨앤씨 사직주유소,GS칼텍스,서울 종로구,서울,종로구,서울 종로구 사직로 65,0,0,0,02-735-4858
A0010031,㈜삼표에너지 훼미리주유소,GS칼텍스,서울 송파구,서울,송파구,서울 송파구 중대로 58,1,0,1,02-448-9252
A0010034,HD현대오일뱅크㈜직영 올림픽셀프주유소,HD현대오일뱅크,서울 송파구,서울,송파구,서울 송파구 위례성대로 188 (오금동),1,0,1,02-448-9804
A0010037,방이주유소,SK에너지,서울 송파구,서울,송파구,서울 송파구 위례성대로12길 38 (방이동),0,0,1,02-424-3051
A0010048,한강에너지(주)퍼스트주유소,SK에너지,서울 송파구,서울,송파구,서울 송파구 삼학사로 22 (석촌동),1,0,0,02-422-2834
A0010050,(주)대농석유직영 별내지점,SK에너지,경기 남양주시,경기,남양주시,경기 남양주시 송산로 112,1,0,0,031-572-6657
A0010053,(주)잠실에너지,S-OIL,서울 송파구,서울,송파구,서울 송파구 송파대로 442 (송파동),1,0,1,02-414-5010
A0010054,삼우에너지 4289주유소,GS칼텍스,경기 시흥시,경기,시흥시,경기 시흥시 군자로 247,0,0,0,031-432-4289
A0010055,㈜동호에너지 신월주유소,S-OIL,경기 광주시,경기,광주시,경기 광주시 초월읍 산수로 308,1,0,0,031-797-8555
A0010059,최남단현대주유소,S-OIL,제주 서귀포시,제주,서귀포시,제주 서귀포시 대정읍 상모로 14,0,0,1,064-794-2541
A0010063,강변주유소,S-OIL,경남 하동군,경남,하동군,경남 하동군 하동읍 섬진강대로 2627,0,0,1,055-884-7743
A0010071,신일셀프주유소,SK에너지,서울 중랑구,서울,중랑구,서울 중랑구 상봉로 58 (망우동),1,0,1,02-436-3651
A0010074,동두천주유소,S-OIL,경기 동두천시,경기,동두천시,경기 동두천시 평화로 2385 (생연동),1,0,0,031-864-5189
A0010081,용마로주유소,SK에너지,서울 중랑구,서울,중랑구,서울 중랑구 용마산로 309 (면목동),1,0,1,02-439-3037
A0010090,월계주유소,GS칼텍스,서울 노원구,서울,노원구,서울 노원구 월계로 252,1,0,0,02-917-7650
A0010095,한신주유소,SK에너지,서울 노원구,서울,노원구,서울 노원구 동일로 1089 (공릉동),1,0,0,02-974-5151
A0010102,법원셀프주유소,SK에너지,경기 의정부시,경기,의정부시,경기 의정부시 녹양로 5 (가능동),1,0,1,031-875-6437
A0010104,태릉솔밭주유소,S-OIL,서울 노원구,서울,노원구,서울 노원구 노원로 49 (공릉동),1,0,0,02-976-5189
A0010107,신양톨게이트주유소,S-OIL,충남 청양군,충남,청양군,충남 청양군 운곡면 청신로 1236,0,0,0,041-942-9397
A0010108,서울동부고속주유소 ㈜아이에스피에너지,SK에너지,서울 노원구,서울,노원구,서울 노원구 공릉로 294,1,0,0,02-974-8818
A0010111,구도일주유소 불암,S-OIL,서울 노원구,서울,노원구,서울 노원구 한글비석로 268 (중계동),1,0,1,02-932-6850
A0010114,진남주유소,GS칼텍스,전남광주 여수시,전남광주,여수시,전남광주통합특별시 여수시 좌수영로 684,1,0,0,061-681-0814
A0010117,신성주유소,S-OIL,서울 노원구,서울,노원구,서울 노원구 월계로 328 (월계동),1,0,0,02-916-4334
A0010118,화랑대주유소,HD현대오일뱅크,서울 노원구,서울,노원구,서울 노원구 화랑로 483,1,0,0,02-977-9697
A0010119,스파이더맨 주유소,S-OIL,경기 수원시,경기,수원시,경기 수원시 권선구 덕영대로 1136,1,0,1,031-223-0514
A0010121,이엠석유(주)배꽃나라주유소,GS칼텍스,서울 노원구,서울,노원구,서울 노원구 화랑로 466 (공릉1동),1,0,1,02-973-5172
A0010123,광운대역주유소,GS칼텍스,서울 노원구,서울,노원구,서울특별시 노원구  광운로 95 (월계1동),1,0,0,02-919-8141
A0010124,상계동주유소,HD현대오일뱅크,서울 노원구,서울,노원구,서울 노원구 노원로26길 191 (상계동),0,0,0,02-936-5035
A0010125,백운하이웨이주유소,HD현대오일뱅크,인천 부평구,인천,부평구,인천 부평구 마장로 173,1,0,0,032-516-5104
A0010135,극동유화(주) 대안주유소,S-OIL,서울 도봉구,서울,도봉구,서울 도봉구 마들로 574 (창동),1,0,1,02-996-6640
A0010136,SK에너지㈜직영 상계주유소,SK에너지,서울 노원구,서울,노원구,서울 노원구 노해로 527 (상계동),0,0,1,02-930-5151
A0010138,(주)소모 수락산셀프주유소,GS칼텍스,서울 노원구,서울,노원구,서울 노원구 동일로 1772,1,0,1,02-3392-5656
A0010146,삼미상사㈜ 북부2셀프주유소,SK에너지,서울 도봉구,서울,도봉구,서울 도봉구 도봉로 434,1,0,1,02-902-5544
A0010149,대성에너지주유소,HD현대오일뱅크,경기 평택시,경기,평택시,경기 평택시 진위면 삼남로 691,1,0,0,031-662-5185
A0010150,세원5주유소,SK에너지,경기 파주시,경기,파주시,경기 파주시 파평면 율곡로 1363,1,0,0,031-958-3838
A0010151,동해우리주유소,SK에너지,강원 양양군,강원,양양군,강원 양양군 현남면 동해대로 376,0,0,0,033-671-5178
A0010154,동일주유소,GS칼텍스,서울 성동구,서울,성동구,서울 성동구 광나루로 254 (성수동2가),0,0,0,02-461-7100
A0010159,부르릉주유소,SK에너지,경기 양평군,경기,양평군,경기 양평군 개군면 개군로 135,0,0,0,031-771-5189
A0010162,HD현대오일뱅크㈜직영 잠실셀프주유소,HD현대오일뱅크,서울 송파구,서울,송파구,서울 송파구 송파대로 397,1,0,1,02-417-7111
A0010167,삼화주유소,GS칼텍스,서울 송파구,서울,송파구,서울 송파구 백제고분로 125,1,0,1,02-2203-2280
A0010172,㈜삼표에너지 아시아주유소,GS칼텍스,서울 송파구,서울,송파구,서울 송파구 도곡로 438 (잠실동),1,0,1,02-416-1911
A0010174,㈜스마일에너지 올림픽공원주유소,S-OIL,서울 송파구,서울,송파구,서울 송파구 올림픽로 499,1,0,0,02-477-1906
A0010175,대성석유(주)석촌주유소,GS칼텍스,서울 송파구,서울,송파구,서울 송파구 백제고분로 289,0,0,0,02-421-0051
A0010177,대청주유소,SK에너지,서울 강남구,서울,강남구,서울 강남구 개포로 654 (일원동),0,0,0,02-445-5500
A0010183,백제고분로주유소,SK에너지,서울 송파구,서울,송파구,서울 송파구 오금로 143 (방이동),1,0,0,02-2202-4050
A0010187,첫사랑주유소,SK에너지,경기 안양시,경기,안양시,경기 안양시 동안구 부림로 194 (관양동),1,0,1,031-421-5105
A0010188,구도일주유소 코알라,S-OIL,서울 강동구,서울,강동구,서울특별시 강동구  올림픽로 556 (성내동),1,0,1,02-484-1162
A0010207,SK서광주유소,SK에너지,서울 강남구,서울,강남구,서울 강남구 역삼로 142,1,0,1,02-562-4855
A0010209,YM21유통㈜안성맞춤(제천)주유소,알뜰(ex),경기 안성시,경기,안성시,경기 안성시 서운면 평택제천고속도로 40,1,1,1,031-674-8644
A0010210,(주)서원 안성맞춤(평택)주유소/충전소,알뜰(ex),경기 안성시,경기,안성시,경기 안성시 서운면 평택제천고속도로 41,1,1,1,031-672-9622
A0010211,YM21유통㈜죽암(부산방향)주유소/충전소,알뜰(ex),충북 청주시,충북,청주시,충북 청주시 서원구 현도면 경부고속도로 287,1,1,1,043-269-4434
A0010213,대보디앤에스(주)함평나비(광주)주유소,알뜰(ex),전남광주 함평군,전남광주,함평군,전남광주통합특별시 함평군 엄다면 무안광주고속도로12-1,1,1,1,061-324-8864
A0010214,㈜선인상사 예산(당진방향)주유소/충전소,알뜰(ex),충남 예산군,충남,예산군,충남 예산군 신양면 당진영덕고속도로 33,1,1,1,041-335-0052
A0010215,㈜선인상사 예산(대전방향)주유소,알뜰(ex),충남 예산군,충남,예산군,충남 예산군 신양면 당진영덕고속도로 34,1,1,1,041-334-0081
A0010217,㈜비지에프휴먼넷 구정(삼척방향)주유소,알뜰(ex),강원 강릉시,강원,강릉시,강원 강릉시 구정면 동해고속도로 345-1,1,1,1,033-644-8456
A0010218,㈜비지에프휴먼넷 치악(부산방향)주유소/충전소,알뜰(ex),강원 원주시,강원,원주시,강원 원주시 신림면 치악로 416,1,1,1,033-763-8603
A0010219,㈜비지에프휴먼넷 치악(춘천방향)주유소/충전소,알뜰(ex),강원 원주시,강원,원주시,강원 원주시 신림면 다리실2길 32,1,1,1,033-762-0349
A0010220,와이엠이십일유통㈜ 서여주(양평)주유소,알뜰(ex),경기 여주시,경기,여주시,경기 여주시 능서면 중부내륙고속도로 272,1,1,1,031-885-9764
A0010221,안국산업㈜화서(영덕)주유소,알뜰(ex),경북 상주시,경북,상주시,경북 상주시 화서면 터골길 51-25,1,1,1,054-531-1984
A0010222,와이엠이십일유통㈜ 서여주(창원)주유소,알뜰(ex),경기 여주시,경기,여주시,경기도 여주시 능서면 중부내륙고속도로 271,1,1,1,031-884-9718
A0010223,㈜오일석유 언양(서울)주유소/충전소,알뜰(ex),울산 울주군,울산,울주군,울산 울주군 언양읍 경부고속도로 44,1,1,1,052-263-6146
A0010224,두무재주유소,SK에너지,경기 이천시,경기,이천시,경기 이천시 부발읍 중부대로 2042,0,0,0,031-636-0378
A0010229,HD현대오일뱅크㈜직영 유진주유소,HD현대오일뱅크,서울 강남구,서울,강남구,서울 강남구 논현로 152 (도곡동),0,0,1,02-3462-5215
A0010232,명품주유소,S-OIL,서울 강남구,서울,강남구,서울 강남구 도곡로 249 (역삼동),1,0,1,02-501-1256
A0010236,HD현대오일뱅크㈜직영 강남셀프주유소,HD현대오일뱅크,서울 강남구,서울,강남구,서울 강남구 도곡로 208,1,0,1,02-3462-0018
A0010259,㈜광역주유소,GS칼텍스,경기 부천시,경기,부천시,경기 부천시 오정구 신흥로 434 (내동),1,0,1,032-672-0524
A0010269,극동유화㈜ 개나리주유소,S-OIL,서울 강남구,서울,강남구,서울 강남구 언주로 423 (역삼동),1,0,1,02-564-0186
A0010276,파포주유소,HD현대오일뱅크,강원 화천군,강원,화천군,강원 화천군 상서면 영서로 6803,0,0,0,033-441-3008
A0010280,금강산주유소,GS칼텍스,강원 양구군,강원,양구군,강원 양구군 국토정중앙면 정중앙로 352,0,0,0,033-481-6886
A0010285,푸른주유소,HD현대오일뱅크,강원 화천군,강원,화천군,강원 화천군 간동면 춘양로 932,0,0,0,033-442-2000
A0010286,예일주유소,SK에너지,강원 춘천시,강원,춘천시,강원 춘천시 남산면 김유정로 295-4,1,0,1,033-263-7756
A0010288,퇴계주유소,GS칼텍스,강원 춘천시,강원,춘천시,강원 춘천시 퇴계로 25,1,0,1,033-242-5189
A0010289,sk소망주유소,SK에너지,강원 철원군,강원,철원군,강원 철원군 철원읍 금학로 469,0,0,0,033-455-8295
A0010293,영서에너지㈜ 에이스주유소,GS칼텍스,강원 춘천시,강원,춘천시,강원 춘천시 효자로 94 (효자동),1,0,0,033-242-7606
A0010303,동서주유소,SK에너지,강원 춘천시,강원,춘천시,강원도 춘천시 서면 박사로 883,1,0,0,033-243-2017
A0010304,한전리주유소,HD현대오일뱅크,강원 양구군,강원,양구군,강원 양구군 양구읍 금강산로 984,0,0,0,033-481-5182
A0010306,서춘천농협주유소,NH-OIL,강원 춘천시,강원,춘천시,강원 춘천시 서면 박사로 1266,1,0,1,033-242-9999
A0010309,평화주유소,GS칼텍스,강원 양구군,강원,양구군,강원 양구군 양구읍 양구새싹로 12,1,0,1,033-482-5104
A0010310,송청주유소,S-OIL,강원 양구군,강원,양구군,강원 양구군 양구읍 중심로 7,0,0,0,033-482-9696
A0010312,대영주유소,GS칼텍스,강원 춘천시,강원,춘천시,강원 춘천시 영서로 3100,1,0,0,033-254-1815
A0010320,현진주유소,SK에너지,강원 춘천시,강원,춘천시,강원 춘천시 춘천로146번길 17-19 (운교동),0,0,0,033-254-4437
A0010322,파로호주유소,S-OIL,강원 화천군,강원,화천군,강원 화천군 화천읍 평화로 523,0,0,1,033-441-5152
A0010323,길성주유소,SK에너지,강원 춘천시,강원,춘천시,강원 춘천시 사북면 춘화로 536,0,0,0,033-243-8721
A0010326,새춘천주유소,알뜰주유소,강원 춘천시,강원,춘천시,강원 춘천시 동내면 세실로 38,1,1,1,033-264-5133
A0010331,하나주유소,HD현대오일뱅크,강원 춘천시,강원,춘천시,강원 춘천시 동산면 영서로 588,0,0,0,033-261-5149
A0010336,구름다리주유소,HD현대오일뱅크,강원 춘천시,강원,춘천시,강원 춘천시 동면 후만로 137,1,0,0,033-264-7601
A0010337,광장셀프주유소,SK에너지,강원 춘천시,강원,춘천시,강원 춘천시 효자로 150,1,0,1,033-241-5185
A0010347,양구주유소,SK에너지,강원 양구군,강원,양구군,강원 양구군 국토정중앙면 정중앙로 584-1,0,0,0,033-481-7447
A0010355,남산농협 주유소 광판점,NH-OIL,강원 춘천시,강원,춘천시,강원 춘천시 남산면 종자리로 28,1,0,1,033-262-8786
A0010359,직연폭포주유소,GS칼텍스,강원 양구군,강원,양구군,강원 양구군 방산면 평화로 5181,1,0,1,033-481-9368
A0010362,금강산주유소,GS칼텍스,강원 춘천시,강원,춘천시,강원 춘천시 옛경춘로 721,1,0,0,033-253-7007
A0010364,IOZEN(이오젠),SK에너지,강원 춘천시,강원,춘천시,강원 춘천시 동내면 순환대로 758,0,0,0,033-262-2913
A0010365,SK행복한Self주유소,SK에너지,강원 춘천시,강원,춘천시,강원 춘천시 후석로 453 (후평동),1,0,0,033-252-5148
A0010367,도성주유소,S-OIL,강원 춘천시,강원,춘천시,강원 춘천시 신동면 경춘로 1766,0,0,0,033-261-3335
A0010372,사내주유소,HD현대오일뱅크,강원 화천군,강원,화천군,강원 화천군 사내면 포화로 661,0,0,0,033-441-5166
A0010373,대원주유소,GS칼텍스,강원 화천군,강원,화천군,강원 화천군 사내면 포화로 1022,0,0,0,033-441-3322
A0010380,굿오일주유소,S-OIL,강원 춘천시,강원,춘천시,강원 춘천시 충열로 65 (우두동),1,0,1,033-252-5188
A0010383,광덕주유소,SK에너지,강원 화천군,강원,화천군,강원 화천군 사내면 포화로 814,1,0,0,033-441-4455
A0010392,춘천주유소,SK에너지,강원 춘천시,강원,춘천시,강원 춘천시  공지로 234-1 (효자동),1,0,0,033-262-0051
A0010402,대형주유소,SK에너지,강원 춘천시,강원,춘천시,강원 춘천시 경춘로 2155,0,0,0,033-262-5101
A0010403,만남의광장주유소,HD현대오일뱅크,강원 춘천시,강원,춘천시,강원 춘천시 경춘로 2137,1,0,1,033-244-5149
A0010404,대현주유소,S-OIL,강원 화천군,강원,화천군,강원 화천군 화천읍 평화로 117,0,0,0,033-441-0737
A0010406,대성주유소,GS칼텍스,강원 춘천시,강원,춘천시,강원 춘천시 공지로 443,1,0,0,033-251-9777
A0010407,㈜스타에너지 스타주유소,GS칼텍스,강원 춘천시,강원,춘천시,강원 춘천시 퇴계로 73,1,0,1,033-242-5182
A0010408,새만천주유소,S-OIL,강원 춘천시,강원,춘천시,강원 춘천시 동면 만천로 139,0,0,1,033-264-1251
A0010412,대명주유소,HD현대오일뱅크,강원 춘천시,강원,춘천시,강원 춘천시 충열로 314,0,0,0,033-252-4840
A0010416,구도일주유소 춘천,S-OIL,강원 춘천시,강원,춘천시,강원 춘천시 춘천로 40(퇴계동),1,0,0,033-252-0336
A0010417,동산주유소,S-OIL,강원 춘천시,강원,춘천시,강원 춘천시 영서로 51,1,0,0,033-261-5181
A0010418,㈜케이에스에스씨,SK에너지,강원 춘천시,강원,춘천시,강원 춘천시 중앙로 146,1,0,0,033-252-5455
A0010419,농민주유소,SK에너지,강원 춘천시,강원,춘천시,강원 춘천시 후석로 396 (후평1동),1,0,0,033-263-3900
A0010427,호원주유소 춘천지점,알뜰주유소,강원 춘천시,강원,춘천시,강원 춘천시 서면 경춘로 583-3,0,0,0,033-263-8584
A0010429,삼둥이주유소,HD현대오일뱅크,강원 춘천시,강원,춘천시,강원 춘천시 서면 경춘로 1014,1,0,0,033-263-6924
A0010430,㈜장학에너지,GS칼텍스,강원 춘천시,강원,춘천시,강원 춘천시 동면 공단로 107,1,0,0,033-252-5255
A0010431,㈜붕붕붕주유소,GS칼텍스,강원 춘천시,강원,춘천시,강원 춘천시 공지로 156-3,1,0,1,033-261-4700
A0010435,태양주유소,SK에너지,강원 춘천시,강원,춘천시,강원 춘천시 영서로 2109 (퇴계동),1,0,1,033-263-5133
A0010437,프렌즈스테이션㈜제이에이치에스,HD현대오일뱅크,대전 서구,대전,서구,대전 서구 계백로 838,1,0,0,042-544-5185
A0010439,가람주유소,GS칼텍스,강원 춘천시,강원,춘천시,강원 춘천시 영서로 2997 (사농동),0,0,0,033-252-5161
A0010442,만천주유소,SK에너지,강원 춘천시,강원,춘천시,강원 춘천시 동면 순환대로 1077,1,0,1,033-252-5673
A0010443,신동주유소,GS칼텍스,강원 춘천시,강원,춘천시,강원 춘천시 신동면 순환대로 316,0,0,0,033-262-6226
A0010444,HD현대오일뱅크㈜직영 대룡산주유소,HD현대오일뱅크,강원 춘천시,강원,춘천시,강원 춘천시 동내면 순환대로 660,0,0,1,033-261-5185
A0010449,평화주유소,SK에너지,강원 화천군,강원,화천군,강원 화천군 화천읍 평화로 1115,0,0,0,033-441-0088
A0010451,간동주유소,SK에너지,강원 화천군,강원,화천군,강원 화천군 간동면 간척월명로 286,0,0,0,033-442-1136
A0010452,광바위주유소,GS칼텍스,강원 화천군,강원,화천군,강원 화천군 하남면 춘화로 2613,1,0,0,033-441-5000
A0010454,대성주유소(화천),GS칼텍스,강원 화천군,강원,화천군,강원 화천군 사내면 사내로 10-7,1,0,0,033-441-4507
A0010455,상서주유소,SK에너지,강원 화천군,강원,화천군,강원 화천군 상서면 영서로 7588,0,0,0,033-442-6600
A0010457,동국주유소,HD현대오일뱅크,강원 양구군,강원,양구군,강원도 양구군 양구읍 중심로 165,0,0,0,033-481-2331
A0010458,광치령주유소,SK에너지,강원 양구군,강원,양구군,강원 양구군 국토정중앙면 춘양로 3592,0,0,1,033-481-9393
A0010466,진우셀프주유소,SK에너지,강원 화천군,강원,화천군,강원 화천군 하남면 춘화로 3180,1,0,1,033-441-5189
A0010468,경춘주유소,GS칼텍스,강원 춘천시,강원,춘천시,강원 춘천시 경춘로 2039 (칠전동),1,0,0,033-256-3900
A0010475,섬강에너지주식회사,S-OIL,강원 춘천시,강원,춘천시,강원 춘천시 신동면 경춘로 1936,1,0,1,033-264-5185
A0010478,(주)석사주유소,HD현대오일뱅크,강원 춘천시,강원,춘천시,강원 춘천시 공지로 49 (석사동),1,0,0,033-261-2706
A0010479,지에스칼텍스(주) 봄내주유소,GS칼텍스,강원 춘천시,강원,춘천시,강원 춘천시 김유정로 1863 (퇴계동),1,0,1,033-264-7600
A0010481,㈜갤럭시(Galaxy)E＆S,GS칼텍스,강원 춘천시,강원,춘천시,강원 춘천시 동내면 세실로 20,1,0,1,033-262-2410
A0010483,신북농업협동조합(주유소),NH-OIL,강원 춘천시,강원,춘천시,강원 춘천시 신북읍 율문길 71,0,0,1,033-243-9722
A0010485,춘천농협주유소,NH-OIL,강원 춘천시,강원,춘천시,강원 춘천시 사우4길 10-1 (우두동),1,0,1,033-255-0720
A0010487,HD현대오일뱅크㈜직영 소양강셀프주유소,HD현대오일뱅크,강원 춘천시,강원,춘천시,강원 춘천시 영서로 2998,1,0,1,033-256-8951
A0010488,양구농협주유소,NH-OIL,강원 양구군,강원,양구군,강원 양구군 양구읍 춘양로 2641,0,0,1,033-481-8005
A0010489,동춘천농협주유소,NH-OIL,강원 춘천시,강원,춘천시,강원 춘천시 동내면 학곡동2길 11,1,0,1,033-261-8911
A0010490,춘천원예농협주유소,NH-OIL,강원 춘천시,강원,춘천시,강원도 춘천시 영서로 3176 (신동),0,0,1,033-257-4653
A0010491,양구농협동면지점주유소,NH-OIL,강원 양구군,강원,양구군,강원 양구군 동면 금강산로 1696,0,0,1,033-481-8096
A0010493,화천농협주유소,NH-OIL,강원 화천군,강원,화천군,강원 화천군 화천읍 상승로 39,1,1,1,033-442-2167
A0010499,HD현대오일뱅크㈜직영 고속터미널주유소,HD현대오일뱅크,강원 춘천시,강원,춘천시,강원 춘천시 경춘로 2365,0,0,1,033-243-8288
A0010501,남춘천역 셀프 주유소,HD현대오일뱅크,강원 춘천시,강원,춘천시,강원 춘천시 영서로 2241,1,0,1,070-4225-5151
A0010502,HD현대오일뱅크㈜직영 춘천셀프주유소,HD현대오일뱅크,강원 춘천시,강원,춘천시,강원 춘천시 춘천로 412,1,0,1,033-252-6004
A0010503,KK㈜ 춘천중앙2주유소,SK에너지,강원 춘천시,강원,춘천시,강원 춘천시 후석로 322 (후평동),1,0,1,033-253-4951
A0010504,HD현대오일뱅크㈜직영 춘천제일주유소,HD현대오일뱅크,강원 춘천시,강원,춘천시,강원 춘천시 영서로 1923,0,0,1,033-262-5198
A0010505,KK㈜ 춘천중앙3주유소,SK에너지,강원 춘천시,강원,춘천시,강원 춘천시 후석로 239,0,0,1,033-257-5151
A0010507,㈜대경유업 퇴계로주유소,HD현대오일뱅크,강원 춘천시,강원,춘천시,강원 춘천시 퇴계로 231,1,0,0,033-264-0370
A0010508,㈜케이알산업 춘천(하)주유소/충전소,알뜰(ex),강원 춘천시,강원,춘천시,강원 춘천시 동내면 영서로 1432,1,1,0,033-264-0391
A0010520,KK㈜ 춘천중앙1주유소,SK에너지,강원 춘천시,강원,춘천시,강원 춘천시 소양로 206,1,0,1,033-251-5100
A0010521,중앙Self주유소,SK에너지,강원 춘천시,강원,춘천시,강원 춘천시 동내면 영서로 1868,1,0,1,033-264-5199
A0010527,HD현대오일뱅크㈜직영 위도현대주유소,HD현대오일뱅크,강원 춘천시,강원,춘천시,강원 춘천시 영서로 2905,0,0,1,033-242-3700
A0010529,유정주유소충전소,GS칼텍스,강원 춘천시,강원,춘천시,강원 춘천시 신동면 한치로 966-176,1,0,0,033-261-0066
A0010530,신포주유소,S-OIL,강원 춘천시,강원,춘천시,강원 춘천시 사북면 영서로 4927,0,0,0,033-243-5188
A0010532,㈜지에스이앤알 기분좋은주유소,GS칼텍스,강원 강릉시,강원,강릉시,강원 강릉시 경강로 1843,1,0,1,033-648-5149
A0010533,대진주유소,HD현대오일뱅크,강원 삼척시,강원,삼척시,강원 삼척시 근덕면 삼척로 3071,0,0,0,033-572-5106
A0010535,세경주유소,HD현대오일뱅크,강원 동해시,강원,동해시,강원 동해시 발한로 369 (발한동),0,0,0,033-532-7117
A0010537,에덴주유소,S-OIL,강원 동해시,강원,동해시,강원 동해시 효자로 576 (쇄운동),0,0,0,033-521-2588
A0010539,삼거리주유소,SK에너지,강원 강릉시,강원,강릉시,강원 강릉시 임영로 242 (교동),1,0,0,033-646-0246
A0010542,하장주유소,S-OIL,강원 삼척시,강원,삼척시,강원 삼척시 하장면 백두대간로 2564,0,0,0,033-553-4542
A0010543,등봉주유소,SK에너지,강원 삼척시,강원,삼척시,강원 삼척시 오십천로 101 (등봉동),1,0,0,033-575-5151
A0010549,관동주유소,S-OIL,강원 동해시,강원,동해시,강원 동해시 강원남부로 4650 (단봉동),1,0,0,033-522-0202
A0010557,오일필드㈜ 원주북원지점,HD현대오일뱅크,강원 원주시,강원,원주시,강원 원주시 북원로 2664,1,0,0,033-735-7350
A0010560,알몬티 상동주유소,S-OIL,강원 영월군,강원,영월군,강원 영월군 상동읍 태백산로 3234,0,0,0,033-378-8229
A0010566,북삼주유소,알뜰주유소,강원 동해시,강원,동해시,강원 동해시 효자로 636,1,0,1,033-521-0082
A0010567,묵호주유소,S-OIL,강원 동해시,강원,동해시,강원도 동해시 해안로 595 (발한동),1,0,0,033-531-7711
A0010571,대성주유소(주),SK에너지,강원 삼척시,강원,삼척시,강원 삼척시 미로면 강원남부로 3967,0,0,0,033-573-8558
A0010574,성일주유소,S-OIL,강원 태백시,강원,태백시,강원 태백시 태백로 1064,0,0,0,033-552-8118
A0010577,SK 삼척주유소,SK에너지,강원 삼척시,강원,삼척시,강원 삼척시 동해대로 4323,0,0,0,033-574-6569
A0010580,서학주유소,SK에너지,강원 태백시,강원,태백시,강원 태백시 번영로 87 (황지동),1,0,1,033-553-3301
A0010581,(주)범일로self주유소,SK에너지,강원 강릉시,강원,강릉시,강원 강릉시 범일로 475,1,0,0,033-647-5189
A0010583,공단주유소,GS칼텍스,강원 동해시,강원,동해시,강원 동해시 공단1로 7-13,0,0,0,033-522-5328
A0010585,어평주유소,GS칼텍스,강원 태백시,강원,태백시,강원 태백시 태백산로 4162,0,0,1,033-552-3322
A0010586,태백주유소,GS칼텍스,강원 태백시,강원,태백시,강원 태백시 태백로 1186 (황지동),1,0,1,033-552-2718
A0010589,동북주유소,S-OIL,강원 동해시,강원,동해시,강원 동해시 동해대로 5050 (효가동),1,0,0,033-521-3661
A0010594,도계주유소,SK에너지,강원 삼척시,강원,삼척시,강원 삼척시 도계읍 강원남부로 1560,0,0,0,033-541-5182
A0010598,㈜대경에너지,SK에너지,경북 상주시,경북,상주시,경북 상주시 경상대로 2771 (신봉동),1,0,0,054-536-9988
A0010599,태화주유소 ㈜클린산업,S-OIL,강원 동해시,강원,동해시,강원 동해시 동해대로 4912 (나안동),1,0,0,033-521-8326
A0010603,산림조합주유소,SK에너지,강원 삼척시,강원,삼척시,강원 삼척시 근덕면 삼척로 3840,0,0,0,033-575-9070
A0010613,용정에너지,HD현대오일뱅크,강원 동해시,강원,동해시,강원 동해시 용정로 169 (용정동),0,0,0,033-533-5451
A0010615,삼척주유할인마트,SK에너지,강원 삼척시,강원,삼척시,강원 삼척시 노곡면 문의재로 2546,0,0,0,033-575-6888
A0010620,(주)동산 효자로주유소,S-OIL,강원 동해시,강원,동해시,강원 동해시 효자로 723 (효가동),0,0,0,033-521-8259
A0010621,기업주유소,SK에너지,강원 동해시,강원,동해시,강원 동해시 동해대로 4683,1,0,0,033-522-0202
A0010622,늘푸른초록봉주유소,S-OIL,강원 동해시,강원,동해시,강원도 동해시  동해대로 5480 (평릉동),0,0,0,033-532-3216
A0010624,호산삼거리주유소,S-OIL,강원 삼척시,강원,삼척시,강원 삼척시 원덕읍 삼척로 324,1,0,0,033-572-5145
A0010625,우성주유소,SK에너지,강원 삼척시,강원,삼척시,강원 삼척시 동해대로 4088 (정상동),0,0,1,033-574-7178
A0010626,(주)명진에너지 동해지점,SK에너지,강원 동해시,강원,동해시,강원 동해시 동해대로 5361 (천곡동),1,0,0,033-535-5189
A0010627,장호주유소,SK에너지,강원 삼척시,강원,삼척시,강원 삼척시 근덕면 삼척로 2158,0,0,0,033-573-0485
A0010628,용천주유소 동해보양온천컨벤션호텔,GS칼텍스,강원 삼척시,강원,삼척시,강원 삼척시 신기면 강원남부로 3038,0,0,0,033-541-6400
A0010629,노곡주유소,HD현대오일뱅크,강원 삼척시,강원,삼척시,강원 삼척시 원덕읍 삼척로 865,0,0,0,033-575-5199
A0010632,해오름주유소,S-OIL,강원 동해시,강원,동해시,강원 동해시 발한로 384 (발한동),1,0,0,033-521-1114
A0010633,SK해안로주유소,SK에너지,강원 동해시,강원,동해시,강원 동해시 해안로 63 (용정동),1,0,0,033-532-7424
A0010634,항만주유소 ㈜클린산업,S-OIL,강원 동해시,강원,동해시,강원 동해시 대동로 263,1,0,0,033-522-3007
A0010635,고객사랑주유소,SK에너지,강원 동해시,강원,동해시,강원 동해시 동해대로 6121,1,0,0,033-535-7202
A0010636,망상IC주유소,SK에너지,강원 동해시,강원,동해시,강원 동해시 동해대로 6124 (망상동),1,0,0,0
A0010637,대성주유소,S-OIL,강원 태백시,강원,태백시,강원 태백시 상장로 88 (황지동),0,0,0,033-552-7553
A0010638,명성주유소,GS칼텍스,강원 삼척시,강원,삼척시,강원 삼척시 근덕면 삼척로 3393,0,0,0,033-573-8081
A0010639,(주)금메달주유소,S-OIL,강원 삼척시,강원,삼척시,강원 삼척시 근덕면 삼척로 2771,0,0,0,033-574-0010
A0010642,옛고개주유소,S-OIL,경북 영주시,경북,영주시,경북 영주시 평은면 예봉로 184,1,0,0,054-637-6462
A0010643,쇄운주유소,SK에너지,강원 동해시,강원,동해시,강원 동해시 효자로 400,0,0,0,033-534-8911
A0010644,홍길동주유소 ㈜에스제이와이에너지,SK에너지,강원 강릉시,강원,강릉시,강원 강릉시 강릉대로 161,1,0,1,033-641-0044
A0010650,중앙주유소,SK에너지,강원 삼척시,강원,삼척시,강원 삼척시 도계읍 강원남부로 1332,0,0,0,033-541-9090
A0010653,성일기업(주)성일주유소,S-OIL,강원 동해시,강원,동해시,강원 동해시 동해대로 5155 (효가동),0,0,0,033-521-8461
A0010655,교가주유소,SK에너지,강원 삼척시,강원,삼척시,강원 삼척시 근덕면 삼척로 3559,0,0,0,033-572-7811
A0010657,공원주유소,HD현대오일뱅크,강원 삼척시,강원,삼척시,강원 삼척시 오십천로 566 (정상동),0,0,0,033-575-6785
A0010658,알파에쓰오일 삼척주유소(주),S-OIL,강원 삼척시,강원,삼척시,강원 삼척시 동해대로 4190,1,0,0,033-573-6277
A0010665,(주)태광주유소,HD현대오일뱅크,강원 태백시,강원,태백시,강원 태백시 태백로 892 (황지동),1,0,0,033-552-2335
A0010666,㈜삼척현대주유소,HD현대오일뱅크,강원 삼척시,강원,삼척시,강원 삼척시 동해대로 4011,1,0,0,033-574-2088
A0010667,CJ대한통운㈜ 효가제일주유소,HD현대오일뱅크,강원 동해시,강원,동해시,강원 동해시 동해대로 4985,1,0,1,033-522-2007
A0010669,대영주유소,S-OIL,강원 동해시,강원,동해시,강원 동해시 동해대로 6036,1,0,0,033-534-1207
A0010671,원더풀주유소/충전소,GS칼텍스,강원 삼척시,강원,삼척시,강원 삼척시 동해대로 3852 (오분동),1,0,0,033-575-5189
A0010672,원덕주유소,S-OIL,강원 삼척시,강원,삼척시,강원 삼척시 원덕읍 삼척로 437-9,1,0,0,033-575-3309
A0010673,천곡주유소,GS칼텍스,강원 동해시,강원,동해시,강원 동해시 해안로 197 (천곡동),0,0,1,033-532-3388
A0010675,태백농협주유소,NH-OIL,강원 태백시,강원,태백시,강원 태백시 태백로 708 (화전동),1,1,1,033-552-9033
A0010676,원덕농협주유소,NH-OIL,강원 삼척시,강원,삼척시,강원 삼척시 원덕읍 가곡천로 3021,1,1,1,033-575-5145
A0010677,묵호농협주유소,NH-OIL,강원 동해시,강원,동해시,강원 동해시 발한로 39 (부곡동),1,0,1,033-532-2211
A0010678,삼척농협주유소/충전소,NH-OIL,강원 삼척시,강원,삼척시,강원 삼척시 동해대로 4298 (갈천동),0,0,1,033-572-5182
A0010679,(주)대청산업개발 동해(삼척)주유소,알뜰(ex),강원 동해시,강원,동해시,강원 동해시 동해대로 6427 (망상동),1,1,1,033-534-6648
A0010686,보우㈜ 백마주유소,HD현대오일뱅크,강원 동해시,강원,동해시,강원 동해시 대동로 261-28,1,0,0,033-522-0044
A0010689,강원흥업㈜ 시민주유소,SK에너지,강원 동해시,강원,동해시,강원 동해시 동해대로 5133 (효가동),1,0,1,033-522-0669
A0010690,강원그린에너지(주),GS칼텍스,강원 삼척시,강원,삼척시,강원 삼척시 신기면 강원남부로 2620,0,0,1,033-541-6913
A0010692,해성주유소,S-OIL,강원 동해시,강원,동해시,강원 동해시 효자로 277,0,0,0,033-534-9966
A0010697,㈜삼봉레미콘 강원주유소,S-OIL,강원 태백시,강원,태백시,강원 태백시 메밀들1길 18 (장성동),0,0,0,033-581-0017
A0010700,임원셀프주유소,HD현대오일뱅크,강원 삼척시,강원,삼척시,강원 삼척시 원덕읍 삼척로 1203,1,0,0,033-572-5255
A0010707,인제IC주유소,HD현대오일뱅크,강원 인제군,강원,인제군,강원 인제군 기린면 내린천로 3477,0,0,0,033-461-1777
A0010709,배꼽셀프주유소,HD현대오일뱅크,강원 양구군,강원,양구군,강원 양구군 국토정중앙면 춘양로 2894,1,0,0,033-481-7288
A0010710,운두령주유소,S-OIL,강원 홍천군,강원,홍천군,강원 홍천군 내면 운두령로 1165,1,0,0,033-433-5612
A0010711,평화주유소,HD현대오일뱅크,경기 양평군,경기,양평군,경기 양평군 청운면 경강로 4089,0,0,0,031-771-5125
A0010712,상남주유소,GS칼텍스,강원 인제군,강원,인제군,강원 인제군 상남면 아홉사리로 3171,0,0,0,033-461-4356
A0010714,명동주유소,GS칼텍스,강원 홍천군,강원,홍천군,강원 홍천군 남면 남노일로 226,0,0,0,033-432-3555
A0010715,지리산춘향주유소,자가상표,전북 남원시,전북,남원시,전북 남원시 주천면 원천로 404,0,0,1,063-626-5888
A0010717,하이트주유소,S-OIL,강원 홍천군,강원,홍천군,강원 홍천군 북방면 송학정로 38,1,0,1,033-435-8850
A0010718,㈜지에스에너지 세방지점,SK에너지,강원 홍천군,강원,홍천군,강원 홍천군 홍천읍 홍천로 440,1,0,0,033-434-3054
A0010719,장남에너지,GS칼텍스,강원 홍천군,강원,홍천군,강원특별자치도 홍천군 두촌면 장남길 81,1,0,0,033-435-1400
A0010720,산성장주유소,HD현대오일뱅크,강원 인제군,강원,인제군,강원 인제군 인제읍 인제로 146,0,0,1,033-461-2247
A0010721,백우주유소,S-OIL,강원 홍천군,강원,홍천군,강원 홍천군 내촌면 아홉사리로 1053,1,0,1,033-433-3933
A0010722,신남주유소,HD현대오일뱅크,강원 인제군,강원,인제군,강원 인제군 남면 신남로 79,0,0,0,033-461-6032
A0010725,화양강주유소self,SK에너지,강원 홍천군,강원,홍천군,강원 홍천군 두촌면 설악로 3340,1,0,0,033-434-5182
A0010726,현대그린주유소,HD현대오일뱅크,강원 인제군,강원,인제군,강원 인제군 남면 신남로 151,0,0,0,033-461-5180
A0010728,백담주유소,GS칼텍스,강원 인제군,강원,인제군,강원 인제군 북면 미시령로 1113-3,0,0,0,033-462-3713
A0010734,율전주유소,HD현대오일뱅크,강원 홍천군,강원,홍천군,강원도 홍천군 내면 구룡령로 4305 (내면),0,0,0,033-435-1322
A0010740,구성주유소,HD현대오일뱅크,강원 홍천군,강원,홍천군,강원 홍천군 화촌면 가락재로 1062,1,0,0,033-435-2051
A0010745,중앙주유소self,SK에너지,강원 홍천군,강원,홍천군,강원 홍천군 홍천읍 설악로 1356,1,0,0,033-434-0551
A0010746,㈜홍천스카이에너지,HD현대오일뱅크,강원 홍천군,강원,홍천군,강원 홍천군 두촌면 설악로 3859,1,0,0,033-435-1291
A0010753,월드컵주유소,알뜰주유소,부산 기장군,부산,기장군,부산 기장군 일광면 기장대로 1230,1,0,1,051-727-1212
A0010761,내린천주유소,GS칼텍스,강원 홍천군,강원,홍천군,강원 홍천군 내면 구룡령로 5263,1,0,0,033-432-8870
A0010764,설악프라자주유소,SK에너지,강원 인제군,강원,인제군,강원 인제군 남면 설악로 233,1,0,1,033-461-6330
A0010767,아미주유소,SK에너지,강원 홍천군,강원,홍천군,강원 홍천군 서석면 구룡령로 2704,0,0,0,033-433-4403
A0010769,대명이백주유소,SK에너지,강원 인제군,강원,인제군,강원 인제군 인제읍 광치령로 681,0,0,0,033-463-4406
A0010773,풍차주유소,SK에너지,강원 인제군,강원,인제군,강원 인제군 북면 원통로 331,0,0,0,033-462-0231
A0010774,(주)인제스피디움 내린천주유소,S-OIL,강원 인제군,강원,인제군,강원 인제군 기린면 상하답로 340,0,0,0,033-463-8855
A0010776,(주)태양 오일뱅크,HD현대오일뱅크,강원 인제군,강원,인제군,강원 인제군 인제읍 광치령로 85,0,0,0,033-462-5155
A0010780,홍천군산림조합주유소,S-OIL,강원 홍천군,강원,홍천군,강원도 홍천군 화촌면 설악로 2583,0,0,1,033-432-5316
A0010784,화계주유소,S-OIL,강원 홍천군,강원,홍천군,강원 홍천군 북방면 홍천로 197,0,0,1,033-436-5155
A0010789,샘골주유소,S-OIL,강원 홍천군,강원,홍천군,강원 홍천군 내면 구룡령로 6928,1,0,0,033-435-8181
A0010791,제일주유소/충전소,S-OIL,강원 홍천군,강원,홍천군,강원 홍천군 홍천읍 설악로 2367,0,0,0,033-433-8840
A0010799,태창주유소,SK에너지,강원 홍천군,강원,홍천군,강원 홍천군 서면 팔봉산로 561,0,0,0,033-435-8967
A0010805,한계리주유소,S-OIL,강원 인제군,강원,인제군,강원 인제군 북면 설악로 3251-7,0,0,0,033-462-8150
A0010808,스카이주유소,HD현대오일뱅크,강원 홍천군,강원,홍천군,강원 홍천군 홍천읍 설악로 951,1,0,0,033-435-8860
A0010809,어린왕자 주유소,GS칼텍스,강원 인제군,강원,인제군,강원 인제군 남면 설악로 51,1,0,1,033-461-8251
A0010810,북방주유소,GS칼텍스,강원 홍천군,강원,홍천군,강원 홍천군 북방면 영서로 2903,0,0,0,033-434-6002
A0010811,인제주유소,SK에너지,강원 인제군,강원,인제군,강원 인제군 인제읍 인제로 245,0,0,0,033-461-2331
A0010814,돌바우오일뱅크,HD현대오일뱅크,강원 인제군,강원,인제군,강원 인제군 북면 미시령로 979,1,0,1,033-462-5154
A0010817,능평주유소,SK에너지,강원 홍천군,강원,홍천군,강원 홍천군 북방면 영서로 2884,0,0,0,033-435-6811
A0010818,양덕원주유소,SK에너지,강원 홍천군,강원,홍천군,강원 홍천군 남면 양덕원로 72,0,0,0,033-432-4220
A0010819,신일주유소,SK에너지,강원 홍천군,강원,홍천군,강원 홍천군 남면 시동로 434,0,0,0,033-432-4817
A0010821,진다리주유소,SK에너지,강원 인제군,강원,인제군,강원 인제군 기린면 내린천로 4172,0,0,1,033-461-6833
A0010825,동국주유소,SK에너지,강원 홍천군,강원,홍천군,강원 홍천군 홍천읍 무궁화로 62,1,0,0,033-433-1788
A0010830,대성광업 원통주유소,GS칼텍스,강원 인제군,강원,인제군,강원 인제군 북면 원통로 142,0,0,0,033-461-4520
A0010832,주식회사월인삼마치주유소,GS칼텍스,강원 홍천군,강원,홍천군,강원 홍천군 홍천읍 영서로 1500,1,0,0,033-435-8879
A0010833,팜파스주유소,SK에너지,강원 홍천군,강원,홍천군,강원 홍천군 두촌면 설악로 3606,1,0,0,033-435-4448
A0010834,(주)지에스에너지 새홍천주유소,GS칼텍스,강원 홍천군,강원,홍천군,강원 홍천군 홍천읍 설악로 1762,1,0,0,033-435-2112
A0010835,영귀미농협주유소,NH-OIL,강원 홍천군,강원,홍천군,강원 홍천군 영귀미면 공작산로 487,0,0,1,033-436-6021
A0010836,서석농협주유소,NH-OIL,강원 홍천군,강원,홍천군,강원 홍천군 서석면 구룡령로 2491,0,0,1,033-433-4106
A0010837,서홍천농협두미지점주유소,NH-OIL,강원 홍천군,강원,홍천군,강원 홍천군 서면 팔봉산로 545,0,0,1,033-439-1311
A0010838,내촌농협 클린주유소,NH-OIL,강원 홍천군,강원,홍천군,강원 홍천군 내촌면 도관길 12,0,0,1,033-430-3722
A0010839,기린농협주유소,NH-OIL,강원 인제군,강원,인제군,강원 인제군 기린면 내린천로 3996,1,1,1,033-462-5188
A0010844,화촌농협주유소,NH-OIL,강원 홍천군,강원,홍천군,강원 홍천군 화촌면 구룡령로 40,0,0,1,033-435-5185
A0010846,HD현대오일뱅크㈜직영 인제현대주유소,HD현대오일뱅크,강원 인제군,강원,인제군,강원 인제군 인제읍 설악로 2352,0,0,1,033-462-5172
A0010847,무궁화주유소,HD현대오일뱅크,강원 홍천군,강원,홍천군,강원 홍천군 홍천읍 설악로 1277,0,0,0,033-435-9222
A0010848,HD현대오일뱅크㈜직영 형제주유소,HD현대오일뱅크,강원 홍천군,강원,홍천군,강원 홍천군 홍천읍 홍천로 486,0,0,1,033-434-2377
A0010851,(주)선인상사 홍천강(춘천방향)주유소/충전소,알뜰(ex),강원 홍천군,강원,홍천군,강원 홍천군 북방면 도사곡길 223,1,1,1,033-435-6751
A0010863,백덕산주유소,HD현대오일뱅크,강원 평창군,강원,평창군,강원 평창군 방림면 서동로 310,0,0,1,033-332-0525
A0010868,개운주유소,GS칼텍스,강원 원주시,강원,원주시,강원 원주시 행구로 50,1,0,1,033-761-7176
A0010869,태장주유소,GS칼텍스,강원 원주시,강원,원주시,강원 원주시 북원로 2705 (가현동),0,0,0,033-742-3138
A0010871,대경주유소,HD현대오일뱅크,강원 원주시,강원,원주시,강원 원주시 원문로 246 (단계동),0,0,1,033-746-1269
A0010872,(주)디오티디 원주꼬끼오주유소,S-OIL,강원 원주시,강원,원주시,강원 원주시 문막읍 원문로 1468 (문막읍),1,0,1,033-732-5185
A0010876,가나주유소,S-OIL,강원 원주시,강원,원주시,강원 원주시 판부면 용수골길 230,0,0,1,033-763-4936
A0010884,동국 서원주 주유소,SK에너지,강원 원주시,강원,원주시,강원 원주시 문막읍 원문로 1227,1,0,0,033-745-6888
A0010891,만종주유소,S-OIL,강원 원주시,강원,원주시,강원 원주시 원문로 347 (단계동),0,0,0,033-742-5152
A0010893,마장주유소,SK에너지,경기 이천시,경기,이천시,경기 이천시 마장면 서이천로 564,0,0,0,031-633-3850
A0010895,강림쉼터주유소,HD현대오일뱅크,강원 횡성군,강원,횡성군,강원 횡성군 강림면 주천강로 1335,1,0,0,033-342-1777
A0010905,고구려주유소,SK에너지,강원 원주시,강원,원주시,강원 원주시 현충로 288 (태장동),0,0,0,033-746-3003
A0010913,중앙주유소,GS칼텍스,강원 원주시,강원,원주시,강원 원주시 치악로 1263 (관설동),0,0,0,033-761-7144
A0010915,귀래주유소,HD현대오일뱅크,강원 원주시,강원,원주시,강원 원주시 귀래면 북원로 116-1,0,0,1,033-763-4167
A0010923,상안주유소,S-OIL,강원 횡성군,강원,횡성군,강원 횡성군 안흥면 서동로 1595,1,0,0,033-344-0051
A0010927,(주)치악제일주유소,HD현대오일뱅크,강원 원주시,강원,원주시,강원 원주시 신림면 신림황둔로 833,1,0,1,033-763-5808
A0010928,동진주유소,S-OIL,강원 원주시,강원,원주시,강원 원주시 문막읍 원문로 1895,0,0,0,033-747-5189
A0010929,새말쉼터주유소,HD현대오일뱅크,강원 횡성군,강원,횡성군,강원 횡성군 우천면 전재로 49,1,0,1,033-345-1113
A0010931,다문주유소,GS칼텍스,강원 원주시,강원,원주시,강원 원주시 호저면 원문로 437,0,0,0,033-732-5155
A0010932,SK만종주유소,SK에너지,강원 원주시,강원,원주시,강원 원주시 호저면 원문로 545,0,0,1,033-747-5109
A0010936,신림주유소,SK에너지,강원 원주시,강원,원주시,강원 원주시 신림면 제원로 1429,0,0,0,033-763-5052
A0010937,희망주유소,GS칼텍스,강원 원주시,강원,원주시,강원 원주시 지정면 원문로 1153,0,0,0,033-732-0051
A0010938,단구주유소,GS칼텍스,강원 원주시,강원,원주시,강원 원주시 치악로 1464 (단구동),1,0,1,033-761-3085
A0010942,둔내주유소,SK에너지,강원 횡성군,강원,횡성군,강원 횡성군 둔내면 경강로둔방10길 7,0,0,0,033-342-1114
A0010946,평천주유소,S-OIL,강원 원주시,강원,원주시,강원 원주시 호저면 호저로 598,1,0,0,033-731-5185
A0010953,영동주유소,HD현대오일뱅크,강원 횡성군,강원,횡성군,강원 횡성군 횡성읍 경강로 1599,0,0,0,033-343-1939
A0010955,세방주유소,GS칼텍스,강원 평창군,강원,평창군,강원도 평창군 대화면 대화중앙로 153,0,0,0,033-333-2644
A0010959,둔방주유소,S-OIL,강원 횡성군,강원,횡성군,강원 횡성군 둔내면 경강로 4555,1,0,1,033-344-8222
A0010964,안창주유소,GS칼텍스,강원 원주시,강원,원주시,강원 원주시 지정면 지정로 819,0,0,1,033-000-0000
A0010966,진운주유소,알뜰주유소,강원 원주시,강원,원주시,강원 원주시 문막읍 원문로 1320,0,1,1,033-748-0027
A0010970,흥업 현대주유소,HD현대오일뱅크,강원 원주시,강원,원주시,강원 원주시 흥업면 남원로 133,1,0,0,033-734-3933
A0010974,원주103주유소,HD현대오일뱅크,강원 원주시,강원,원주시,강원 원주시 소초면 치악로 2327,0,0,0,033-733-5111
A0010975,이포주유소,SK에너지,충북 제천시,충북,제천시,충북 제천시 내토로 868,1,0,1,043-643-5189
A0010977,주문진향호주유소,S-OIL,강원 강릉시,강원,강릉시,강원 강릉시 주문진읍 동해대로 4785,1,0,0,033-661-4564
A0010980,보라매주유소,GS칼텍스,강원 원주시,강원,원주시,강원 원주시 소초면 북원로 3370,0,0,0,033-747-4300
A0010994,동명주유소,알뜰주유소,강원 원주시,강원,원주시,강원 원주시 치악로 2090 (태장동),1,1,1,033-743-4288
A0010996,흥양주유소,S-OIL,강원 원주시,강원,원주시,강원 원주시 소초면 치악로 2348,1,0,0,033-731-8822
A0010999,(주)케이엘페트로 안성지점 VIP주유소,GS칼텍스,경기 안성시,경기,안성시,경기 안성시 안성맞춤대로 865,1,0,1,031-676-1382
A0011001,한국주유소,SK에너지,강원 원주시,강원,원주시,강원 원주시 북원로 2564 (우산동),0,0,0,033-746-3738
A0011002,평창방림에너지,GS칼텍스,강원 평창군,강원,평창군,강원 평창군 방림면 서동로 1551,1,0,0,033-334-5858
A0011004,(주)에스케이지 정상주유소,SK에너지,강원 원주시,강원,원주시,강원 원주시 한지공원길 42 (명륜동),0,0,0,033-764-6504
A0011006,서곡주유소,SK에너지,강원 원주시,강원,원주시,강원 원주시 판부면 남원로 174,0,0,0,033-765-6900
A0011008,진성주유소,S-OIL,강원 원주시,강원,원주시,강원 원주시 남원로 629,1,0,0,033-763-8999
A0011009,우산주유소,SK에너지,강원 원주시,강원,원주시,강원 원주시 우산로 2 (우산동),0,0,1,033-731-2930
A0011010,치악산주유소,HD현대오일뱅크,강원 원주시,강원,원주시,강원 원주시 신림면 신림황둔로 1107,1,0,1,033-764-5808
A0011013,현충로주유소,S-OIL,강원 원주시,강원,원주시,강원 원주시 현충로 24,0,0,0,033-742-5189
A0011017,청용3주유소,S-OIL,강원 원주시,강원,원주시,강원 원주시 치악로 1913 (봉산동),0,0,1,033-745-2811
A0011019,휘닉스주유소,SK에너지,강원 평창군,강원,평창군,강원 평창군 봉평면 진조길 57,0,0,0,033-334-5182
A0011022,명성주유소,GS칼텍스,강원 원주시,강원,원주시,강원 원주시 소초면 치악로 2324,0,0,0,033-7336-4413
A0011026,신평주유소,S-OIL,강원 원주시,강원,원주시,강원 원주시 호저면 신무로 12,1,0,0,033-734-4488
A0011031,명품주유소,HD현대오일뱅크,강원 횡성군,강원,횡성군,강원 횡성군 횡성읍 경강로 2358,0,0,1,033-345-8844
A0011033,대화농협주유소,NH-OIL,강원 평창군,강원,평창군,강원 평창군 대화면 평창대로 572,1,0,1,033-334-0070
A0011034,신림농협주유소,NH-OIL,강원 원주시,강원,원주시,강원도 원주시 신림면 신림황둔로 99 (신림면),1,0,1,033-764-5125
A0011046,수백주유소,GS칼텍스,강원 횡성군,강원,횡성군,강원도 횡성군 횡성읍 섬강로 386,0,0,1,033-344-6241
A0011047,SK에너지(주) 혁신주유소,SK에너지,강원 원주시,강원,원주시,강원 원주시 행구로 121,0,0,1,033-745-5114
A0011054,지에스칼텍스(주)무실신도시주유소,GS칼텍스,강원 원주시,강원,원주시,강원 원주시 시청로 170,1,0,1,033-746-0330
A0011056,월송주유소,HD현대오일뱅크,강원 원주시,강원,원주시,강원 원주시 지정면 월송석화로 446,1,0,0,033-763-9963
A0011057,늘푸른주유소,SK에너지,강원 원주시,강원,원주시,강원 원주시 동부순환로 69,0,0,0,033-765-5164
A0011060,원유주유소,GS칼텍스,강원 원주시,강원,원주시,강원 원주시 원문로 149 (단계동),1,0,0,033-743-6753
A0011063,원주서일주유소,S-OIL,강원 원주시,강원,원주시,강원 원주시 원문로 192 (단계동),1,0,1,033-744-5189
A0011065,(주)동국,HD현대오일뱅크,강원 원주시,강원,원주시,강원 원주시 문막읍 원문로 1387,1,0,0,033-735-5180
A0011069,소초주유소,SK에너지,강원 원주시,강원,원주시,강원 원주시 소초면 치악로 2834,0,0,1,033-733-5188
A0011073,4289주유소,HD현대오일뱅크,강원 원주시,강원,원주시,강원 원주시 문막읍 왕건로 161,0,0,0,033-747-6370
A0011078,태기주유소,HD현대오일뱅크,강원 평창군,강원,평창군,강원 평창군 봉평면 태기로 280,1,0,0,033-333-6223
A0011080,강변주유소,HD현대오일뱅크,강원 원주시,강원,원주시,강원 원주시 강변로 283 (단구동),0,0,0,033-761-0082
A0011081,㈜태양에너지 동그라미주유소,GS칼텍스,강원 횡성군,강원,횡성군,강원 횡성군 우천면 서동로 77,1,0,0,033-344-5182
A0011084,참좋은Self주유소,SK에너지,강원 원주시,강원,원주시,강원 원주시 치악로 1974 (태장동),1,0,1,033-748-1050
A0011086,이오주유소,SK에너지,강원 원주시,강원,원주시,강원 원주시 치악로 2215 (태장동),0,0,0,033-735-0025
A0011089,강동에너지주유소,GS칼텍스,강원 원주시,강원,원주시,강원 원주시 평원로 111,1,0,1,070-4158-5806
A0011092,문막IC주유소,GS칼텍스,강원 원주시,강원,원주시,강원 원주시 문막읍 원문로 1640,1,0,0,033-733-2200
A0011094,반계주유소,SK에너지,강원 원주시,강원,원주시,강원 원주시 문막읍 원문로 2170,0,0,0,033-731-5551
A0011095,제일주유소,SK에너지,강원 원주시,강원,원주시,강원도 원주시 북원로 2109 (무실동),1,0,0,033-731-4215
A0011097,남송주유소,GS칼텍스,강원 원주시,강원,원주시,강원 원주시 판부면 남원로 380,1,0,1,033-761-5054
A0011101,안흥낭만주유소,GS칼텍스,강원 횡성군,강원,횡성군,강원 횡성군 안흥면 서동로 912,0,0,0,033-344-5157
A0011102,새말휴게소,SK에너지,강원 횡성군,강원,횡성군,강원 횡성군 우천면 한우로 1401,0,0,0,033-342-6190
A0011104,기풍주유소,S-OIL,강원 평창군,강원,평창군,강원 평창군 봉평면 기풍로 188,1,0,0,033-336-0008
A0011112,학성주유소,S-OIL,강원 원주시,강원,원주시,강원 원주시 강변로 629,1,0,0,033-731-5151
A0011117,갑천주유소,SK에너지,강원 횡성군,강원,횡성군,강원 횡성군 갑천면 청정로 171,0,0,0,033-342-8103
A0011125,성일유니온주유소,SK에너지,경기 양평군,경기,양평군,경기 양평군 양평읍 경강로 2029,0,0,0,031-774-3014
A0011130,새말우천주유소주식회사,SK에너지,강원 횡성군,강원,횡성군,강원 횡성군 우천면 한우로 1065,0,0,0,033-345-5150
A0011135,(주)디오티디 원주베짱이주유소,S-OIL,강원 원주시,강원,원주시,강원 원주시 문막읍 원문로 1449,1,0,1,033-744-5185
A0011141,㈜행복드림주유소,알뜰주유소,강원 원주시,강원,원주시,강원 원주시 호저면 원문로 402,1,1,1,033-747-2670
A0011143,행복한주유소,S-OIL,강원 원주시,강원,원주시,강원 원주시 북원로 2740,0,0,0,0
A0011144,안흥농협주유소,NH-OIL,강원 횡성군,강원,횡성군,강원 횡성군 안흥면 서동로 1094,0,0,1,033-342-9505
A0011145,문막농협,NH-OIL,강원 원주시,강원,원주시,강원 원주시 문막읍 문막시장1길 19,1,1,1,033-737-1166
A0011147,둔내농협주유소,NH-OIL,강원 횡성군,강원,횡성군,강원 횡성군 둔내면 둔내로48번길 15,0,0,1,033-340-8990
A0011148,남원주농협주유소,NH-OIL,강원 원주시,강원,원주시,강원 원주시 흥업면 사제로 5,0,0,1,033-737-8860
A0011149,문막농협부론지점주유소,NH-OIL,강원 원주시,강원,원주시,강원 원주시 부론면 법천시장길 7,0,0,1,033-731-5628
A0011150,횡성농협 유현지점주유소,NH-OIL,강원 횡성군,강원,횡성군,강원 횡성군 서원면 경강로 800,1,0,1,033-344-6024
A0011155,동횡성농협갑천지점,NH-OIL,강원 횡성군,강원,횡성군,강원 횡성군 갑천면 청정로 323,0,0,1,033-344-0400
A0011156,동횡성농협청일지점,NH-OIL,강원 횡성군,강원,횡성군,강원 횡성군 청일면 청정로 838,0,0,1,033-342-5545
A0011157,공근농협주유소,NH-OIL,강원 횡성군,강원,횡성군,강원 횡성군 공근면 영서로 85,0,0,1,033-344-3430
A0011158,공근농협주유소 상창봉점,NH-OIL,강원 횡성군,강원,횡성군,강원 횡성군 공근면 영서로 1072,0,0,1,033-343-6578
A0011159,봉평농협주유소,NH-OIL,강원 평창군,강원,평창군,강원 평창군 봉평면 경강로 1233,1,0,1,033-335-4507
A0011160,횡성농협클린주유소,NH-OIL,강원 횡성군,강원,횡성군,강원 횡성군 횡성읍 한우로 323,1,1,1,033-345-4848
A0011161,(주)대청산업개발 원주(춘천)주유소,알뜰(ex),강원 원주시,강원,원주시,강원 원주시 호저면 마근거리길 110,1,1,1,033-731-6425
A0011166,㈜대주산업 횡성(인천)지점,알뜰(ex),강원 횡성군,강원,횡성군,강원 횡성군 안흥면 영동고속도로 153-1,1,1,1,033-342-5883
A0011170,문막(강릉)주유소/충전소,알뜰(ex),강원 원주시,강원,원주시,강원 원주시 문막읍 원문로 1234-1,1,1,1,033-734-0764
A0011171,문막(인천방향)주유소,알뜰(ex),강원 원주시,강원,원주시,강원도 원주시 문막읍 개나루길 13,1,1,1,033-734-0767
A0011172,HD현대오일뱅크㈜직영 동원셀프주유소,HD현대오일뱅크,강원 원주시,강원,원주시,강원 원주시 남원로 505 (명륜동),1,0,1,033-762-5157
A0011176,㈜버드에너지 단계제일,S-OIL,강원 원주시,강원,원주시,강원 원주시 서원대로 154,1,0,0,033-813-2277
A0011177,HD현대오일뱅크㈜직영 평원현대주유소,HD현대오일뱅크,강원 원주시,강원,원주시,강원 원주시 천사로 235 (평원동),1,0,1,033-746-3131
A0011179,SK원주주유소,SK에너지,강원 원주시,강원,원주시,강원 원주시 북원로 2732 (태장동),1,0,0,033-742-5182
A0011180,KK㈜ 원주중앙주유소,SK에너지,강원 원주시,강원,원주시,강원 원주시 북원로 2509,0,0,1,033-743-5149
A0011182,HD현대오일뱅크㈜직영 부광주유소,HD현대오일뱅크,강원 원주시,강원,원주시,강원 원주시 북원로 2929,0,0,1,033-747-3960
A0011186,대보건설(주) 원주(부산)주유소/충전소,알뜰(ex),강원 원주시,강원,원주시,강원 원주시 호저면 마근거리길 120,1,1,1,033-731-0736
A0011188,씨앤에스에너지(주) 횡성(하)주유소/충전소,알뜰(ex),강원 횡성군,강원,횡성군,강원 횡성군 안흥면 영동고속도로 154-1,1,1,1,033-342-7357
A0011194,원주톨게이트주유소,SK에너지,강원 원주시,강원,원주시,강원 원주시 북원로 2820 (태장동),0,0,1,033-746-5155
A0011195,정지뜰주유소,HD현대오일뱅크,강원 원주시,강원,원주시,강원 원주시 강변로 745 (학성동),1,0,0,033-734-3614
A0011200,51주유소,SK에너지,강원 원주시,강원,원주시,강원 원주시  서원대로 51 (단계동),0,0,1,033-742-5145
A0011202,원주농협주유소,NH-OIL,강원 원주시,강원,원주시,강원 원주시 호저로 226 (가현동),1,0,1,033-737-0721
A0011206,희망패트로㈜ 영일주유소,GS칼텍스,강원 원주시,강원,원주시,강원 원주시 치악로 1733 (단구동),0,0,0,033-761-2187
A0011209,동국 북원주 주유소,SK에너지,강원 원주시,강원,원주시,강원 원주시 소초면 북원로 3064,1,0,0,033-746-5151
A0011214,만낭포금강개발직영주유소,SK에너지,강원 원주시,강원,원주시,강원 원주시 문막읍 보통로 153,0,0,0,033-732-5545
A0011215,㈜월인톨게이트주유소,GS칼텍스,강원 원주시,강원,원주시,강원 원주시 문막읍 원문로 1734-18,1,0,1,033-734-8400
A0011216,HD현대오일뱅크㈜직영 대호주유소,HD현대오일뱅크,강원 횡성군,강원,횡성군,강원 횡성군 횡성읍 횡성로 368,0,0,1,033-345-4444
A0011220,505에너지,S-OIL,강원 원주시,강원,원주시,강원 원주시 서원대로 516,1,0,1,033-765-5189
A0011221,㈜동경 원주Self주유소,SK에너지,강원 원주시,강원,원주시,강원도 원주시 치악로 1563,1,0,0,033-761-6088
A0011222,㈜강인산업개발 학성지점,GS칼텍스,강원 원주시,강원,원주시,강원 원주시  강변로 685,1,0,1,033-735-0455
A0011223,(주)중앙에너지산업귀래지점 석산주유소,SK에너지,강원 원주시,강원,원주시,강원 원주시 귀래면 고청길 70,0,0,1,033-764-5757
A0011228,남면주유소,SK에너지,강원 정선군,강원,정선군,강원 정선군 남면 문은단로 8,0,0,0,033-591-5189
A0011230,제천주유소,HD현대오일뱅크,충북 제천시,충북,제천시,충북 제천시 단양로 3320 (고명동),1,0,0,043-643-1234
A0011231,신동주유소,SK에너지,강원 정선군,강원,정선군,강원 정선군 신동읍 의림로 60,0,0,1,033-378-6398
A0011232,sk영월주유소,SK에너지,강원 영월군,강원,영월군,강원 영월군 영월읍 영월로 2153,0,0,0,033-374-0738
A0011233,숙암주유소,GS칼텍스,강원 정선군,강원,정선군,강원 정선군 북평면 오대천로 564,0,0,0,033-563-5185
A0011234,(주)고씨굴주유소,SK에너지,강원 영월군,강원,영월군,강원 영월군 김삿갓면 영월동로 1139,0,0,0,033-372-9881
A0011237,고토일주유소,S-OIL,강원 정선군,강원,정선군,강원 정선군 고한읍 지장천로 859,0,0,1,033-592-0700
A0011240,(주)나너울주유소,SK에너지,강원 평창군,강원,평창군,강원 평창군 평창읍 평창중앙로 89,1,0,1,033-332-2430
A0011241,주진주유소,HD현대오일뱅크,강원 평창군,강원,평창군,강원 평창군 평창읍 서동로 2014,1,0,0,033-333-1600
A0011243,대복주유소,GS칼텍스,강원 정선군,강원,정선군,강원 정선군 고한읍 고한2길 3,1,0,0,033-591-5145
A0011246,대웅주유소,HD현대오일뱅크,강원 평창군,강원,평창군,강원 평창군 미탄면 서동로 4044,0,0,0,033-334-1640
A0011250,여름주유소,S-OIL,강원 영월군,강원,영월군,강원 영월군 상동읍 태백산로 2317-1,1,0,0,033-000-0000
A0011251,범바위주유소,GS칼텍스,강원 정선군,강원,정선군,강원 정선군 사북읍 소금강로 3283,0,0,0,033-591-5060
A0011253,쌍용장원주유소,S-OIL,강원 영월군,강원,영월군,강원 영월군 한반도면 강원남로 153,1,0,1,033-372-5145
A0011258,석곡SK주유소,SK에너지,강원 정선군,강원,정선군,강원 정선군 화암면 소금강로 538,0,0,0,033-562-5104
A0011260,신천주유소,S-OIL,강원 영월군,강원,영월군,강원 영월군 한반도면 서강로 781,0,0,0,033-372-8584
A0011263,서동주유소,SK에너지,강원 정선군,강원,정선군,강원 정선군 정선읍 서동로 1348,1,0,0,033-562-3567
A0011266,참조은주유소,S-OIL,강원 영월군,강원,영월군,강원 영월군 한반도면 강원남로 130,0,0,0,033-372-1630
A0011267,나전주유소,SK에너지,강원 정선군,강원,정선군,강원 정선군 북평면 서동로 2085,0,0,0,033-562-0898
A0011286,오일세상주유소,HD현대오일뱅크,강원 영월군,강원,영월군,강원 영월군 북면 원동재로 98,0,0,1,033-375-3000
A0011288,영월농협클린주유소,NH-OIL,강원 영월군,강원,영월군,강원 영월군 영월읍 영월로 1850,1,0,1,033-375-5145
A0011289,김삿갓주유소,SK에너지,강원 영월군,강원,영월군,강원 영월군 김삿갓면 영월동로 2150,0,0,0,033-374-1340
A0011293,노성주유소,S-OIL,강원 평창군,강원,평창군,강원 평창군 평창읍 평창중앙로 179,0,0,0,033-334-5189
A0011297,마차재주유소,HD현대오일뱅크,강원 정선군,강원,정선군,강원 정선군 신동읍 강원남로 4182,0,0,0,033-378-8333
A0011299,마지리주유소,SK에너지,강원 평창군,강원,평창군,강원 평창군 평창읍 평창강로 810,1,0,1,033-334-5033
A0011301,정선주유소,S-OIL,강원 정선군,강원,정선군,강원 정선군 정선읍 서동로 1199,0,0,0,033-563-6300
A0011302,그림바위주유소,GS칼텍스,강원 정선군,강원,정선군,강원 정선군 화암면 소금강로 1014,1,0,0,033-562-6676
A0011303,대일주유소,GS칼텍스,강원 영월군,강원,영월군,강원 영월군 북면 원동재로 513,0,0,1,033-372-3343
A0011307,아리랑주유소,HD현대오일뱅크,강원 정선군,강원,정선군,강원 정선군 북평면 오대천로 326,1,0,1,033-563-9990
A0011309,강원주유소,SK에너지,강원 정선군,강원,정선군,강원 정선군 정선읍 정선로 1160,1,0,0,033-563-3200
A0011311,진성주유소,GS칼텍스,강원 정선군,강원,정선군,강원 정선군 정선읍 애산로 1,1,0,1,033-563-5151
A0011312,증산주유소,SK에너지,강원 정선군,강원,정선군,강원 정선군 남면 강원남로 5284,0,0,1,033-591-1110
A0011314,강원주유소,SK에너지,강원 정선군,강원,정선군,강원 정선군 고한읍 고한로 209,0,0,0,033-591-2477
A0011319,현림주유소,S-OIL,강원 평창군,강원,평창군,강원 평창군 평창읍 평창중앙로 76,1,0,0,033-333-5188
A0011320,태경에프엔지(주)동강주유소/충전소,SK에너지,강원 영월군,강원,영월군,강원 영월군 남면 강원남로 641,1,0,1,033-372-0801
A0011321,현대주유소(주),HD현대오일뱅크,강원 영월군,강원,영월군,강원 영월군 영월읍 중앙로 254,0,0,0,033-375-9595
A0011322,하이원주유소/충전소,HD현대오일뱅크,강원 정선군,강원,정선군,강원 정선군 신동읍 강원남로 4123,1,0,0,033-378-7601
A0011324,사북주유소,SK에너지,강원 정선군,강원,정선군,강원 정선군 사북읍 사북중앙로 83,1,0,1,033-592-2803
A0011325,㈜청령포주유소,SK에너지,강원 영월군,강원,영월군,강원 영월군 영월읍 청령포로 6,0,0,0,033-373-5133
A0011326,수라주식회사,HD현대오일뱅크,강원 영월군,강원,영월군,강원 영월군 중동면 영월로 3730,0,0,1,033-378-8388
A0011327,평창농협주유소,NH-OIL,강원 평창군,강원,평창군,강원도 평창군 평창읍 서동로 2569 (평창읍),1,0,1,033-334-2530
A0011328,한반도농협주유소,NH-OIL,강원 영월군,강원,영월군,강원 영월군 주천면 송학주천로 1367,1,0,1,033-372-2020
A0011329,한반도농협남면지점주유소,NH-OIL,강원 영월군,강원,영월군,강원 영월군 남면 영월로 971,1,0,1,033-372-1616
A0011330,영월농협주유소,NH-OIL,강원 영월군,강원,영월군,강원 영월군 영월읍 하송로 156,0,1,1,033-374-9200
A0011331,여량농협주유소,NH-OIL,강원 정선군,강원,정선군,강원 정선군 여량면 서동로 2783,0,0,1,033-562-4008
A0011333,미탄주유소,S-OIL,강원 평창군,강원,평창군,강원 평창군 미탄면 서동로 3608,1,0,0,033-332-5189
A0011342,지에스칼텍스㈜ 강릉교동택지주유소,GS칼텍스,강원 강릉시,강원,강릉시,강원 강릉시 교동하슬라로 233,1,0,1,033-647-5145
A0011345,제일주유소,HD현대오일뱅크,강원 강릉시,강원,강릉시,강원 강릉시 화부산로141번안길 6-6,1,0,0,033-655-9696
A0011347,동국주유소,HD현대오일뱅크,강원 강릉시,강원,강릉시,강원 강릉시 남구길 31,0,0,0,033-641-1234
A0011349,소금강주유소,SK에너지,강원 강릉시,강원,강릉시,강원 강릉시 연곡면 삼산리 진고개로1515,0,0,0,033-661-4229
A0011350,백봉령주유소,S-OIL,강원 정선군,강원,정선군,강원 정선군 임계면 서동로 5584,0,0,0,033-562-3533
A0011351,강릉햇살주유소,HD현대오일뱅크,강원 강릉시,강원,강릉시,강원 강릉시 입암로 12 (입암동),1,0,1,033-648-1951
A0011352,(주)대성길,S-OIL,강원 강릉시,강원,강릉시,강원 강릉시 구정면 칠성로 187,1,0,1,033-643-1122
A0011353,강원주유소,S-OIL,강원 강릉시,강원,강릉시,강원 강릉시 동해대로 3433 (대전동),1,0,1,033-655-5187
A0011355,초지스타주유소,GS칼텍스,경기 안산시,경기,안산시,경기 안산시 단원구 초지로 106 (초지동),1,0,0,031-439-7451
A0011357,새신리주유소,HD현대오일뱅크,강원 평창군,강원,평창군,강원 평창군 대화면 평창대로 1293,0,0,0,033-334-0072
A0011360,감자바우주유소,HD현대오일뱅크,강원 강릉시,강원,강릉시,강원 강릉시 동해대로3305번길 7 (죽헌동),0,0,0,033-647-5252
A0011362,횡계주유소,GS칼텍스,강원 평창군,강원,평창군,강원 평창군 대관령면 대관령로 74,0,0,0,033-335-5151
A0011363,차항주유소,SK에너지,강원 평창군,강원,평창군,강원 평창군 대관령면 경강로 5101,0,0,0,033-335-8808
A0011364,해변주유소,HD현대오일뱅크,강원 강릉시,강원,강릉시,강원 강릉시 주문진읍 주문북로 106,0,0,0,033-662-0029
A0011366,"에스제이오일㈜평창주유소,충전소 강릉방향",알뜰(ex),강원 평창군,강원,평창군,강원 평창군 용평면 경강로 2159-58,1,1,1,033-334-5107
A0011367,"에스제이오일㈜평창주유소,충전소 서창방향",알뜰(ex),강원 평창군,강원,평창군,강원 평창군 용평면 탑거리길 63,1,1,1,033-334-5108
A0011368,코켐소재㈜직영 북강릉주유소,S-OIL,강원 강릉시,강원,강릉시,강원 강릉시 연곡면 남평길 3,1,0,0,033-662-5179
A0011377,홍제주유소,GS칼텍스,강원 강릉시,강원,강릉시,강원 강릉시 경강로 1850 (홍제동),0,0,0,033-645-6660
A0011379,사임당주유소,HD현대오일뱅크,강원 강릉시,강원,강릉시,강원 강릉시 사임당로 31 (홍제동),0,0,0,033-643-4249
A0011382,안목주유소,SK에너지,강원 강릉시,강원,강릉시,강원 강릉시 경강로 2578 (견소동),0,0,0,033-646-8872
A0011388,관동주유소,S-OIL,강원 강릉시,강원,강릉시,강원 강릉시 성산면 구산길 44,1,0,0,033-641-9970
A0011396,회산주유소,S-OIL,강원 강릉시,강원,강릉시,강원 강릉시 관솔길 27 (회산동),1,0,1,033-648-2480
A0011397,하슬라주유소,GS칼텍스,강원 강릉시,강원,강릉시,강원 강릉시 강동면 동해대로 1891,0,0,0,033-644-3787
A0011402,우리주유소,GS칼텍스,강원 강릉시,강원,강릉시,강원 강릉시 율곡로 2573 (유산동),1,0,0,033-645-3900
A0011408,(주)명진에너지 북강릉지점,SK에너지,강원 강릉시,강원,강릉시,강원 강릉시 연곡면 동해대로 4091,1,0,0,033-642-5169
A0011412,통리주유소,SK에너지,강원 태백시,강원,태백시,강원 태백시 강원남부로 459 (통동),0,0,0,033-552-1267
A0011415,대동강주유소,SK에너지,강원 강릉시,강원,강릉시,강원 강릉시 남부로 67 (내곡동),1,0,0,033-643-1203
A0011418,입암주유소,GS칼텍스,강원 강릉시,강원,강릉시,강원 강릉시 성덕포남로 97 (입암동),1,0,0,033-653-9905
A0011421,시청앞주유소,GS칼텍스,강원 삼척시,강원,삼척시,강원 삼척시 교동로 40 (당저동),1,0,1,033-574-2951
A0011424,대성주유소,S-OIL,강원 정선군,강원,정선군,강원 정선군 임계면 백두대간로 1377,1,0,0,033-562-4533
A0011426,화부산주유소,S-OIL,강원 강릉시,강원,강릉시,강원 강릉시 명륜로 45,1,0,1,033-642-5228
A0011427,여정주유소,HD현대오일뱅크,강원 속초시,강원,속초시,강원 속초시 중앙로 355 (영랑동),1,0,0,033-631-5182
A0011432,에스케이포남주유소,SK에너지,강원 강릉시,강원,강릉시,강원 강릉시 강릉대로 489,1,0,1,033-651-1911
A0011441,정동진주유소,SK에너지,강원 강릉시,강원,강릉시,강원 강릉시 강동면 헌화로 1073,0,0,1,033-644-5053
A0011443,설악한계주유소,SK에너지,강원 인제군,강원,인제군,강원 인제군 북면 설악로 3254,1,0,0,033-461-5154
A0011446,㈜범일로 북강릉주유소,SK에너지,강원 강릉시,강원,강릉시,강원 강릉시 연곡면 동해대로 4094,1,0,0,033-644-0909
A0011448,연곡주유소,S-OIL,강원 강릉시,강원,강릉시,강원 강릉시 연곡면 진고개로 2720,0,0,0,033-661-4717
A0011454,송정주유소,S-OIL,강원 강릉시,강원,강릉시,강원 강릉시 경강로 2395 (송정동),1,0,1,033-651-9771
A0011455,대영주유소,S-OIL,강원 강릉시,강원,강릉시,강원 강릉시 가작로 308 (포남동),1,0,0,033-653-5133
A0011462,율곡에너지(주)강동,SK에너지,강원 강릉시,강원,강릉시,강원 강릉시 강동면 율곡로 2202,1,0,1,033-655-3933
A0011468,쌍둥이주유소,HD현대오일뱅크,강원 강릉시,강원,강릉시,강원 강릉시 범일로 596 (내곡동),1,0,0,033-641-6765
A0011471,호진상사 안국주유소,SK에너지,강원 강릉시,강원,강릉시,강원 강릉시 가작로 227,0,0,0,033-653-6051
A0011472,태백주유소,SK에너지,강원 평창군,강원,평창군,강원 평창군 진부면 진부중앙로 94,0,0,0,033-335-7666
A0011473,해오름주유소,GS칼텍스,강원 강릉시,강원,강릉시,강원 강릉시 성덕로 81 (병산동),0,0,0,033-652-5189
A0011483,월정거리주유소,HD현대오일뱅크,강원 평창군,강원,평창군,강원 평창군 진부면진고개로 3,1,0,0,033-332-9799
A0011484,이화산업주유소,S-OIL,강원 평창군,강원,평창군,강원 평창군 용평면 운두령로 13,1,0,0,033-332-4393
A0011485,원우주유소,GS칼텍스,경기 남양주시,경기,남양주시,경기 남양주시 진건읍 진건오남로 237,1,0,0,031-529-2965
A0011486,오대산주유소,HD현대오일뱅크,강원 평창군,강원,평창군,강원 평창군 진부면 경강로 4078,1,0,0,033-334-9797
A0011488,솔향주유소,알뜰주유소,강원 강릉시,강원,강릉시,강원 강릉시 공제로437번길 1 (홍제동),1,1,1,033-641-1771
A0011490,HD현대오일뱅크㈜직영 강릉IC주유소,HD현대오일뱅크,강원 강릉시,강원,강릉시,강원 강릉시 경강로 1935,0,0,1,033-646-5185
A0011491,소돌주유소,S-OIL,강원 강릉시,강원,강릉시,강원 강릉시 주문진읍 동해대로 4730,0,0,0,033-661-0117
A0011495,백두에너지(주)옥천동지점,S-OIL,강원 강릉시,강원,강릉시,강원 강릉시 옥가로 37 (옥천동),0,0,0,033-645-3060
A0011500,주문진동해주유소,SK에너지,강원 강릉시,강원,강릉시,강원 강릉시 주문진읍 동해대로 4623,0,0,0,033-661-5191
A0011505,서희주유소,HD현대오일뱅크,강원 강릉시,강원,강릉시,강원 강릉시 강동면 임곡로 217,1,0,1,070-4914-2860
A0011510,왕산주유소,GS칼텍스,강원 강릉시,강원,강릉시,강원 강릉시 왕산면 백두대간로 1986,0,0,0,033-647-8024
A0011512,동백주유소,SK에너지,강원 정선군,강원,정선군,강원 정선군 임계면 서동로 4682,0,0,0,033-563-3838
A0011513,삼거리주유소,S-OIL,강원 정선군,강원,정선군,강원 정선군 임계면 백두대간로 35,1,0,0,033-562-3432
A0011525,뉴신일주유소 ㈜씨제이에이치에너지,SK에너지,강원 강릉시,강원,강릉시,강원 강릉시 경강로 1889,1,0,1,033-644-3444
A0011531,천일주유소,HD현대오일뱅크,강원 평창군,강원,평창군,강원 평창군 진부면 경강로 3406,0,0,0,033-336-1001
A0011538,(주)진명성덕주유소,HD현대오일뱅크,강원 강릉시,강원,강릉시,강원 강릉시 입암로 47 (입암동),1,0,0,033-642-5182
A0011540,백두에너지(주) 오정주유소,S-OIL,강원 강릉시,강원,강릉시,강원 강릉시 경강로 2344,1,0,0,033-652-9276
A0011544,임계농협주유소,NH-OIL,강원 정선군,강원,정선군,강원 정선군 임계면 서동로 4570,0,0,1,033-562-6052
A0011546,옥계농협주유소,NH-OIL,강원 강릉시,강원,강릉시,강원 강릉시 옥계면 현내시장길 14,0,1,1,033-534-0663
A0011547,강릉원예농협주유소,NH-OIL,강원 강릉시,강원,강릉시,강원 강릉시 경강로 1932 (홍제동),0,0,1,033-646-0571
A0011548,강릉농협 성산주유소,NH-OIL,강원 강릉시,강원,강릉시,강원 강릉시 성산면 구산길 16,0,0,1,033-641-9379
A0011549,강릉농협주유소,NH-OIL,강원 강릉시,강원,강릉시,강원 강릉시 유산로 19 (유산동),0,0,1,033-648-9305
A0011550,진부농협주유소,NH-OIL,강원 평창군,강원,평창군,강원 평창군 진부면 진부중앙로 15,1,0,1,033-336-8600
A0011551,대관령농협주유소,NH-OIL,강원 평창군,강원,평창군,강원 평창군 대관령면 경강로 5167,0,0,1,033-335-5656
A0011553,북강릉농협주유소,NH-OIL,강원 강릉시,강원,강릉시,강원 강릉시 주문진읍 신영길 43,0,0,1,033-662-1162
A0011554,㈜나이스디앤에스 강릉(강릉방향)주유소/충전소,알뜰(ex),강원 강릉시,강원,강릉시,강원 강릉시 성산면 영동고속도로 232-1,1,1,1,033-648-9559
A0011555,㈜나이스디앤에스 강릉(인천방향)주유소/충전소,알뜰(ex),강원 강릉시,강원,강릉시,강원 강릉시 영동고속도로 231-1,1,1,1,033-647-7112
A0011561,장평주유소,HD현대오일뱅크,강원 평창군,강원,평창군,강원 평창군 용평면 경강로 1646,0,0,0,033-333-1010
A0011562,HD현대오일뱅크㈜직영 강릉현대주유소,HD현대오일뱅크,강원 강릉시,강원,강릉시,강원 강릉시 율곡로 2636 (청량동),0,0,1,033-647-5152
A0011566,주식회사 백두가스산업,HD현대오일뱅크,강원 강릉시,강원,강릉시,강원 강릉시 연곡면 동해대로 4357,1,0,1,033-661-8600
A0011570,SK에너지㈜ 주문진주유소,SK에너지,강원 강릉시,강원,강릉시,강원 강릉시 주문진읍 신리천로 95,0,0,1,033-662-3082
A0011571,SK에너지(주)강릉주유소,SK에너지,강원 강릉시,강원,강릉시,강원 강릉시 강릉대로 432 (포남동),1,0,1,033-652-5155
A0011572,SK에너지㈜ 월드컵주유소,SK에너지,강원 강릉시,강원,강릉시,강원 강릉시 경강로 2224,0,0,1,033-646-8645
A0011577,KH에너지㈜직영 교동주유소,SK에너지,강원 강릉시,강원,강릉시,강원 강릉시 하슬라로 159 (교동),1,0,1,033-641-4450
A0011581,구정(속초)주유소,알뜰(ex),강원 강릉시,강원,강릉시,강원 강릉시 구정면 동해고속도로 346,1,1,1,033-644-4929
A0011593,사천주유소,HD현대오일뱅크,강원 강릉시,강원,강릉시,강원 강릉시 사천면 동해대로 3662,1,0,0,033-645-5182
A0011594,평창올림피아주유소,S-OIL,강원 평창군,강원,평창군,강원 평창군 대관령면 경강로 5191,0,0,1,033-336-2221
A0011599,용평리조트직영주유소,HD현대오일뱅크,강원 평창군,강원,평창군,강원 평창군 대관령면 올림픽로 41,0,0,1,033-336-1151
A0011602,남강릉주유소,S-OIL,강원 강릉시,강원,강릉시,강원 강릉시 동해대로 2336,1,0,0,033-655-8111
A0011607,구도일주유소 솔향강릉,S-OIL,강원 강릉시,강원,강릉시,강원 강릉시 경강로 2225,1,0,0,033-655-3051
A0011608,옥계(속초) 주유소/충전소,알뜰(ex),강원 강릉시,강원,강릉시,강원 강릉시 옥계면 동해고속도로 322,1,1,1,033-534-2100
A0011610,(주)삼보물류 삼보주유소,S-OIL,강원 강릉시,강원,강릉시,강원 강릉시 동해대로 3970,1,0,0,033-644-1011
A0011611,북강릉IC주유소,HD현대오일뱅크,강원 강릉시,강원,강릉시,강원 강릉시 사천면 동해대로 3937,1,0,1,033-641-8002
A0011612,아시아기업㈜ 영진주유소,S-OIL,강원 강릉시,강원,강릉시,강원 강릉시 연곡면 동해대로 4276,1,0,0,033-662-9920
A0011614,일출주유소,SK에너지,강원 양양군,강원,양양군,강원 양양군 양양읍 양양로 98,0,0,0,033-672-5182
A0011615,동해유업주유소,HD현대오일뱅크,강원 속초시,강원,속초시,강원 속초시 동해대로 3885,1,0,0,033-633-2829
A0011618,강토탈 구도일주유소 뉴설악,S-OIL,강원 속초시,강원,속초시,강원 속초시 설악산로 35 (도문동),1,0,1,033-635-5308
A0011622,거진OK주유소,GS칼텍스,강원 고성군,강원,고성군,강원 고성군 거진읍 거탄진로 0,0,0,0,033-681-7700
A0011629,만천주유소,HD현대오일뱅크,강원 속초시,강원,속초시,강원 속초시 온천로 269 (교동),1,0,0,033-638-5182
A0011630,양양농협주유소,NH-OIL,강원 양양군,강원,양양군,강원 양양군 양양읍 동해대로 2662,1,0,1,033-671-0199
A0011632,공현진주유소,GS칼텍스,강원 고성군,강원,고성군,강원 고성군 죽왕면 동해대로 6176,1,0,0,0
A0011633,강토탈고성주유소,HD현대오일뱅크,강원 고성군,강원,고성군,강원 고성군 토성면 동해대로 4567,1,0,1,033-638-7200
A0011643,아야진동산주유소,GS칼텍스,강원 고성군,강원,고성군,강원 고성군 토성면 동해대로 5210,0,0,1,033-635-2131
A0011655,7GAS STATION,S-OIL,강원 양양군,강원,양양군,강원 양양군 손양면 동해대로 1750,1,0,0,033-943-9955
A0011657,SK에너지(주) 척산주유소,SK에너지,강원 속초시,강원,속초시,강원 속초시 온천로 161 (노학동),1,0,1,033-636-1177
A0011658,시온주유소,HD현대오일뱅크,강원 고성군,강원,고성군,강원 고성군 토성면 동해대로 5439,0,0,1,033-633-9700
A0011666,푸른하늘주유소,HD현대오일뱅크,강원 양양군,강원,양양군,강원 양양군 손양면 동해대로 2181,1,0,0,033-673-5101
A0011683,통일전망대주유소,GS칼텍스,강원 고성군,강원,고성군,강원 고성군 현내면 금강산로 474,0,0,0,033-682-0083
A0011685,대흥주유소,SK에너지,강원 속초시,강원,속초시,강원 속초시 설악산로 74 (도문동),0,0,0,033-631-3766
A0011686,한남주유소,SK에너지,강원 속초시,강원,속초시,강원 속초시 동해대로 4446 (장사동),0,0,0,033-637-0777
A0011698,서울주유소,S-OIL,강원 양양군,강원,양양군,강원 양양군 현남면 동해대로 603,1,0,0,033-671-1151
A0011700,HD현대오일뱅크㈜직영 동해주유소,HD현대오일뱅크,강원 양양군,강원,양양군,강원 양양군 양양읍 동해대로 2853,0,0,1,033-671-1046
A0011702,용촌주유소(주),SK에너지,강원 고성군,강원,고성군,강원 고성군 토성면 중앙로 511,1,0,0,033-636-4500
A0011705,학사평주유소,HD현대오일뱅크,강원 속초시,강원,속초시,강원 속초시 원암학사평길 50 (노학동),1,0,0,033-638-5181
A0011711,소나무주유소,HD현대오일뱅크,강원 속초시,강원,속초시,강원 속초시 온천로 3(노학동),1,0,0,033-636-5101
A0011718,구도일주유소,S-OIL,강원 속초시,강원,속초시,강원 속초시 동해대로 4122 (조양동),1,0,1,033-635-8950
A0011721,갑호주유소,HD현대오일뱅크,강원 고성군,강원,고성군,강원 고성군 현내면 금강산로 49,0,0,0,033-681-0125
A0011722,(주)맥산주유소,GS칼텍스,강원 양양군,강원,양양군,강원 양양군 양양읍 동해대로 2643,1,0,1,033-671-7755
A0011725,장원주유소,SK에너지,강원 속초시,강원,속초시,강원 속초시 미시령로 3271 (교동),1,0,0,033-636-2666
A0011728,대청봉주유소,SK에너지,강원 속초시,강원,속초시,강원 속초시 설악산로 441 (도문동),1,0,0,033-635-2800
A0011735,손양주유소,S-OIL,강원 양양군,강원,양양군,강원 양양군 손양면 동해대로 2519,0,0,0,033-672-8282
A0011736,대경주유소,HD현대오일뱅크,강원 동해시,강원,동해시,강원 동해시 동해대로 5161 (효가동),1,0,0,033-522-6237
A0011745,설악에너지주식회사,SK에너지,강원 고성군,강원,고성군,강원 고성군 거진읍 거탄진로 84,1,0,0,033-682-3070
A0011750,대광주유소,GS칼텍스,강원 횡성군,강원,횡성군,강원 횡성군 둔내면 경강로 4605,1,0,0,033-342-8228
A0011757,금강농협주유소,NH-OIL,강원 고성군,강원,고성군,강원 고성군 간성읍 간성로 28,0,0,1,033-681-2356
A0011758,하조대농협주유소,NH-OIL,강원 양양군,강원,양양군,강원 양양군 현남면 화상천로 5-4,1,0,1,033-671-7070
A0011760,SK에너지(주) 커피향셀프주유소,SK에너지,강원 양양군,강원,양양군,강원 양양군 강현면 동해대로 3343,1,0,1,033-672-7222
A0011761,거진농협주유소,NH-OIL,강원 고성군,강원,고성군,강원 고성군 거진읍 거탄진로 44,0,0,1,033-682-8245
A0011762,서광농협송천주유소,NH-OIL,강원 양양군,강원,양양군,강원 양양군 서면 구룡령로 2948,0,0,1,033-672-2934
A0011764,주성주유소,GS칼텍스,강원 속초시,강원,속초시,강원 속초시 동해대로 4232,1,0,0,033-635-1100
A0011765,양양송림주유소,S-OIL,강원 양양군,강원,양양군,강원 양양군 양양읍 동해대로 3039,1,0,0,033-671-1747
A0011767,동명셀프점,HD현대오일뱅크,강원 속초시,강원,속초시,강원 속초시 장안로 21,1,0,1,033-633-2284
A0011768,토성농협주유소,NH-OIL,강원 고성군,강원,고성군,강원 고성군 토성면 동해대로 5199,1,0,1,033-631-5866
A0011772,드림에너지(주)직영드림주유소,HD현대오일뱅크,강원 속초시,강원,속초시,강원 속초시 번영로 178 (영랑동),0,0,1,033-637-2989
A0011773,스타트주유소,HD현대오일뱅크,강원 고성군,강원,고성군,강원 고성군 토성면 미시령로 2699,1,0,1,033-635-5371
A0011774,HD현대오일뱅크㈜직영 프라자주유소,HD현대오일뱅크,강원 속초시,강원,속초시,강원 속초시  관광로 486,0,0,1,033-635-9800
A0011777,SK속초주유소,SK에너지,강원 속초시,강원,속초시,강원 속초시 동해대로 3834 (대포동),1,0,1,033-635-9705
A0011779,(주)미파랑 오일뱅크,HD현대오일뱅크,강원 속초시,강원,속초시,강원 속초시 동해대로 4043,1,0,1,033-635-1951
A0011783,신우에너지(주)영진주유소,SK에너지,강원 양양군,강원,양양군,강원 양양군 손양면 동해대로 2041,1,0,0,033-672-0751
A0011796,미시령관통도로주유소,S-OIL,강원 고성군,강원,고성군,강원 고성군 토성면 미시령로 2635,1,0,0,033-635-5182
A0011797,유진주유소 에스케이,SK에너지,강원 속초시,강원,속초시,강원 속초시 동해대로 4168 (조양동),1,0,0,033-635-5145
A0011799,용진주유소,GS칼텍스,강원 태백시,강원,태백시,강원 태백시 동태백로 450 (철암동),0,0,1,033-582-8999
A0011800,연화주유소,GS칼텍스,강원 태백시,강원,태백시,강원 태백시 강원남부로 302 (통동),1,0,0,033-554-4989
A0011802,태성주유소,GS칼텍스,강원 태백시,강원,태백시,강원 태백시 태백로 437 (화전동),0,0,1,033-553-5851
A0011803,메밀주유소,HD현대오일뱅크,강원 태백시,강원,태백시,강원 태백시 메밀들1길 136 (장성동),0,0,0,033-581-8131
A0011804,남산주유소,GS칼텍스,강원 강릉시,강원,강릉시,강원 강릉시 남부로 136 (노암동),1,0,0,033-645-3119
A0011805,황지주유소,SK에너지,강원 태백시,강원,태백시,강원 태백시 황지로 234 (황지동),1,0,0,033-552-2066
A0011809,장성주유소,SK에너지,강원 태백시,강원,태백시,강원 태백시 장성로 7 (장성동),0,0,0,033-581-4242
A0011814,세봉주유소,SK에너지,강원 태백시,강원,태백시,강원 태백시 태백로 1571,0,0,0,033-581-8939
A0011816,태봉셀프주유소,SK에너지,서울 서초구,서울,서초구,서울 서초구 태봉로 117 (우면동),1,0,0,02-571-8000
A0011817,청솔주유소(태성),SK에너지,충남 부여군,충남,부여군,충남 부여군 부여읍 왕릉로 345,0,0,0,041-836-0080
A0011822,대성유류판매(주)주유소,SK에너지,경기 화성시,경기,화성시,경기 화성시 만세구 우정읍 포승향남로 1208,1,0,0,031-351-8540
A0011823,㈜세정에너지,S-OIL,경기 오산시,경기,오산시,경기 오산시 청학로 64,1,0,0,031-373-7666
A0011824,(주)대호주유소,SK에너지,경기 수원시,경기,수원시,경기 수원시 영통구 창룡대로 442 (이의동),1,0,1,031-243-6022
A0011826,㈜에이치앤디이 만남의광장주유소,알뜰(ex),서울 서초구,서울,서초구,서울 서초구 양재대로12길 73-71,1,1,1,02-573-7430
A0011828,양재주유소,SK에너지,서울 서초구,서울,서초구,서울 서초구 바우뫼로 178,0,0,1,02-577-1621
A0011830,(주)유진주유소,SK에너지,서울 송파구,서울,송파구,서울 송파구 동남로 325 (오금동),0,0,0,02-406-3956
A0011834,대경유업㈜ 포천제일주유소,SK에너지,경기 포천시,경기,포천시,경기 포천시 왕방로 60,1,0,0,0
A0011836,길명주유소,HD현대오일뱅크,경기 포천시,경기,포천시,경기 포천시 일동면 영일로 697,0,0,0,031-534-0255
A0011843,포천IC주유소,SK에너지,경기 포천시,경기,포천시,경기 포천시 군내면 포천로 1329,0,0,0,031-534-7877
A0011851,백로주유소,SK에너지,경기 포천시,경기,포천시,경기 포천시 영중면 호국로 2612,0,0,0,031-532-0117
A0011853,㈜이동셀프8,HD현대오일뱅크,경기 포천시,경기,포천시,경기 포천시 이동면 성장로 965,1,0,0,02-536-2800
A0011857,(주)대들보에너지,HD현대오일뱅크,경기 포천시,경기,포천시,경기 포천시 소흘읍 죽엽산로 173,1,0,0,031-541-8800
A0011858,프라임주유소,GS칼텍스,경기 포천시,경기,포천시,경기 포천시 신북면 호국로 2008,0,0,0,031-536-9907
A0011859,신도시주유소,HD현대오일뱅크,경기 포천시,경기,포천시,경기 포천시 왕방로 27 (어룡동),0,0,0,031-531-5005
A0011860,중앙셀프주유소 포천지점,GS칼텍스,경기 포천시,경기,포천시,경기 포천시 내촌면 금강로 2383,1,0,0,031-533-3124
A0011861,송동주유소,SK에너지,강원 철원군,강원,철원군,강원 철원군 서면 금강로 7645,0,0,0,033-458-6406
A0011866,㈜가산셀프주유소,HD현대오일뱅크,경기 포천시,경기,포천시,경기 포천시 내촌면 포천로 298,1,0,0,031-532-3345
A0011868,선단IC주유소,S-OIL,경기 포천시,경기,포천시,경기 포천시  호국로 898 (설운동),1,0,1,031-543-8281
A0011873,신북IC주유소,SK에너지,경기 포천시,경기,포천시,경기 포천시 신북면 호국로 2075,1,0,0,031-533-5151
A0011874,일동셀프5주유소,알뜰주유소,경기 포천시,경기,포천시,경기 포천시 일동면 화동로 1322,1,1,1,031-534-3223
A0011875,대흥주유소,SK에너지,경기 포천시,경기,포천시,경기 포천시 일동면 화동로 967,1,0,0,031-532-1121
A0011876,경기동의아트㈜ 만땅주유소,SK에너지,경기 동두천시,경기,동두천시,경기 동두천시 강변로 290,1,0,0,031-866-0779
A0011878,화현셀프7주유소,HD현대오일뱅크,경기 포천시,경기,포천시,경기 포천시 금강로 3926,1,0,1,031-536-2800
A0011879,시민주유소,S-OIL,경기 포천시,경기,포천시,경기 포천시 내촌면 포천로 249,0,0,0,031-534-5251
A0011882,중앙미성주유소,GS칼텍스,경기 포천시,경기,포천시,경기 포천시 소흘읍 호국로 147,1,0,0,031-542-0102
A0011883,선유주유소,HD현대오일뱅크,경기 연천군,경기,연천군,경기 연천군 전곡읍 양연로 452,0,0,0,031-833-5183
A0011884,해바라기주유소,GS칼텍스,경기 포천시,경기,포천시,경기 포천시 내촌면 금강로 2681-21,0,0,0,031-532-6226
A0011885,㈜오일오일,HD현대오일뱅크,경기 포천시,경기,포천시,경기 포천시 가산면 부흥로 656,1,0,0,031-541-6947
A0011886,이담에너지,GS칼텍스,경기 동두천시,경기,동두천시,경기 동두천시 삼육사로 733,1,0,0,031-866-6585
A0011887,한내주유소,HD현대오일뱅크,경기 포천시,경기,포천시,경기 포천시 신북면 호국로 2323,1,0,1,031-534-6993
A0011888,마치미주유소,S-OIL,경기 포천시,경기,포천시,경기 포천시 내촌면 포천로 486,1,0,0,031-535-5140
A0011890,통일셀프(self)주유소,SK에너지,경기 연천군,경기,연천군,경기 연천군 평화로 902,1,0,0,031-833-5189
A0011891,(주)신흥주유소,SK에너지,경기 포천시,경기,포천시,경기 포천시 가산면 부흥로 675,0,0,0,031-541-8489
A0011892,씨앤에스유통(주) 청중로주유소,S-OIL,인천 부평구,인천,부평구,인천 부평구 청중로 109 (청천동),1,0,0,032-524-5189
A0011893,한빛에너지주유소,GS칼텍스,경기 포천시,경기,포천시,경기 포천시 내촌면 포천로 485,1,0,0,031-536-5102
A0011894,(주)한빛페트로주유소,SK에너지,경기 포천시,경기,포천시,경기 포천시 영중면 양문로 54,0,0,0,031-532-8251
A0011896,(주)그린직영오일뱅크,HD현대오일뱅크,경기 포천시,경기,포천시,경기 포천시 소흘읍 호국로 229,0,0,0,031-544-0800
A0011897,(주)삼화에너지 호국로주유소,S-OIL,경기 포천시,경기,포천시,경기 포천시 소흘읍 호국로 83,1,0,0,031-544-5180
A0011901,연천농협주유소,NH-OIL,경기 연천군,경기,연천군,경기 연천군 연천읍 평화로 1211,1,1,1,031-834-5188
A0011902,일동농협주유사업소,NH-OIL,경기 포천시,경기,포천시,경기 포천시 일동면 화동로 1100,1,0,1,031-534-0245
A0011903,가산농협 내촌주유소,NH-OIL,경기 포천시,경기,포천시,경기 포천시 내촌면 금강로 2229,1,1,1,031-531-1818
A0011904,동철원농협주유소,NH-OIL,강원 철원군,강원,철원군,강원 철원군 갈말읍 갈말로 7,1,1,1,033-452-5142
A0011905,영중농협주유소,NH-OIL,경기 포천시,경기,포천시,경기 포천시 영중면 호국로 2936,1,0,1,031-531-3235
A0011909,무궁화주유소,자가상표,경기 동두천시,경기,동두천시,경기 동두천시 어수로 22 (상패동),0,0,0,031-865-4946
A0011912,KH에너지㈜직영 초성주유소,SK에너지,경기 연천군,경기,연천군,경기도 연천군 청산면 평화로 187,0,0,1,031-835-0378
A0011915,효자로주유소,GS칼텍스,경기 고양시,경기,고양시,경기 고양시 덕양구 일영로 127,1,0,0,02-381-1371
A0011916,오토파워주유소,HD현대오일뱅크,경기 고양시,경기,고양시,경기 고양시 덕양구 고양대로 1464 (성사동),1,0,0,031-965-0085
A0011917,SK부광주유소 원당점,SK에너지,경기 고양시,경기,고양시,경기 고양시 덕양구 원당로 433 (원당동),0,0,0,031-966-1270
A0011918,오일필드㈜덕양지점,자가상표,경기 고양시,경기,고양시,경기 고양시 덕양구 통일로 1020,1,0,0,031-969-8883
A0011919,SK화정주유소,SK에너지,경기 고양시,경기,고양시,경기 고양시 덕양구 호국로 430(토당동),1,0,0,031-978-0048
A0011920,JK에너지 직영 말달리자,HD현대오일뱅크,경기 고양시,경기,고양시,경기 고양시 덕양구 통일로 226,1,0,0,02-381-5156
A0011921,명성주유소,SK에너지,경기 고양시,경기,고양시,경기 고양시 덕양구 호국로 1628 (벽제동),1,0,1,031-962-9352
A0011922,(주) 용화에너지,GS칼텍스,경기 광주시,경기,광주시,경기 광주시 도척면 도척윗로 116,0,0,0,031-762-8989
A0011923,대한에너지,SK에너지,경기 광주시,경기,광주시,경기 광주시 퇴촌면 천진암로 412,1,0,0,031-765-5545
A0011926,광주제2주유소,HD현대오일뱅크,경기 광주시,경기,광주시,경기 광주시 경충대로 2130,0,0,0,031-761-0172
A0011929,sk에너지 준원주유소,SK에너지,경기 광주시,경기,광주시,경기 광주시 오포읍 오포로 257,1,0,0,031-768-8551
A0011930,행정타운주유소,SK에너지,경기 광주시,경기,광주시,경기 광주시 회안대로 843 (송정동),0,0,0,031-798-7381
A0011932,광주농협 제2주유소,NH-OIL,경기 광주시,경기,광주시,경기 광주시 파발로 97,1,1,1,031-763-9800
A0011933,자연오일주유소,S-OIL,경기 광주시,경기,광주시,경기 광주시 오포읍 포은대로 213,1,0,0,031-768-5181
A0011937,에스케이일번지주유소,SK에너지,경기 광주시,경기,광주시,경기 광주시 곤지암읍 경충대로 246,1,0,0,031-761-8188
A0011938,거북이주유소,GS칼텍스,경기 광주시,경기,광주시,경기 광주시 경충대로 2110 (중대동),1,0,1,031-797-8981
A0011942,김포통진IC주유소,GS칼텍스,경기 김포시,경기,김포시,경기 김포시 통진읍 김포대로 2002,1,0,1,031-983-5159
A0011944,미소2주유소,SK에너지,경기 김포시,경기,김포시,경기도 김포시 양촌읍 양곡4로 64,1,0,0,031-997-5179
A0011945,하성셀프제2주유소 (주)태평석유 직영,SK에너지,경기 김포시,경기,김포시,경기 김포시 하성면 하성로 243,1,0,0,031-983-9072
A0011946,유명셀프주유소,SK에너지,경기 김포시,경기,김포시,경기 김포시 월곶면 김포대로 2759 (월곶면),1,0,1,031-984-8880
A0011948,강화남부농협주유소,S-OIL,인천 강화군,인천,강화군,인천 강화군 길상면 길상로 302,1,0,1,032-937-4185
A0011949,김포신도시주유소,S-OIL,경기 김포시,경기,김포시,경기 김포시 양촌읍 봉수대로 1731,1,0,0,031-989-5574
A0011950,수지Self주유소,SK에너지,경기 김포시,경기,김포시,경기 김포시 김포대로 1115 (걸포동),1,0,0,031-8049-3553
A0011959,성남주유소,SK에너지,충북 청주시,충북,청주시,충북 청주시 상당구 문의면 미천고은로 153,1,0,0,043-297-5151
A0011961,주식회사 호서 문진주유소,HD현대오일뱅크,충북 진천군,충북,진천군,충북 진천군 문백면 문진로 634,1,0,1,043-532-2500
A0011962,기령주유소,GS칼텍스,충북 청주시,충북,청주시,충북 청주시 상당구 남일면 단재로 1009,1,0,1,043-291-2990
A0011963,등고개주유소,알뜰주유소,충북 청주시,충북,청주시,충북 청주시 상당구 남일면 교육원로 9,0,0,1,043-298-5145
A0011964,미래주유소,SK에너지,충북 진천군,충북,진천군,충북 진천군 문백면 원덕로 115,1,0,0,043-533-3400
A0011966,신창에너지㈜직영 천안셀프주유소,S-OIL,충남 천안시,충남,천안시,충남 천안시 서북구 성거읍 망향로 485,1,0,0,041-568-5104
A0011967,미래주유소,S-OIL,충북 청주시,충북,청주시,충북 청주시 서원구 성봉로 234-2,1,0,0,043-276-0073
A0011975,삼보주유소,GS칼텍스,충북 청주시,충북,청주시,충북 청주시 청원구 북이면 충청대로 1524,1,0,0,043-211-0033
A0011977,에스제이산림조합주유소,S-OIL,충북 보은군,충북,보은군,충북 보은군 보은읍 보은로 167,1,0,0,043-543-5154
A0011979,수정에너지㈜,알뜰주유소,충북 청주시,충북,청주시,충북 청주시 청원구 오창읍 두릉유리로 974,1,1,1,043-217-5245
A0011985,(주) 크로스로지텍 남청주주유소,S-OIL,충북 청주시,충북,청주시,충북 청주시 서원구 남이면 청남로 991,1,0,1,070-8800-6673
A0011986,신창에너지㈜직영 내덕셀프주유소,S-OIL,충북 청주시,충북,청주시,충북 청주시 청원구 충청대로 71,1,0,0,043-211-5104
A0011988,㈜신화에너지 서울 오창지점 오창관문주유소,HD현대오일뱅크,충북 청주시,충북,청주시,충북 청주시 청원구 오창읍 양청농소길 102,1,0,1,043-216-6600
A0011993,유진주유소,SK에너지,충북 청주시,충북,청주시,충북 청주시 서원구 남이면 남석로 402,0,0,1,043-237-8884
A0012001,거북이주유소,알뜰주유소,충북 청주시,충북,청주시,충북 청주시 청원구 북이면 팔결신대로 517,1,0,1,043-215-8112
A0012004,문안산주유소,S-OIL,충북 진천군,충북,진천군,충북 진천군 진천읍 문진로 1221,1,0,0,043-532-5588
A0012007,맹꽁이주유소,알뜰주유소,충북 괴산군,충북,괴산군,충북 괴산군 문광면 괴산로 3314,1,0,0,043-833-8951
A0012009,청주IC주유소,HD현대오일뱅크,충북 청주시,충북,청주시,충북 청주시 흥덕구 강내면 가로수로 668,1,0,1,043-233-0017
A0012013,(주)설송 톨게이트주유소,HD현대오일뱅크,충북 제천시,충북,제천시,충북 제천시 내토로 125 (신동),1,0,0,043-644-0078
A0012015,대성주유소,SK에너지,충북 청주시,충북,청주시,충북 청주시 흥덕구 강내면 태성탑연로 68,0,0,0,043-234-6565
A0012016,CJ대한통운㈜ 운수대통주유소,S-OIL,충북 청주시,충북,청주시,충북 청주시 서원구 남이면 청남로 1309-18,1,0,1,043-260-5807
A0012017,태성주유소,GS칼텍스,충북 청주시,충북,청주시,충북 청주시 흥덕구 강내면 서부로 344,0,0,0,043-231-8383
A0012021,엑스포주유소,S-OIL,경북 의성군,경북,의성군,경북 의성군 의성읍 홍술로 87 (의성읍),1,0,0,054-833-5182
A0012026,대명주유소,HD현대오일뱅크,충북 청주시,충북,청주시,충북 청주시 흥덕구 직지대로 674,1,0,0,043-264-9988
A0012031,형제주유소,SK에너지,충북 청주시,충북,청주시,충북 청주시 서원구 직지대로 738 (사직동),0,0,0,043-272-5189
A0012032,우제주유소,GS칼텍스,충북 진천군,충북,진천군,충북 진천군 진천읍 문진로 1439,0,0,0,043-533-2121
A0012034,덕천주유소,GS칼텍스,충북 진천군,충북,진천군,충북 진천군 진천읍 덕금로 179,0,0,0,043-533-3177
A0012035,KTX주유소,GS칼텍스,경기 광명시,경기,광명시,경기 광명시 오리로 121(일직동),0,0,0,02-899-3020
A0012036,신나라주유소,GS칼텍스,충북 청주시,충북,청주시,충북 청주시 청원구 새터로 53 (내덕동),0,0,0,043-222-8959
A0012037,동명주유소,HD현대오일뱅크,충북 괴산군,충북,괴산군,충북 괴산군 괴산읍 문무로역고개길 73,0,0,0,043-834-5800
A0012039,충북석유(주) 방고개주유소,SK에너지,충북 청주시,충북,청주시,충북 청주시 청원구 공항로 8 (내덕동),1,0,0,043-215-1987
A0012040,대현주유소,S-OIL,충북 청주시,충북,청주시,충북 청주시 청원구 오창읍 농소길 17-1,0,0,0,043-241-5566
A0012041,남이주유소 제이에너지(주),알뜰주유소,충북 청주시,충북,청주시,충북 청주시 서원구 남이면 청남로 1625-3,1,0,1,043-295-4600
A0012054,오대주유소,S-OIL,충북 청주시,충북,청주시,충북 청주시 청원구 내수읍 초정약수로 813,0,0,1,043-212-4000
A0012056,송면주유소,S-OIL,충북 괴산군,충북,괴산군,충북 괴산군 청천면 문장로 3097,0,0,0,043-833-2287
A0012061,현암주유소,S-OIL,충북 청주시,충북,청주시,충북 청주시 흥덕구 서부로 767 (현암동),0,0,0,043-232-0248
A0012064,다복주유소,S-OIL,충북 청주시,충북,청주시,충북 청주시 서원구 현도면 시목부강로 199,0,0,0,043-262-5145
A0012067,㈜뉴페이스 정직한주유소,HD현대오일뱅크,경기 양주시,경기,양주시,경기 양주시 남면 화합로 591,1,0,0,031-857-9556
A0012069,구도일주유소 워싱데이,S-OIL,울산 울주군,울산,울주군,울산 울주군 범서읍 구영로 240,1,0,1,052-244-5150
A0012071,광성주유소,SK에너지,충북 증평군,충북,증평군,충북 증평군 증평읍 충청대로 1798,0,0,0,043-836-4343
A0012072,증평self주유소,HD현대오일뱅크,충북 증평군,충북,증평군,충북 증평군 증평읍 삼보로 7,1,0,0,043-836-5133
A0012075,강서행복주유소,SK에너지,충북 청주시,충북,청주시,충북 청주시 흥덕구 서현로 16 (가경동),1,0,0,043-238-0051
A0012076,부자주유소,알뜰주유소,충북 청주시,충북,청주시,충북 청주시 흥덕구 1순환로 391,1,0,1,043-277-5198
A0012079,연일주유소,SK에너지,충북 청주시,충북,청주시,충북 청주시 상당구 남일면 단재로 515,1,0,0,043-298-5337
A0012082,지에스칼텍스(주) 대청주유소,GS칼텍스,충북 청주시,충북,청주시,충북 청주시 상당구 단재로196번길 8 (용암동),1,0,1,043-297-5590
A0012084,남일주유소,HD현대오일뱅크,충북 청주시,충북,청주시,충북 청주시 상당구 남일면 단재로 828,0,0,0,043-298-7700
A0012092,대죽주유소,HD현대오일뱅크,충북 진천군,충북,진천군,충북 진천군 백곡면 백곡로 522,1,0,0,043-532-7461
A0012094,남양주유소,GS칼텍스,충남 천안시,충남,천안시,충남 천안시 동남구 광덕면 광풍로 987,1,0,0,041-558-5185
A0012100,용문주유소,알뜰주유소,충북 청주시,충북,청주시,충북 청주시 서원구 현도면 청남로 457,0,0,1,043-269-0949
A0012102,㈜같이오름,HD현대오일뱅크,충북 청주시,충북,청주시,충북 청주시 서원구 현도면 청남로 502,1,0,0,043-000-0000
A0012103,송절주유소,GS칼텍스,충북 청주시,충북,청주시,충북 청주시 흥덕구 월명로 278,0,0,0,043-278-5188
A0012106,서울주유소,SK에너지,충북 괴산군,충북,괴산군,충북 괴산군 괴산읍 중부로 2005,0,0,0,043-834-7900
A0012115,원각주유소,S-OIL,충북 옥천군,충북,옥천군,충북 옥천군 동이면 옥천로 2058,1,0,0,043-733-5580
A0012121,양궁장주유소,SK에너지,충북 청주시,충북,청주시,충북 청주시 상당구 1순환로 1500 (용정동),1,0,0,043-287-5151
A0012125,차사랑주유소,S-OIL,세종시,세종시,세종시,세종 부강면 부강외천로 271,0,0,0,044-277-5179
A0012126,은하수주유소,S-OIL,충북 증평군,충북,증평군,충북 증평군 증평읍 중부로 2658,0,0,0,043-838-0842
A0012134,플러스주유소  ㈜다우피앤지,HD현대오일뱅크,충북 청주시,충북,청주시,충북 청주시 서원구 무심서로 451,1,0,1,043-287-7872
A0012135,오송햇살주유소,S-OIL,충북 청주시,충북,청주시,충북 청주시 흥덕구 강외면 오송생명로 201,1,0,0,043-233-5188
A0012136,북진천주유소,S-OIL,충북 진천군,충북,진천군,충북 진천군 광혜원면 생거진천로 2454,1,0,1,043-535-1236
A0012137,칠성주유소,GS칼텍스,충북 괴산군,충북,괴산군,충북 괴산군 칠성면 도정로 71,0,0,0,043-832-4956
A0012140,단재 셀프주유소,HD현대오일뱅크,충북 청주시,충북,청주시,충북 청주시 상당구 영운로 71 (영운동),1,0,1,043-000-0000
A0012141,행복가득주유소,SK에너지,충남 논산시,충남,논산시,충남 논산시 연무읍 득안대로 730,1,0,0,041-741-6651
A0012143,성진주유소,S-OIL,충북 청주시,충북,청주시,충북 청주시 서원구 남이면 대림로 325,1,0,0,043-234-5185
A0012144,신영셀프주유소,SK에너지,충북 청주시,충북,청주시,충북 청주시 서원구 모충로 71,1,0,0,043-263-5182
A0012150,신광셀프주유소,S-OIL,충북 청주시,충북,청주시,충북 청주시 청원구 오창읍 두릉유리로 345,1,0,0,043-217-5159
A0012155,계룡주유소,S-OIL,대전 유성구,대전,유성구,대전 유성구 현충원로 177,0,0,1,042-822-5111
A0012160,괴산주유소,GS칼텍스,충북 괴산군,충북,괴산군,충북 괴산군 괴산읍 읍내로 243,0,0,1,043-832-2106
A0012161,그랜드주유소,SK에너지,충북 청주시,충북,청주시,충북 청주시 청원구 오창읍 꽃화산1길 126-33,1,0,0,043-218-7755
A0012162,원동주유소,GS칼텍스,충북 진천군,충북,진천군,충북 진천군 진천읍 원덕로 189,0,0,0,043-534-5149
A0012171,송림주유소,HD현대오일뱅크,충북 진천군,충북,진천군,충북 진천군 문백면 원덕로 145,0,0,0,043-534-5182
A0012176,오산리주유소,GS칼텍스,충북 청주시,충북,청주시,충북 청주시 흥덕구 옥산면 오송가락로 759,0,0,1,043-260-3123
A0012178,장성주유소,알뜰주유소,충북 청주시,충북,청주시,충북 청주시 서원구 남이면 양촌4길 3,1,1,1,043-286-5189
A0012179,선명주유소,GS칼텍스,충북 청주시,충북,청주시,충북 청주시 상당구 미원면 단재로 2670,1,0,1,043-297-0144
A0012186,강산주유소,알뜰주유소,충북 청주시,충북,청주시,충북 청주시 상당구 가덕면 단재로 1377,1,0,1,043-291-5185
A0012187,아리랑주유소,알뜰주유소,충북 청주시,충북,청주시,충북 청주시 흥덕구 1순환로 582 (봉명동),1,0,1,043-266-5150
A0012192,마하주유소,GS칼텍스,충북 증평군,충북,증평군,충북 증평군 증평읍 충청대로 1623,1,0,0,043-838-9889
A0012194,공단주유소,SK에너지,충북 청주시,충북,청주시,충북 청주시 흥덕구 가로수로 1315,1,0,0,043-233-5028
A0012204,농심주유소,S-OIL,충북 진천군,충북,진천군,충북 진천군 진천읍 진광로 196,0,0,0,043-534-1828
A0012207,행복주유소,HD현대오일뱅크,충북 청주시,충북,청주시,충북 청주시 청원구 오창읍 두릉유리로 204,0,0,0,043-215-5125
A0012215,덕산주유소,SK에너지,충북 진천군,충북,진천군,충북 진천군 덕산면 덕금로 778,0,0,0,043-536-4271
A0012222,증평IC주유소 ㈜믿음에너지,S-OIL,충북 증평군,충북,증평군,충북 증평군 증평읍 중부로 2252,1,0,0,043-836-5106
A0012223,HD현대오일뱅크㈜직영 청주역주유소,HD현대오일뱅크,충북 청주시,충북,청주시,충북 청주시 흥덕구 청주역로 353,0,0,1,043-231-8585
A0012226,청주관문주유소 화물터미널점,HD현대오일뱅크,충북 청주시,충북,청주시,충북 청주시 흥덕구 직지대로240번길 38,1,0,0,043-233-7799
A0012228,신라주유소,HD현대오일뱅크,충북 진천군,충북,진천군,충북 진천군 덕산면 덕금로 502,0,0,0,043-536-0563
A0012238,신세기주유소,S-OIL,충북 진천군,충북,진천군,충북 진천군 문백면 문진로 764,0,0,0,043-532-9030
A0012240,죽림주유소,GS칼텍스,충북 청주시,충북,청주시,충북 청주시 서원구 대림로 451 (죽림동),0,0,0,043-239-5151
A0012241,평양주유소,알뜰주유소,충북 청주시,충북,청주시,충북 청주시 서원구  사운로 69 (사직동),1,0,0,043-263-8287
A0012246,모충주유소,HD현대오일뱅크,충북 청주시,충북,청주시,충북 청주시 서원구 모충로 112 (모충동),1,0,0,043-269-2001
A0012247,복대동주유소,알뜰주유소,충북 청주시,충북,청주시,충북 청주시 흥덕구 복대로 206,1,0,1,043-237-6213
A0012255,충북석유(주) 새터주유소,SK에너지,충북 청주시,충북,청주시,충북 청주시 청원구 새터로 203,1,0,1,043-218-5145
A0012256,성심주유소,SK에너지,충북 진천군,충북,진천군,충북 진천군 문백면 문진로 58,0,0,0,043-532-8404
A0012257,보성주유소,GS칼텍스,충북 청주시,충북,청주시,충북 청주시 흥덕구 사운로 392-2 (신봉동),0,0,0,043-272-2468
A0012259,터미널주유소,SK에너지,충북 청주시,충북,청주시,충북 청주시 흥덕구 가로수로1086번길 1,0,0,0,043-232-4257
A0012264,미정주유소,HD현대오일뱅크,충북 진천군,충북,진천군,충북 진천군 이월면 미리실길 1,0,0,0,043-536-1197
A0012271,만남주유소,SK에너지,충북 청주시,충북,청주시,충북 청주시 흥덕구 직지대로 126 (지동동),0,0,0,043-232-5140
A0012273,동광에너지,GS칼텍스,충북 청주시,충북,청주시,충북 청주시 흥덕구 직지대로 52 (지동동),1,0,0,043-232-8222
A0012276,새청주주유소,S-OIL,충북 청주시,충북,청주시,충북 청주시 흥덕구 사운로 302(신봉동),1,0,1,043-271-4473
A0012279,톨게이트주유소,S-OIL,충북 진천군,충북,진천군,충북 진천군 광혜원면 진광로 1254,0,0,0,043-535-8828
A0012292,진천IC혁신주유소,S-OIL,충북 진천군,충북,진천군,충북 진천군 덕산면 덕금로 621,0,0,0,043-535-5189
A0012300,진천주유소,GS칼텍스,충북 진천군,충북,진천군,충북 진천군 진천읍 문화로 192,0,0,0,043-537-5155
A0012301,미호주유소,HD현대오일뱅크,충북 진천군,충북,진천군,충북 진천군 초평면 초평로 1145,0,0,0,043-534-0211
A0012312,동우주유소,HD현대오일뱅크,충북 진천군,충북,진천군,충북 진천군 이월면 진광로 487,0,0,0,043-534-8088
A0012318,화성뉴시티주유소,S-OIL,경기 화성시,경기,화성시,경기 화성시 만세구 남양읍 화성로 1286,0,0,0,031-357-0725
A0012320,스마일주유소,SK에너지,충북 청주시,충북,청주시,충북 청주시 흥덕구 월명로48번길 3,1,0,1,043-260-3923
A0012334,광혜원주유소,GS칼텍스,충북 진천군,충북,진천군,충북 진천군 광혜원면 진광로 1436,0,0,0,043-535-5770
A0012337,사동주유소,HD현대오일뱅크,충북 진천군,충북,진천군,충북 진천군 이월면 진광로 992,0,0,0,043-536-5189
A0012338,선수촌주유소,SK에너지,충북 진천군,충북,진천군,충북 진천군 광혜원면 진광로 1364,0,0,0,043-535-2266
A0012341,선우셀프주유소,S-OIL,충북 증평군,충북,증평군,충북 증평군 증평읍 초평로 1742,1,0,0,043-838-5185
A0012349,진천하이셀프,SK에너지,충북 진천군,충북,진천군,충북 진천군 진천읍 진광로 90,1,0,0,043-536-2254
A0012352,세종주유소,GS칼텍스,충북 청주시,충북,청주시,충북 청주시 서원구 사운로180번길 32,1,0,1,043-255-8020
A0012353,드림주유소,HD현대오일뱅크,충북 진천군,충북,진천군,충청북도 진천군 광혜원면 생거진천로 2650,1,0,0,043-532-0311
A0012356,옥동주유소,SK에너지,충북 진천군,충북,진천군,충북 진천군 덕산읍 진성로 503,0,0,0,043-532-9020
A0012358,굿모닝주유소,HD현대오일뱅크,충북 진천군,충북,진천군,충북 진천군 진천읍 생거진천로 1428,1,0,0,043-537-9600
A0012363,용강주유소,HD현대오일뱅크,충북 증평군,충북,증평군,충북 증평군 증평읍 광장로 404,0,0,0,043-838-4444
A0012375,유진주유소,GS칼텍스,충북 증평군,충북,증평군,충청북도 증평군 증평읍 하평로 51,0,0,0,043-838-5947
A0012376,스마트주유소,HD현대오일뱅크,충북 청주시,충북,청주시,충북 청주시 흥덕구 청주역로 563,1,0,1,043-267-7350
A0012378,평강주유소,HD현대오일뱅크,충북 청주시,충북,청주시,충북 청주시 서원구 사운로145번길 4 (사직동),0,0,0,043-266-5155
A0012379,미평주유소,HD현대오일뱅크,충북 청주시,충북,청주시,충북 청주시 서원구 청남로 1911,1,0,0,043-292-5150
A0012380,금곡스테이션 ㈜제이에이치에너지,HD현대오일뱅크,충북 진천군,충북,진천군,충북 진천군 광혜원면 생거진천로 2377,1,0,0,043-534-5184
A0012381,중도석유(주)금성주유소,GS칼텍스,충북 청주시,충북,청주시,충북 청주시 흥덕구 직지대로 650,1,0,1,043-263-8526
A0012382,청용주유소,S-OIL,충북 진천군,충북,진천군,충북 진천군 진천읍 백곡로 1522,1,0,0,043-537-0631
A0012384,동양주유소,S-OIL,충북 진천군,충북,진천군,충북 진천군 이월면 생거진천로 1491,1,0,0,043-532-7741
A0012385,청아한스테이션 ㈜제이비에너지,HD현대오일뱅크,충북 진천군,충북,진천군,충북 진천군 문백면 생거진천로 744,1,0,1,0
A0012386,은행주유소,S-OIL,충북 진천군,충북,진천군,충북 진천군 진천읍 문화로 11,1,0,1,043-537-5188
A0012387,하이웨이주유소,SK에너지,충북 청주시,충북,청주시,충북 청주시 서원구 남이면 청남로 1775,0,0,0,043-295-0001
A0012388,코스모주유소,S-OIL,충북 청주시,충북,청주시,충북 청주시 서원구 현도면 청남로 777,0,0,0,043-266-7774
A0012392,태성주유소,S-OIL,충북 청주시,충북,청주시,충북 청주시 상당구 미원면 구방5길 2,1,0,0,043-223-0479
A0012394,운암주유소,HD현대오일뱅크,충북 청주시,충북,청주시,충북 청주시 상당구 미원면 남부로 6605,0,0,0,043-298-8211
A0012396,대율주유소,HD현대오일뱅크,충북 청주시,충북,청주시,충북 청주시 청원구 북이면 신대석성로 163,0,0,0,043-214-7060
A0012399,매봉주유소,SK에너지,충북 청주시,충북,청주시,충북 청주시 서원구 현도면 청남로 193,0,0,0,043-260-8878
A0012401,삼거리주유소,SK에너지,충북 청주시,충북,청주시,충북 청주시 흥덕구 오송읍 오송가락로 422,0,0,0,043-239-5757
A0012403,SK오창주유소,SK에너지,충북 청주시,충북,청주시,충북 청주시 청원구 오창읍 팔결로 579,0,0,0,043-217-6060
A0012404,신화주유소,S-OIL,충북 청주시,충북,청주시,충북 청주시 청원구 오창읍 호죽성재로 284,1,0,0,043-225-3500
A0012408,우리주유소,자가상표,충북 증평군,충북,증평군,충북 증평군 증평읍 광장로 227,1,0,1,043-836-5177
A0012411,신덕산주유소,SK에너지,충북 진천군,충북,진천군,충북 진천군 덕산면 용몽1길 29,0,0,0,043-537-4271
A0012415,(합)도원주유소 LPG충전소 수소충전소,SK에너지,충북 청주시,충북,청주시,충북 청주시 청원구 내수읍 충청대로 771,1,0,0,043-214-7788
A0012416,남청주 양지주유소,S-OIL,충북 청주시,충북,청주시,충북 청주시 서원구 현도면 청남로 80,1,0,0,042-932-2000
A0012417,㈜상일주유소,알뜰주유소,충북 청주시,충북,청주시,충청북도 청주시 서원구 남이면 청남로 1164,1,1,1,043-269-3383
A0012423,코리아에너지(주),S-OIL,충북 청주시,충북,청주시,충북 청주시 청원구 공항로 235,1,0,1,043-241-5145
A0012431,정림주유소,S-OIL,충북 청주시,충북,청주시,충북 청주시 청원구 북이면 충청대로 1517,1,0,0,043-214-5106
A0012433,(주)고속에너지,HD현대오일뱅크,충북 진천군,충북,진천군,충북 진천군 진천읍 덕금로 158,0,0,0,043-533-7169
A0012438,이월농협주유소,NH-OIL,충북 진천군,충북,진천군,충북 진천군 이월면 진광로 765,0,0,1,043-536-0365
A0012439,청주농협주유소,NH-OIL,충북 청주시,충북,청주시,충북 청주시 상당구 월평로184번길 136,0,0,1,043-294-1117
A0012442,진천농협주유소,NH-OIL,충북 진천군,충북,진천군,충북 진천군 진천읍 금사로 400,0,0,1,043-532-9701
A0012443,내수농업협동조합,NH-OIL,충북 청주시,충북,청주시,충북 청주시 청원구 내수읍 내수로 751,0,0,1,043-214-7043
A0012445,이지원주유소,S-OIL,충북 청주시,충북,청주시,충북 청주시 청원구 내수읍 내수로 385,1,0,0,043-211-5110
A0012446,부자주유소,알뜰주유소,충북 진천군,충북,진천군,충북 진천군 초평면 구정로 406,0,0,1,043-836-4201
A0012447,중도석유(주)옥산주유소/충전소,알뜰(ex),충북 청주시,충북,청주시,충북 청주시 흥덕구 옥산면 경부고속도로 309-1,1,1,1,043-269-0843
A0012457,신창에너지㈜직영 청주셀프주유소,S-OIL,충북 청주시,충북,청주시,충북 청주시 서원구 청남로 1917,1,0,0,043-293-0045
A0012458,HD현대오일뱅크㈜직영 교대셀프주유소,HD현대오일뱅크,충북 청주시,충북,청주시,충북 청주시 서원구 청남로 2005번길 2,1,0,1,043-284-7001
A0012461,번개셀프2주유소,HD현대오일뱅크,충북 청주시,충북,청주시,충북 청주시 상당구 단재로 391 (지북동),1,0,1,043-297-6874
A0012463,대한민국K주유소,HD현대오일뱅크,충북 청주시,충북,청주시,충북 청주시 상당구 단재로 332 (방서동),1,0,1,043-000-0000
A0012464,서원경주유소,HD현대오일뱅크,충북 청주시,충북,청주시,충북 청주시 흥덕구 직지대로 579 (봉명동),1,0,1,043-274-2505
A0012468,수동셀프주유소 대왕석유무역㈜,HD현대오일뱅크,충북 청주시,충북,청주시,충북 청주시 상당구 상당로 192,1,0,1,043-256-6851
A0012473,SK에너지(주) 황금주유소,SK에너지,충북 청주시,충북,청주시,충북 청주시 청원구 공항로 222 (주중동),1,0,1,043-212-2001
A0012476,보광산주유소,HD현대오일뱅크,충북 괴산군,충북,괴산군,충북 괴산군 사리면 중부로 843,1,0,1,043-833-0975
A0012481,KK㈜ 청주중앙1주유소,SK에너지,충북 청주시,충북,청주시,충북 청주시 상당구 중고개로 295,1,0,1,043-252-0334
A0012485,충북석유(주)동문주유소,SK에너지,충북 청주시,충북,청주시,충북 청주시 상당구 가덕면 단재로 1542,1,0,0,043-298-5407
A0012486,충북석유(주)중부주유소,SK에너지,충북 진천군,충북,진천군,충북 진천군 진천읍 덕금로 5-1,0,0,0,043-533-2323
A0012487,충북석유(주)충북주유소,SK에너지,충북 청주시,충북,청주시,충북 청주시 서원구 사직대로 89 (사창동),1,0,1,043-272-4662
A0012491,제이에너지(주) 신봉주유소,GS칼텍스,충북 청주시,충북,청주시,충북 청주시 흥덕구 1순환로 400 (신봉동),1,0,0,043-237-7141
A0012494,㈜신화에너지 오해피주유소,SK에너지,충북 청주시,충북,청주시,충북 청주시 서원구 구룡산로 217,1,0,1,0507-1366-2840
A0012495,(주)고속에너지조은주유소,HD현대오일뱅크,충북 진천군,충북,진천군,충북 진천군 진천읍 원덕로 332,0,0,0,043-533-5188
A0012499,HD현대오일뱅크㈜직영 청주현대주유소,HD현대오일뱅크,충북 청주시,충북,청주시,충북 청주시 흥덕구 가로수로 1174 (강서동),1,0,1,043-237-5185
A0012500,행복에너지㈜ 행복에너지2주유소,GS칼텍스,충북 청주시,충북,청주시,충북 청주시 서원구 청남로 1937 (미평동),1,0,0,043-298-2121
A0012501,케이피에스 서청주 롯데마트 주유소,S-OIL,충북 청주시,충북,청주시,충북 청주시 흥덕구  직지대로240번길 25,1,0,0,043-233-5148
A0012503,직지셀프주유소,HD현대오일뱅크,충북 청주시,충북,청주시,충북 청주시 흥덕구 직지대로 677,1,0,1,043-260-5156
A0012504,(주)뉴증평주유소,HD현대오일뱅크,충북 증평군,충북,증평군,충북 증평군 증평읍 중앙로 122,1,0,0,043-836-2253
A0012506,(주)성진티엘에스주유소,HD현대오일뱅크,충북 진천군,충북,진천군,충북 진천군 덕산면 진성로 554,0,0,0,043-536-0023
A0012509,명품주유소,S-OIL,충북 청주시,충북,청주시,충북 청주시 서원구 산미로 39 (미평동),1,0,0,043-223-7000
A0012510,㈜동림에너지 동명주유소,SK에너지,충북 청주시,충북,청주시,충북 청주시 흥덕구 1순환로 514,1,0,0,043-274-5771
A0012513,그린이에스,SK에너지,충북 청주시,충북,청주시,충북 청주시 흥덕구 청주역로 284 (정봉동),0,0,0,043-237-2000
A0012515,우영에너지 새롬주유소,S-OIL,충북 진천군,충북,진천군,충북 진천군 광혜원면 바들말4길 45,1,0,0,043-532-5855
A0012518,SK에너지(주)직영 공영주유소,SK에너지,충북 청주시,충북,청주시,충북 청주시 흥덕구 직지대로 387,0,0,1,043-265-0914
A0012520,가경주유소,HD현대오일뱅크,충북 청주시,충북,청주시,충북 청주시 서원구 서부로 1355,1,0,0,043-236-7517
A0012521,제이에스에너지,S-OIL,충북 진천군,충북,진천군,충북 진천군 진천읍 덕금로 106-29,0,0,0,043-535-6559
A0012522,백곡주유소,S-OIL,충북 진천군,충북,진천군,충북 진천군 백곡면 백곡로 926,1,0,1,043-532-5009
A0012523,(주)선우에너지 봉신주유소,HD현대오일뱅크,충북 증평군,충북,증평군,충북 증평군 중부로 2371 (증평읍),1,0,0,043-838-4151
A0012527,박달주유소,S-OIL,충북 영동군,충북,영동군,충북 영동군 영동읍 대학로 144,1,0,0,043-742-7567
A0012530,대한주유소,GS칼텍스,충북 영동군,충북,영동군,충북 영동군 용산면 남부로 1330,1,0,0,043-742-0074
A0012538,미봉주유소,자가상표,충북 영동군,충북,영동군,충북 영동군 양강면 학산영동로 519,0,0,0,043-744-8182
A0012541,대바위주유소,S-OIL,충북 보은군,충북,보은군,충북 보은군 보은읍 남부로 4961,0,0,0,043-543-8883
A0012544,장야주유소,알뜰주유소,충북 옥천군,충북,옥천군,충북 옥천군 옥천읍 문장로 100,0,0,1,043-732-5145
A0012545,형제주유소,GS칼텍스,충북 보은군,충북,보은군,충북 보은군 마로면 보청대로 177,0,0,0,043-543-0051
A0012548,상판주유소(보은),SK에너지,충북 보은군,충북,보은군,충북 보은군 속리산면 법주사로 22,0,0,0,043-543-1567
A0012550,학산주유소,HD현대오일뱅크,충북 영동군,충북,영동군,충북 영동군 학산면 영동로 714,0,0,0,043-744-0007
A0012551,세산주유소,HD현대오일뱅크,충북 옥천군,충북,옥천군,충북 옥천군 동이면 옥천로 2184,1,0,0,043-733-9880
A0012560,상촌주유소,GS칼텍스,충북 영동군,충북,영동군,충북 영동군 상촌면 민주지산로 2993,1,0,1,043-743-6662
A0012561,회인주유소,SK에너지,충북 보은군,충북,보은군,충북 보은군 회인면 회인로 28,0,0,0,043-542-8871
A0012562,동일셀프주유소,HD현대오일뱅크,충북 영동군,충북,영동군,충북 영동군 용산면 남부로 813,1,0,0,043-744-1744
A0012564,삼도봉주유소,S-OIL,충북 영동군,충북,영동군,충북 영동군 상촌면 민주지산로 2975,0,0,0,043-743-9511
A0012568,역말주유소,SK에너지,충북 영동군,충북,영동군,충북 영동군 영동읍 학산영동로 1169,1,0,0,043-744-1400
A0012570,영신주유소,자가상표,충북 괴산군,충북,괴산군,충북 괴산군 불정면 한불로 1023,0,0,0,043-833-5320
A0012571,동진주유소,SK에너지,충북 보은군,충북,보은군,충북 보은군 수한면 안내보은로 525,0,0,0,043-543-5709
A0012577,사부리주유소,S-OIL,충북 영동군,충북,영동군,충북 영동군 추풍령면 추풍령로 257,0,0,0,043-742-3327
A0012580,매일주유소,SK에너지,충북 영동군,충북,영동군,충청북도 영동군 영동읍 영동황간로 54,0,0,0,043-744-3399
A0012583,양산주유소,S-OIL,충북 영동군,충북,영동군,충북 영동군 양산면 금강로 1434,0,0,0,043-744-8664
A0012584,금강주유소,S-OIL,충북 영동군,충북,영동군,충청북도 영동군 심천면 난계로 333,0,0,0,043-742-7500
A0012585,대정에너지,HD현대오일뱅크,충북 보은군,충북,보은군,충북 보은군 보은읍 보청대로 1864,1,0,0,043-543-2580
A0012586,이원주유소,GS칼텍스,충북 옥천군,충북,옥천군,충북 옥천군 이원면 이원로 415,0,0,0,043-733-5162
A0012587,영동포도주유소,GS칼텍스,충북 영동군,충북,영동군,충북 영동군 영동읍 동정로 18-8,1,0,0,043-743-0123
A0012592,㈜학하 목상셀프주유소,HD현대오일뱅크,대전 대덕구,대전,대덕구,대전 대덕구 대덕대로 1500 (목상동),1,0,0,070-7722-5153
A0012599,강산주유소,SK에너지,충북 보은군,충북,보은군,충북 보은군 보은읍 남부로 4713-3,0,0,0,043-543-5189
A0012601,동산주유소,HD현대오일뱅크,충북 보은군,충북,보은군,충북 보은군 보은읍 남부로 4142,0,0,1,043-543-6057
A0012606,석화공단주유소,S-OIL,충북 옥천군,충북,옥천군,충북 옥천군 동이면 옥천로 2292,0,0,0,043-733-7141
A0012608,옥천톨게이트주유소,SK에너지,충북 옥천군,충북,옥천군,충북 옥천군 옥천읍 중앙로 156,1,0,0,043-733-5184
A0012615,쌍용주유소,S-OIL,충북 영동군,충북,영동군,충북 영동군 학산면 무학로 606,0,0,0,043-743-7555
A0012616,심천주유소,SK에너지,충북 영동군,충북,영동군,충북 영동군 심천면 난계로 591,1,0,0,043-742-5665
A0012617,양강주유소,GS칼텍스,충북 영동군,충북,영동군,충북 영동군 양강면 학산영동로 871,0,0,0,043-744-1340
A0012618,가선주유소,SK에너지,충북 영동군,충북,영동군,충청북도 영동군 양산면 금강로 811,0,0,1,043-744-8792
A0012620,신흥주유소,HD현대오일뱅크,충북 영동군,충북,영동군,충북 영동군 황간면 황간동로 167,0,0,0,043-742-8526
A0012625,옥천농장주유소,HD현대오일뱅크,충북 옥천군,충북,옥천군,충북 옥천군 안내면 안내삼승로 537,1,0,0,043-542-8678
A0012626,읍내주유소,HD현대오일뱅크,충북 옥천군,충북,옥천군,충북 옥천군 옥천읍 향수길 1,0,0,0,043-731-0970
A0012633,우리주유소,SK에너지,충북 옥천군,충북,옥천군,충북 옥천군 청산면 남부로 2285,1,0,0,043-733-3006
A0012634,(주)보은현대주유소/충전소,HD현대오일뱅크,충북 보은군,충북,보은군,충북 보은군 보은읍 보청대로 1670,0,0,0,043-543-8844
A0012639,진영셀프주유소,HD현대오일뱅크,충북 옥천군,충북,옥천군,충북 옥천군 옥천읍 옥천로 1714,1,0,0,043-733-6540
A0012642,동정주유소,S-OIL,충북 보은군,충북,보은군,충북 보은군 수한면 보청대로 2590,1,0,0,043-543-4546
A0012644,매곡주유소,GS칼텍스,충북 영동군,충북,영동군,충북 영동군 매곡면 민주지산로 3582,0,0,0,043-743-2075
A0012652,우리주유소,HD현대오일뱅크,충북 영동군,충북,영동군,충북 영동군 매곡면 민주지산로 3685,0,0,0,043-743-5658
A0012654,매화주유소,HD현대오일뱅크,충북 옥천군,충북,옥천군,충북 옥천군 옥천읍 옥천동이로 264,0,0,0,043-732-4786
A0012661,경남주유소,SK에너지,충북 영동군,충북,영동군,충북 영동군 황간면 영동황간로 1199,0,0,0,043-742-5662
A0012662,동원주유소,S-OIL,충북 옥천군,충북,옥천군,충북 옥천군 옥천로 1563,0,0,0,043-733-1251
A0012666,안남주유소,S-OIL,충북 옥천군,충북,옥천군,충북 옥천군 안남면 안남로 498,0,0,1,043-733-3824
A0012667,우일주유소,S-OIL,충북 보은군,충북,보은군,충북 보은군 수한면 안내보은로 1148,0,0,0,043-543-8686
A0012672,속리산주유소,S-OIL,충북 보은군,충북,보은군,충북 보은군 속리산면 법주사로 202,1,0,0,043-543-3626
A0012674,동부주유소,S-OIL,충북 옥천군,충북,옥천군,충북 옥천군 옥천읍 성왕로 1409,0,0,0,043-733-5012
A0012680,중원주유소(보은),SK에너지,충북 보은군,충북,보은군,충북 보은군 보은읍 뱃들로 4,0,0,0,043-544-4848
A0012681,죽전주유소,SK에너지,충북 보은군,충북,보은군,충북 보은군 보은읍 남부로 4425,1,0,0,043-544-4881
A0012684,미래주유소,S-OIL,충북 보은군,충북,보은군,충북 보은군 삼승면 삼승탄부로 37,0,0,0,043-543-6470
A0012685,제일주유소,HD현대오일뱅크,충북 보은군,충북,보은군,충북 보은군 회인면 보청대로 3787,0,0,0,043-542-8877
A0012687,서울주유소,SK에너지,충북 보은군,충북,보은군,충북 보은군 속리산면 속리산로 1080,0,0,0,043-543-0407
A0012688,내북주유소,HD현대오일뱅크,충북 보은군,충북,보은군,충북 보은군 내북면 남부로 6061,0,0,0,043-542-0385
A0012689,동일주유소,HD현대오일뱅크,충북 보은군,충북,보은군,충북 보은군 수한면 안내보은로 914,1,0,1,043-542-2354
A0012698,보은농협내북지점주유소,NH-OIL,충북 보은군,충북,보은군,충북 보은군 내북면 남부로 6248,0,0,1,043-542-0338
A0012699,보은농협장안주유소,NH-OIL,충북 보은군,충북,보은군,충북 보은군 장안면 장안로 4,0,0,1,043-540-2746
A0012700,남보은농협탄부지점주유소,NH-OIL,충북 보은군,충북,보은군,충북 보은군 탄부면 삼승탄부로 729,0,0,1,043-542-7892
A0012702,영동농협주유소,NH-OIL,충북 영동군,충북,영동군,충북 영동군 영동읍 난계로 875,1,0,1,043-743-9300
A0012711,신창에너지㈜황간(부산)주유소,알뜰(ex),충북 영동군,충북,영동군,충북 영동군 황간면 회포길 102,1,0,1,043-742-5853
A0012712,신창에너지㈜황간(서울)주유소,알뜰(ex),충북 영동군,충북,영동군,충북 영동군 황간면 회포1길 65,1,0,1,043-742-1266
A0012713,옥천(서울)주유소/충전소,알뜰(ex),충북 옥천군,충북,옥천군,충북 옥천군 옥천읍 옥천동이로 242-34,1,1,1,043-733-9924
A0012717,"이케이에너지(주) 속리산(청주)주유소,충전소",알뜰(ex),충북 보은군,충북,보은군,충북 보은군 마로면 적암길 56-18,1,1,1,043-544-6311
A0012719,내트럭(주)옥천사업소,SK에너지,충북 옥천군,충북,옥천군,충북 옥천군 옥천읍 중앙로 135,1,0,1,043-732-0081
A0012720,㈜나이스디앤에스 옥천(부산방향)주유소/충전소,알뜰(ex),충북 옥천군,충북,옥천군,충북 옥천군 옥천읍 서대구일로 265-19,1,1,1,043-731-8524
A0012721,㈜나이스디앤에스 금강(부산방향)주유소,알뜰(ex),충북 옥천군,충북,옥천군,충북 옥천군 동이면 금강로 596,1,1,1,043-733-0439
A0012726,달천주유소,S-OIL,충북 충주시,충북,충주시,충북 충주시 중원대로 3818,1,0,0,043-853-8530
A0012729,목도주유소,HD현대오일뱅크,충북 괴산군,충북,괴산군,충북 괴산군 불정면 목도로 11,0,0,0,043-833-7353
A0012730,이케이에너지㈜ 금성주유소,HD현대오일뱅크,인천 계양구,인천,계양구,인천 계양구 벌말로 614,1,0,1,032-544-8885
A0012731,상평주유소,자가상표,충북 음성군,충북,음성군,충북 음성군 감곡면 감노로 239,1,0,1,043-878-4852
A0012732,월명주유소,S-OIL,충북 충주시,충북,충주시,충북 충주시 신니면 신덕로 981,0,0,0,043-852-2222
A0012739,초원주유소,GS칼텍스,충북 음성군,충북,음성군,충북 음성군 금왕읍 대금로 1452,1,0,1,043-883-4567
A0012743,정안농협주유소,NH-OIL,충남 공주시,충남,공주시,충남 공주시 정안면 활원길 48-10,0,1,1,041-858-8324
A0012744,국원주유소,S-OIL,충북 충주시,충북,충주시,충북 충주시 신니면 신덕로 339,0,0,0,043-856-8631
A0012748,대동주유소,GS칼텍스,충북 충주시,충북,충주시,충북 충주시 충원대로 180,1,0,0,043-855-0051
A0012755,태광주유소,HD현대오일뱅크,충북 충주시,충북,충주시,충북 충주시 엄정면 구룡로 214,0,0,0,043-851-1270
A0012756,세광주유소,GS칼텍스,충북 음성군,충북,음성군,충북 음성군 음성읍 충청대로 1650,0,0,0,043-872-9044
A0012767,㈜용산에너지,SK에너지,충북 충주시,충북,충주시,충북 충주시 동량면 충원대로 1466 (동량면),0,0,0,043-848-5181
A0012779,보배주유소,HD현대오일뱅크,경남 김해시,경남,김해시,경남 김해시 반룡로 66,0,0,0,055-312-0397
A0012781,대영그린주유소,GS칼텍스,충북 음성군,충북,음성군,충북 음성군 대소면 대금로 564,0,0,1,043-883-5145
A0012785,보천주유소,GS칼텍스,충북 음성군,충북,음성군,충북 음성군 원남면 충청대로 623,0,0,0,043-872-6372
A0012787,해운주유소,SK에너지,충북 충주시,충북,충주시,충북 충주시 갱고개로 44 (교현동),1,0,0,043-852-9800
A0012790,서충주IC주유소,HD현대오일뱅크,충북 충주시,충북,충주시,충북 충주시 신니면 신덕로 225,0,0,1,043-857-9140
A0012791,무궁화주유소,HD현대오일뱅크,충북 청주시,충북,청주시,충북 청주시 흥덕구 가로수로 1372 (복대동),1,0,0,043-234-5189
A0012793,(주)대륙주유소,GS칼텍스,충남 천안시,충남,천안시,충남 천안시 동남구 천안대로 782,1,0,0,041-522-5156
A0012798,장미산주유소,SK에너지,충북 충주시,충북,충주시,충북 충주시 중앙탑면 첨단산업로 1208,0,0,0,043-852-8552
A0012800,중앙주유소,SK에너지,충북 음성군,충북,음성군,충북 음성군 생극면 음성로 1528,0,0,0,043-877-2255
A0012802,대일주유소,GS칼텍스,충북 충주시,충북,충주시,충북 충주시 중원대로 3033 (단월동),1,0,0,043-856-5188
A0012804,스카이주유소,SK에너지,충북 충주시,충북,충주시,충북 충주시 국원대로 272 (금릉동),1,0,1,043-853-6002
A0012805,동서주유소,SK에너지,충북 충주시,충북,충주시,충북 충주시 산척면 충원대로 1643,1,0,0,043-857-5657
A0012806,맹동주유소,HD현대오일뱅크,충북 음성군,충북,음성군,충북 음성군 맹동면 덕금로 326,0,0,1,043-877-2599
A0012807,원남주유소,GS칼텍스,충북 음성군,충북,음성군,충북 음성군 원남면 충청대로 1139,1,0,0,043-872-6684
A0012814,만남주유소,HD현대오일뱅크,충북 충주시,충북,충주시,충북 충주시 금가면 충원대로 1419,0,0,0,043-855-7600
A0012821,형제주유소,GS칼텍스,충북 음성군,충북,음성군,충북 음성군 음성읍 음성로 647,0,0,0,043-872-4126
A0012824,천지인주유소,S-OIL,충북 충주시,충북,충주시,충북 충주시 산척면 북부로 3007,0,0,0,043-853-3060
A0012826,일광주유소,SK에너지,충북 충주시,충북,충주시,충북 충주시 안림로 54 (안림동),0,0,0,043-852-2918
A0012833,㈜구도일 동충주지점,S-OIL,충북 충주시,충북,충주시,충북 충주시 산척면 충원대로 1680,1,0,1,043-856-6098
A0012834,주식회사 함박산주유소,SK에너지,충북 음성군,충북,음성군,충북 음성군 대소면 대동로 420,0,0,1,043-877-1441
A0012838,대호주유소,SK에너지,충북 충주시,충북,충주시,충북 충주시 살미면 중원대로 2574,1,0,0,043-852-8333
A0012842,소여리주유소,HD현대오일뱅크,충북 음성군,충북,음성군,충북 음성군 음성읍 음성로 388,0,0,0,043-872-4985
A0012843,삼정주유소,GS칼텍스,충북 음성군,충북,음성군,충북 음성군 금왕읍 무극로 89,0,0,0,043-883-3400
A0012850,길선주유소,S-OIL,충북 괴산군,충북,괴산군,충북 괴산군 소수면 상경로 908,0,0,0,043-832-4961
A0012852,내사주유소,SK에너지,충북 충주시,충북,충주시,충북 충주시 살미면 월악로 433,0,0,0,043-852-2220
A0012855,연수주유소,SK에너지,충북 충주시,충북,충주시,충북 충주시 금봉대로 524 (연수동),1,0,0,043-856-5159
A0012866,석인주유소,HD현대오일뱅크,충북 음성군,충북,음성군,충북 음성군 음성읍 한불로 204,0,0,0,043-873-1907
A0012870,발안고속주유소,SK에너지,경기 화성시,경기,화성시,경기 화성시 만세구 장안면 3.1만세로 562,0,0,0,031-351-5186
A0012874,예일주유소,GS칼텍스,충북 충주시,충북,충주시,충북 충주시 수안보면 미륵송계로 119,1,0,0,043-851-9493
A0012876,대박주유소,SK에너지,충북 충주시,충북,충주시,충북 충주시 살미면 호음실1길 26,0,0,0,043-856-5182
A0012886,한양주유소,HD현대오일뱅크,충북 충주시,충북,충주시,충북 충주시 살미면 유주막로 72,0,0,0,043-852-5267
A0012895,세진주유소,S-OIL,충북 음성군,충북,음성군,충북 음성군 음성읍 예술로 14,1,0,0,043-873-5150
A0012896,선인주유소,HD현대오일뱅크,충북 음성군,충북,음성군,충북 음성군 음성읍 충청대로 1235,1,0,0,043-873-9285
A0012904,온천주유소,SK에너지,충북 충주시,충북,충주시,충북 충주시 수안보면 주정산로 9,0,0,0,043-846-2233
A0012909,삼성주유소,HD현대오일뱅크,충북 음성군,충북,음성군,충북 음성군 금왕읍 멍심이길 141,0,0,0,043-883-9200
A0012916,광장주유소,GS칼텍스,충북 충주시,충북,충주시,충북 충주시 수안보면 중원대로 1773,1,0,0,043-853-1188
A0012920,주덕주유소,SK에너지,충북 충주시,충북,충주시,충북 충주시 주덕읍 신양로 149,0,0,0,043-846-2304
A0012921,쌍둥이주유소,SK에너지,강원 춘천시,강원,춘천시,강원 춘천시 신북읍 신샘밭로 485,1,0,0,033-241-1411
A0012922,주식회사 남산,S-OIL,충북 충주시,충북,충주시,충북 충주시 금봉대로 352 (교현동),1,0,0,043-851-3530
A0012942,대덕클린주유소,S-OIL,충북 음성군,충북,음성군,충북 음성군 생극면 음성로 1661,0,0,0,043-883-0009
A0012950,대림주유소,GS칼텍스,충북 충주시,충북,충주시,충북 충주시 노은면 감노로 1178,0,0,0,043-853-5466
A0012951,SK행복주유소,SK에너지,충북 충주시,충북,충주시,충북 충주시 중원대로 3122,1,0,0,043-857-5151
A0012954,제일주유소,SK에너지,충북 음성군,충북,음성군,충북 음성군 음성읍 음성로 154,1,0,0,043-873-1150
A0012955,중앙주유소,SK에너지,충북 충주시,충북,충주시,충북 충주시 주덕읍 충청대로 2382,0,0,1,043-846-0032
A0012962,생극주유소,HD현대오일뱅크,충북 음성군,충북,음성군,충청북도 음성군 생극면 오신로 464 (생극면),0,0,0,043-878-9988
A0012973,오갑산주유소,SK에너지,충북 음성군,충북,음성군,충북 음성군 감곡면 북부로 547,0,0,0,043-877-8500
A0012983,감곡직영주유소,S-OIL,충북 음성군,충북,음성군,충북 음성군 감곡면 음성로 2479,1,0,1,043-881-8787
A0012988,늘품주유소,S-OIL,충북 충주시,충북,충주시,충북 충주시 금가면 충원대로 1507,0,0,0,043-855-5189
A0012990,동호주유소,GS칼텍스,충북 충주시,충북,충주시,충북 충주시 동량면 동산로 46,0,0,0,043-851-6501
A0013008,충주댐주유소,S-OIL,충북 충주시,충북,충주시,충북 충주시 충원대로 976 (목행동),1,0,1,043-853-5151
A0013023,하늘주유소,S-OIL,충북 음성군,충북,음성군,충북 음성군 금왕읍 음성로 1076,0,0,1,043-883-5686
A0013028,감곡IC주유소,HD현대오일뱅크,충북 음성군,충북,음성군,충북 음성군 감곡면 가곡로 159,0,0,0,043-881-5145
A0013029,수안보주유소,S-OIL,충북 충주시,충북,충주시,충북 충주시 살미면 중원대로 2271,1,0,0,043-846-1238
A0013033,만국은혜주유소,SK에너지,경기 김포시,경기,김포시,경기 김포시 대곶면 율마로 220,1,0,0,031-988-8588
A0013038,케이토탈 동국주유소,HD현대오일뱅크,충북 충주시,충북,충주시,충북 충주시 팽고리산길 54,1,0,0,043-848-3101
A0013041,금강산주유소,HD현대오일뱅크,충북 충주시,충북,충주시,충북 충주시 주덕읍 충청대로 2453,0,0,0,043-852-8057
A0013048,착한주유소,SK에너지,충북 충주시,충북,충주시,충북 충주시 팽고리산길 90 (금릉동),1,0,0,043-844-6060
A0013053,희망주유소,GS칼텍스,충북 음성군,충북,음성군,충북 음성군 금왕읍 금일로 187,0,0,0,043-882-5000
A0013058,국제주유소,S-OIL,충북 충주시,충북,충주시,충북 충주시 탄금대로 350 (칠금동),1,0,0,043-854-0500
A0013067,금정주유소,알뜰주유소,충북 음성군,충북,음성군,충북 음성군 생극면 중원대로 10,1,1,1,043-878-8102
A0013068,형제주유소,HD현대오일뱅크,충북 괴산군,충북,괴산군,충북 괴산군 장연면 연풍로 452,0,0,0,043-832-6600
A0013072,삼화에너지 앙성주유소,HD현대오일뱅크,충북 충주시,충북,충주시,충북 충주시 앙성면 북부로 1085,1,0,0,043-854-5159
A0013080,삼원주유소,HD현대오일뱅크,충북 충주시,충북,충주시,충북 충주시 대소원면 중원대로 4020,0,0,0,043-857-5111
A0013082,황금주유소,HD현대오일뱅크,충북 청주시,충북,청주시,충북 청주시 상당구 대성로 92,1,0,1,043-225-5189
A0013083,오일킹주유소,S-OIL,충북 음성군,충북,음성군,충북 음성군 금왕읍 무극로 331,1,0,0,043-882-7779
A0013084,방곡주유소,SK에너지,충북 괴산군,충북,괴산군,충북 괴산군 장연면 충민로 1547,0,0,0,043-833-1151
A0013089,행운주유소,HD현대오일뱅크,충북 음성군,충북,음성군,충북 음성군 삼성면 덕정로 101,0,0,0,043-881-5184
A0013092,맘모스 프로 self ㈜와이에스인터 충주지점,S-OIL,충북 충주시,충북,충주시,충북 충주시 중원대로 3691 (달천동),1,0,0,043-845-7097
A0013096,집합주유소,HD현대오일뱅크,충북 음성군,충북,음성군,충북 음성군 소이면 충청대로 2048,0,0,0,043-873-5141
A0013098,중앙알뜰주유소,알뜰주유소,충북 충주시,충북,충주시,충북 충주시 중앙탑면 청금로 288,0,0,1,043-856-7177
A0013106,행운주유소,SK에너지,충북 충주시,충북,충주시,충북 충주시 노은면 감노로 1930,0,0,0,043-857-0038
A0013107,양지주유소,GS칼텍스,충북 충주시,충북,충주시,충북 충주시 주덕읍 충청대로 2300,0,0,0,043-846-0964
A0013109,시루봉주유소,GS칼텍스,충북 괴산군,충북,괴산군,충북 괴산군 연풍면 중부로 6534,1,0,0,043-833-0028
A0013111,월악주유소,HD현대오일뱅크,충북 충주시,충북,충주시,충북 충주시 수안보면 중원대로 1292,0,0,0,043-848-7410
A0013112,제이주유소,SK에너지,충북 음성군,충북,음성군,충청북도 음성군 금왕읍 대금로 1064-16,1,0,1,043-878-5152
A0013115,명륜석유㈜ 고속셀프주유소,S-OIL,충북 음성군,충북,음성군,충북 음성군 대소면 대금로 607,1,0,0,043-882-6369
A0013117,백마산주유소,S-OIL,충북 음성군,충북,음성군,충북 음성군 원남면 충청대로 835,1,0,0,043-873-5189
A0013118,주식회사한결건설,SK에너지,충북 충주시,충북,충주시,충북 충주시 금가면 충원대로 1479,1,0,1,043-845-5007
A0013120,대광주유소,HD현대오일뱅크,충북 충주시,충북,충주시,충북 충주시 중앙탑면 청금로 144,0,0,0,043-855-0901
A0013121,구암주유소,SK에너지,충북 충주시,충북,충주시,충북 충주시 중앙탑면 감노로 2109,0,0,0,043-855-6570
A0013122,금천주유소,S-OIL,충북 충주시,충북,충주시,충북 충주시 중앙탑면 탄금대로 949,0,0,0,043-855-6326
A0013124,산척주유소,HD현대오일뱅크,충북 충주시,충북,충주시,충북 충주시 산척면 천등박달로 104,0,0,0,043-853-7929
A0013126,연풍주유소,S-OIL,충북 괴산군,충북,괴산군,충북 괴산군 연풍면 중원대로 198,0,0,0,043-833-8151
A0013130,백현주유소,S-OIL,충북 음성군,충북,음성군,충북 음성군 음성읍 충청대로 1553,0,0,0,043-872-6972
A0013137,구도일주유소 사과나무,S-OIL,충북 충주시,충북,충주시,충북 충주시 번영대로 23 (금릉동),0,0,0,043-842-7958
A0013141,대소원주유소,GS칼텍스,충북 충주시,충북,충주시,충북 충주시 이류면 중원대로 4385,0,0,0,043-852-9700
A0013143,동성주유소,HD현대오일뱅크,충북 충주시,충북,충주시,충북 충주시 동량면 충원대로 1184,0,0,0,043-853-4477
A0013145,의왕청계주유소,HD현대오일뱅크,경기 의왕시,경기,의왕시,경기 의왕시 안양판교로 476 (청계동),0,0,1,031-421-7344
A0013146,풀무원식품(주) 현풍(하)주유소,알뜰(ex),대구 달성군,대구,달성군,대구 달성군 현풍면 중부내륙지선고속도로 3,1,1,1,053-614-2437
A0013147,(주)원진석유 톨게이트주유소,GS칼텍스,충북 음성군,충북,음성군,충북 음성군 대소면 대금로 227,1,0,0,043-877-3333
A0013150,충주주유소,SK에너지,충북 충주시,충북,충주시,충북 충주시 중원대로 3506 (봉방동),1,0,1,043-842-3341
A0013151,만세유통㈜,HD현대오일뱅크,충북 음성군,충북,음성군,충북 음성군 대소면 대금로 42,1,0,0,043-535-3733
A0013152,화령개발(주)공단주유소,SK에너지,충북 충주시,충북,충주시,충북 충주시 국원대로 368(목행동),1,0,0,043-855-5144
A0013157,(주)성안,SK에너지,충북 음성군,충북,음성군,충북 음성군 금왕읍 덕금로 836,0,0,0,043-877-2131
A0013164,하나주유소,HD현대오일뱅크,경기 남양주시,경기,남양주시,경기 남양주시 홍유릉로 336,1,0,0,031-592-0239
A0013165,신정제1주유소,SK에너지,충북 충주시,충북,충주시,충북 충주시 소태면 충원대로 2508,1,0,0,043-847-5151
A0013166,성본산단주유소,HD현대오일뱅크,충북 음성군,충북,음성군,충북 음성군 대소면 대금로 906,1,0,1,043-883-5155
A0013167,삼한제1주유소/충전소,S-OIL,충북 음성군,충북,음성군,충북 음성군 생극면 중원대로 792,1,0,0,043-878-5149
A0013168,풀무원식품(주) 양산(서울방향)주유소,알뜰(ex),경남 양산시,경남,양산시,경남 양산시 동면 목장길 15-50,1,1,1,055-389-1750
A0013169,태화 명품주유소,SK에너지,충북 음성군,충북,음성군,충북 음성군 감곡면 북부로 778-8,1,0,0,043-881-4555
A0013173,(주)매봉주유소,SK에너지,충북 음성군,충북,음성군,충북 음성군 금왕읍 금일로 243,0,0,0,043-881-2355
A0013174,주식회사 구도일 북진천지점,S-OIL,충북 진천군,충북,진천군,충북 진천군 광혜원면 생거진천로 2475,1,0,1,043-535-6098
A0013175,대흥주유소,S-OIL,충북 충주시,충북,충주시,충북 충주시 중원대로 3471,0,0,0,043-847-1700
A0013180,금왕IC주유소,HD현대오일뱅크,충북 음성군,충북,음성군,충북 음성군 맹동면 맹동산단지원로 238,1,0,0,043-878-2580
A0013185,이오주유소,HD현대오일뱅크,충북 음성군,충북,음성군,충북 음성군 대소면 대금로 280,0,0,1,043-881-0252
A0013186,금대주유소,GS칼텍스,충북 괴산군,충북,괴산군,충북 괴산군 연풍면 연풍로 805,0,0,0,043-834-2254
A0013187,야동주유소,GS칼텍스,충북 충주시,충북,충주시,충북 충주시 충원대로 2361,0,0,0,043-848-1071
A0013188,(주)서림주유소,알뜰주유소,충북 충주시,충북,충주시,충북 충주시 형설로 102 (용산동),1,1,1,043-848-8886
A0013190,씨앤에스유통(주) 광원주유소,S-OIL,충북 음성군,충북,음성군,충북 음성군 대소면 대금로196번길 8,1,0,0,043-537-5189
A0013192,(주)금호에너지 대소IC주유소,HD현대오일뱅크,충북 음성군,충북,음성군,충북 음성군 대소면 대금로 77-4,1,0,0,043-535-5102
A0013194,행복주유소,HD현대오일뱅크,충북 음성군,충북,음성군,충북 음성군 금왕읍 대금로 987 (금왕읍),0,0,0,043-881-5187
A0013195,산척농협주유소,NH-OIL,충북 충주시,충북,충주시,충북 충주시 산척면 북부로 3108,1,0,1,043-853-8243
A0013196,삼성농협주유소,NH-OIL,충북 음성군,충북,음성군,충북 음성 삼성면 대성로 543,1,0,1,043-878-6721
A0013197,금왕농협주유소,NH-OIL,충북 음성군,충북,음성군,충북 음성군 금왕읍 금일로 71,1,0,1,043-877-0966
A0013198,불정농협주유소,NH-OIL,충북 괴산군,충북,괴산군,충북 괴산군 불정면 한불로 1308,0,0,1,043-833-6001
A0013199,북충주농협주유소,NH-OIL,충북 충주시,충북,충주시,충북 충주시 앙성면 가곡로 821,0,0,1,043-855-5738
A0013200,주덕농협주유소,NH-OIL,충북 충주시,충북,충주시,충북 충주시 주덕읍 신양로 34,0,0,1,043-846-0516
A0013201,감곡농협주유소,NH-OIL,충북 음성군,충북,음성군, 충북 음성군 감곡면 음성로 2608,0,0,1,043-881-2490
A0013202,중원농협주유소,NH-OIL,충북 충주시,충북,충주시,충청북도 충주시 동량면 충원대로 1317,1,0,1,043-851-5182
A0013203,서충주셀프주유소,HD현대오일뱅크,충북 충주시,충북,충주시,충북 충주시 대소원면 첨단산업로 123,1,0,1,0
A0013204,대소농협주유소,NH-OIL,충북 음성군,충북,음성군,충북 음성군 대소면 대동로 875,0,0,1,043-882-1580
A0013205,MG새마을금고지현주유소,HD현대오일뱅크,충북 충주시,충북,충주시,충북 충주시 예성로 86 (지현동),1,0,0,043-855-6704
A0013206,충주농협주유소,NH-OIL,충북 충주시,충북,충주시,충북 충주시 탄금대로 364,1,1,1,043-843-5149
A0013209,한국도로공사 음성(남이)주유/충전소,알뜰(ex),충북 음성군,충북,음성군,충북 음성군 삼성면 중부고속도로 51,1,1,1,043-878-5039
A0013211,대보디앤에스(주) 음성(하남)주유소,알뜰(ex),충북 음성군,충북,음성군,충북 음성군 삼성면 중부고속도로 52,1,1,1,043-877-1086
A0013221,㈜한진 충주롯데마트주유소,S-OIL,충북 충주시,충북,충주시,충북 충주시 충원대로 626(칠금동),1,0,1,043-857-5148
A0013225,퍼스트셀프주유소,HD현대오일뱅크,충북 음성군,충북,음성군,충북 음성군 대소면 대금로 623-1,1,0,0,043-881-5104
A0013227,HD현대오일뱅크㈜직영 충원대로주유소,HD현대오일뱅크,충북 충주시,충북,충주시,충북 충주시 충원대로 1020,0,0,1,043-853-1001
A0013228,충북석유(주) 모란주유소,SK에너지,충북 음성군,충북,음성군,충북 음성군 삼성면 덕정로30번길 22,1,0,0,043-877-3600
A0013236,신창에너지㈜괴산(양평)주유소,알뜰(ex),충북 괴산군,충북,괴산군,충북 괴산군 장연면 중부내륙고속도로 204,1,0,1,043-832-6598
A0013240,세동석유(주)SK신공단주유소,SK에너지,충북 음성군,충북,음성군,충북 음성군 대소면 대금로 118,1,0,0,043-535-3500
A0013244,(주)인엔아웃 충주(창원)주유소/충전소,알뜰(ex),충북 충주시,충북,충주시,충북 충주시 중앙탑면 중부내륙고속도로 231-1,1,1,1,043-857-7371
A0013245,(주)부자충주(상)주유소/충전소,알뜰(ex),충북 충주시,충북,충주시,충북 충주시 중앙탑면 중부내륙고속도로 230-1,1,0,1,043-857-4884
A0013255,대성산업(주) 충주주유소,GS칼텍스,충북 충주시,충북,충주시,충북 충주시 충원대로 725 (금릉동),1,0,1,043-857-8381
A0013260,괴산(마산)주유소/충전소,알뜰(ex),충북 괴산군,충북,괴산군,충북 괴산군 장연면 중부내륙고속도로 205,1,1,1,043-832-7970
A0013261,(주)바이오시스 금왕(제천)주유소/충전소,알뜰(ex),충북 음성군,충북,음성군,충북 음성군 금왕읍 평택제천고속도로 70,1,1,1,043-881-8122
A0013262,(주)바이오시스 금왕(평택)주유소/충전소,알뜰(ex),충북 음성군,충북,음성군,충북 음성군 금왕읍 평택제천고속도로 69,1,1,1,043-882-8030
A0013269,우리주유소,GS칼텍스,충북 제천시,충북,제천시,충북 제천시 청풍호로 360 (산곡동),1,0,0,043-644-7712
A0013272,대명주유소,GS칼텍스,충북 제천시,충북,제천시,충북 제천시 숭문로 8,1,0,0,043-642-3713
A0013274,신도시주유소,GS칼텍스,충북 제천시,충북,제천시,충북 제천시 청풍호로 76 (영천동),1,0,0,043-644-7711
A0013277,낙원주유소,HD현대오일뱅크,충북 제천시,충북,제천시,충북 제천시 금성면 청풍호로 1226,1,0,0,043-642-0642
A0013283,금호주유소,GS칼텍스,충북 증평군,충북,증평군,충북 증평군 증평읍 광장로 247,1,0,0,043-838-3498
A0013284,대성주유소,GS칼텍스,충북 제천시,충북,제천시,충북 제천시 동명로 78,0,0,0,043-648-6480
A0013288,쌍다리주유소,SK에너지,충북 단양군,충북,단양군,충청북도 단양군 단양읍 단양로 965,0,0,0,043-421-5157
A0013292,대광주유소,GS칼텍스,충북 제천시,충북,제천시,충북 제천시 내토로 570,1,0,0,043-643-8545
A0013294,가곡주유소,S-OIL,충북 단양군,충북,단양군,충북 단양군 가곡면 남한강로 729,0,0,0,043-421-2243
A0013307,금성주유소,HD현대오일뱅크,충북 제천시,충북,제천시,충북 제천시 금성면 청풍호로 881,0,0,0,043-652-8911
A0013309,이화주유소,GS칼텍스,충북 단양군,충북,단양군,충북 단양군 대강면 사인암로 512,0,0,0,043-421-5948
A0013312,용두주유소,GS칼텍스,충북 제천시,충북,제천시,충북 제천시 용두대로29길 9 (신월동),0,0,0,043-644-2424
A0013313,투구봉주유소,GS칼텍스,충북 단양군,충북,단양군,충북 단양군 단성면 월악로 4249,0,0,0,043-422-9621
A0013317,지에스주유소,GS칼텍스,충북 단양군,충북,단양군,충북 단양군 단양읍 삼봉로 93,0,0,0,043-421-1880
A0013322,한성주유소,SK에너지,충북 제천시,충북,제천시,충북 제천시 송학면 송학로 463,0,0,0,043-648-3330
A0013323,신월주유소,GS칼텍스,충북 제천시,충북,제천시,충북 제천시 제천북로 548,1,0,0,043-652-5150
A0013324,대성주유소,HD현대오일뱅크,강원 원주시,강원,원주시,강원 원주시 흥업면 원문로 804,1,0,1,033-744-2156
A0013325,사인암주유소,HD현대오일뱅크,충북 단양군,충북,단양군,충북 단양군 대강면 단양로 148,1,0,0,043-421-0120
A0013328,강변주유소,S-OIL,충북 단양군,충북,단양군,충북 단양군 단양읍 단양로 516,1,0,1,043-422-1320
A0013330,청풍주유소,GS칼텍스,충북 제천시,충북,제천시,충북 제천시 청풍면 청풍호로 2173,0,0,0,043-647-0457
A0013334,지산주유소,HD현대오일뱅크,충북 제천시,충북,제천시,충북 제천시 봉양읍 북부로 918,1,0,0,043-648-6168
A0013336,청화개발주식회사 동호주유소,SK에너지,충북 진천군,충북,진천군,충북 진천군 이월면 생거진천로 1963,1,0,1,043-532-6900
A0013338,녹연주유소,GS칼텍스,충북 단양군,충북,단양군,충북 단양군 어상천면 어상천로 982,0,0,0,043-423-2278
A0013340,(주)북단양IC주유소,SK에너지,충북 단양군,충북,단양군,충북 단양군 매포읍 적성로 28-12,0,0,0,043-422-5188
A0013343,일양주유소,GS칼텍스,충북 단양군,충북,단양군,충북 단양군 단양읍 수변로 101,0,0,1,043-422-3535
A0013347,주식회사하이원오일,HD현대오일뱅크,충북 제천시,충북,제천시,충북 제천시 송학면 북부로 3403,1,0,0,043-644-3992
A0013350,소백산주유소,GS칼텍스,충북 단양군,충북,단양군,충북 단양군 대강면 죽령로 2996,0,0,0,043-422-4831
A0013360,굿오일주유소,SK에너지,충북 단양군,충북,단양군,충북 단양군 매포읍 평동로 83,0,0,1,043-422-7785
A0013364,대신주유소,GS칼텍스,충북 제천시,충북,제천시,충북 제천시 용두대로 71 (하소동),1,0,1,043-644-7722
A0013368,남천주유소,S-OIL,충북 제천시,충북,제천시,충북 제천시 의병대로 132,1,0,1,043-921-9546
A0013370,청석주유소,S-OIL,충북 단양군,충북,단양군,충북 단양군 매포읍 단양로 1783,0,0,0,043-422-4122
A0013379,우암주유소,S-OIL,경기 고양시,경기,고양시,경기 고양시 덕양구 벽제동 보광로 198,0,0,0,031-963-2334
A0013380,월악산주유소,SK에너지,충북 제천시,충북,제천시,충북 제천시 한수면 월악로 1544,1,0,1,043-646-3331
A0013381,제일주유소,HD현대오일뱅크,충북 제천시,충북,제천시,충북 제천시 내토로 722 (교동),1,0,1,043-651-0173
A0013384,박달이주유소,SK에너지,충북 제천시,충북,제천시,충북 제천시 송학면 북부로 3510,1,0,0,043-651-6200
A0013386,에덴알뜰주유소,알뜰주유소,충북 제천시,충북,제천시,충북 제천시 봉양읍 제원로 795,0,1,1,043-653-2040
A0013406,덕산주유소,GS칼텍스,충북 제천시,충북,제천시,충북 제천시 덕산면 월악로 2294-7,0,0,0,043-644-6964
A0013409,두성주유소,HD현대오일뱅크,충북 제천시,충북,제천시,충북 제천시 내토로 1121 (고암동),0,0,0,043-646-5151
A0013418,희망주유소,GS칼텍스,충북 충주시,충북,충주시,충북 충주시 금봉대로 398,1,0,0,043-845-5651
A0013420,대동셀프주유소,GS칼텍스,충북 제천시,충북,제천시,충북 제천시 용두대로 354 (신월동),1,0,1,043-653-2619
A0013421,평화주유소,SK에너지,충북 제천시,충북,제천시,충북 제천시 내토로 513,1,0,0,043-646-0744
A0013422,두꺼비주유소,SK에너지,충북 제천시,충북,제천시,충북 제천시 청풍호로 347 (산곡동),1,0,0,043-646-2222
A0013423,의림셀프주유소,HD현대오일뱅크,충북 제천시,충북,제천시,충북 제천시 명륜로 74,1,0,0,043-647-6900
A0013425,강저셀프주유소,HD현대오일뱅크,충북 제천시,충북,제천시,충북 제천시 청풍호로 130,1,0,0,043-645-4786
A0013427,코끼리단양주유소,HD현대오일뱅크,충북 단양군,충북,단양군,충북 단양군 매포읍 적성로 13,0,0,0,043-421-5775
A0013434,성심주유소,S-OIL,충북 단양군,충북,단양군,충북 단양군 매포읍 적성로 60,1,0,0,043-421-5182
A0013437,제천하이테크주유소,알뜰주유소,충북 제천시,충북,제천시,충북 제천시 단양로 2897 (대랑동),0,0,1,043-653-9010
A0013440,신동주유소,GS칼텍스,충북 제천시,충북,제천시,충북 제천시 내토로 134,1,0,0,043-646-8026
A0013447,성암주유소,SK에너지,충북 제천시,충북,제천시,충청북도 제천시 덕산면 월악로 2478,1,0,0,043-648-0990
A0013449,남제천IC주유소,HD현대오일뱅크,충북 제천시,충북,제천시,충북 제천시 청풍호로 294 (산곡동),1,0,0,043-652-7122
A0013452,(주)맑은주유소,GS칼텍스,충북 제천시,충북,제천시,충북 제천시 북부로 2313,1,0,1,043-651-0514
A0013461,흥진주유소,HD현대오일뱅크,충북 청주시,충북,청주시,충북 청주시 청원구 북이면 충청대로 1293,0,0,0,043-211-5554
A0013465,오티주유소,SK에너지,충북 제천시,충북,제천시,충북 제천시 수산면 청풍호로 3035,0,0,1,043-647-4042
A0013469,성신엘엔에스(주) 사랑주유소,HD현대오일뱅크,충북 제천시,충북,제천시,충북 제천시 청풍호로 153,1,0,0,043-645-7021
A0013471,두학주유소,SK에너지,충북 제천시,충북,제천시,충북 제천시 의병대로 356 (두학동),0,0,0,043-646-7266
A0013473,박달령만수르주유소,S-OIL,충북 제천시,충북,제천시,충북 제천시 백운면 북부로 518,0,0,1,043-645-5188
A0013474,우송주유소,HD현대오일뱅크,충북 제천시,충북,제천시,충북 제천시 단양로 2935,1,0,0,043-647-5189
A0013477,영월랜드주유소,GS칼텍스,강원 영월군,강원,영월군,강원 영월군 한반도면 강원남로 267,1,0,0,033-372-8981
A0013482,(주)성한-평동주유소/충전소,HD현대오일뱅크,충북 단양군,충북,단양군,충북 단양군 매포읍 단양로 2010,0,0,0,043-421-0291
A0013484,반석주유소,S-OIL,충북 제천시,충북,제천시,충북 제천시 단양로 3034,0,0,0,043-652-9921
A0013485,관해주유소,HD현대오일뱅크,충북 제천시,충북,제천시,충북 제천시 북부로 2263,1,0,1,043-642-5189
A0013487,착한주유소 주식회사 상일물류,알뜰주유소,충북 제천시,충북,제천시,충북 제천시 단양로 3400 (신백동),1,0,1,043-643-0709
A0013489,(주)효성,SK에너지,충북 제천시,충북,제천시,충북 제천시 봉양읍 북부로 1263,0,0,0,043-644-1616
A0013490,안심주유소,HD현대오일뱅크,충북 단양군,충북,단양군,충북 단양군 매포읍 단양로 1315,1,0,0,043-422-7022
A0013491,㈜대양물류 알라딘주유소,GS칼텍스,충북 제천시,충북,제천시,충북 제천시 송학면 내토로 1243,1,0,0,043-643-5149
A0013493,장락주유소,자가상표,충북 제천시,충북,제천시,충북 제천시 제천북로 907,1,0,0,043-647-5050
A0013496,안동대주유소,S-OIL,경북 안동시,경북,안동시,경북 안동시 경동로 1263 (송천동),0,0,0,054-822-5186
A0013498,KK㈜ KK하나주유소,SK에너지,충북 제천시,충북,제천시,충북 제천시 북부로 2365,1,0,1,043-647-9202
A0013499,북단양농협 각기주유소,NH-OIL,충북 단양군,충북,단양군,충북 단양군 적성면 적성로 191,1,0,1,043-422-5220
A0013500,백운농협주유소,NH-OIL,충북 제천시,충북,제천시,충북 제천시 백운면 구학산로 32,1,0,1,043-652-6634
A0013501,단양소백농협주유소,NH-OIL,충북 단양군,충북,단양군,충북 단양군 영춘면 강변로 311,1,0,1,043-423-6109
A0013503,봉양농협주유소,NH-OIL,충북 제천시,충북,제천시,충북 제천시 봉양읍 북부로 1152,0,0,1,043-645-3503
A0013504,단양농협주유소,NH-OIL,충북 단양군,충북,단양군,충북 단양군 단양읍 삼봉로 368,1,0,1,043-421-5185
A0013505,제천농협주유소,NH-OIL,충북 제천시,충북,제천시,충북 제천시 의림대로 394,0,1,1,043-652-5185
A0013512,제천IC주유소,HD현대오일뱅크,충북 제천시,충북,제천시,충북 제천시 내토로 333,1,0,1,043-643-2430
A0013514,중문스테이션㈜케이투에너지,HD현대오일뱅크,충북 제천시,충북,제천시,충북 제천시 의림대로 226,1,0,0,000-000-0000
A0013516,㈜광동유통 단양팔경(춘천)주유소/충전소,알뜰(ex),충북 단양군,충북,단양군,충북 단양군 단성면 하방3길 100,1,1,1,043-421-1676
A0013535,(주)백경 왕미주유소,S-OIL,충북 제천시,충북,제천시,충북 제천시 제천북로 152,1,0,0,043-644-2700
A0013536,이케이에너지㈜ 단양팔경(부산)주유소/충전소,알뜰(ex),충북 단양군,충북,단양군,충북 단양군 적성면 기동2길 32-37,1,1,1,043-423-5406
A0013539,㈜제이에이치석유,GS칼텍스,충북 단양군,충북,단양군,충북 단양군 매포읍 단양로 2327,1,0,0,043-421-3697
A0013543,군북주유소,SK에너지,충남 금산군,충남,금산군,충남 금산군 군북면 군북로 492,0,0,0,041-752-0236
A0013548,삼미상사㈜ 대원셀프주유소,SK에너지,대전 대덕구,대전,대덕구,대전 대덕구 동서대로 1772 (비래동),1,0,1,042-673-7412
A0013549,5공단셀프주유소,HD현대오일뱅크,충남 천안시,충남,천안시,충남 천안시 동남구 수신면 5산단로 196,1,0,1,041-565-5189
A0013550,가까운주유소,SK에너지,충남 금산군,충남,금산군,충남 금산군 군북면 어필각로 117,1,0,0,041-754-0318
A0013552,광덕셀프주유소,SK에너지,충남 천안시,충남,천안시,충남 천안시 동남구 광덕면 광풍로 240,1,0,0,041-553-7732
A0013568,원촌주유소,SK에너지,대전 대덕구,대전,대덕구,대전 대덕구 아리랑로 55 (읍내동),1,0,0,042-633-6330
A0013575,신대주유소,GS칼텍스,충남 금산군,충남,금산군,충남 금산군 복수면 복수로 945,0,0,0,041-752-2067
A0013587,하나로주유소,SK에너지,대전 중구,대전,중구,대전 중구 대둔산로 211 (안영동),1,0,1,042-581-5189
A0013597,동일석유㈜대전주유소,SK에너지,대전 동구,대전,동구,대전 동구 계족로 436 (용전동),1,0,1,042-673-8880
A0013608,창대주유소,HD현대오일뱅크,충남 논산시,충남,논산시,충남 논산시 양촌면 황산벌로 301,0,0,0,041-741-5181
A0013609,오정동SM셀프주유소,HD현대오일뱅크,대전 대덕구,대전,대덕구,대전 대덕구 오정로 123 (오정동),1,0,1,042-621-2997
A0013612,충남주유소,자가상표,대전 중구,대전,중구,대전 중구 대흥로 80 (대흥동),0,0,0,042-256-0101
A0013615,대전알찬주유소,S-OIL,대전 동구,대전,동구,대전 동구 우암로 316 (가양동),1,0,0,042-633-7975
A0013621,태성주유소,S-OIL,대전 중구,대전,중구,대전 중구 동서대로 1459 (중촌동),1,0,0,042-252-5189
A0013623,가람주유소,S-OIL,충남 아산시,충남,아산시,충남 아산시 인주면 인주산단로 23-2,0,0,0,041-532-5132
A0013625,이창주유소,S-OIL,충남 논산시,충남,논산시,충남 논산시 연산면 계백로 2593,0,0,0,041-735-7763
A0013628,동성셀프주유소,HD현대오일뱅크,대전 중구,대전,중구,대전 중구 문화로 97,1,0,0,042-585-8730
A0013629,씨앤에스유통㈜ 호수공원주유소,S-OIL,대전 서구,대전,서구,대전 서구 계백로 1259 (정림동),1,0,0,042-534-5189
A0013631,지에스칼텍스(주)21세기주유소,GS칼텍스,대전 유성구,대전,유성구,대전 유성구 유성대로 845,1,0,1,042-825-2800
A0013635,한마음주유소,S-OIL,충북 충주시,충북,충주시,충북 충주시 살미면 중원대로 2410,1,0,0,043-846-2320
A0013640,청룡휴게주유소,S-OIL,충남 공주시,충남,공주시,충남 공주시 의당면 차령로 2218,1,0,0,041-853-5189
A0013644,굴다리주유소,HD현대오일뱅크,강원 강릉시,강원,강릉시,강원 강릉시 경강로1804번길 8 (홍제동),0,0,0,033-647-1569
A0013650,안영셀프주유소,HD현대오일뱅크,대전 중구,대전,중구,대전 중구 대둔산로 241 (안영동),1,0,0,042-585-6001
A0013652,갈마주유소,GS칼텍스,대전 서구,대전,서구,대전 서구 신갈마로 130,1,0,0,042-526-0890
A0013669,하나SK주유소,SK에너지,충남 금산군,충남,금산군,충남 금산군 금성면 진산로 142,0,0,0,041-751-0254
A0013671,진영주유소,HD현대오일뱅크,세종시,세종시,세종시,세종 소정면 세종로 4732,1,0,0,044-866-0220
A0013672,소망주유소,GS칼텍스,대전 중구,대전,중구,대전 중구 보문산로 307 (문화동),1,0,0,042-584-0413
A0013680,KH에너지㈜직영 태양주유소,SK에너지,대전 동구,대전,동구,대전 동구 한밭대로 1258 (용전동),1,0,1,042-624-5122
A0013686,진산주유소,GS칼텍스,충남 금산군,충남,금산군,충남 금산군 진산면 대둔산로 410,1,0,1,041-752-4047
A0013695,라자로주유소,S-OIL,대전 대덕구,대전,대덕구,대전 대덕구 대전로 1390,1,0,0,042-632-5151
A0013700,개나리주유소오일뱅크,HD현대오일뱅크,대전 대덕구,대전,대덕구,대전 대덕구 오정로 53 (오정동),0,0,0,042-631-4466
A0013706,거북이주유소,GS칼텍스,대전 중구,대전,중구,대전 중구 문화로 35,0,0,0,042-584-8251
A0013709,이화주유소,SK에너지,대전 중구,대전,중구,대전 중구 대종로 166,0,0,0,042-274-5189
A0013718,삼정주유소,GS칼텍스,경기 포천시,경기,포천시,경기 포천시 소흘읍 화합로 298,1,0,0,031-542-2624
A0013719,늘푸른주유소,SK에너지,충남 금산군,충남,금산군,충남 금산군 추부면 다복로 717,1,0,0,041-754-5011
A0013732,장관주유소,GS칼텍스,충북 진천군,충북,진천군,충북 진천군 진천읍 생거진천로 1459,1,0,0,043-537-3361
A0013733,동물원주유소,SK에너지,대전 중구,대전,중구,대전 중구 대둔산로 270 (사정동),1,0,0,042-587-5151
A0013736,삼육주유소,SK에너지,대전 중구,대전,중구,대전 중구 대전천서로 757,1,0,1,042-257-3636
A0013737,유원주유소,GS칼텍스,대전 동구,대전,동구,대전 동구 계족로 513 ``,1,0,0,042-672-3613
A0013743,복수주유소,S-OIL,충남 금산군,충남,금산군,충남 금산군 복수면 다복로 8,0,0,0,041-754-5153
A0013750,(주)하늘셀프주유소,SK에너지,대전 동구,대전,동구,대전 동구 대전로 549,1,0,0,042-283-5151
A0013757,홍삼주유소,SK에너지,충남 금산군,충남,금산군,충남 금산군 복수면 복수로 376,1,0,0,041-751-0251
A0013774,서대산주유소,HD현대오일뱅크,충남 금산군,충남,금산군,충남 금산군 추부면 서대산로 477,0,0,0,041-753-8005
A0013779,신탄진알뜰주유소,알뜰주유소,대전 대덕구,대전,대덕구,대전 대덕구 대덕대로1527번길 374,1,0,1,042-932-3000
A0013788,㈜주운 금산인삼주유소,S-OIL,충남 금산군,충남,금산군,충남 금산군 금산읍 인삼로 198,0,0,0,041-751-1900
A0013798,(주)이선 광장셀프주유소,SK에너지,대전 동구,대전,동구,대전 동구 계족로 305,1,0,0,042-623-2368
A0013799,산내제일주유소,S-OIL,대전 동구,대전,동구,대전 동구 대전로 269 (대성동),1,0,1,042-282-5189
A0013802,(주)석교주유소,SK에너지,대전 중구,대전,중구,대전 중구 대종로 207 (석교동),1,0,1,042-273-7755
A0013804,범아주유소,S-OIL,충남 금산군,충남,금산군,충남 금산군 군북면 어필각로 241,0,0,0,041-753-6628
A0013806,금산제원주유소,S-OIL,충남 금산군,충남,금산군,충남 금산군 제원면 군북로 464,0,0,0,041-752-2125
A0013807,현대셀프주유소,HD현대오일뱅크,대전 서구,대전,서구,대전 서구 변동로 114 (변동),1,0,0,042-535-0885
A0013825,금정주유소,S-OIL,충남 금산군,충남,금산군,충남 금산군 추부면 금산로 2341,1,0,1,041-751-5189
A0013829,진산자연휴양림,SK에너지,충남 금산군,충남,금산군,충남 금산군 진산면 대둔산로 6,1,0,0,041-752-0933
A0013832,신일주유소,HD현대오일뱅크,대전 대덕구,대전,대덕구,대전 대덕구 산업단지로 112,1,0,1,042-936-5145
A0013847,대둔주유소,SK에너지,충남 금산군,충남,금산군,충남 금산군 복수면 다복로 121,0,0,1,041-754-3103
A0013856,우리셋주유소,S-OIL,대전 중구,대전,중구,대전 중구 대둔산로 150,1,0,0,042-581-0678
A0013863,소태산주유소,HD현대오일뱅크,대전 대덕구,대전,대덕구,대전 대덕구 신탄진로 163 (신대동),1,0,0,042-636-4438
A0013873,sk대동주유소,SK에너지,대전 동구,대전,동구,대전 동구 계족로140번길 73 (용운동),1,0,0,042-283-5333
A0013901,도서관셀프주유소,HD현대오일뱅크,대전 중구,대전,중구,대전 광역시 중구 보문산로 353,1,0,0,042-581-2148
A0013904,봉황주유소,HD현대오일뱅크,충남 금산군,충남,금산군,충남 금산군 제원면 금강로 172,0,0,0,041-753-0927
A0013909,쌍용주유소 선인에너지,알뜰주유소,대전 대덕구,대전,대덕구,대전 대덕구 신탄진로 83 (연축동),1,0,1,042-628-0088
A0013912,(주)청정에너지,SK에너지,충남 금산군,충남,금산군,충남 금산군 제원면 인삼로 416,1,0,0,041-754-5152
A0013915,주식회사대동현대셀프,HD현대오일뱅크,대전 동구,대전,동구,대전 동구 계족로 126,1,0,0,0
A0013916,우영주유소,HD현대오일뱅크,충남 금산군,충남,금산군,충남 금산군 복수면 다복로 437,0,0,0,041-753-1818
A0013917,안영IC주유소,GS칼텍스,대전 중구,대전,중구,대전 중구 대둔산로 188 (안영동),1,0,0,042-584-5145
A0013918,(주)김여사네 대전지점,S-OIL,대전 중구,대전,중구,대전 중구 대종로 558 (선화동),1,0,0,042-254-5189
A0013921,금산흥국주유소,SK에너지,충남 금산군,충남,금산군,충남 금산군 금산읍 금산로 1544,0,0,0,041-754-6250
A0013924,삼산주유소,GS칼텍스,충남 금산군,충남,금산군,충남 금산군 금산읍 인삼로 332,0,0,0,041-753-5151
A0013925,새금산주유소,SK에너지,충남 금산군,충남,금산군,충남 금산군 금산읍 금산로 1331,0,0,0,041-754-8200
A0013926,금산주유소,GS칼텍스,충남 금산군,충남,금산군,충남 금산군 금산읍 금산로 1486,0,0,0,041-752-2122
A0013932,새말주유소,SK에너지,충남 금산군,충남,금산군,충남 금산군 군북면 금산로 1746,0,0,0,041-752-2389
A0013935,청정주유소,SK에너지,대전 중구,대전,중구,대전 중구 오류로 120 (오류동),1,0,1,042-536-5151
A0013936,꿀벌주유소,HD현대오일뱅크,충남 금산군,충남,금산군,충남 금산군 추부면 서대산로 540,1,0,0,041-752-5826
A0013937,마전주유소,SK에너지,충남 금산군,충남,금산군,충남 금산군 추부면 마전로 20,1,0,0,041-752-5012
A0013939,추정주유소,HD현대오일뱅크,충남 금산군,충남,금산군,충남 금산군 추부면 금산로 2284,1,0,0,041-753-8951
A0013941,홍대셀프주유소,S-OIL,세종시,세종시,세종시,세종특별자치시 조치원읍 세종로 2654,1,0,0,044-865-9966
A0013942,양정주유소,S-OIL,충남 계룡시,충남,계룡시,충남 계룡시 엄사면 계백로 3107,1,0,0,042-841-5148
A0013945,(주)농협대전유통 하나로주유소,NH-OIL,대전 중구,대전,중구,대전 중구 대둔산로199번길 43,1,0,1,042-580-5083
A0013946,동광장주유소,S-OIL,대전 동구,대전,동구,대전 동구 중앙로 280,1,0,0,000-0000-0000
A0013949,아원주유소,HD현대오일뱅크,대전 동구,대전,동구,대전 동구 계족로 326,1,0,0,042-625-2928
A0013951,두바이주유소 도안씨티㈜,SK에너지,대전 중구,대전,중구,대전 중구 보문로 117,1,0,0,042-242-5250
A0013952,와동셀프주유소 ㈜에스에이치에너지,SK에너지,대전 대덕구,대전,대덕구,대전 대덕구 신탄진로 386,1,0,0,042-710-0609
A0013959,금성주유소,S-OIL,대전 중구,대전,중구,대전 중구 동서대로 1183 (태평동),1,0,1,042-525-1183
A0013962,삼삼주유소,S-OIL,충남 금산군,충남,금산군,충남 금산군 금성면 금산로 1578,1,0,0,041-753-4058
A0013963,금산농협주유소,NH-OIL,충남 금산군,충남,금산군,충남 금산군 남일면 무금로 2161,0,1,1,041-751-1155
A0013965,인삼랜드(하)주유소/충전소,알뜰(ex),충남 금산군,충남,금산군,충청남도 금산군 군북면 어필각로 300,1,1,1,041-751-2895
A0013967,진산농협주유소,NH-OIL,충남 금산군,충남,금산군,충남 금산군 진산면 대둔산로 604,0,0,1,041-752-4238
A0013969,부리농협주유소,NH-OIL,충남 금산군,충남,금산군,충남 금산군 부리면 무금로 1585,0,1,1,041-754-5188
A0013970,서대전농협주유소,SK에너지,대전 중구,대전,중구,대전 중구 계백로 1555 (유천동),1,0,1,042-535-9251
A0013977,HD현대오일뱅크㈜직영 충무주유소,HD현대오일뱅크,대전 중구,대전,중구,대전 중구 충무로 141 (부사동),0,0,1,042-222-8788
A0013983,재하주유소,HD현대오일뱅크,대전 동구,대전,동구,대전 동구 동서대로 1664 (성남동),1,0,1,042-626-6626
A0013984,럭키셀프주유소,HD현대오일뱅크,대전 대덕구,대전,대덕구,대전 대덕구 한밭대로 1007,1,0,0,042-000-0000
A0013985,중촌셀프주유소,HD현대오일뱅크,대전 중구,대전,중구,대전 중구 동서대로 1434 (선화동),1,0,0,0
A0013986,㈜남강 중앙로셀프주유소,HD현대오일뱅크,대전 중구,대전,중구,대전 중구 중앙로 64,1,0,1,042-256-0238
A0013988,OK주유소,HD현대오일뱅크,대전 대덕구,대전,대덕구,대전 대덕구 대전로 1312 (읍내동),1,0,1,042-633-8757
A0013991,용전셀프주유소,HD현대오일뱅크,대전 동구,대전,동구,대전 동구 동서대로 1627,1,0,0,042-637-8838
A0013998,은빛주유소,HD현대오일뱅크,대전 대덕구,대전,대덕구,대전 대덕구 아리랑로 70 (읍내동),1,0,0,042-631-5104
A0014001,지에스칼텍스(주)바이오주유소,GS칼텍스,충북 청주시,충북,청주시,충북 청주시 청원구 오창읍 과학산업3로 202-12,1,0,1,043-214-5145
A0014015,토지주유소,GS칼텍스,대전 동구,대전,동구,대전 동구 계족로 249,1,0,0,042-000-0000
A0014019,내트럭(주)남대전사업소,SK에너지,대전 동구,대전,동구,대전 동구 대전로 15,1,0,1,042-271-5673
A0014021,(주)제트 동서로주유소,HD현대오일뱅크,대전 중구,대전,중구,대전 중구 동서대로 1293,1,0,0,042-532-5050
A0014024,㈜연정 농수산주유소,GS칼텍스,대전 대덕구,대전,대덕구,대전 대덕구 한밭대로 1014,1,0,0,042-635-1587
A0014026,(주)학하 삼성셀프주유소,HD현대오일뱅크,대전 동구,대전,동구,대전 동구 대전로 908 (삼성동),1,0,0,042-637-5566
A0014033,평화주유소,S-OIL,충남 금산군,충남,금산군,충남 금산군 복수면 복수로 800,0,0,0,041-754-5116
A0014037,씨앤에스유통(주)회덕아이씨주유소,S-OIL,대전 대덕구,대전,대덕구,대전광역시 대덕구  갑천도시고속도로 1084 (회덕동),1,0,0,042-672-5151
A0014038,대양석유㈜ 대덕주유소,SK에너지,대전 대덕구,대전,대덕구,대전 대덕구 동서대로 1811,1,0,1,042-633-7775
A0014039,(주)에너비즈 삼성주유소,S-OIL,대전 중구,대전,중구,대전 중구 계룡로 778 (오류동),1,0,0,042-537-5189
A0014040,㈜용운주유소,알뜰주유소,대전 동구,대전,동구,대전 동구 백룡로 77 (용운동),1,0,1,042-471-6699
A0014044,대성셀프주유소,HD현대오일뱅크,대전 동구,대전,동구,대전 동구 대전로 292,1,0,1,042-286-9505
A0014046,에이스주유소,SK에너지,대전 동구,대전,동구,대전 동구 동대전로 253,1,0,1,042-632-5289
A0014049,동일주유소,HD현대오일뱅크,충북 영동군,충북,영동군,충북 영동군 영동읍 회동로 38,1,0,0,043-744-6868
A0014053,대도주유소,HD현대오일뱅크,대전 대덕구,대전,대덕구,대전 대덕구 신탄진로756번길 2 (신탄진동),0,0,0,042-931-7600
A0014057,삼마주유소,GS칼텍스,충남 금산군,충남,금산군,충남 금산군 금성면 금산로 1654,1,0,0,041-751-3377
A0014069,공단주유소,GS칼텍스,대전 대덕구,대전,대덕구,대전 대덕구 대전로 1285 (대화동),0,0,1,042-634-0225
A0014071,대웅주유소,GS칼텍스,충남 금산군,충남,금산군,충남 금산군 추부면 금산로 2413,1,0,0,041-753-8335
A0014078,신가오주유소,SK에너지,대전 동구,대전,동구,대전 동구 은어송로 38 (가오동),1,0,1,042-272-7171
A0014079,신고개주유소,S-OIL,대전 동구,대전,동구,대전 동구 새울로 38 (용운동),1,0,1,042-285-6700
A0014082,우정주유소,S-OIL,대전 동구,대전,동구,대전 동구 옥천로 418 (삼정동),1,0,1,042-284-0235
A0014086,동아주유소,HD현대오일뱅크,대전 동구,대전,동구,대전 동구 동대전로 118 (대동),1,0,0,042-626-3333
A0014087,매봉주유소,SK에너지,대전 동구,대전,동구,대전 동구 우암로 247 (가양동),1,0,0,042-636-6086
A0014089,호원셀프주유소,HD현대오일뱅크,대전 동구,대전,동구,대전 동구 한밭대로 1315 (용전동),1,0,1,042-672-2954
A0014095,제일셀프주유소,S-OIL,대전 대덕구,대전,대덕구,대전 대덕구  동서대로 1750 (비래동),1,0,0,042-638-4255
A0014096,㈜버드에너지 무실제일주유소,S-OIL,강원 원주시,강원,원주시,강원 원주시 북원로 2151,1,0,0,033-813-0230
A0014103,코끼리셀프주유소,S-OIL,대전 서구,대전,서구,대전 서구 도산로 446 (용문동),1,0,0,042-522-3240
A0014105,㈜더유에너지 태암주유소,HD현대오일뱅크,대전 동구,대전,동구,대전 동구 대전로 264,1,0,0,042-282-5466
A0014106,고향주유소,HD현대오일뱅크,대전 동구,대전,동구,대전 동구 산내로 562,0,0,1,042-273-1998
A0014108,가양셀프주유소,S-OIL,대전 동구,대전,동구,대전 동구 우암로 365 (가양동),1,0,0,042-632-3838
A0014109,지에스칼텍스㈜현암주유소,GS칼텍스,대전 동구,대전,동구,대전 동구 동서대로 1494 (삼성동),1,0,1,042-634-3151
A0014117,당산주유소,SK에너지,대전 대덕구,대전,대덕구,대전 대덕구 아리랑로 135 (읍내동),0,0,0,042-622-2133
A0014124,동안주유소,HD현대오일뱅크,충북 옥천군,충북,옥천군,충북 옥천군 옥천읍 매동로 108,0,0,1,043-732-0540
A0014127,중도석유(주)오정동주유소,GS칼텍스,대전 대덕구,대전,대덕구,대전 대덕구 대전로 1144 (오정동),0,0,1,042-672-4843
A0014138,비전주유소,GS칼텍스,인천 미추홀구,인천,미추홀구,인천 미추홀구 석정로 429,1,0,0,032-864-6492
A0014140,설성주유소,SK에너지,충남 공주시,충남,공주시,충남 공주시 탄천면 통산로 137,0,0,0,041-853-6787
A0014141,㈜기인개발 중부제1주유소,S-OIL,충남 공주시,충남,공주시,충남 공주시 정안면 차령로 3337-39,1,0,0,041-856-3078
A0014142,실광주유소,HD현대오일뱅크,세종시,세종시,세종시,세종특별자치시 연기면 당산로 239,1,0,0,044-863-7000
A0014143,신관주유소,GS칼텍스,충남 공주시,충남,공주시,충남 공주시 관골1길 34-1,1,0,0,041-856-5181
A0014147,녹천주유소,S-OIL,충남 공주시,충남,공주시,충남 공주시 유구읍 유구외곽로 34,0,0,0,041-841-0555
A0014153,금빛주유소,SK에너지,세종시,세종시,세종시,세종특별자치시 조치원읍 새내로 182,1,0,0,044-865-2251
A0014155,드림Self주유소,S-OIL,충남 공주시,충남,공주시,충남 공주시 정안면 차령로 3600,1,0,0,041-858-5104
A0014156,오성주유소,S-OIL,충남 공주시,충남,공주시,충남 공주시 우금티로 424 (금학동),0,0,0,041-856-0058
A0014161,지에스칼텍스(주)고대공단주유소,GS칼텍스,충남 당진시,충남,당진시,충남 당진시 송악읍 북부산업로 1108,0,0,0,041-356-2016
A0014168,유계주유소,S-OIL,충남 공주시,충남,공주시,충남 공주시 의당면 의당전의로 467,0,0,0,041-853-4546
A0014172,대일종합에너지주유소 태전점,HD현대오일뱅크,대구 북구,대구,북구,대구 북구 태전로 14 (태전동),1,0,0,053-295-8251
A0014176,동학사주유소,SK에너지,충남 공주시,충남,공주시,충남 공주시 반포면 금벽로 1963,1,0,0,041-857-0809
A0014178,이인주유소,S-OIL,충남 공주시,충남,공주시,충남 공주시 이인면 검바위로 205,0,0,0,041-857-0118
A0014185,남양대영주유소,HD현대오일뱅크,세종시,세종시,세종시,세종시 장군면 장기로 842,1,0,0,044-856-5175
A0014189,충청에너지주유소,알뜰주유소,세종시,세종시,세종시,세종특별자치시 전의면 세종로 3894,1,1,1,044-862-5133
A0014190,HD현대오일뱅크㈜직영 청사셀프주유소,HD현대오일뱅크,세종시,세종시,세종시,세종특별자치시 다솜로 38 (어진동),1,0,1,044-881-5182
A0014191,차사랑주유소,SK에너지,충남 공주시,충남,공주시,충남 공주시 정안면 차령로 3133,0,0,0,041-858-5444
A0014192,서남부주유소,HD현대오일뱅크,대전 유성구,대전,유성구,대전 유성구 유성대로 44,1,0,1,042-542-5189
A0014194,연기주유소,GS칼텍스,세종시,세종시,세종시,세종특별자치시 연기면 당산로 116,0,0,0,044-863-7600
A0014196,여로주유소,S-OIL,충남 공주시,충남,공주시,충남 공주시  전진배길 413 (소학동),0,0,0,041-855-3999
A0014198,그린주유소,HD현대오일뱅크,세종시,세종시,세종시,세종 조치원읍 세종로 2706,1,0,0,044-866-5142
A0014200,(주)에너비즈 명품주유소,S-OIL,대전 서구,대전,서구,대전 서구 배재로 218 (도마동),1,0,0,042-521-0051
A0014202,태산주유소,HD현대오일뱅크,세종시,세종시,세종시,세종특별자치시 소정면 세종로 4274,1,0,0,044-523-6565
A0014203,지에스칼텍스㈜ 석곡셀프주유소,GS칼텍스,세종시,세종시,세종시,세종 전동면 하석곡길 64-10,1,0,1,044-868-3116
A0014209,이백주유소,GS칼텍스,충북 옥천군,충북,옥천군,충북 옥천군 군북면 옥천로 1098,0,0,0,043-731-5442
A0014210,신영주유소,HD현대오일뱅크,충남 공주시,충남,공주시,충남 공주시 유구읍 금계산로 424,0,0,1,041-841-5553
A0014214,금영주유소,HD현대오일뱅크,충남 공주시,충남,공주시,충남 공주시 소학동길 125,1,0,0,041-856-4290
A0014215,형제복지주유소,S-OIL,충남 공주시,충남,공주시,충청남도 공주시 이인면 백제큰길 1178,0,0,0,041-856-8951
A0014216,아성주유소,S-OIL,충남 공주시,충남,공주시,충남 공주시 무령로 424 (신관동),0,0,0,041-856-5179
A0014220,영광Self주유소,SK에너지,충남 공주시,충남,공주시,충남 공주시 정안면 정안중앙길 198,1,0,0,041-858-6509
A0014221,유구셀프주유소,SK에너지,충남 공주시,충남,공주시,충남 공주시 유구읍 중앙1길 66,1,0,0,041-841-5151
A0014222,신풍주유소,HD현대오일뱅크,충남 공주시,충남,공주시,충남 공주시 신풍면 차동로 2144,0,0,0,041-841-5551
A0014225,장암주유소,SK에너지,충남 부여군,충남,부여군,충남 부여군 장암면 충절로 1900,0,0,0,041-834-6226
A0014226,고마셀프주유소,GS칼텍스,충남 공주시,충남,공주시,충남 공주시 우금티로 327 (주미동),1,0,1,041-852-7009
A0014227,평산주유소,S-OIL,세종시,세종시,세종시,세종특별자치시 조치원읍 허만석로 84,1,0,1,044-867-5189
A0014233,동유주유소,SK에너지,세종시,세종시,세종시,세종시 조치원읍 새내로 142,0,0,0,044-865-2961
A0014235,학당셀프주유소,GS칼텍스,충남 청양군,충남,청양군,충남 청양군 청양읍 충절로 1361,1,0,0,041-943-5151
A0014236,달산주유소,HD현대오일뱅크,충남 공주시,충남,공주시,충남 공주시 이인면 검바위로 71,1,0,0,041-852-3566
A0014238,신원self주유소,SK에너지,세종시,세종시,세종시,세종특별자치시 조치원읍 세종로 2562,1,0,0,044-868-5101
A0014243,청광주유소,HD현대오일뱅크,충남 청양군,충남,청양군,충남 청양군 청양읍 중앙로 81,0,0,0,041-942-2790
A0014251,청기와주유소,GS칼텍스,충남 공주시,충남,공주시,충남 공주시 신기안길 142,0,0,0,041-857-7400
A0014260,두정탑주유소,GS칼텍스,충남 천안시,충남,천안시,충남 천안시 서북구 동서대로 61,1,0,0,041-588-5189
A0014261,송곡주유소,S-OIL,충남 공주시,충남,공주시,충남 공주시 반포면 송곡로 217,0,0,0,041-857-9333
A0014266,내판주유소,SK에너지,세종시,세종시,세종시,세종 연동면 청연로 639,0,0,1,044-864-9229
A0014269,명화제일주유소,S-OIL,세종시,세종시,세종시,세종특별자치시 전동면 운주산로 224,0,0,0,044-862-6233
A0014276,흥진셀프주유소,GS칼텍스,세종시,세종시,세종시,세종시 조치원읍 세종로 2563,1,0,0,044-866-5104
A0014281,삼진self주유소,SK에너지,충남 공주시,충남,공주시,충남 공주시 의당면 의당로 287,1,0,0,041-857-5189
A0014283,(주)신창에너지 공주대주유소,S-OIL,충남 공주시,충남,공주시,충남 공주시 무령로 435 (신관동),1,0,0,041-852-5181
A0014289,중부제3셀프주유소,SK에너지,충남 공주시,충남,공주시,충남 공주시 무령로 466 (신관동),1,0,0,041-881-8851
A0014303,명성self주유소,GS칼텍스,세종시,세종시,세종시,세종 조치원읍 세종로 2210,1,0,0,044-863-3885
A0014308,푸른주유소,S-OIL,충남 공주시,충남,공주시,충남 공주시 반포면 금벽로 1749,1,0,0,041-881-0088
A0014311,백룡주유소,HD현대오일뱅크,충남 공주시,충남,공주시,충남 공주시 신풍면 차동로 1789,0,0,0,041-841-8246
A0014314,정산주유소,GS칼텍스,충남 청양군,충남,청양군,충남 청양군 정산면 정현길 84-2,0,0,0,041-942-0010
A0014315,미당주유소,GS칼텍스,충남 청양군,충남,청양군,충남 청양군 청남면 왕진로 583,1,0,0,041-942-7007
A0014318,천지주유소,GS칼텍스,충남 공주시,충남,공주시,충남 공주시 정안면 차령로 3270,0,0,0,041-858-2324
A0014319,프라이드에너지주식회사,S-OIL,충남 공주시,충남,공주시,충청남도 공주시 계룡면 차령로 824 (계룡면),0,0,0,041-881-3334
A0014320,중부주유소,S-OIL,충남 공주시,충남,공주시,충남 공주시 우성면 우성길 112,0,0,0,041-852-5536
A0014346,신사주유소,SK에너지,충남 공주시,충남,공주시,충남 공주시 사곡면 차동로 1431,0,0,0,041-841-4422
A0014347,중앙주유소,GS칼텍스,세종시,세종시,세종시,세종 조치원읍 새내로 201,1,0,0,044-865-7789
A0014351,백제주유소,HD현대오일뱅크,세종시,세종시,세종시,세종 소정면 차령고개로 1087,0,0,0,044-523-6565
A0014354,갑사주유소,S-OIL,충남 공주시,충남,공주시,충남 공주시 계룡면 영규대사로 585,1,0,0,041-857-5542
A0014359,신사주유소,S-OIL,세종시,세종시,세종시,세종 부강면 청연로 71,0,0,1,044-275-5522
A0014364,서공주IC주유소,S-OIL,충남 공주시,충남,공주시,충청남도 공주시 우성면 공수원로 251,1,0,0,041-852-5144
A0014365,자연주유소,SK에너지,충남 공주시,충남,공주시,충남 공주시 계룡면 차령로 1064,0,0,0,041-858-5151
A0014372,㈜삼화에너지 차령,HD현대오일뱅크,충남 공주시,충남,공주시,충남 공주시 정안면 차령로 3952-18,1,0,1,041-852-5180
A0014374,세종주유소,HD현대오일뱅크,세종시,세종시,세종시,세종 소정면 세종로 4313,1,0,1,044-552-5185
A0014379,세종예운주유소,HD현대오일뱅크,세종시,세종시,세종시,세종 부강면 부강외천로 301,1,0,0,044-275-5150
A0014381,현대신원주유소,HD현대오일뱅크,충남 공주시,충남,공주시,충남 공주시 계룡면 영규대사로 143,0,0,0,041-854-5111
A0014382,CJ대한통운㈜ 중부화물터미널주유소,GS칼텍스,세종시,세종시,세종시,세종 부강면 연청로 745-46,0,0,1,044-260-5189
A0014385,송선셀프주유소,S-OIL,충남 공주시,충남,공주시,충남 공주시 송선농공단지길 6 (송선동),1,0,0,041-852-5177
A0014386,공주VIP주유소,자가상표,충남 공주시,충남,공주시,충남 공주시 소학동길 179,1,0,0,041-961-9300
A0014388,한옥마을주유소,HD현대오일뱅크,충남 공주시,충남,공주시,충남 공주시 전진배길 283,1,0,0,041-855-3332
A0014389,행복주유소,SK에너지,세종시,세종시,세종시,세종시 부강면 시목부강로 423,1,0,1,044-863-5187
A0014391,새롬주유소,SK에너지,세종시,세종시,세종시,세종시 어울로 77 (새롬동),1,0,0,044-864-5188
A0014393,세종대왕주유소,HD현대오일뱅크,세종시,세종시,세종시,세종 전의면 세종로 3907,1,0,0,044-272-0906
A0014394,세종로주유소,S-OIL,세종시,세종시,세종시,세종 전의면 세종로 3880,1,0,0,044-863-4508
A0014396,엔젤주유소,HD현대오일뱅크,충남 공주시,충남,공주시,충남 공주시 무령로 345  (옥룡동),1,0,0,041-853-2222
A0014397,HD현대오일뱅크㈜직영 공주현대주유소,HD현대오일뱅크,충남 공주시,충남,공주시,충남 공주시 계룡면 차령로 867,0,0,1,041-881-5189
A0014398,강녕주유소,GS칼텍스,충남 공주시,충남,공주시,충남 공주시 금벽로 1004-49,1,0,0,041-854-2157
A0014399,안성셀프오일뱅크,HD현대오일뱅크,경기 안성시,경기,안성시,경기 안성시 죽산면 걸미로 636,1,0,0,031-000-0000
A0014400,신안주유소,알뜰주유소,세종시,세종시,세종시,세종 조치원읍 세종로 2678,1,1,1,044-865-2321
A0014401,㈜삼화에너지 일월,HD현대오일뱅크,충남 공주시,충남,공주시,충남 공주시 정안면 차령로 3953,1,0,1,041-000-0000
A0014402,(유) 대명케이에프 차에너지주유소,HD현대오일뱅크,충남 공주시,충남,공주시,충청남도 공주시 차령로 1856 (동현동),1,0,0,041-858-7332
A0014403,황용주유소,HD현대오일뱅크,세종시,세종시,세종시,세종 금남면 황용1길 40,0,0,0,044-867-8554
A0014405,대평주유소,HD현대오일뱅크,세종시,세종시,세종시,세종특별자치시 금남면 용포로 109,1,0,0,044-866-7061
A0014407,아리랑주유소,SK에너지,충남 공주시,충남,공주시,충남 공주시 우금티로 475 (금학동),0,0,0,041-855-0051
A0014408,제일셀프주유소,S-OIL,충남 공주시,충남,공주시,충남 공주시 미나리1길 18-10 (금성동),1,0,1,041-855-4222
A0014411,㈜다모아주유소,HD현대오일뱅크,충남 공주시,충남,공주시,충남 공주시 금벽로 809,1,0,0,041-853-5289
A0014413,송학주유소,HD현대오일뱅크,세종시,세종시,세종시,세종특별자치시 장군면 의당전의로 677,0,0,1,044-854-1835
A0014415,학봉주유소,GS칼텍스,충남 공주시,충남,공주시,충남 공주시 반포면 동학사1로 105,0,0,0,042-825-8989
A0014416,청송주유소,GS칼텍스,충남 공주시,충남,공주시,충남 공주시 신풍면 충의로 2317,0,0,0,041-841-5766
A0014418,동천주유소,HD현대오일뱅크,충남 공주시,충남,공주시,충남 공주시 정안면 차령로 2948,0,0,0,041-858-8138
A0014420,우성주유소,HD현대오일뱅크,충남 공주시,충남,공주시,충남 공주시 우성면 동대리길 93,0,0,0,041-853-6025
A0014424,계정주유소,SK에너지,충남 청양군,충남,청양군,충남 청양군 대치면 칠갑산로 437,0,0,0,041-942-5059
A0014425,백제주유소,알뜰주유소,충남 청양군,충남,청양군,충남 청양군 장평면 충의로 223,1,0,1,041-943-4333
A0014426,고향주유소,GS칼텍스,충남 청양군,충남,청양군,충남 청양군 비봉면 충절로 2139-121,0,0,0,041-942-2600
A0014427,청운주유소,SK에너지,충남 청양군,충남,청양군,충남 청양군 목면 칠갑산로 2733,0,0,1,041-943-4960
A0014428,삼정주유소,HD현대오일뱅크,세종시,세종시,세종시,세종 조치원읍 충현로 53,0,0,0,044-865-2472
A0014431,영당주유소,HD현대오일뱅크,세종시,세종시,세종시,세종 전의면 의당전의로 718,1,0,0,044-867-3066
A0014432,전동주유소,HD현대오일뱅크,세종시,세종시,세종시,세종특별자치시 전동면 운주산로 355,0,0,1,044-863-1300
A0014435,동현주유소,알뜰주유소,충남 공주시,충남,공주시,충남 공주시 장기면 차령로 1851,1,1,1,041-858-5188
A0014436,(주)에스엘 반포주유소,S-OIL,충남 공주시,충남,공주시,충남 공주시 반포면 금벽로 1330,1,0,0,041-855-2470
A0014443,(주)퍼스트오일,HD현대오일뱅크,대전 유성구,대전,유성구,대전 유성구 현충원로 213 (갑동),1,0,0,042-823-2146
A0014444,세종전의농협주유소,NH-OIL,세종시,세종시,세종시,세종 전의면 매실로 6,1,0,1,044-863-6521
A0014446,정산농협목면지점주유소,NH-OIL,충남 청양군,충남,청양군,충남 청양군 목면 안심길 167,0,0,1,041-942-9681
A0014447,정산농협청남지점주유소,NH-OIL,충남 청양군,충남,청양군,충남 청양군 청남면 명덕로 193,0,0,1,041-940-1692
A0014448,동세종농협주유소,NH-OIL,세종시,세종시,세종시,세종특별자치시 연동면 청연로 490,0,0,1,044-864-0701
A0014449,농협하나로 주유소,NH-OIL,충남 공주시,충남,공주시,충남 공주시 미나리2길 4 (금성동),1,0,1,041-854-7890
A0014450,의당농협주유소,HD현대오일뱅크,충남 공주시,충남,공주시,충남 공주시 의당면 의당전의로 9,0,0,1,041-852-7890
A0014451,화성농협 비봉지점주유소,NH-OIL,충남 청양군,충남,청양군,충남 청양군 비봉면 록평용당로 772,0,0,1,041-942-5235
A0014452,이인농협주유소,NH-OIL,충남 공주시,충남,공주시,충남 공주시 이인면 검바위로 434,0,0,1,041-857-6095
A0014453,유구농협주유소/충전소,HD현대오일뱅크,충남 공주시,충남,공주시,충남 공주시 유구읍 금계산로 477,0,0,1,041-841-9533
A0014455,탄천농협주유소,NH-OIL,충남 공주시,충남,공주시,충남 공주시 탄천면 통산로 232,0,0,1,041-852-1862
A0014456,계룡농협주유소,NH-OIL,충남 공주시,충남,공주시,충남 공주시 계룡면 영규대사로 365,0,1,1,041-857-3432
A0014457,세종연서농협주유소,NH-OIL,세종시,세종시,세종시,세종 연서면 함박로 122,0,0,1,044-867-2124
A0014459,사곡농협주유소,HD현대오일뱅크,충남 공주시,충남,공주시,충남 공주시 사곡면 마곡사로 89,0,0,1,041-841-7022
A0014460,우성농협주유소,NH-OIL,충남 공주시,충남,공주시,충남 공주시 우성면 차동로 471,0,0,1,041-855-6003
A0014461,세종강남농협주유소,NH-OIL,세종시,세종시,세종시,세종특별자치시 금남면 성덕영곡길 15,1,0,1,044-862-5182
A0014464,HD현대오일뱅크㈜직영 대일주유소,HD현대오일뱅크,세종시,세종시,세종시,세종 연서면 세종로 2137,1,0,1,044-865-5724
A0014466,(주)한유에너지 중부주유소,SK에너지,세종시,세종시,세종시,세종시 조치원읍 세종로 2167,1,0,1,044-866-5151
A0014468,정안(상)주유소,S-OIL,충남 공주시,충남,공주시,충남 공주시 정안면 논산천안고속도로 58-1,1,0,1,041-858-0565
A0014469,정안(하)주유소,S-OIL,충남 공주시,충남,공주시,충남 공주시 정안면 논산천안고속도로 57-1,0,0,0,041-858-0531
A0014488,장암주유소,SK에너지,충남 공주시,충남,공주시,충남 공주시 금벽로 1083,1,0,1,041-856-5189
A0014489,대길주유소,SK에너지,충남 공주시,충남,공주시,충남 공주시 백제큰길 1384 (검상동),1,0,0,041-853-4541
A0014490,㈜케이알산업 탄천(하)주유소/충전소,S-OIL,충남 공주시,충남,공주시,충남 공주시 탄천면 논산천안고속도로 27-1,1,0,1,041-854-3526
A0014493,㈜케이알산업 이인(상)주유소/충전소,S-OIL,충남 공주시,충남,공주시,충남 공주시 이인면 논산천안고속도로 32-2,1,0,1,041-856-8741
A0014494,외산주유소,S-OIL,충남 부여군,충남,부여군,충남 부여군 외산면 외산로 50,0,0,0,041-836-8810
A0014497,은산주유소,HD현대오일뱅크,충남 부여군,충남,부여군,충남 부여군 은산면 충절로 2732,0,0,1,041-832-8286
A0014498,청룡주유소,S-OIL,충남 부여군,충남,부여군,충남 부여군 임천면 충절로 1454,0,0,0,041-832-5151
A0014501,88주유소,SK에너지,충남 논산시,충남,논산시,충남 논산시 연무읍 득안대로 634,1,0,0,041-742-0088
A0014505,지에스칼텍스(주)송악IC주유소,GS칼텍스,충남 당진시,충남,당진시,충남 당진시 송악읍 북부산업로 839,0,0,1,041-357-6538
A0014507,온해주유소,SK에너지,충남 부여군,충남,부여군,충남 부여군 내산면 성충로 531,0,0,0,041-834-4543
A0014513,행복주유소,S-OIL,충남 청양군,충남,청양군,충남 청양군 남양면 만수로 1531,0,0,0,041-942-9560
A0014517,금성주유소,HD현대오일뱅크,충남 논산시,충남,논산시,충남 논산시 계백로 1155 (덕지동),0,0,1,041-735-2180
A0014518,중앙주유소,GS칼텍스,충남 논산시,충남,논산시,충남 논산시 상월면 득안대로 3035,1,0,0,041-735-4659
A0014522,괴정주유소,GS칼텍스,대전 서구,대전,서구,대전 서구 괴정로 113,0,0,0,042-525-1551
A0014526,논산이데아주유소,S-OIL,충남 논산시,충남,논산시,충남 논산시 연산면 임2길 2,1,0,0,041-733-3390
A0014530,우리둘셀프주유소,S-OIL,충남 논산시,충남,논산시,충남 논산시 부적면 계백로 1645,1,0,0,041-732-9999
A0014531,미래주유소,알뜰주유소,충남 논산시,충남,논산시,충남 논산시 연산면 계백로 1983,1,0,1,041-736-8656
A0014536,한아름주유소,GS칼텍스,충남 논산시,충남,논산시,충청남도 논산시 연무읍 동안로 1035,0,0,0,041-741-5678
A0014537,백제주유소,SK에너지,충남 논산시,충남,논산시,충남 논산시 시민로 278 (내동),1,0,0,041-735-1238
A0014539,삼성주유소,HD현대오일뱅크,충남 부여군,충남,부여군,충남 부여군 규암면 흥수로 665,0,0,0,041-835-5545
A0014540,두마주유소,SK에너지,충남 계룡시,충남,계룡시,충청남도 계룡시 엄사면 계백로 3025,0,0,0,042-841-1313
A0014542,등화주유소,SK에너지,충남 논산시,충남,논산시,충남 논산시 계백로 767,0,0,0,041-735-3551
A0014546,양화주유소,SK에너지,충남 부여군,충남,부여군,충남 부여군 양화면 충절로 137,0,0,0,041-833-3377
A0014550,고래주유소,알뜰주유소,전북 익산시,전북,익산시,전북 익산시 주현로 54,1,0,1,063-855-5182
A0014555,궁남주유소,S-OIL,충남 부여군,충남,부여군,충남 부여군 부여읍 대백제로 2366,1,0,0,041-837-3900
A0014556,아리울주유소,HD현대오일뱅크,전북 군산시,전북,군산시,전북 군산시 공단대로 620,1,0,0,063-467-5185
A0014559,취암주유소,SK에너지,충남 논산시,충남,논산시,충남 논산시 시민로360번길 10,0,0,0,041-733-5580
A0014562,용안주유소,SK에너지,전북 익산시,전북,익산시,전북 익산시 용안면 중창길 3-14,0,0,0,063-861-4421
A0014567,청안주유소,S-OIL,충북 괴산군,충북,괴산군,충청북도 괴산군 청안면 질마로 296,1,0,0,043-838-5146
A0014573,㈜자연주유소,SK에너지,충남 홍성군,충남,홍성군,충남 홍성군 홍성읍 남부순환로 377,1,0,1,041-633-5185
A0014574,홍산주유소,SK에너지,충남 부여군,충남,부여군,충남 부여군 홍산면 홍산로 62,0,0,0,041-836-0203
A0014578,성동주유소,SK에너지,충남 논산시,충남,논산시,충남 논산시 성동면 성동로 6,0,0,0,041-732-6273
A0014582,HD현대오일뱅크㈜직영 득안셀프주유소,HD현대오일뱅크,충남 논산시,충남,논산시,충남 논산시 득안대로 1193 (내동),1,0,1,041-742-7599
A0014583,부여주유소,HD현대오일뱅크,충남 부여군,충남,부여군,충남 부여군 성왕로 266,1,0,0,041-833-5159
A0014592,착한14주유소,자가상표,전북 익산시,전북,익산시,전북 익산시 하나로 28,1,0,0,063-831-1477
A0014601,동부주유소,S-OIL,충남 보령시,충남,보령시,충남 보령시 대천방조제로 42,1,0,0,041-932-9994
A0014603,논산IC주유소,GS칼텍스,충남 논산시,충남,논산시,충남 논산시 연무읍 동안로 1088,0,0,0,041-742-1041
A0014607,규암주유소,SK에너지,충남 부여군,충남,부여군,충남 부여군 규암면 흥수로 887,0,0,0,041-835-3673
A0014611,뉴영광주유소,HD현대오일뱅크,충남 논산시,충남,논산시,충남 논산시 계백로 835,0,0,0,041-735-2239
A0014620,(주)차세대주유소,GS칼텍스,대전 대덕구,대전,대덕구,대전광역시 대덕구  아리랑로 73,0,0,1,042-626-5051
A0014621,대명주유소,S-OIL,충남 부여군,충남,부여군,충남 부여군 규암면 흥수로 516,0,0,0,041-836-9484
A0014622,지산주유소,HD현대오일뱅크,충남 논산시,충남,논산시,충남 논산시 관촉로 105 (지산동),0,0,0,041-732-5181
A0014632,안전주유소,S-OIL,충남 논산시,충남,논산시,충남 논산시 계백로 1040 (취암동),1,0,0,041-735-3964
A0014637,조현주유소,SK에너지,충남 부여군,충남,부여군,충남 부여군 홍산면 대백제로 1043,0,0,0,041-832-7199
A0014640,지에스칼텍스(주)바다주유소,GS칼텍스,전북 익산시,전북,익산시,전북 익산시 무왕로 821,1,0,1,063-853-4689
A0014651,백강주유소,HD현대오일뱅크,충남 부여군,충남,부여군,충남 부여군 구룡면 흥수로 334,0,0,0,041-834-5189
A0014653,일신주유소,HD현대오일뱅크,충남 부여군,충남,부여군,충남 부여군 부여읍 가증남로 82,1,0,0,041-832-9865
A0014654,신촌주유소,HD현대오일뱅크,충남 논산시,충남,논산시,충남 논산시 연무읍 득안대로 446,0,0,0,041-741-9615
A0014658,명품셀프주유소,SK에너지,충남 논산시,충남,논산시,충남 논산시 계백로 896,1,0,0,041-733-5152
A0014661,충청주유소,SK에너지,충남 논산시,충남,논산시,충남 논산시 계백로 1179 (덕지동),0,0,0,041-736-5189
A0014667,용정self주유소,SK에너지,충남 부여군,충남,부여군,충남 부여군 부여읍 백제문화로 136,1,0,0,041-837-1100
A0014670,㈜성인주유소,S-OIL,충남 논산시,충남,논산시,충남 논산시 상월면 호월로 703,0,0,0,041-733-4348
A0014678,왕궁주유소,S-OIL,충남 부여군,충남,부여군,충남 부여군 부여읍 성왕로 356,1,0,0,041-832-5700
A0014691,유진에너지,SK에너지,충남 논산시,충남,논산시,충남 논산시 광석면 득안대로 2248,1,0,0,041-734-5156
A0014698,현대주유소,HD현대오일뱅크,충남 부여군,충남,부여군,충남 부여군 외산면 성충로 123,1,0,1,041-836-5166
A0014700,하나주유소,SK에너지,충남 논산시,충남,논산시,충남 논산시 양촌면 매죽헌로 1341,0,0,0,041-742-8881
A0014705,㈜교촌에너지 건양지점,SK에너지,충남 논산시,충남,논산시,충남 논산시 시민로 78 (내동),1,0,0,041-741-0176
A0014709,충무주유소,S-OIL,충남 논산시,충남,논산시,충남 논산시 채운면 동안로 281,0,0,0,041-745-3526
A0014715,우리원셀프주유소,S-OIL,대전 대덕구,대전,대덕구,대전 대덕구 신탄진로 383,1,0,1,042-621-5185
A0014718,(주)수성직영슈퍼맨주유소,S-OIL,충남 부여군,충남,부여군,충남 부여군 부여읍 성왕로 58,1,0,0,041-835-8801
A0014719,(주)오케이에너지 수정주유소,SK에너지,충남 논산시,충남,논산시,충남 논산시 연무읍 황화로 116,0,0,0,041-742-7999
A0014720,은진주유소,SK에너지,충남 논산시,충남,논산시,충남 논산시 은진면 시민로 7,1,0,0,041-741-5122
A0014721,성일주유소,S-OIL,충남 논산시,충남,논산시,충남 논산시 연무읍 동안로 1161,0,0,0,041-741-9255
A0014734,영화주유소,GS칼텍스,충남 논산시,충남,논산시,충남 논산시 계백로 140,0,0,0,041-745-5180
A0014738,야촌주유소,S-OIL,충남 논산시,충남,논산시,충남 논산시 가야곡면 매죽헌로 705,0,0,1,041-741-3335
A0014739,동산주유소,SK에너지,충남 논산시,충남,논산시,충남 논산시 연무읍 동안로 1010,0,0,0,041-742-3750
A0014740,아호교주유소,HD현대오일뱅크,충남 논산시,충남,논산시,충남 논산시 부적면 부인길 11,0,0,0,041-733-7125
A0014741,처음주유소,HD현대오일뱅크,충남 논산시,충남,논산시,충남 논산시 연산면 계백로 2091,1,0,1,041-734-5189
A0014743,신동방주유소,SK에너지,충남 부여군,충남,부여군,충남 부여군 세도면 부흥로 900,0,0,0,041-832-5115
A0014745,도원주유소,S-OIL,충남 부여군,충남,부여군,충남 부여군 석성면 석성북로91번길 1,0,0,0,041-836-8228
A0014746,GS창공주유소,GS칼텍스,충남 논산시,충남,논산시,충남 논산시 광석면 득안대로 2259,1,0,1,041-734-3712
A0014747,참좋은셀프주유소,S-OIL,충남 계룡시,충남,계룡시,충남 계룡시 엄사면 계룡대로 449,1,0,1,042-841-6699
A0014749,에코셀프주유소,HD현대오일뱅크,충남 논산시,충남,논산시,충남 논산시 연산면 계백로 1853,1,0,0,041-736-1151
A0014750,형제주유소,GS칼텍스,충남 부여군,충남,부여군,충남 부여군 장암면 충절로 1746,0,0,0,041-832-5184
A0014752,장정주유소,GS칼텍스,충남 부여군,충남,부여군,충남 부여군 세도면 부흥로 720,1,0,0,041-832-9990
A0014754,원주유소,GS칼텍스,충남 논산시,충남,논산시,충남 논산시 연무읍 안심로 224,0,0,0,041-742-3949
A0014755,(주)제때직영스마일주유소 논산점,HD현대오일뱅크,충남 논산시,충남,논산시,충남 논산시 연무읍 동안로 1153,0,0,0,070-4465-0718
A0014759,대원주유소,SK에너지,충남 논산시,충남,논산시,충남 논산시 채운면 계백로 353,1,0,0,041-736-9911
A0014760,광석주유소,GS칼텍스,충남 논산시,충남,논산시,충남 논산시 광석면 광석로 148,0,0,0,041-732-8002
A0014766,양촌주유소,SK에너지,충남 논산시,충남,논산시,충남 논산시 양촌면 황산벌로 731,0,0,0,041-741-8568
A0014768,중앙주유소,GS칼텍스,충남 부여군,충남,부여군,충남 부여군 부여읍 성왕로 160,0,0,0,041-834-5151
A0014770,서광주유소,SK에너지,충남 부여군,충남,부여군,충남 부여군 규암면 충절로 2075,0,0,0,041-836-2070
A0014771,백마강주유소,SK에너지,충남 부여군,충남,부여군,충남 부여군 규암면 계백로 80,0,0,0,041-836-3211
A0014775,임천주유소,SK에너지,충남 부여군,충남,부여군,충남 부여군 임천면 성흥로 8,0,0,0,041-833-9578
A0014777,아세아주유소,S-OIL,충남 부여군,충남,부여군,충남 부여군 석성면 왕릉로 753,0,0,0,041-836-4133
A0014778,금강주유소,S-OIL,충남 부여군,충남,부여군,충남 부여군 세도면 부흥로 1080,1,0,0,041-745-3882
A0014786,농민주유소,GS칼텍스,충남 논산시,충남,논산시,충남 논산시 연산면 선비로 569 (연산면),0,0,0,041-733-8851
A0014787,신창에너지(주)서논산주유소,S-OIL,충남 논산시,충남,논산시,충남 논산시 강변로 198,1,0,0,041-732-5146
A0014790,좋은주유소,S-OIL,충남 논산시,충남,논산시,충남 논산시 은진면 득안대로 934,1,0,0,041-000-0000
A0014793,(주)강변로주유소,HD현대오일뱅크,충남 논산시,충남,논산시,충남 논산시 강변로 46,1,0,0,041-736-0117
A0014794,(주)명암에너지,SK에너지,충남 논산시,충남,논산시,충남 논산시 양촌면 황산벌로 1304,0,0,0,041-734-4125
A0014795,청정오일주유소,SK에너지,충남 논산시,충남,논산시,충남 논산시 벌곡면 대둔로 785,1,0,1,041-733-7336
A0014798,양촌농협주유소,NH-OIL,충남 논산시,충남,논산시,충남 논산시 양촌면 황산벌로 426,0,0,1,041-741-1245
A0014801,성동농협주유소,NH-OIL,충남 논산시,충남,논산시,충남 논산시 성동면 성동로 581,0,0,1,041-733-0700
A0014802,광석농협주유소,NH-OIL,충남 논산시,충남,논산시,충남 논산시 광석면 논산평야로 874,0,1,1,041-732-5182
A0014803,논산계룡농협주유소,NH-OIL,충남 논산시,충남,논산시,충남 논산시 가야곡면 덕은로 338,0,0,1,041-742-4831
A0014804,규암농협은산지점주유소,NH-OIL,충남 부여군,충남,부여군,충남 부여군 은산면 충의로 691,0,0,1,041-833-5432
A0014805,논산농협성덕지점주유소,NH-OIL,충남 논산시,충남,논산시,충남 논산시 은진면 원앙로 1162,0,0,1,041-741-8772
A0014807,강경농협주유소,NH-OIL,충남 논산시,충남,논산시,충남 논산시 강경읍 계백로 57,1,0,1,041-745-4015
A0014808,연무농협주유소,SK에너지,충남 논산시,충남,논산시,충남 논산시 연무읍 안심로 16,1,0,1,041-741-6446
A0014809,노성농협주유소,NH-OIL,충남 논산시,충남,논산시,충남 논산시 노성면 노성로 665,0,0,1,041-735-5928
A0014810,부여농협주유소,NH-OIL,충남 부여군,충남,부여군,충남 부여군 부여읍 백제문화로 14,0,0,1,041-835-6372
A0014811,부적농협주유소,SK에너지,충남 논산시,충남,논산시,충남 논산시 부적면 남마구평길 10,1,0,1,041-732-9815
A0014813,동부여농협주유소,NH-OIL,충남 부여군,충남,부여군,충남 부여군 초촌면 선사로 80,0,0,1,041-833-8682
A0014814,세도농협주유소,NH-OIL,충남 부여군,충남,부여군,충남 부여군 세도면 부흥로 662,0,0,1,041-837-3280
A0014815,수만주유소,S-OIL,충남 계룡시,충남,계룡시,충남 계룡시 두마면 왕대로 102,1,0,1,042-551-0218
A0014816,서동주유소,HD현대오일뱅크,충남 부여군,충남,부여군,충남 부여군 양화면 충절로 468,0,0,0,041-832-5533
A0014817,케이씨에너지㈜ 논산셀프주유소,SK에너지,충남 논산시,충남,논산시,충남 논산시 번영로 80,1,0,0,041-734-5322
A0014818,논산계룡농협 하나로마트주유소,NH-OIL,충남 논산시,충남,논산시,충남 논산시 연산면 청동로 18,0,0,1,041-730-1080
A0014819,서부여농협남면지점주유소,NH-OIL,충남 부여군,충남,부여군,충남 부여군 남면 남성로 434,0,0,1,041-833-4287
A0014820,서부여농협옥산지점주유소,NH-OIL,충남 부여군,충남,부여군,충남 부여군 옥산면 대백제로 347,0,0,1,041-834-8942
A0014828,KK㈜ 계룡중앙주유소,SK에너지,충남 계룡시,충남,계룡시,충남 계룡시 엄사면 계룡대로 465,0,0,1,042-841-7749
A0014831,(주)썬엘벌곡(상)주유소,알뜰(ex),충남 논산시,충남,논산시,충남 논산시 벌곡면 벌곡로 9-58,1,1,1,041-732-3991
A0014836,사비성주유소,HD현대오일뱅크,충남 부여군,충남,부여군,충남 부여군 석성면 대백제로 2984,0,0,0,041-835-5150
A0014840,계룡대셀프주유소,SK에너지,충남 계룡시,충남,계룡시,충남 계룡시 신도안면 계룡대로 663,1,0,0,054-474-8725
A0014844,(주)바이오시스벌곡주유소/충전소,알뜰(ex),충남 논산시,충남,논산시,충남 논산시 벌곡면 호남지선고속도로 25,1,1,1,041-733-7487
A0014845,따봉6주유소,HD현대오일뱅크,충남 논산시,충남,논산시,충남 논산시 연무읍 동안로 1160,1,0,0,070-7585-0125
A0014847,서해주유소,HD현대오일뱅크,충남 서천군,충남,서천군,충남 서천군 마서면 장천로 410,0,0,0,041-952-4404
A0014853,평화주유소,GS칼텍스,충남 서천군,충남,서천군,충남 서천군 문산면 서문로 1247,0,0,0,041-952-4132
A0014854,마산주유소,GS칼텍스,충남 서천군,충남,서천군,충남 서천군 마산면 한마로 450,1,0,0,041-953-9966
A0014855,신우주유소,HD현대오일뱅크,충남 서천군,충남,서천군,충남 서천군 마서면 장서로 427,0,0,0,041-957-0050
A0014856,해창주유소,S-OIL,충남 서천군,충남,서천군,충남 서천군 마서면 장천로 920,1,0,0,041-952-9307
A0014860,서천군수협희리산주유소,S-OIL,충남 서천군,충남,서천군,충남 서천군 종천면 충서로 107,1,0,1,041-952-6883
A0014861,도둔주유소,SK에너지,충남 서천군,충남,서천군,충남 서천군 서면 서인로 690,0,0,0,041-952-2527
A0014868,간월주유소,S-OIL,충남 서산시,충남,서산시,충남 서산시 부석면 천수만로 750,1,0,0,041-669-0909
A0014872,승희ENERGY,SK에너지,충남 홍성군,충남,홍성군,충남 홍성군 금마면 충서로 2171,1,0,0,041-631-9610
A0014873,대건셀프랜드,SK에너지,충남 홍성군,충남,홍성군,충남 홍성군 광천읍 충서로 475,1,0,0,041-642-3367
A0014874,중앙주유소,GS칼텍스,충남 홍성군,충남,홍성군,충남 홍성군 광천읍 충서로 394,0,0,0,041-641-3681
A0014876,남산주유소,S-OIL,충남 홍성군,충남,홍성군,충남 홍성군 홍성읍 충서로 1174,0,0,0,041-634-5452
A0014877,애향주유소,HD현대오일뱅크,충남 서산시,충남,서산시,충남 서산시 고운로 254 (동문동),1,0,1,041-662-5760
A0014878,풍차주유소,S-OIL,충남 서산시,충남,서산시,충남 서산시 인지면 서해로 3001,0,0,1,041-662-1407
A0014885,문양주유소,HD현대오일뱅크,충남 서산시,충남,서산시,충남 서산시 음암면 회천로 109,0,0,0,041-669-4318
A0014889,대왕주유소,S-OIL,충남 홍성군,충남,홍성군,충남 홍성군 홍성읍 충절로 919,1,0,0,041-634-4361
A0014891,이원주유소,S-OIL,충남 태안군,충남,태안군,충남 태안군 이원면 원이로 1221,0,0,0,041-672-1598
A0014898,신성주유소,SK에너지,충남 태안군,충남,태안군,충남 태안군 태안읍 동백로 344,0,0,0,041-673-7988
A0014899,마중주유소,GS칼텍스,충남 홍성군,충남,홍성군,충남 홍성군 갈산면 천수만로 978,1,0,1,041-634-0698
A0014900,송림주유소,S-OIL,충남 태안군,충남,태안군,충남 태안군 안면읍 안면대로 3004,0,0,0,041-673-4156
A0014902,향산주유소,GS칼텍스,충남 홍성군,충남,홍성군,충남 홍성군 홍성읍 도청대로 47,1,0,0,041-631-5145
A0014906,홍주주유소,SK에너지,충남 홍성군,충남,홍성군,충남 홍성군 금마면 충서로 1913,0,0,0,041-632-1616
A0014911,홍동주유소,SK에너지,충남 홍성군,충남,홍성군,충남 홍성군 홍동면 충절로 587,0,0,0,041-633-5300
A0014914,신곡주유소,SK에너지,충남 홍성군,충남,홍성군,충남 홍성군 구항면 충서로 680,0,0,0,041-642-2174
A0014916,복운셀프주유소,HD현대오일뱅크,충남 홍성군,충남,홍성군,충남 홍성군 광천읍 광천로 246,1,0,0,041-641-2014
A0014920,중앙주유소,HD현대오일뱅크,충남 청양군,충남,청양군,충남 청양군 정산면 칠갑산로 2129,0,0,0,041-943-2030
A0014928,광천주유소,GS칼텍스,충남 홍성군,충남,홍성군,충남 홍성군 광천읍 충서로 343,0,0,0,041-641-2820
A0014930,서해주유소,GS칼텍스,충남 청양군,충남,청양군,충남 청양군 청양읍 칠갑산로 250,0,0,0,041-943-6160
A0014933,천수만주유소,알뜰주유소,충남 태안군,충남,태안군,충남 태안군 남면 천수만로 134-3,1,0,1,041-675-5190
A0014936,미당우성주유소,S-OIL,충남 청양군,충남,청양군,충남 청양군 장평면 큰백길 13,1,0,0,041-943-9151
A0014937,송학주유소,S-OIL,충남 청양군,충남,청양군,충남 청양군 청양읍 충절로 1468,1,0,0,041-942-5145
A0014939,삼호주유소,S-OIL,충남 청양군,충남,청양군,충남 청양군 청양읍 대청로 975,0,0,0,041-943-7615
A0014941,태평양셀프주유소,HD현대오일뱅크,충남 천안시,충남,천안시,충남 천안시 동남구  서부대로 520 (봉명동),1,0,0,041-575-6677
A0014948,동신주유소,SK에너지,충남 청양군,충남,청양군,충청남도 청양군 청양읍 칠갑산로 337,1,0,0,041-943-9051
A0014954,비봉주유소,HD현대오일뱅크,충남 청양군,충남,청양군,충남 청양군 비봉면 가동뜸티길 4,0,0,0,041-942-5814
A0014966,태원주유소,S-OIL,충남 부여군,충남,부여군,충남 부여군 은산면 충절로 3065,1,0,0,041-833-1599
A0014972,영창주유소,SK에너지,충남 홍성군,충남,홍성군,충남 홍성군 금마면 충서로 2080,1,0,0,041-633-7369
A0014984,태경주유소,SK에너지,충남 청양군,충남,청양군,충남 청양군 비봉면 충절로 1609,0,0,0,041-942-7327
A0014986,성동주유소,GS칼텍스,충남 홍성군,충남,홍성군,충남 홍성군 홍동면 홍장북로 14,0,0,0,041-633-3020
A0014988,궁리2주유소,HD현대오일뱅크,충남 홍성군,충남,홍성군,충남 홍성군 서부면 천수만로 292,0,0,0,041-634-5477
A0014994,칠갑셀프주유소,SK에너지,충남 청양군,충남,청양군,충남 청양군 대치면 칠갑산로 552,1,0,0,041-943-4477
A0014999,내포주유소,HD현대오일뱅크,충남 홍성군,충남,홍성군,충남 홍성군 광천읍 충서로 367,0,0,0,041-641-3111
A0015004,화성주유소,HD현대오일뱅크,충남 청양군,충남,청양군,충남 청양군 화성면 무한로 133,0,0,0,041-944-1118
A0015006,데일리주유소,HD현대오일뱅크,충남 청양군,충남,청양군,충남 청양군 남양면 충절로 118,0,0,0,041-943-9653
A0015011,풍농주유소,HD현대오일뱅크,충남 홍성군,충남,홍성군,충남 홍성군 홍성읍 내포로 252,0,0,0,041-633-8126
A0015012,길주유소,S-OIL,충남 홍성군,충남,홍성군,충남 홍성군 광천읍 충서로 228-5,1,0,0,041-641-5189
A0015014,서해안이데아주유소,S-OIL,충남 홍성군,충남,홍성군,충남 홍성군 은하면 홍남로 435,1,0,0,041-000-0000
A0015015,미래주유소,GS칼텍스,충남 홍성군,충남,홍성군,충남 홍성군 홍북면 충서로 2404,1,0,1,041-633-4115
A0015017,우정주유소,SK에너지,충남 홍성군,충남,홍성군,충남 홍성군 서부면 남당항로 306,0,0,0,041-633-0962
A0015018,서동알뜰주유소,알뜰주유소,충남 서산시,충남,서산시,충남 서산시 고운로 320,1,0,1,041-665-5839
A0015019,노란주유소,SK에너지,충남 서산시,충남,서산시,충남 서산시 성연면 충의로 406,1,0,0,041-665-5149
A0015020,가나다주유소,HD현대오일뱅크,충남 서산시,충남,서산시,충남 서산시 부석면 강경벌로 442,0,0,0,041-663-7434
A0015021,태안주유소,알뜰주유소,충남 태안군,충남,태안군,충남 태안군 태안읍 안면대로 334,1,0,1,041-675-7664
A0015022,굿모닝주유소,자가상표,세종시,세종시,세종시,세종특별자치시 조치원읍 세종로 2712,0,0,0,044-862-7712
A0015023,광천주유소,GS칼텍스,충남 서산시,충남,서산시,충남 서산시 고운로 28,1,0,0,041-665-2526
A0015024,대득주유소,SK에너지,충남 서산시,충남,서산시,충남 서산시 대산읍 충의로 1950,1,0,0,041-663-8353
A0015034,학암포주유소,SK에너지,충남 태안군,충남,태안군,충남 태안군 원북면 옥파로 760,0,0,0,041-674-5189
A0015035,삼화주유소,SK에너지,충남 태안군,충남,태안군,충남 태안군 태안읍 중앙로 183,0,0,0,041-674-2753
A0015036,풍천주유소,HD현대오일뱅크,충남 태안군,충남,태안군,충남 태안군 원북면 원이로 443,0,0,0,041-672-7148
A0015037,단양IC주유소,GS칼텍스,충북 단양군,충북,단양군,충북 단양군 단성면 단양로 347,1,0,0,043-422-1040
A0015038,바위주유소,HD현대오일뱅크,충남 서산시,충남,서산시,충남 서산시 해미면 남문2로 84,0,0,0,041-688-2514
A0015040,삼길주유소,HD현대오일뱅크,충남 서산시,충남,서산시,충남 서산시 대산읍 충의로 2827,0,0,0,041-664-7310
A0015041,(주)SK대기주유소,SK에너지,충남 서산시,충남,서산시,충남 서산시 대산읍 명지1로 154,0,0,0,041-669-0830
A0015043,지곡주유소,S-OIL,충남 서산시,충남,서산시,충남 서산시 지곡면 충의로 1309,1,0,1,041-662-8787
A0015045,태평주유소,알뜰주유소,충남 태안군,충남,태안군,충남 태안군 태안읍 서해로 2139,1,0,1,041-674-8424
A0015048,운산주유소,GS칼텍스,충남 서산시,충남,서산시,충남 서산시 운산면 운암로 1007,0,0,0,041-663-4013
A0015052,원광주유소,SK에너지,충남 태안군,충남,태안군,충남 태안군 안면읍 안면대로 1830-9,1,0,0,041-672-7001
A0015053,노루땅주유소,SK에너지,충남 태안군,충남,태안군,충남 태안군 고남면 안면대로 4105,0,0,0,041-673-7434
A0015056,고남주유소,HD현대오일뱅크,충남 태안군,충남,태안군,충남 태안군 고남면 안면대로 4310,0,0,0,041-673-2200
A0015060,(주)삼정주유소,S-OIL,충남 태안군,충남,태안군,충남 태안군 태안읍 안면대로 179,0,0,0,041-675-2898
A0015061,(주)태양주유소,S-OIL,충남 태안군,충남,태안군,충남 태안군 태안읍 근흥로 45,0,0,0,041-674-0223
A0015062,(주)월산주유소,S-OIL,충남 홍성군,충남,홍성군,충남 홍성군 홍성읍 홍덕서로 150,0,0,0,041-633-8989
A0015067,상록셀프주유소,HD현대오일뱅크,충남 청양군,충남,청양군,충남 청양군 운곡면 청신로 806,0,0,0,041-943-5088
A0015068,(주)홍성IC주유소(GS칼텍스),GS칼텍스,충남 홍성군,충남,홍성군,충남 홍성군 갈산면 내포로 878-9,0,0,0,041-633-0971
A0015069,주식회사 우리들,GS칼텍스,충남 홍성군,충남,홍성군,충청남도 홍성군 구항면 충서로 1067-13,1,0,0,041-631-9692
A0015070,(주)문화셀프랜드,알뜰주유소,충남 홍성군,충남,홍성군,충남 홍성군 홍성읍 내포로 170,1,0,1,041-631-2882
A0015071,결성농협주유소,NH-OIL,충남 홍성군,충남,홍성군,충남 홍성군 결성면 홍남서로 764,0,0,1,041-642-8554
A0015073,태안농협영농자재센터(주유소),NH-OIL,충남 태안군,충남,태안군,충남 태안군 태안읍 서해로 1948,0,1,1,041-673-8937
A0015074,남면농협주유소,NH-OIL,충남 태안군,충남,태안군,충남 태안군 남면 남면로 73 (남면),0,0,1,041-672-2070
A0015077,금마농협주유소,NH-OIL,충남 홍성군,충남,홍성군,충남 홍성군 금마면 충서로 2274,0,0,1,041-633-7278
A0015078,홍북농협주유소,NH-OIL,충남 홍성군,충남,홍성군,충남 홍성군 홍북면 홍북로 422,0,0,1,041-632-9558
A0015079,광천농협주유소,NH-OIL,충남 홍성군,충남,홍성군,충남 홍성군 은하면 홍남로 213,0,0,1,041-642-4989
A0015080,서부농협주유소,NH-OIL,충남 홍성군,충남,홍성군,충남 홍성군 서부면 서부로 777,0,0,1,041-633-8540
A0015081,홍성농협주유소,NH-OIL,충남 홍성군,충남,홍성군,충남 홍성군 홍성읍 조양로246번길 18,0,1,1,041-630-2080
A0015082,장곡농협주유소,NH-OIL,충남 홍성군,충남,홍성군,충남 홍성군 장곡면 홍남동로 523,0,0,1,041-642-9393
A0015083,구항농협주유소,NH-OIL,충남 홍성군,충남,홍성군,충남 홍성군 구항면 구항길 67,0,0,1,041-634-5336
A0015084,갈산농협주유소,NH-OIL,충남 홍성군,충남,홍성군,충남 홍성군 갈산면 갈산로 222,1,0,1,041-633-2288
A0015086,근흥농협주유소,NH-OIL,충남 태안군,충남,태안군,충남 태안군 근흥면 근흥로 864,1,0,1,041-673-7767
A0015087,HD현대오일뱅크㈜직영 대산주유소,HD현대오일뱅크,충남 서산시,충남,서산시,충남 서산시 대산읍 충의로 2611,0,0,1,041-663-7551
A0015091,HD현대오일뱅크㈜직영 잠홍셀프주유소,HD현대오일뱅크,충남 서산시,충남,서산시,충남 서산시 서해로 3602 (잠홍동),1,0,1,041-663-5156
A0015095,홍성현대주유소,HD현대오일뱅크,충남 홍성군,충남,홍성군,충남 홍성군 홍성읍 충서로 1309 (홍성읍),0,0,0,041-631-6677
A0015101,삽다리주유소,SK에너지,충남 예산군,충남,예산군,충남 예산군 삽교읍 삽교로 121,0,0,0,041-338-2257
A0015102,신대양주유소,HD현대오일뱅크,충남 예산군,충남,예산군,충남 예산군 신양면 청신로 483,0,0,0,041-333-9259
A0015104,학성주유소,S-OIL,충남 아산시,충남,아산시,충남 아산시 신창면 온천대로 798,1,0,0,041-541-2800
A0015116,천보주유소,S-OIL,충남 예산군,충남,예산군,충남 예산군 덕산면 윤봉길로 500,0,0,0,041-337-7735
A0015117,광명주유소,SK에너지,충남 당진시,충남,당진시,충남 당진시 석문면 대호만로 1881,0,0,0,041-353-0569
A0015120,아리랑주유소,S-OIL,충남 예산군,충남,예산군,충남 예산군 오가면 윤봉길로 1868,1,0,0,041-338-1220
A0015121,김여사네self주유소,S-OIL,충남 서산시,충남,서산시,충남 서산시 음암면 서해로 4019,1,0,0,041-669-5189
A0015131,당진강가주유소,알뜰주유소,충남 당진시,충남,당진시,충남 당진시 신평면 서해로 6875,1,0,1,041-362-8101
A0015132,관작주유소,S-OIL,충남 예산군,충남,예산군,충남 예산군 예산읍 충서로 1122,1,0,1,041-334-0450
A0015138,영보주유소,GS칼텍스,충남 보령시,충남,보령시,"충남 보령시 대천로 97,  (대천동)",1,0,0,041-936-0671
A0015140,영광주유소,S-OIL,충남 당진시,충남,당진시,충남 당진시 우강면 합우로 336-2,0,0,0,041-362-2935
A0015143,덕수주유소,S-OIL,충남 예산군,충남,예산군,충남 예산군 덕산면 수덕사로 595,0,0,0,041-337-7797
A0015146,중부주유소,HD현대오일뱅크,충남 예산군,충남,예산군,충남 예산군 신양면 차동로 846,0,0,0,041-333-4540
A0015149,가야주유소,SK에너지,충남 예산군,충남,예산군,충청남도 예산군 삽교읍 충의로 166,0,0,0,041-337-5536
A0015150,원당주유소,SK에너지,충남 당진시,충남,당진시,충남 당진시 밤절로 1-1,1,0,0,041-358-6678
A0015154,동아주유소,HD현대오일뱅크,충남 당진시,충남,당진시,충남 당진시 우강면 당진3거리길 19,0,0,0,041-363-5189
A0015155,신광주유소,SK에너지,충남 당진시,충남,당진시,충남 당진시 합덕읍 석우길 1,0,0,1,041-363-5144
A0015162,산정주유소,SK에너지,충남 예산군,충남,예산군,충남 예산군 대술면 차동로 975,1,0,0,041-331-2222
A0015163,신벚꽃주유소,HD현대오일뱅크,충남 예산군,충남,예산군,충남 예산군 예산읍 벚꽃로 248,0,0,0,041-335-5188
A0015164,서해안주유소,GS칼텍스,충남 당진시,충남,당진시,충남 당진시 역천로 360,1,0,0,041-355-5145
A0015165,예흥주유소,GS칼텍스,충남 예산군,충남,예산군,충남 예산군 예산읍 충서로 873,1,0,0,041-334-3800
A0015168,운곡주유소,GS칼텍스,충남 당진시,충남,당진시,충남 당진시 합덕읍 예덕로 321,0,0,1,041-362-5115
A0015172,왜목주유소,HD현대오일뱅크,충남 당진시,충남,당진시,충남 당진시 석문면 대호만로 2138,0,0,0,041-352-8822
A0015173,옥탑주유소,S-OIL,충남 예산군,충남,예산군,충남 예산군 예산읍 충서로 1418,1,0,0,041-334-9991
A0015175,신창주유소,S-OIL,충남 아산시,충남,아산시,충남 아산시 신창면 온천대로 725,1,0,0,041-541-5199
A0015177,지에스칼텍스(주)우리네주유소,GS칼텍스,충남 천안시,충남,천안시,충남 천안시 동남구 서부대로 235,1,0,1,041-578-5151
A0015178,순성주유소,GS칼텍스,충남 당진시,충남,당진시,충남 당진시 순성면 남부로 1186,0,0,0,041-353-5350
A0015179,주식회사 월드홀딩스,S-OIL,충남 천안시,충남,천안시,충남 천안시 서북구 서부대로 421,1,0,0,041-900-5151
A0015181,태성주유소,S-OIL,충남 예산군,충남,예산군,충남 예산군 예산읍 충서로 1349 (예산읍),1,0,0,041-334-1974
A0015184,신양주유소,SK에너지,충남 예산군,충남,예산군,충남 예산군 신양면 대덕로 9,0,0,0,041-333-6745
A0015185,덕산주유소,HD현대오일뱅크,충남 예산군,충남,예산군,충남 예산군 덕산면 충의로 6,1,0,0,041-337-4344
A0015187,금광주유소,SK에너지,충남 예산군,충남,예산군,충남 예산군 오가면 충서로 745,1,0,0,041-334-2222
A0015189,쌍송프리미엄주유소,GS칼텍스,충남 예산군,충남,예산군,충남 예산군 예산읍 예산로 276,1,0,0,041-335-9990
A0015195,아성당진1주유소,HD현대오일뱅크,충남 당진시,충남,당진시,충남 당진시 정미면 서해로 4909,1,0,1,041-358-9945
A0015202,수덕주유소,HD현대오일뱅크,충남 예산군,충남,예산군,충남 예산군 덕산면 예덕로 6,0,0,0,041-337-4123
A0015207,희망주유소,S-OIL,충남 당진시,충남,당진시,충남 당진시 석문면 석문방조제로 1873,0,0,0,041-355-7941
A0015212,부곡공단주유소,GS칼텍스,충남 당진시,충남,당진시,충남 당진시 송악읍 부곡공단1길 10,1,0,1,041-353-5184
A0015213,삽교주유소,HD현대오일뱅크,충남 예산군,충남,예산군,충남 예산군 삽교읍 삽교로 276,0,0,0,041-338-7125
A0015217,금천주유소,SK에너지,충남 당진시,충남,당진시,충남 당진시 신평면 신평로 946,0,0,0,041-356-0222
A0015221,대흥주유소,GS칼텍스,충남 예산군,충남,예산군,충남 예산군 대흥면 예당로 806,0,0,0,041-333-3786
A0015222,(주)거산오일,S-OIL,충남 당진시,충남,당진시,충남 당진시 신평면 덕평로 1414,0,0,1,041-362-5112
A0015231,한빛주유소,HD현대오일뱅크,충남 예산군,충남,예산군,충청남도 예산군 오가면 충서로 530,0,0,0,041-332-2923
A0015247,영광주유소,HD현대오일뱅크,충남 예산군,충남,예산군,충남 예산군 광시면 예당남로 398,0,0,0,041-331-2997
A0015255,김천IC주유소,SK에너지,경북 김천시,경북,김천시,경북 김천시 영남대로 1479,1,0,0,054-430-5190
A0015259,하이웨이주유소,GS칼텍스,충남 서산시,충남,서산시,충남 서산시 음암면 서해로 3986,1,0,0,041-663-8636
A0015260,공단주유소,GS칼텍스,충남 당진시,충남,당진시,충남 당진시 석문면 보덕포로 578,0,0,0,041-352-6289
A0015265,우루사Self주유소,SK에너지,충남 당진시,충남,당진시,충남 당진시 신평면 서해로 7522,1,0,0,041-363-9767
A0015267,당진주유소,GS칼텍스,충남 당진시,충남,당진시,충남 당진시 서부로 85-17,1,0,0,041-355-2266
A0015268,대성주유소,HD현대오일뱅크,충남 당진시,충남,당진시,충남 당진시 역천로 162,1,0,1,041-356-1198
A0015272,월진주유소,S-OIL,충남 예산군,충남,예산군,충남 예산군 삽교읍 삽교로 271 (삽교읍),1,0,0,041-338-5189
A0015273,동곡주유소,GS칼텍스,충남 당진시,충남,당진시,충남 당진시 송산면 송산로 906,1,0,0,041-353-7084
A0015284,수덕사주유소,GS칼텍스,충남 예산군,충남,예산군,충남 예산군 덕산면 수덕사로 1154,1,0,0,041-337-5525
A0015285,한내주유소,HD현대오일뱅크,충남 예산군,충남,예산군,충남 예산군 고덕면 예덕로 364,0,0,0,041-337-8778
A0015286,신진주유소,S-OIL,충남 당진시,충남,당진시,충남 당진시 정안로 99,0,0,0,041-355-5100
A0015289,고대주유소,HD현대오일뱅크,충남 당진시,충남,당진시,충남 당진시 고대면 고대로 123,0,0,0,041-352-4224
A0015299,신암주유소,SK에너지,충남 예산군,충남,예산군,충남 예산군 신암면 추사로 203,1,0,0,041-332-9030
A0015301,통큰주유소,HD현대오일뱅크,충남 예산군,충남,예산군,충남 예산군 예산읍 충서로 1478,0,0,0,041-334-5189
A0015302,예당사과원예농협주유소,NH-OIL,충남 예산군,충남,예산군,충청남도 예산군 예산읍 충서로 854,1,1,1,041-332-8506
A0015303,효자골주유소,HD현대오일뱅크,충남 예산군,충남,예산군,충남 예산군 덕산면 홍덕서로 497,0,0,0,041-337-3545
A0015306,고덕IC주유소,HD현대오일뱅크,충남 예산군,충남,예산군,충남 예산군 고덕면 예덕로 588,0,0,0,041-338-6400
A0015312,태양주유소,GS칼텍스,충남 당진시,충남,당진시,충남 당진시 우강면 덕평로 943,1,0,0,041-362-1221
A0015314,시온주유소,HD현대오일뱅크,충남 당진시,충남,당진시,충남 당진시 신평면 덕평로 1185,0,0,0,041-363-7977
A0015321,당진주유소,S-OIL,충남 당진시,충남,당진시,충남 당진시 순성면 예당평야로 1521,1,0,1,041-362-2221
A0015322,삼광주유소,S-OIL,충남 예산군,충남,예산군,충남 예산군 예산읍 예산로 67,1,0,0,041-335-5145
A0015324,고덕주유소,S-OIL,충남 예산군,충남,예산군,충남 예산군 고덕면 황금뜰로 225,1,0,0,041-337-8016
A0015325,능금주유소,S-OIL,충남 예산군,충남,예산군,충남 예산군 응봉면 충서로 275,0,0,0,041-333-1133
A0015326,봉산주유소,S-OIL,충남 예산군,충남,예산군,충남 예산군 봉산면 예덕로 166,0,0,0,041-337-9797
A0015328,산단주유소,HD현대오일뱅크,충남 당진시,충남,당진시,충남 당진시 송산면 가곡로 1,0,0,1,041-356-5751
A0015329,철강주유소,SK에너지,충남 당진시,충남,당진시,충남 당진시 신평면 서해로 7298,0,0,0,041-363-0817
A0015330,(주)민영당진주유소,S-OIL,충남 당진시,충남,당진시,충남 당진시 신평면 북부산업로 258,0,0,1,070-8691-4543
A0015331,SK예당주유소,SK에너지,충남 예산군,충남,예산군,충남 예산군 응봉면 충서로 159,1,0,0,041-332-5189
A0015333,코리아주유소,알뜰주유소,충남 예산군,충남,예산군,충청남도 예산군 예산읍 충서로 994,1,0,1,041-333-5145
A0015335,차사랑 내트럭주유소,S-OIL,충남 당진시,충남,당진시,충남 당진시 신평면 서해로 7279,1,0,0,041-362-8259
A0015336,명품주유소,HD현대오일뱅크,충남 당진시,충남,당진시,충남 당진시 우강면 당진3거리길 56,1,0,0,041-362-2157
A0015337,합덕공단주유소,GS칼텍스,충남 당진시,충남,당진시,충남 당진시 합덕읍 예당평야로 1473,0,0,0,041-362-9395
A0015338,합덕주유소,S-OIL,충남 당진시,충남,당진시,충남 당진시 합덕읍 덕평로 397,1,0,0,041-362-2862
A0015340,장고항주유소,HD현대오일뱅크,충남 당진시,충남,당진시,충남 당진시 석문면 대호만로 1398,0,0,0,041-352-4509
A0015342,석문주유소,HD현대오일뱅크,충남 당진시,충남,당진시,충남 당진시 석문면 대호로 1551,0,0,0,041-353-0663
A0015343,삼봉산주유소,HD현대오일뱅크,충남 당진시,충남,당진시,충남 당진시 석문면 대호만로 1572,0,0,0,041-352-8666
A0015345,면천주유소,HD현대오일뱅크,충남 당진시,충남,당진시,충남 당진시 면천면 면천로 646,0,0,0,041-356-3051
A0015346,석문공단주유소,GS칼텍스,충남 당진시,충남,당진시,충남 당진시 석문면 대호만로 1185,1,0,1,041-353-6699
A0015347,삼월오일뱅크,HD현대오일뱅크,충남 당진시,충남,당진시,충남 당진시 송산면 송산로 546,0,0,0,041-354-1313
A0015357,도청주유소,GS칼텍스,충남 예산군,충남,예산군,충남 예산군 삽교읍 충의로 525,0,0,1,041-337-1110
A0015360,감골주유소㈜,HD현대오일뱅크,충남 당진시,충남,당진시,충남 당진시 서해로 6160,1,0,1,041-358-9775
A0015365,우리영농조합법인(농민주유소),GS칼텍스,충남 당진시,충남,당진시,충남 당진시 송산로 96,0,0,0,041-357-5182
A0015368,면천IC하나주유소,HD현대오일뱅크,충남 당진시,충남,당진시,충남 당진시 면천면 아미로 93,1,0,1,041-355-5156
A0015369,삼미상사(주) 송악톨게이트주유소,SK에너지,충남 당진시,충남,당진시,충남 당진시 송악읍 북부산업로 827,0,0,1,041-356-1976
A0015370,주식회사 서울에너지,HD현대오일뱅크,인천 부평구,인천,부평구,인천 부평구 경원대로 1049,1,0,1,032-581-5265
A0015374,반촌주유소,S-OIL,충남 당진시,충남,당진시,충청남도 당진시 송악읍 반촌로 233,1,0,1,041-355-1617
A0015376,세계주유소,S-OIL,충남 예산군,충남,예산군,충남 예산군 예산읍 벚꽃로 320,1,0,0,041-335-5180
A0015377,(주)제일에스아이주유소,HD현대오일뱅크,충남 당진시,충남,당진시,충남 당진시 대호지면 대호로 816,0,0,0,041-355-5179
A0015382,한빛주유소,GS칼텍스,충남 예산군,충남,예산군,충남 예산군 고덕면 황금뜰로 346,1,0,0,041-338-1159
A0015384,삽교농협(주유소),HD현대오일뱅크,충남 예산군,충남,예산군,충남 예산군 삽교읍 삽교로 107,0,0,1,041-330-7323
A0015385,고덕농협주유소,S-OIL,충남 예산군,충남,예산군,충남 예산군 고덕면 예덕로 945,0,0,1,041-338-3866
A0015386,예산중앙농협주유소,SK에너지,충남 예산군,충남,예산군,충남 예산군 오가면 오가중앙로 80,0,0,1,041-330-6442
A0015389,대호지농협주유소,NH-OIL,충남 당진시,충남,당진시,충남 당진시 대호지면 4.4만세로 61,0,0,1,041-353-3195
A0015390,정미농협주유소,NH-OIL,충남 당진시,충남,당진시,충남 당진시 정미면 정미로 716,1,0,1,041-353-4114
A0015393,고대농협주유소,SK에너지,충남 당진시,충남,당진시,충남 당진시 고대면 고대로 24,1,0,1,041-353-8834
A0015397,광시농협주유소,NH-OIL,충남 예산군,충남,예산군,충남 예산군 광시면 예당로 187,1,0,1,041-333-1081
A0015398,신평농협주유소,NH-OIL,충남 당진시,충남,당진시,충남 당진시 신평면 신평길 162,0,0,1,041-363-4551
A0015399,합덕농협주유소,SK에너지,충남 당진시,충남,당진시,충남 당진시 합덕읍 덕평로 424,0,0,1,041-362-5570
A0015400,예산농협경제주유소,NH-OIL,충남 예산군,충남,예산군,충남 예산군 예산읍 신례원로 259,1,0,1,041-334-6080
A0015402,당진낙농축협 클린주유소,NH-OIL,충남 당진시,충남,당진시,충남 당진시 합덕읍 남부로 1377,0,1,1,041-350-8750
A0015403,순성농협주유소,NH-OIL,충남 당진시,충남,당진시,충남 당진시 순성면 순성로 585,1,0,1,041-353-3373
A0015404,우강농협주유소,NH-OIL,충남 당진시,충남,당진시,충남 당진시 우강면 면천로 1801,1,0,1,041-363-0233
A0015405,당진농협주유소,NH-OIL,충남 당진시,충남,당진시,충남 당진시 동부1로 15,1,0,1,041-350-5852
A0015407,면천농협주유소,NH-OIL,충남 당진시,충남,당진시,충남 당진시 골정길 3,1,1,1,041-356-8434
A0015408,(주)협신주유소,HD현대오일뱅크,충남 예산군,충남,예산군,충남 예산군 예산읍 금오대로 152,1,0,0,041-332-3530
A0015409,신례원주유소,HD현대오일뱅크,충남 예산군,충남,예산군,충남 예산군 예산읍 충서로 1266,0,0,0,041-334-6632
A0015413,CJ대한통운(주)직영 행담도(상행)주유소,GS칼텍스,충남 당진시,충남,당진시,충남 당진시 신평면 서해안고속도로 275,1,0,1,041-357-8145
A0015414,CJ대한통운(주)직영 행담도(하행)주유소,GS칼텍스,충남 당진시,충남,당진시,충남 당진시 신평면 서해안고속도로 275,1,0,1,041-357-8141
A0015415,오산주유소,S-OIL,충남 예산군,충남,예산군,충남 예산군 신암면 오신로 637,1,0,1,041-332-5757
A0015424,지에스칼텍스(주)우리주유소,GS칼텍스,충남 당진시,충남,당진시,충남 당진시 서해로 6189,0,0,1,041-353-5179
A0015425,내트럭(주)당진점,SK에너지,충남 당진시,충남,당진시,충남 당진시 송악읍 북부산업로 1209,1,0,1,041-355-5152
A0015437,코멕스GS주유소,GS칼텍스,충남 당진시,충남,당진시,충남 당진시 송악읍 복운로 7,0,0,0,041-357-5018
A0015438,(주)오일네트워크 송악훼미리,HD현대오일뱅크,충남 당진시,충남,당진시,충남 당진시 송악읍 북부산업로 1107,1,0,0,041-356-2700
A0015439,백두주유소,HD현대오일뱅크,충남 당진시,충남,당진시,충남 당진시 송악읍 틀모시로 666,0,0,0,041-357-9623
A0015440,(주)오일네트워크 예산훼미리,HD현대오일뱅크,충남 예산군,충남,예산군,충남 예산군 예당평야로 598,0,0,0,041-332-3976
A0015442,송악셀프주유소,SK에너지,충남 당진시,충남,당진시,충남 당진시 대섬길 238,1,0,1,041-355-5540
A0015444,교로리주유소,SK에너지,충남 당진시,충남,당진시,충남 당진시 석문면 대호만로 2288,1,0,0,041-352-9111
A0015445,예산현대주유소,HD현대오일뱅크,충남 예산군,충남,예산군,충청남도 예산군 예산읍 예산로 135,0,0,0,041-332-2632
A0015446,예산농협주유소,NH-OIL,충남 예산군,충남,예산군,충남 예산군 예산읍 벚꽃로 148,1,0,1,041-334-1080
A0015448,㈜HC에너지 보광주유소,S-OIL,대구 북구,대구,북구,대구 북구 칠곡중앙대로 168,1,0,0,053-327-2373
A0015452,우리들주유소,SK에너지,울산 중구,울산,중구,울산 중구 북부순환도로 784 (남외동),1,0,0,052-292-2990
A0015453,햇빛주유소,SK에너지,대전 유성구,대전,유성구,대전 유성구 계백로 87 (송정동),1,0,0,042-825-6266
A0015455,서광주유소,S-OIL,충남 홍성군,충남,홍성군,충남 홍성군 홍성읍 내포로 183,1,0,1,041-631-6077
A0015458,당진제일주유소,SK에너지,충남 당진시,충남,당진시,충남 당진시 신평면 예당평야로 1931,0,0,0,041-363-5151
A0015459,SK에너지(주) 삼성OK주유소,SK에너지,충남 천안시,충남,천안시,충남 천안시 서북구 3공단5로 78 (성성동),0,0,1,041-566-5100
A0015460,보산원주유소,S-OIL,충남 천안시,충남,천안시,충남 천안시 동남구 광덕면 보산원로 55,0,0,1,041-567-0373
A0015461,필(Feel)충만주유소,GS칼텍스,충남 천안시,충남,천안시,충남 천안시 동남구 광풍로 1795 (청당동),1,0,1,041-554-5200
A0015462,아산호주유소,SK에너지,충남 아산시,충남,아산시,충남 아산시 염치읍 아산로 770,1,0,0,041-543-2115
A0015465,다락골주유소,SK에너지,충북 청주시,충북,청주시,충북 청주시 상당구 미원면 단재로 2814,0,0,1,043-285-5823
A0015467,㈜삼화에너지 태우주유소,HD현대오일뱅크,충남 천안시,충남,천안시,충남 천안시 동남구 목천읍 남부대로 1006,1,0,1,041-562-0090
A0015472,춘양주유소,SK에너지,경북 봉화군,경북,봉화군,경북 봉화군 춘양면 의양로 81,0,0,0,054-672-3355
A0015473,천안IC주유소,S-OIL,충남 천안시,충남,천안시,충남 천안시 동남구 만남로 150 (신부동),1,0,1,041-622-3377
A0015475,동부주유소,S-OIL,충남 예산군,충남,예산군,충남 예산군 대흥면 예당로 1009,1,0,0,041-333-5515
A0015477,입장주유소,SK에너지,충남 천안시,충남,천안시,충남 천안시 서북구 입장면 망향로 1082,1,0,0,041-584-5189
A0015479,미니주유소,HD현대오일뱅크,충남 천안시,충남,천안시,충남 천안시 동남구 다가7길 18 (다가동),0,0,0,041-573-1402
A0015481,아우내농협주유소,NH-OIL,충남 천안시,충남,천안시,충남 천안시 동남구 병천면 병천1로 76,1,0,1,041-564-0636
A0015485,형제주유소,GS칼텍스,충남 천안시,충남,천안시,충남 천안시 동남구 성황로 93 (원성동),0,0,0,041-522-5141
A0015487,진양주유소,SK에너지,충남 아산시,충남,아산시,충남 아산시 온천대로 1735 (모종동),1,0,1,041-545-3727
A0015489,아람주유소,GS칼텍스,충남 천안시,충남,천안시,충남 천안시 동남구 풍세면 풍세로 161,0,0,0,041-553-1377
A0015490,베스트주유소,S-OIL,세종시,세종시,세종시,세종 조치원읍 세종로 2749,1,0,1,044-863-5145
A0015494,송악주유소,HD현대오일뱅크,충남 아산시,충남,아산시,충남 아산시 송악면 송악로 832,1,0,0,041-541-5188
A0015496,행복한주유소,HD현대오일뱅크,충남 아산시,충남,아산시,충남 아산시 신창면 서부북로 331,1,0,0,041-533-5182
A0015497,동일주유소,GS칼텍스,충남 아산시,충남,아산시,충남 아산시 곡교천로 151 (온천동),0,0,1,041-543-9999
A0015499,미래주유소,HD현대오일뱅크,충남 천안시,충남,천안시,충남 천안시 서북구 성거읍 성진로 588,0,0,0,041-584-8363
A0015501,맘모스주유소,SK에너지,충남 천안시,충남,천안시,충남 천안시 동남구 만남로 126 (신부동),0,0,0,041-563-7001
A0015507,법원주유소,SK에너지,경기 수원시,경기,수원시,경기 수원시 영통구 중부대로 309 (원천동),0,0,0,031-214-5182
A0015508,삼거리주유소,HD현대오일뱅크,충남 아산시,충남,아산시,충남 아산시 음봉면 아산온천로 528-8,0,0,0,041-541-0465
A0015510,영호주유소,GS칼텍스,충남 천안시,충남,천안시,충남 천안시 동남구 풍세로 857 (용곡동),0,0,0,041-555-2931
A0015513,2공단주유소,S-OIL,충남 천안시,충남,천안시,충남 천안시 서북구  2공단4로 34,1,0,0,041-567-5151
A0015516,CJ대한통운㈜  입장주유소,S-OIL,충남 천안시,충남,천안시,충남 천안시 서북구 입장면 시장리1길 3-14,1,0,1,041-588-7996
A0015519,효자셀프주유소,GS칼텍스,충남 예산군,충남,예산군,충남 예산군 예산읍 벚꽃로 459,1,0,0,041-334-5138
A0015520,공원주유소,HD현대오일뱅크,충남 천안시,충남,천안시,충남 천안시 동남구 광덕면 광덕로 225,0,0,0,041-567-2298
A0015524,북천안IC주유소,SK에너지,충남 천안시,충남,천안시,충남 천안시 서북구 직산읍 직산로 214,1,0,1,041-583-0051
A0015525,대양석유㈜현진주유소,SK에너지,충남 천안시,충남,천안시,충남 천안시 동남구 남부대로 112 (신방동),1,0,1,041-575-5187
A0015528,대성주유소,GS칼텍스,충남 천안시,충남,천안시,충남 천안시 서북구 성환읍 천안대로 2021,0,0,0,041-581-2418
A0015530,매봉셀프주유소,SK에너지,충남 천안시,충남,천안시,충남 천안시 동남구 병천면 충절로 1532,1,0,0,041-523-3367
A0015546,창성주유소,SK에너지,충남 천안시,충남,천안시,충남 천안시 서북구 성환읍 성환1로 201,0,0,0,041-581-5151
A0015547,공단주유소,HD현대오일뱅크,충남 아산시,충남,아산시,충남 아산시 인주면 아산만로 1368,0,0,0,041-533-2024
A0015549,아산주유소,GS칼텍스,충남 아산시,충남,아산시,충남 아산시 염치읍 서원길 14,0,0,0,041-544-9514
A0015551,신광명주유소,GS칼텍스,충남 천안시,충남,천안시,충남 천안시 동남구 천안대로 220 (삼룡동),1,0,1,041-555-5149
A0015557,은광주유소,SK에너지,충남 천안시,충남,천안시,충남 천안시 동남구 풍세면 풍세로 477,1,0,0,041-574-1868
A0015558,신계주유소,S-OIL,충남 천안시,충남,천안시,충남 천안시 동남구 목천읍 충절로 833,1,0,0,041-556-5151
A0015559,흑성주유소,HD현대오일뱅크,충남 천안시,충남,천안시,충남 천안시 동남구 목천읍 충절로 1175,1,0,0,041-557-3000
A0015560,자유주유소,GS칼텍스,충남 아산시,충남,아산시,충남 아산시 외암로 1380,1,0,1,041-544-5105
A0015562,㈜샘물에너지 샘물주유소,S-OIL,경기 의정부시,경기,의정부시,경기 의정부시 호국로 1696 (자일동),1,0,0,031-841-5182
A0015564,아산영인주유소,S-OIL,충남 아산시,충남,아산시,충남 아산시 영인면 영인로 160,1,0,0,041-534-5151
A0015568,도림주유소,SK에너지,충남 천안시,충남,천안시,충남 천안시 서북구 입장면 성진로 1123,1,0,0,041-584-4300
A0015569,송악시엠주유소,GS칼텍스,충남 당진시,충남,당진시,충남 당진시 송악읍 송악로 412,1,0,0,041-357-1680
A0015572,망향주유소 경부고속(부산방향),알뜰(ex),충남 천안시,충남,천안시,충남 천안시 서북구 성거읍 석문길 98,1,1,1,041-557-6161
A0015573,병천주유소,HD현대오일뱅크,충남 천안시,충남,천안시,충남 천안시 동남구 목천읍 충절로 1758,1,0,0,041-564-1105
A0015576,해암주유소,HD현대오일뱅크,충남 아산시,충남,아산시,충남 아산시 인주면 현대로 855,0,0,0,041-533-7701
A0015577,세기주유소,SK에너지,강원 원주시,강원,원주시,강원 원주시 지정면 원문로 1035,0,0,0,033-731-6994
A0015579,우리주유소,GS칼텍스,충남 천안시,충남,천안시,충남 천안시 동남구 풍세로 895 (다가동),1,0,0,041-523-5100
A0015586,청솔주유소,HD현대오일뱅크,충남 천안시,충남,천안시,충남 천안시 동남구 성남면 성남로 413,0,0,0,041-553-8132
A0015589,기산주유소,HD현대오일뱅크,충남 아산시,충남,아산시,충남 아산시 순천향로 408,0,0,1,041-546-8282
A0015594,초원주유소,S-OIL,충남 아산시,충남,아산시,충남 아산시 실옥로 67,1,0,0,041-549-0622
A0015596,푸른주유소,GS칼텍스,충남 아산시,충남,아산시,충남 아산시 아산로 82 (온천동),1,0,1,041-549-2497
A0015597,마스터셀프주유소,HD현대오일뱅크,충남 천안시,충남,천안시,충남 천안시 서북구 성거읍 망향로 251,1,0,0,041-553-7701
A0015602,둔포주유소,S-OIL,충남 아산시,충남,아산시,충남 아산시 둔포면 아산호로 1004,1,0,0,041-532-4668
A0015603,승덕주유소,GS칼텍스,세종시,세종시,세종시,세종특별자치시 소정면 세종로 4317,0,0,0,044-566-8351
A0015608,두현주유소,S-OIL,충남 아산시,충남,아산시,충남 아산시 송악면 외암로 239,1,0,1,041-541-3822
A0015610,쌍암주유소,HD현대오일뱅크,충남 아산시,충남,아산시,충남 아산시 음봉면 연암율금로 555,0,0,0,041-546-8675
A0015613,민들레주유소,GS칼텍스,충남 아산시,충남,아산시,충남 아산시 염치읍 은행나무길 183,0,0,0,041-541-5252
A0015617,호서대주유소,SK에너지,충남 아산시,충남,아산시,충남 아산시 배방읍 온천대로 2236,1,0,1,041-532-5189
A0015620,부성에너지,S-OIL,충남 천안시,충남,천안시,충남 천안시 서북구 업성2길 21 (업성동),1,0,0,041-562-5155
A0015622,구성주유소,SK에너지,충남 아산시,충남,아산시,충남 아산시 영인면 아산호로 496,0,0,0,041-542-4581
A0015627,하나주유소,HD현대오일뱅크,충남 천안시,충남,천안시,충남 천안시 동남구 성남면 성남로 260,1,0,0,041-554-8090
A0015628,참좋은주유소,HD현대오일뱅크,충남 서산시,충남,서산시,충남 서산시 대산읍 충의로 2105,1,0,0,041-663-0051
A0015631,원곡산하주유소,HD현대오일뱅크,경기 안성시,경기,안성시,경기 안성시 원곡면 삼봉로 708,0,0,0,031-665-5152
A0015633,좋은차주유소,S-OIL,충남 아산시,충남,아산시,충남 아산시 염치읍 현대로 152,0,0,0,041-543-9951
A0015640,삼화1주유소,HD현대오일뱅크,충남 아산시,충남,아산시,충남 아산시 둔포면 충무로 1576,0,0,0,041-531-5189
A0015643,선녀주유소,S-OIL,충남 천안시,충남,천안시,충남 천안시 서북구 천안대로 1394,1,0,0,041-583-1206
A0015648,명진에너지,S-OIL,충남 천안시,충남,천안시,충남 천안시 동남구 망향로 52 (신부동),1,0,0,041-555-5188
A0015649,㈜삼성대로주유소,GS칼텍스,충남 천안시,충남,천안시,충남 천안시 서북구 번영로 446,1,0,1,041-622-5189
A0015650,성환주유소,HD현대오일뱅크,충남 천안시,충남,천안시,충남 천안시 서북구 성환읍 연암율금로 103,0,0,1,041-581-9768
A0015652,태양주유소/충전소,GS칼텍스,충남 천안시,충남,천안시,충남 천안시 서북구 번영로 613,0,0,1,041-621-5185
A0015659,세원주유소,S-OIL,충남 아산시,충남,아산시,충남 아산시 송악면 송악로 243,0,0,0,041-544-0626
A0015662,목천톨게이트주유소,SK에너지,충남 천안시,충남,천안시,충남 천안시 동남구 목천읍 충절로 952,0,0,0,041-567-5182
A0015666,㈜온아한셀프주유소,HD현대오일뱅크,충남 천안시,충남,천안시,충남 천안시 서북구 차돌로 14,1,0,1,0
A0015671,다온주유소,HD현대오일뱅크,충남 천안시,충남,천안시,충남 천안시 동남구 풍세로 930,1,0,0,041-553-5189
A0015674,대양석유㈜ 나누리self주유소,SK에너지,충남 천안시,충남,천안시,충남 천안시 서북구 번영로 563 (성성동),1,0,1,041-522-1251
A0015675,대지주유소,HD현대오일뱅크,충남 아산시,충남,아산시,충남 아산시 신창면 온천대로 953,0,0,0,041-534-2352
A0015676,김여사주유소,HD현대오일뱅크,충남 천안시,충남,천안시,충남 천안시 서북구 성거읍 봉주로 202,1,0,0,041-585-5155
A0015677,에스반도체주유소 주식회사,GS칼텍스,경기 용인시,경기,용인시,경기 용인시 처인구 이동면 경기동로 862,1,0,0,031-322-6686
A0015683,화랑주유소,S-OIL,충남 아산시,충남,아산시,충남 아산시 외암로 1568 (풍기동),0,0,0,041-545-2764
A0015686,삼성테크노주유소,HD현대오일뱅크,충남 아산시,충남,아산시,충남 아산시 탕정면 삼성로 350,0,0,0,041-541-5159
A0015697,삼원소재㈜대풍주유소,SK에너지,충남 아산시,충남,아산시,충남 아산시 도고면 도고면로 2,1,0,0,041-541-6161
A0015700,뚱땡이주유소,S-OIL,충남 서산시,충남,서산시,충남 서산시 팔봉면 팔봉2로 194-88,1,0,1,041-665-1962
A0015701,태조산주유소,HD현대오일뱅크,충남 천안시,충남,천안시,충남 천안시 동남구 각원사길 111 (안서동),0,0,0,041-567-0052
A0015704,천안동남주유소,SK에너지,충남 천안시,충남,천안시,충남 천안시 동남구 동면 충절로 2720,1,0,0,041-523-5151
A0015728,홍익주유소,SK에너지,충남 천안시,충남,천안시,충남 천안시 서북구 직산읍 상덕로 155,1,0,0,041-584-5151
A0015730,(주)대운주유소,GS칼텍스,충남 천안시,충남,천안시,충남 천안시 서북구 천안대로 1307 (신당동),1,0,0,041-568-5289
A0015736,남산주유소,S-OIL,충남 아산시,충남,아산시,충남 아산시 시민로221 (용화동),1,0,1,041-542-3345
A0015756,나인투㈜ 아산지점,HD현대오일뱅크,충남 아산시,충남,아산시,충남 아산시 아산로 146 (온천동),1,0,0,041-532-9542
A0015762,우리나라주유소,S-OIL,충남 천안시,충남,천안시,충남 천안시 동남구 북면 충절로 1284,0,0,0,041-522-2051
A0015763,수신주유소,HD현대오일뱅크,충남 천안시,충남,천안시,충청남도 천안시 동남구 수신면 수신로 290 (수신면),0,0,0,041-552-6294
A0015766,친절한주유소,S-OIL,충남 천안시,충남,천안시,충남 천안시 동남구 중앙로 289,1,0,0,041-562-5151
A0015771,고룡산주유소,HD현대오일뱅크,충남 아산시,충남,아산시,충남 아산시 영인면 장영실로 619,0,0,0,041-534-6604
A0015779,강남주유소,SK에너지,경기 여주시,경기,여주시,경기 여주시 대신면 여양로 681,0,0,0,031-884-8315
A0015784,햇님주유소,SK에너지,충남 천안시,충남,천안시,충남 천안시 동남구 충절로 461,1,0,1,041-551-0051
A0015797,(주)오일마스터아산지점 송촌주유소,SK에너지,충남 아산시,충남,아산시,충남 아산시 음봉면 음봉로 336,1,0,0,041-545-5189
A0015803,남동주유소,HD현대오일뱅크,충남 아산시,충남,아산시,충남 아산시 순천향로 1035 (남동),1,0,0,041-533-5185
A0015812,현대오일뱅크 정원주유소,HD현대오일뱅크,충남 천안시,충남,천안시,충남 천안시 서북구 성환읍 신방로 376,0,0,0,041-581-0707
A0015813,EM톨게이트주유소,S-OIL,충남 천안시,충남,천안시,충남 천안시 동남구 목천읍 남부대로 950,0,0,0,041-622-5159
A0015814,강남셀프주유소,GS칼텍스,충남 공주시,충남,공주시,충남 공주시 우금티로 745 (옥룡동),1,0,1,041-856-1250
A0015820,삼성그린주유소,GS칼텍스,충남 아산시,충남,아산시,충남 아산시 음봉면 음봉로 648,1,0,0,041-546-5151
A0015822,봉명셀프주유소,S-OIL,충남 천안시,충남,천안시,충남 천안시 동남구 차돌로 97,1,0,0,041-575-1151
A0015824,삼흥주유소,S-OIL,충남 천안시,충남,천안시,충남 천안시 동남구 충절로 395 (삼룡동),1,0,1,041-564-5100
A0015862,㈜제스 현대조은주유소,GS칼텍스,충남 아산시,충남,아산시,충남 아산시 인주면 현대로 1088,1,0,0,041-533-8591
A0015866,주식회사 지우스타에너지,S-OIL,충남 아산시,충남,아산시,충남 아산시 염치읍 아산로 807,0,0,0,041-532-5866
A0015869,무지개주유소,S-OIL,충남 아산시,충남,아산시,충남 아산시 염치읍 충무로 381,0,0,0,041-541-4443
A0015877,대홍주유소,S-OIL,충남 천안시,충남,천안시,충남 천안시 서북구 성환읍 천안대로 2356,0,0,0,041-581-7052
A0015884,지에스칼텍스㈜직영GS아산스타주유소,GS칼텍스,충남 아산시,충남,아산시,충남 아산시 온천대로 1282,1,0,1,041-546-5185
A0015888,신인주유소,S-OIL,충남 아산시,충남,아산시,충남 아산시 순천향로 530,0,0,0,041-546-3305
A0015894,영남문셀프주유소,HD현대오일뱅크,충남 천안시,충남,천안시,충남 천안시 동남구 충절로 488 (청룡동),1,0,0,041-569-8058
A0015905,목천IC주유소,HD현대오일뱅크,충남 천안시,충남,천안시,충남 천안시 동남구 목천읍 남부대로 829 (목천읍),0,0,0,041-557-5188
A0015908,신은성주유소,SK에너지,충남 천안시,충남,천안시,충남 천안시 동남구 병천면 매봉로 243,1,0,0,041-556-4951
A0015933,삼원주유소,SK에너지,충남 천안시,충남,천안시,충남 천안시 서북구 4산단로 217,1,0,1,041-555-3151
A0015934,이루다셀프주유소,HD현대오일뱅크,충남 아산시,충남,아산시,충남 아산시 온천대로 1291 (방축동),1,0,0,041-548-5188
A0015935,럭키셀프주유소,GS칼텍스,충남 천안시,충남,천안시,충남 천안시 서북구 성환읍 천안대로 1846,1,0,0,041-582-6500
A0015939,베스트주유소,S-OIL,충남 아산시,충남,아산시,충남 아산시 선장면 아산만로 582,0,0,0,041-533-5149
A0015946,지에스칼텍스㈜ KTX주유소(아산),GS칼텍스,충남 아산시,충남,아산시,충남 아산시 배방읍 이순신대로 832,1,0,1,041-547-5139
A0015959,서천안 ㈜오일컴퍼니,HD현대오일뱅크,충남 천안시,충남,천안시,충남 천안시 동남구 풍세로 689,1,0,0,041-574-5188
A0015961,굿모닝주유소,HD현대오일뱅크,충남 천안시,충남,천안시,충남 천안시 서북구 봉정로 246,0,0,0,041-571-5159
A0015976,삼성GOOD주유소,S-OIL,충남 아산시,충남,아산시,충청남도 아산시 탕정면 436-2,1,0,0,041-546-1300
A0015980,은성주유소,SK에너지,충남 천안시,충남,천안시,충남 천안시 서북구 성거읍 망향로 819,1,0,0,041-522-1886
A0015984,북면주유소,S-OIL,충남 천안시,충남,천안시,충청남도 천안시 동남구 북면 위례성로 715,0,0,0,041-554-8060
A0015987,남산주유소,SK에너지,충남 천안시,충남,천안시,충남 천안시 동남구 천안천공원3길 27-10,1,0,1,041-563-0068
A0015996,삼송뉴시티주유소,S-OIL,경기 고양시,경기,고양시,경기 고양시 덕양구 고양대로 1960 (동산동),1,0,0,02-359-5145
A0016012,태호건설㈜ 천안지점,S-OIL,충남 천안시,충남,천안시,충남 천안시 서북구 천안대로 1685,1,0,0,041-582-2375
A0016019,(주)디오티디 아산꿀꿀이주유소,SK에너지,충남 아산시,충남,아산시,충남 아산시 영인면 장영실로 684,0,0,1,041-545-5185
A0016023,아산호서대주유소,HD현대오일뱅크,충남 아산시,충남,아산시,충남 아산시 배방읍 호서로 254,1,0,0,041-541-5559
A0016025,성환셀프주유소,HD현대오일뱅크,충남 천안시,충남,천안시,충남 천안시 서북구 성환읍 천안대로 1781 (성환읍),1,0,0,041-581-9639
A0016028,㈜케이로지스,HD현대오일뱅크,충남 아산시,충남,아산시,충남 아산시 외암로 641,1,0,0,041-542-8190
A0016029,세일주유소,HD현대오일뱅크,충남 천안시,충남,천안시,충남 천안시 서북구 천안대로 1201,1,0,1,041-522-5149
A0016031,신원주유소,HD현대오일뱅크,충남 천안시,충남,천안시,충남 천안시 동남구 충무로 60 (신방동),1,0,0,041-573-2011
A0016035,디오티디아산멍멍이주유소,HD현대오일뱅크,충남 아산시,충남,아산시,충남 아산시 인주면 서해로 525,1,0,1,041-533-5184
A0016036,(주)이아이디 천안대로주유소 지점,HD현대오일뱅크,충남 천안시,충남,천안시,충남 천안시 서북구 성환읍 천안대로 2230,1,0,0,070-7799-3041
A0016038,왕대박셀프주유소,HD현대오일뱅크,충남 천안시,충남,천안시,충남 천안시 서북구 성정9길 23-29 (성정동),1,0,0,041-553-5149
A0016042,순천향스테이션 ㈜케이투에너지,HD현대오일뱅크,충남 아산시,충남,아산시,충남 아산시 신창면 온천대로 846,1,0,0,041-544-5474
A0016051,미라클에너지㈜,HD현대오일뱅크,충남 아산시,충남,아산시,충남 아산시 음봉면 아산온천로 240,1,0,0,041-549-6778
A0016052,행복날개주유소,SK에너지,충남 아산시,충남,아산시,충남 아산시 배방읍 온천대로 1829,1,0,0,041-534-5199
A0016053,음봉농협주유소,NH-OIL,충남 아산시,충남,아산시,충남 아산시 음봉면 연암율금로 78,1,0,1,041-534-9332
A0016054,현대에너지,S-OIL,충남 아산시,충남,아산시,충남 아산시 음봉면 음봉면로 192,0,0,0,041-532-9009
A0016058,천안대로셀프,S-OIL,충남 천안시,충남,천안시,충남 천안시 동남구 천안대로 727,1,0,0,041-569-1191
A0016060,㈜씨엠이엔지 직영 대광주유소,HD현대오일뱅크,충남 아산시,충남,아산시,충남 아산시 문화로 363,1,0,0,041-546-2298
A0016061,가산주유소,GS칼텍스,충남 아산시,충남,아산시,충남 아산시 선장면 아산만로 971,0,0,0,041-541-5621
A0016062,㈜서부탑주유소,GS칼텍스,충남 천안시,충남,천안시,충남 천안시 서북구 서부대로 596,1,0,0,041-577-8951
A0016063,㈜노랑오일 아산IC주유소,S-OIL,충남 아산시,충남,아산시,충남 아산시 영인면 아산로 854-2,0,0,0,041-533-5150
A0016064,㈜비타민셀프주유소,HD현대오일뱅크,충남 천안시,충남,천안시,충남 천안시 동남구 망향로 53,1,0,0,041-622-1175
A0016065,중부주유소,GS칼텍스,충남 아산시,충남,아산시,충남 아산시 영인면 장영실로 687,0,0,0,041-544-5147
A0016066,스마일오일뱅크,HD현대오일뱅크,충남 아산시,충남,아산시,충남 아산시 외암로 1379,1,0,0,041-532-5188
A0016068,염치농협주유소,NH-OIL,충남 아산시,충남,아산시,충남 아산시 염치읍 아산로 321,1,0,1,041-547-1351
A0016070,희망찬주유소,HD현대오일뱅크,충남 아산시,충남,아산시,충남 아산시 도고면 온천대로 476,1,0,0,041-542-0135
A0016071,카카오스테이션 ㈜오일컴퍼니,HD현대오일뱅크,충남 아산시,충남,아산시,충남 아산시 인주면 서해로 492,1,0,0,041-543-5199
A0016072,영인산주유소,HD현대오일뱅크,충남 아산시,충남,아산시,충남 아산시 영인면 아산로 987,1,0,0,041-549-8822
A0016073,남부주유소,GS칼텍스,충남 천안시,충남,천안시,충남 천안시 동남구 남부대로 84 (신방동),1,0,1,041-577-7900
A0016075,㈜삼화에너지 아산,HD현대오일뱅크,충남 아산시,충남,아산시,충남 아산시 온천대로 1169,1,0,1,041-549-5189
A0016079,천안삼거리(서울방향)주유소/충전소 ㈜광동석유,알뜰(ex),충남 천안시,충남,천안시,충남 천안시 동남구 쉼1길 40,1,1,1,041-555-3001
A0016080,사랑셀프주유소,GS칼텍스,충남 아산시,충남,아산시,충남 아산시 충무로 152,1,0,0,041-544-9960
A0016083,터미널주유소,GS칼텍스,충남 천안시,충남,천안시,충남 천안시 동남구 만남로 43 (신부동),0,0,0,041-640-6172
A0016085,오창(하남)주유소,알뜰(ex),충북 청주시,충북,청주시,충북 청주시 청원구 오창읍 중부고속도로 22,1,1,1,043-217-8313
A0016086,중부화물터미널주유소,HD현대오일뱅크,충남 천안시,충남,천안시,충남 천안시 동남구 청당산업길 33 (구룡동),0,0,0,041-558-9114
A0016100,프라임오에스주유소,S-OIL,충남 천안시,충남,천안시,충남 천안시 서북구 쌍용대로 269 (성정동),1,0,0,041-579-5188
A0016107,성환농협북부지점 주유소,NH-OIL,충남 천안시,충남,천안시,충남 천안시 서북구 성환읍 천안대로 2436,1,0,1,041-588-2917
A0016108,둔포농협주유소,NH-OIL,충남 아산시,충남,아산시,충남 아산시 둔포면 충무로 1759,0,0,1,041-531-7128
A0016110,동천안농협주유소,NH-OIL,충남 천안시,충남,천안시,충남 천안시 동남구 목천읍 남부대로 1155,0,0,1,041-553-2602
A0016111,천안농협원성동 클린셀프주유소,NH-OIL,충남 천안시,충남,천안시,충남 천안시 동남구 중앙로 13 (원성동),1,1,1,041-568-1073
A0016112,온양농협주유소,NH-OIL,충남 아산시,충남,아산시,충남 아산시 신창면 서부북로 906,0,1,1,041-542-2584
A0016113,배방농협주유소,NH-OIL,충남 아산시,충남,아산시,충남 아산시 배방읍 호서로 429,1,1,1,041-537-0555
A0016115,아우내농협수신지점,NH-OIL,충남 천안시,충남,천안시,충남 천안시 동남구 수신면 수신로 450-3,0,0,1,041-552-7379
A0016116,입장농협주유소,NH-OIL,충남 천안시,충남,천안시,충남 천안시 서북구 입장면 입장로 113,1,1,1,041-585-8368
A0016119,아우내농협동면주유소,NH-OIL,충남 천안시,충남,천안시,충남 천안시 동남구 동면 충절로 2201,0,0,1,041-523-9708
A0016120,선도농협주유소,NH-OIL,충남 아산시,충남,아산시,충남 아산시 선장면 아산만로 603,0,0,1,041-543-4820
A0016121,천안농협주유소,NH-OIL,충남 천안시,충남,천안시,충청남도 천안시 동남구 풍세면 광풍로 1542,1,0,1,041-552-6995
A0016122,성거농협클린주유소,NH-OIL,충남 천안시,충남,천안시,충남 천안시 서북구 성거읍 성거길 88,1,0,1,041-622-8591
A0016123,선영셀프주유소,HD현대오일뱅크,충남 천안시,충남,천안시,충남 천안시 서북구 백석로 248,1,0,0,041-577-5533
A0016124,직산농협 클린주유소,NH-OIL,충남 천안시,충남,천안시,충남 천안시 서북구 직산읍 천안밸리로15,1,0,1,041-583-3752
A0016127,㈜남영전구 천안(부산)주유소,알뜰(ex),충남 천안시,충남,천안시,충남 천안시 동남구 수신면 성남로 793-40,1,1,1,041-552-6367
A0016142,HD현대오일뱅크㈜직영 협신주유소,HD현대오일뱅크,충남 천안시,충남,천안시,충남 천안시 동남구 풍세로 583,0,0,1,041-577-0117
A0016149,KK㈜ 천안중앙2주유소,SK에너지,충남 천안시,충남,천안시,충남 천안시 서북구 쌍용대로 215 (성정동),1,0,1,041-575-4228
A0016151,HD현대오일뱅크㈜직영 천안푸른주유소,HD현대오일뱅크,충남 천안시,충남,천안시,충남 천안시 동남구 서부대로 555,0,0,1,041-575-8451
A0016153,KK㈜ 천안중앙1주유소,SK에너지,충남 천안시,충남,천안시,충남 천안시 서북구 서부대로 422,1,0,1,041-571-3389
A0016154,(주)스마트셀프주유소,HD현대오일뱅크,충남 천안시,충남,천안시,충남 천안시 동남구 쌍용대로 142 (봉명동),1,0,0,041-577-5179
A0016156,대양셀프주유소,HD현대오일뱅크,충남 천안시,충남,천안시,충남 천안시 서북구 충무로 166 (쌍용동),1,0,0,041-572-4905
A0016162,장원주유소,HD현대오일뱅크,충남 아산시,충남,아산시,충남 아산시 음봉면 음봉로 195,0,0,0,041-544-8888
A0016166,동방주유소,GS칼텍스,충남 천안시,충남,천안시,충남 천안시 동남구 성남면 5산단로 236,0,0,0,041-553-6542
A0016167,HD현대오일뱅크㈜직영 번영주유소,HD현대오일뱅크,충남 천안시,충남,천안시,충남 천안시 서북구 2공단1로 10 (성성동),0,0,1,041-621-5103
A0016176,SK에너지(주) 글로벌주유소,SK에너지,충남 천안시,충남,천안시,충남 천안시 서북구 동서대로 27 (백석동),1,0,1,041-552-9596
A0016184,HD현대오일뱅크㈜직영 동부주유소,HD현대오일뱅크,충남 아산시,충남,아산시,충남 아산시 문화로 317 (모종동),0,0,1,041-546-8080
A0016189,동일석유㈜천안동일주유소,SK에너지,충남 천안시,충남,천안시,충남 천안시 동남구 천안대로 536 (구성동),1,0,1,041-552-5166
A0016205,CJ대한통운㈜ 아산마루주유소,GS칼텍스,충남 아산시,충남,아산시,충남 아산시 온천대로 1094(득산동),1,0,1,041-424-5189
A0016209,판정주유소,SK에너지,충남 천안시,충남,천안시,충남 천안시 서북구 직산읍 성진로 328,0,0,0,041-581-1836
A0016210,씨앤에스유통(주)목천주유소,S-OIL,충남 천안시,충남,천안시,충남 천안시 동남구 목천읍 학수소사길 213,0,0,0,041-566-6463
A0016214,정다운주유소,S-OIL,충남 아산시,충남,아산시,충남 아산시 영인면 아산호로 191,1,0,0,041-542-8928
A0016216,원에너지주유소,GS칼텍스,충남 아산시,충남,아산시,충남 아산시 둔포면 충무로 1213,0,0,0,041-531-7351
A0016217,중도석유(주)중도행복주유소,GS칼텍스,충남 아산시,충남,아산시,충남 아산시 배방읍 고속철대로 171,1,0,1,070-7711-3763
A0016219,아산현대주유소,HD현대오일뱅크,충남 아산시,충남,아산시,충남 아산시 둔포면 충무로 1408,1,0,1,041-532-5185
A0016221,GS목천IC주유소,GS칼텍스,충남 천안시,충남,천안시,충남 천안시 동남구 목천읍 남부대로 983,1,0,1,041-555-5185
A0016223,아산신도시주유소,SK에너지,충남 아산시,충남,아산시,충남 아산시 배방읍 새아산로 20-2,1,0,1,041-531-5551
A0016224,(주)대성제2주유소,GS칼텍스,충남 천안시,충남,천안시,충남 천안시 동남구 가마골1길 10 (신부동),1,0,0,041-558-1240
A0016226,(주)소모 아산둔포주유소,GS칼텍스,충남 아산시,충남,아산시,충남 아산시 둔포면 장영실로 1292,1,0,1,041-541-1610
A0016227,SK에너지㈜ 훼미리주유소,SK에너지,충남 천안시,충남,천안시,충남 천안시 서북구 망향로 244,0,0,1,041-564-5158
A0016228,㈜화이너지(서해안주유소),HD현대오일뱅크,충남 아산시,충남,아산시,충남 아산시 도고면 온천대로 102,1,0,0,041-000-0000
A0016231,신화상사(주)성원주유소,S-OIL,충남 아산시,충남,아산시,충남 아산시 순천향로 998 (좌부동),1,0,1,041-548-2122
A0016232,인주셀프주유소,GS칼텍스,충남 아산시,충남,아산시,충남 아산시 아산만로 1504,1,0,0,041-547-5145
A0016242,(주)대성주유소,GS칼텍스,충남 천안시,충남,천안시,충남 천안시 서북구 성거읍 망향로 697,1,0,0,041-523-2244
A0016243,우리주유소,S-OIL,충남 아산시,충남,아산시,충남 아산시 온천대로 1793,1,0,0,041-533-9934
A0016244,구광주유소,S-OIL,서울 금천구,서울,금천구,서울 금천구 서부샛길 674 (가산동),0,0,0,02-868-6889
A0016246,㈜이순신휴게소,HD현대오일뱅크,충남 아산시,충남,아산시,충남 아산시 염치읍 아산로 625,1,0,0,041-541-9224
A0016247,(주)광명주유소,GS칼텍스,충남 천안시,충남,천안시,충남 천안시 동남구 충절로 451,0,0,1,041-567-6066
A0016250,아평주유소,HD현대오일뱅크,충남 천안시,충남,천안시,충남 천안시 동남구 천안대로 784,1,0,0,041-000-0000
A0016251,자이언트에너지,GS칼텍스,충남 천안시,충남,천안시,충남 천안시 서북구 성거읍 망향로 904,1,0,0,041-417-3006
A0016256,송산주유소,SK에너지,충남 당진시,충남,당진시,충남 당진시 송산면 송산로 302,1,0,0,041-352-5133
A0016257,서천안IC주유소,S-OIL,충남 천안시,충남,천안시,충남 천안시 동남구 광풍로 1687,1,0,0,041-567-5105
A0016258,평온주유소,HD현대오일뱅크,충남 천안시,충남,천안시,충남 천안시 서북구 성환18길 11-124,1,0,0,041-585-7075
A0016259,HD현대오일뱅크㈜직영 종합운동장셀프주유소,HD현대오일뱅크,충남 천안시,충남,천안시,충남 천안시 서북구 백석로 42 (백석동),1,0,1,041-622-9896
A0016260,두두림주유소,S-OIL,충남 천안시,충남,천안시,충남 천안시 서북구 번영로 525,1,0,0,041-522-5188
A0016263,주식회사 경부에너지,GS칼텍스,충남 천안시,충남,천안시,충남 천안시 서북구 성환읍 연암로 194,0,0,0,041-582-3033
A0016264,보성주유소,S-OIL,충남 천안시,충남,천안시,충남 천안시 동남구 풍세면 광풍로 1333,1,0,0,041-561-5133
A0016267,광명주유소,HD현대오일뱅크,충남 보령시,충남,보령시,충남 보령시 웅천읍 장터중앙길 164,0,0,1,041-933-2024
A0016270,구도일주유소 대해로,S-OIL,충남 보령시,충남,보령시,충남 보령시 대해로 297,1,0,0,041-934-9997
A0016274,하구언주유소SK,SK에너지,충남 서천군,충남,서천군,충남 서천군 마서면 금강로 1111,0,0,0,041-956-7944
A0016275,Sh수협주유소,GS칼텍스,충남 보령시,충남,보령시,충남 보령시 신평로 22 (대천3동),1,0,1,041-931-5130
A0016276,광신2주유소,SK에너지,충남 보령시,충남,보령시,충남 보령시 보령북로 250 (대천동),1,0,0,041-932-5886
A0016277,동백주유소,GS칼텍스,충남 서천군,충남,서천군,충남 서천군 비인면 충서로 1062,0,0,0,041-952-1363
A0016279,장항주유소,알뜰주유소,충남 서천군,충남,서천군,충남 서천군 장항읍 장산로 504,1,0,1,041-956-2255
A0016281,성일주유소,SK에너지,충남 서천군,충남,서천군,충남 서천군 서천읍 서천로 115-1,0,0,0,041-953-0434
A0016283,대양주유소,GS칼텍스,충남 서천군,충남,서천군,충남 서천군 서면 서인로 571,1,0,0,041-951-7744
A0016287,유한회사 우진에너지,알뜰주유소,충남 보령시,충남,보령시,충남 보령시 대해로 294,1,0,1,0
A0016289,한산주유소,SK에너지,충남 서천군,충남,서천군,충남 서천군 한산면 충절로 1190,0,0,0,041-951-8977
A0016290,국제주유소,GS칼텍스,충남 서천군,충남,서천군,충남 서천군 서천읍 서천로 245,1,0,0,041-953-5151
A0016293,대창주유소,SK에너지,충남 보령시,충남,보령시,충남 보령시 웅천읍 장터중앙길 69,0,0,0,041-933-8889
A0016295,24시 대천주유소,알뜰주유소,충남 보령시,충남,보령시,충남 보령시 중앙로 172 (대천동),1,0,1,041-934-4277
A0016297,망월주유소,HD현대오일뱅크,충남 서천군,충남,서천군,충남 서천군 화양면 장산로 1098,0,0,0,041-951-8882
A0016298,오천농협주유소,HD현대오일뱅크,충남 보령시,충남,보령시,충남 보령시 오천면 충청수영로 564-5,1,0,1,041-931-4051
A0016300,서해주유소,HD현대오일뱅크,충남 보령시,충남,보령시,충남 보령시 미산면 만수로 957,1,0,0,041-934-5208
A0016301,제일주유소,HD현대오일뱅크,충남 보령시,충남,보령시,충남 보령시 흑포1길 4 (신흑동),1,0,1,041-931-5189
A0016304,중앙주유소,SK에너지,충남 서천군,충남,서천군,충남 서천군 장항읍 장서로 117,0,0,0,041-956-0603
A0016305,(유)대성주유소,알뜰주유소,충남 보령시,충남,보령시,충남 보령시 대천로 254 (죽정동),1,0,1,0
A0016309,소양주유소,SK에너지,충남 보령시,충남,보령시,충남 보령시 청라면 대청로 1100,1,0,0,041-931-1155
A0016313,㈜아이디오일 고래주유소,S-OIL,경기 파주시,경기,파주시,경기 파주시 조리읍 통일로 517,1,0,0,031-942-5179
A0016314,금정주유소,HD현대오일뱅크,충남 보령시,충남,보령시,충남 보령시 성주면 성주산로 667,1,0,0,041-932-6070
A0016318,화양주유소,HD현대오일뱅크,충남 서천군,충남,서천군,충남 서천군 화양면 옥포길 40,0,0,0,041-951-5145
A0016324,판교주유소,GS칼텍스,충남 서천군,충남,서천군,충남 서천군 판교면 대백제로 1914,0,0,0,041-951-5516
A0016329,오거리주유소,S-OIL,충남 서천군,충남,서천군,충남 서천군 서천읍 충절로 126,1,0,0,041-951-8850
A0016332,서해안주유소,GS칼텍스,충남 보령시,충남,보령시,충남 보령시 청소면 청소큰길 22,0,0,0,041-933-7561
A0016334,SK행복주유소,SK에너지,충남 서천군,충남,서천군,충남 서천군 서천읍 충절로 118,0,0,0,041-951-8942
A0016336,만세보령주유소,S-OIL,충남 보령시,충남,보령시,충남 보령시 보령남로 140,1,0,1,041-931-5405
A0016337,행복셀프주유소,SK에너지,충남 보령시,충남,보령시,충남 보령시 대청로 209,1,0,1,041-932-1747
A0016338,명해로주유소,자가상표,충남 보령시,충남,보령시,충남 보령시 명해로 111 (궁촌동),1,0,1,0
A0016339,DH 대천톨게이트주유소,SK에너지,충남 보령시,충남,보령시,충남 보령시 대해로 216 (내항동),1,0,0,041-933-6677
A0016357,동산주유소,HD현대오일뱅크,충남 서천군,충남,서천군,충남 서천군 서천읍 서문로 366,0,0,0,041-953-1382
A0016358,성주주유소,SK에너지,충남 보령시,충남,보령시,충남 보령시 성주면 성주산로 420,0,0,0,041-933-5211
A0016362,우영주유소,HD현대오일뱅크,충남 서천군,충남,서천군,충남 서천군 종천면 충서로 366,0,0,0,041-952-6641
A0016365,명진주유소,GS칼텍스,충남 보령시,충남,보령시,충남 보령시 미산면 만수로 1124,0,0,0,041-933-4201
A0016367,대천IC셀프주유소,HD현대오일뱅크,충남 보령시,충남,보령시,충남 보령시 대해로 423,1,0,0,041-933-5135
A0016370,동대주유소,HD현대오일뱅크,충남 보령시,충남,보령시,충남 보령시 대청로 142 (동대동),1,0,0,041-936-8600
A0016371,이수에너지,HD현대오일뱅크,충남 보령시,충남,보령시,충남 보령시 주교면 보령북로 469,1,0,0,041-931-1942
A0016373,동일주유소,GS칼텍스,충남 보령시,충남,보령시,충남 보령시 보령남로 100,1,0,0,041-933-7666
A0016379,합동주유소,SK에너지,충남 보령시,충남,보령시,충남 보령시 주교면 울개길 490,0,0,0,041-933-0333
A0016380,효성주유소,SK에너지,충남 보령시,충남,보령시,충남 보령시 오천면 도미항로 375,0,0,0,041-933-8279
A0016381,천북주유소,SK에너지,충남 보령시,충남,보령시,충남 보령시 천북면 홍보로 437,0,0,0,041-641-5450
A0016384,은포주유소,S-OIL,충남 보령시,충남,보령시,충남 보령시 주교면 토정로 690,1,0,0,041-933-2634
A0016389,대천서부수협주유소,HD현대오일뱅크,충남 보령시,충남,보령시,충남 보령시 대해로 791 (신흑동),1,0,0,041-934-2611
A0016392,덕원주유소,S-OIL,충남 보령시,충남,보령시,충남 보령시 청소면 충서로 4063,1,0,0,041-933-5149
A0016395,청소농협협동조합,NH-OIL,충남 보령시,충남,보령시,충남 보령시 청소면 청소큰길 192,0,0,1,041-933-6886
A0016398,천북농협클린(신덕점)주유소,NH-OIL,충남 보령시,충남,보령시,충남 보령시 천북면 천광로 557,0,0,1,041-641-5416
A0016399,천북농협주유소,NH-OIL,충남 보령시,충남,보령시,충남 보령시 천북면 홍보로 670,1,0,1,041-641-5151
A0016400,남포농협주유소,SK에너지,충남 보령시,충남,보령시,충남 보령시 남포면 월전로 9,0,0,1,041-931-0090
A0016401,서창산업(주) 서천(서울방향)주유소,알뜰(ex),충남 서천군,충남,서천군,충남 서천군 비인면 서해안고속도로 168,1,1,1,041-952-9735
A0016402,서천(목포)주유소/충전소,알뜰(ex),충남 서천군,충남,서천군,충남 서천군 비인면 서해안고속도로 169,1,1,1,041-952-9738
A0016403,대천농협주유소,HD현대오일뱅크,충남 보령시,충남,보령시,충남 보령시 대천방조제로 84  (대천동),1,0,1,041-933-0142
A0016404,장항농협주유소,NH-OIL,충남 서천군,충남,서천군,충남 서천군 장항읍 성화로 87,1,1,1,041-957-2264
A0016405,주산농협주유소,NH-OIL,충남 보령시,충남,보령시,충남 보령시 주산면 충서로 430,1,0,1,041-933-6363
A0016406,한산농협주유소,NH-OIL,충남 서천군,충남,서천군,충남 서천군 기산면 충절로 966,1,1,1,041-951-9510
A0016407,서서천농협주유소,NH-OIL,충남 서천군,충남,서천군,충남 서천군 서면 서인로 824,1,1,1,041-952-8251
A0016410,현대보령셀프주유소,HD현대오일뱅크,충남 보령시,충남,보령시,충남 보령시 대해로 176 (내항동),1,0,1,041-936-3615
A0016417,동서천IC주유소,S-OIL,충남 서천군,충남,서천군,충남 서천군 화양면 장산로 1430,0,0,0,041-951-6662
A0016418,수연에너지㈜우리주유소,S-OIL,충남 서천군,충남,서천군,충청남도 서천군 판교면 대백제로 1560,0,0,0,041-951-5189
A0016422,산성주유소,S-OIL,충남 홍성군,충남,홍성군,충남 홍성군 장곡면 무한로 919,0,0,0,041-642-7334
A0016435,(주)혜천셀프주유소,GS칼텍스,대전 서구,대전,서구,대전 서구 혜천로 28,1,0,0,042-587-5189
A0016436,대광주유소,SK에너지,충북 옥천군,충북,옥천군,충북 옥천군 옥천읍 지용로 305,0,0,0,043-731-5945
A0016439,도암주유소,GS칼텍스,강원 평창군,강원,평창군,강원 평창군 대관령면 솔봉로 191,0,0,0,033-335-5188
A0016441,양지주유소,S-OIL,충남 논산시,충남,논산시,충남 논산시 연산면 황룡재로 50,0,0,0,041-734-5182
A0016442,배재주유소,HD현대오일뱅크,대전 서구,대전,서구,대전 서구 도솔로 57 (도마동),0,0,0,042-532-5700
A0016445,남선석유㈜ 계백셀프주유소,S-OIL,대전 서구,대전,서구,대전 서구 계백로 1327,1,0,1,042-523-5184
A0016448,오월드주유소,HD현대오일뱅크,대전 중구,대전,중구,대전 중구 대둔산로 359 (사정동),1,0,0,042-583-5151
A0016452,계백주유소,알뜰주유소,충남 논산시,충남,논산시,충남 논산시 부적면 계백로 1428,1,0,0,041-734-6835
A0016453,금강주유소,GS칼텍스,대전 대덕구,대전,대덕구,대전 대덕구 신탄진로 536,1,0,1,042-931-6633
A0016454,하이테크에너지(주)단양하이테크주유소,SK에너지,충북 단양군,충북,단양군,충북 단양군 매포읍 단양로 2727,1,0,0,043-421-8500
A0016460,봉암주유소,SK에너지,세종시,세종시,세종시,세종시 연서면 세종로 1899,1,0,1,044-868-5153
A0016465,스마일주유소,S-OIL,대전 대덕구,대전,대덕구,대전 대덕구 신탄진로 622 (상서동),1,0,0,042-934-5188
A0016468,문정주유소,SK에너지,충북 옥천군,충북,옥천군,충북 옥천군 옥천읍 중앙로 175,0,0,0,043-733-5552
A0016469,위성주유소,HD현대오일뱅크,대전 유성구,대전,유성구,대전 유성구 현충원로 489,1,0,1,042-825-5145
A0016471,온천주유소,HD현대오일뱅크,충남 공주시,충남,공주시,충남 공주시 반포면 온천사기소길 17,1,0,0,041-857-8638
A0016472,㈜버드내 태양셀프주유소,HD현대오일뱅크,충남 공주시,충남,공주시,충남 공주시 정안면 차령로 3737,1,0,0,041-881-2855
A0016484,CJ대한통운㈜ 동해주유소,HD현대오일뱅크,강원 동해시,강원,동해시,강원 동해시 강원남부로 4591 (단봉동),1,0,1,033-522-0227
A0016487,성진주유소,HD현대오일뱅크,충북 보은군,충북,보은군,충북 보은군 회인면 보청대로 3102,1,0,0,043-544-3980
A0016492,대양석유㈜ 중리주유소,SK에너지,대전 대덕구,대전,대덕구,대전 대덕구 한밭대로 1186,1,0,1,042-622-9939
A0016506,대둔산주유소,GS칼텍스,충남 금산군,충남,금산군,충남 금산군 진산면 태고사로 450,0,0,0,041-751-8312
A0016507,(주)증약주유소,SK에너지,충북 옥천군,충북,옥천군,충북 옥천군 군북면 옥천로 941,1,0,0,043-733-9221
A0016513,북대전주유소,S-OIL,대전 유성구,대전,유성구,대전 유성구 유성대로 1495,1,0,0,042-864-2207
A0016515,동건셀프주유소,HD현대오일뱅크,충남 공주시,충남,공주시,충남 공주시 무령로 492,1,0,0,041-854-0347
A0016526,행운주유소,GS칼텍스,충남 당진시,충남,당진시,충남 당진시 신평면 서해로 7475,1,0,0,041-363-5148
A0016539,행복가득주유소,HD현대오일뱅크,대전 중구,대전,중구,대전광역시 중구 보문산로 86,1,0,0,042-586-5188
A0016542,햇님주유소,알뜰주유소,충남 논산시,충남,논산시,충남 논산시 연산면 계백로 2435,1,0,1,041-733-5552
A0016545,중동주유소,알뜰주유소,대전 서구,대전,서구,대전 서구 계룡로 344 (갈마동),1,0,1,042-533-7088
A0016558,황금주유소,SK에너지,대전 서구,대전,서구,대전 서구 동서대로 1081,1,0,0,042-533-2838
A0016564,주홍셀프,GS칼텍스,대전 서구,대전,서구,대전 서구 도산로 475 (탄방동),1,0,0,042-485-8363
A0016565,운주농협주유소,NH-OIL,전북 완주군,전북,완주군,전북 완주군 운주면 대둔산로 1352,1,0,1,063-263-7733
A0016566,KH에너지㈜직영 아트샵가좌IC주유소,SK에너지,인천 서해구,인천,서해구,인천 서해구 백범로 708 (가좌동),1,0,1,1600-0919
A0016582,백산주유소,SK에너지,대전 서구,대전,서구,대전 서구 동서대로 1068 (변동),1,0,1,042-534-4678
A0016584,디에스주유소,SK에너지,대전 서구,대전,서구,대전 서구 배재로 210 (도마동),1,0,0,042-535-3841
A0016588,신탄진IC주유소,SK에너지,대전 대덕구,대전,대덕구,대전 대덕구 신탄진로 665,1,0,0,042-932-7888
A0016592,천지인주유소,S-OIL,대전 중구,대전,중구,대전 중구 대종로 44,1,0,1,042-272-6100
A0016597,서봉주유소,S-OIL,경기 화성시,경기,화성시,경기 화성시 만세구 향남읍 서봉로 745,1,0,0,031-8059-5168
A0016604,도마진실주유소,S-OIL,대전 서구,대전,서구,대전 서구 도산로 123,1,0,0,042-522-3764
A0016612,천호셀프주유소,SK에너지,충남 논산시,충남,논산시,충남 논산시 연산면 계백로 2694,1,0,0,041-734-8951
A0016622,상서현대셀프,HD현대오일뱅크,대전 대덕구,대전,대덕구,대전 대덕구 신탄진로 519 (상서동),0,0,0,042-931-8097
A0016626,신연금스테이션 ㈜제이에이치대성,HD현대오일뱅크,대전 유성구,대전,유성구,대전 유성구 북유성대로 155,1,0,0,042-544-5185
A0016627,대박주유소,SK에너지,충북 청주시,충북,청주시,충북 청주시 상당구  쇠내로 133 (금천동),1,0,0,043-223-3845
A0016634,남청주동자주유소,GS칼텍스,충북 청주시,충북,청주시,충북 청주시 서원구 남이면 청남로 1040,1,0,0,043-260-3831
A0016637,성찬셀프주유소,S-OIL,대전 대덕구,대전,대덕구,대전 대덕구 신탄진로 764 (신탄진동),1,0,0,042-346-1208
A0016640,옥천향수주유소,S-OIL,충북 옥천군,충북,옥천군,충북 옥천군 옥천읍 동부로 90,0,0,0,043-731-8886
A0016647,말벌주유소,S-OIL,충북 영동군,충북,영동군,충북 영동군 영동읍 난계로 788,0,0,0,043-745-7459
A0016657,필승주유소,SK에너지,대전 유성구,대전,유성구,대전 유성구 현충원로 201 (갑동),1,0,0,042-826-7097
A0016659,관저주유소,HD현대오일뱅크,대전 유성구,대전,유성구,대전 유성구 계백로 975  (원내동),1,0,0,042-541-4202
A0016660,보령머드주유소,SK에너지,충남 보령시,충남,보령시,충남 보령시 대청로 379 (화산동),0,0,0,041-934-7311
A0016662,으뜸회덕주유소,SK에너지,대전 대덕구,대전,대덕구,대전 대덕구 신탄진로 222,1,0,0,042-628-1496
A0016672,(주)에너비즈 둔산주유소,S-OIL,대전 서구,대전,서구,대전 서구 유등로 667 (탄방동),1,0,0,042-487-7090
A0016682,한밭대로주유소,HD현대오일뱅크,대전 유성구,대전,유성구,대전 유성구 한밭대로 305 (장대동),1,0,0,042-823-5152
A0016684,형제에너지,S-OIL,충남 홍성군,충남,홍성군,충남 홍성군 광천읍 충서로 277,0,0,0,041-642-0300
A0016685,용은주유소,S-OIL,대전 대덕구,대전,대덕구,대전 대덕구 신탄진로 559 (상서동),1,0,0,042-936-0068
A0016687,화암동셀프주유소,HD현대오일뱅크,대전 유성구,대전,유성구,대전 유성구 대덕대로 804 (화암동),1,0,0,042-863-6643
A0016695,주산주유소,GS칼텍스,충남 보령시,충남,보령시,충남 보령시 주산면 충서로 616,1,0,0,041-933-3601
A0016696,㈜가수원주유소,SK에너지,대전 서구,대전,서구,대전 서구 계백로 1176 (가수원동),1,0,0,042-543-5189
A0016699,대광주유소,S-OIL,대전 유성구,대전,유성구,대전 유성구 금남구즉로 1355 (봉산동),0,0,0,042-935-6667
A0016702,㈜에코 해남주유소,GS칼텍스,전남광주 해남군,전남광주,해남군,전남광주통합특별시 해남군 마산면 공룡대로 2302,1,0,0,061-533-5182
A0016703,(주)학하 학하셀프주유소,HD현대오일뱅크,대전 유성구,대전,유성구,대전 유성구 학하로 189 (복용동),1,0,0,070-4187-4546
A0016714,방동제일주유소,S-OIL,대전 유성구,대전,유성구,대전 유성구 계백로 324,1,0,1,042-825-0020
A0016721,제이에너지㈜대덕밸리주유소,GS칼텍스,대전 유성구,대전,유성구,대전 유성구 대덕대로 938,1,0,0,070-4288-5151
A0016735,영풍에너지 주식회사,HD현대오일뱅크,대전 대덕구,대전,대덕구,대전 대덕구 신탄진로 584 (상서동),1,0,0,042-934-5151
A0016741,지에스칼텍스(주)정다운주유소,GS칼텍스,대전 유성구,대전,유성구,대전 유성구 북유성대로 51(노은동),1,0,1,042-824-5151
A0016744,대성주유소,S-OIL,대전 유성구,대전,유성구,대전 유성구 아리랑로 12,1,0,0,042-864-5155
A0016751,순우리주유소,자가상표,대전 대덕구,대전,대덕구,대전 대덕구 신탄진로 533 (상서동),1,0,0,042-931-5182
A0016755,일등주유소,자가상표,대전 대덕구,대전,대덕구,대전 대덕구 신탄진로 636 (평촌동),0,0,1,042-933-1346
A0016757,극동유화(주) 한밭주유소,S-OIL,대전 서구,대전,서구,대전 서구 문정로 3 (둔산2동),1,0,1,042-471-5189
A0016760,그린주유소,알뜰주유소,대전 서구,대전,서구,대전 서구 동서대로 953,1,1,1,042-534-5301
A0016761,대림주유소,GS칼텍스,대전 서구,대전,서구,대전 서구 계백로 1290 (정림동),1,0,1,042-586-5102
A0016762,㈜뉴월드에너지,HD현대오일뱅크,대전 서구,대전,서구,대전 서구 배재로 205,0,0,0,042-526-3840
A0016763,삼정주유소,S-OIL,대전 서구,대전,서구,대전 서구 대덕대로 384 (만년동),1,0,0,042-488-3326
A0016767,지에스칼텍스(주)직영 삼융만남의주유소,GS칼텍스,충남 천안시,충남,천안시,충남 천안시 서북구 직산읍 군삼길 105,1,0,1,041-584-1239
A0016768,대양석유㈜ 엑스포주유소,SK에너지,대전 유성구,대전,유성구,대전 유성구 대덕대로 542,0,0,1,042-863-6692
A0016769,우전산업주유소(우전레미콘),자가상표,충남 논산시,충남,논산시,충남 논산시 연산면 선비로 496,0,0,0,041-733-8041
A0016770,㈜서대전 IC self 주유소,GS칼텍스,대전 유성구,대전,유성구,대전 유성구 계백로 476 (방동),1,0,0,042-544-8811
A0016773,주식회사 방동주유소,GS칼텍스,대전 유성구,대전,유성구,대전 유성구 계백로 139,1,0,1,042-825-5007
A0016780,(주)구암상사주유소,GS칼텍스,대전 유성구,대전,유성구,대전 유성구 유성대로654번길 32,0,0,1,042-825-6162
A0016783,YM21유통㈜ 신탄진(서울)주유소/충전소,알뜰(ex),대전 대덕구,대전,대덕구,대전 대덕구 산업단지로 27,1,1,1,042-934-2445
A0016785,기성농협주유소,NH-OIL,대전 서구,대전,서구,대전 서구 세점길 7,1,0,1,042-581-4615
A0016786,신탄진농협주유소,NH-OIL,대전 대덕구,대전,대덕구,대전 대덕구 덕암로 164,1,0,1,042-932-5736
A0016787,대전북부새마을금고주유소,SK에너지,대전 대덕구,대전,대덕구,대전 대덕구 신탄진로 792,1,0,0,042-933-5182
A0016788,현대오일뱅크㈜직영 대덕산단주유소,HD현대오일뱅크,대전 대덕구,대전,대덕구,대전 대덕구 문평동로 2,0,0,1,042-933-0115
A0016789,중도석유(주) 도마동주유소,GS칼텍스,대전 서구,대전,서구,대전 서구 계백로 1371 (도마동),1,0,1,042-523-0589
A0016791,중도석유(주) 대덕주유소,GS칼텍스,대전 서구,대전,서구,대전 서구 월평북로 84 (월평동),1,0,1,042-482-3835
A0016792,중도석유(주)월드컵주유소,GS칼텍스,대전 서구,대전,서구,대전 서구 문정로 12 (탄방동),1,0,1,042-483-5760
A0016802,(유)용명에너지 신대전셀프주유소,HD현대오일뱅크,대전 서구,대전,서구,대전 서구 도산로 213,1,0,0,042-533-6045
A0016806,HD현대오일뱅크㈜직영 송강주유소,HD현대오일뱅크,대전 유성구,대전,유성구,대전 유성구 대덕대로 1131 (송강동),0,0,1,042-935-4064
A0016815,첨단셀프주유소,HD현대오일뱅크,대전 유성구,대전,유성구,대전 유성구 가정로 27,1,0,0,0
A0016817,현대오일뱅크㈜직영 4공단주유소,HD현대오일뱅크,대전 대덕구,대전,대덕구,대전 대덕구 대덕대로 1412,0,0,1,042-935-6051
A0016818,대림석유(주) 신탄진주유소,HD현대오일뱅크,대전 대덕구,대전,대덕구,대전 대덕구 신탄진로681번길 22,1,0,0,042-671-5151
A0016819,HD현대오일뱅크㈜직영 스마트셀프주유소,HD현대오일뱅크,대전 유성구,대전,유성구,대전 유성구 엑스포로 222 (원촌동),1,0,1,042-862-5189
A0016820,대덕주유소,HD현대오일뱅크,대전 대덕구,대전,대덕구,대전 대덕구 신탄진로 470,1,0,0,042-936-9934
A0016821,KK㈜ 대전중앙주유소,SK에너지,대전 유성구,대전,유성구,대전 유성구 유성대로 1647,1,0,1,042-862-2631
A0016822,(주)동건에너지 만년교셀프주유소,HD현대오일뱅크,대전 서구,대전,서구,대전 서구 계룡로 202,1,0,0,042-525-6643
A0016823,KH에너지㈜직영 둔산주유소,SK에너지,대전 서구,대전,서구,대전 서구 둔산로 139,1,0,1,042-484-5531
A0016826,HD현대오일뱅크㈜직영 노은주유소,HD현대오일뱅크,대전 유성구,대전,유성구,대전 유성구 노은동로 79,0,0,1,042-477-5182
A0016827,케이피에스 서대전IC 롯데마트 주유소,S-OIL,대전 유성구,대전,유성구,대전 유성구 유성대로 26-37 (원내동),1,0,0,042-541-5148
A0016828,㈜상익 유성주유소,HD현대오일뱅크,대전 유성구,대전,유성구,대전 유성구 현충원로 342,1,0,0,042-825-2452
A0016840,HD현대오일뱅크㈜직영 세종관문셀프주유소,HD현대오일뱅크,대전 유성구,대전,유성구,대전 유성구 북유성대로 288 (하기동),1,0,1,042-826-5191
A0016845,동일석유㈜테크노밸리주유소,SK에너지,대전 유성구,대전,유성구,대전 유성구 테크노중앙로 139 (용산동),1,0,1,042-936-5189
A0016846,선인에너지㈜강변주유소,HD현대오일뱅크,대전 유성구,대전,유성구,대전 유성구 엑스포로 293,1,0,0,042-862-5778
A0016850,KH에너지㈜직영 하이웨이주유소,SK에너지,대전 유성구,대전,유성구,대전 유성구 현충원로 531,1,0,1,042-822-5100
A0016851,구도일태전주유소,S-OIL,대전 유성구,대전,유성구,대전 유성구 엑스포로 259 (원촌동),1,0,1,042-863-5104
A0016854,지에스칼텍스(주) GS사이언스주유소,GS칼텍스,대전 유성구,대전,유성구,대전 유성구 대덕대로 539,1,0,1,042-861-7766
A0016856,탄방주유소,알뜰주유소,대전 서구,대전,서구,대전 서구 유등로 659,1,0,0,042-487-9005
A0016857,씨앤에스유통㈜도안신도시주유소,S-OIL,대전 서구,대전,서구,대전 서구 도안동로 277,1,0,0,042-545-2227
A0016858,삼미상사㈜ 진잠셀프주유소,SK에너지,대전 유성구,대전,유성구,대전 유성구 계백로 899 (원내동),1,0,1,042-545-9408
A0016859,굿모닝주유소,HD현대오일뱅크,대전 서구,대전,서구,대전 서구 계백로 1376,1,0,0,042-583-5182
A0016874,(주)하나주유소,HD현대오일뱅크,대전 유성구,대전,유성구,대전 유성구 유성대로 1127 (하기동),0,0,1,042-867-5151
A0016876,㈜제트에너지서대전주유소,HD현대오일뱅크,대전 유성구,대전,유성구,대전 유성구 계백로 212(방동),1,0,0,042-825-5123
A0016877,세종Self주유소,SK에너지,대전 대덕구,대전,대덕구,대전 대덕구 대덕대로 1494 (목상동),1,0,0,042-934-5189
A0016879,팔봉주유소,GS칼텍스,충북 청주시,충북,청주시,충북 청주시 서원구 남이면 남석로 239,0,0,0,043-274-6677
A0016881,명보주유소,SK에너지,충북 제천시,충북,제천시,충북 제천시 수산면 월악로 2657,0,0,0,043-643-3893
A0016883,CJ대한통운㈜ 남청주IC주유소,GS칼텍스,충북 청주시,충북,청주시,충북 청주시 서원구 남이면 청남로 856,1,0,1,043-260-5185
A0016885,KH에너지㈜직영 제이주유소,SK에너지,충북 청주시,충북,청주시,충북 청주시 흥덕구 1순환로 531,1,0,1,043-235-5151
A0016893,석곡주유소,HD현대오일뱅크,충북 청주시,충북,청주시,충북 청주시 흥덕구 남석로 615,0,0,0,043-233-7800
A0016897,서청주IC주유소,HD현대오일뱅크,충북 청주시,충북,청주시,충북 청주시 흥덕구 직지대로 183,1,0,1,043-234-5151
A0016898,청주여객터미널주유소,HD현대오일뱅크,충북 청주시,충북,청주시,충북 청주시 흥덕구 풍산로 6 (가경동),0,0,0,043-235-5182
A0016900,황제주유소,GS칼텍스,충북 충주시,충북,충주시,충북 충주시 신니면 중원대로 5775,1,0,0,043-881-5188
A0016902,석화주유소,S-OIL,충북 청주시,충북,청주시,충북 청주시 청원구 내수읍 충청대로 849-5,1,0,0,043-213-0541
A0016904,진우11주유소,GS칼텍스,충남 천안시,충남,천안시,충남 천안시 동남구 쌍용대로 175,1,0,0,041-578-9918
A0016905,서청주주유소,S-OIL,충북 청주시,충북,청주시,충북 청주시 흥덕구 1순환로 572 (봉명동),1,0,1,043-268-5151
A0016907,대련주유소,GS칼텍스,충북 청주시,충북,청주시,충북 청주시 서원구 남이면 대림로 148,0,0,0,043-260-2433
A0016915,공단주유소,S-OIL,충북 괴산군,충북,괴산군,충북 괴산군 괴산읍 괴강로 156,0,0,0,043-832-0222
A0016917,금영셀프주유소,S-OIL,충북 증평군,충북,증평군,충북 증평군 도안면 충청대로 2173,1,0,0,043-838-6567
A0016919,부흥주유소,HD현대오일뱅크,충북 괴산군,충북,괴산군,충북 괴산군 청안면 질마로 1465,1,0,0,043-832-7628
A0016923,가로수주유소,HD현대오일뱅크,충북 청주시,충북,청주시,충북 청주시 흥덕구 가로수로 797 (석소동),1,0,0,043-232-4466
A0016924,(유)그린 주유소,알뜰주유소,충북 청주시,충북,청주시,충북 청주시 서원구 서부로 1409 (개신동),1,1,1,043-264-5151
A0016925,(주)소수주유소,GS칼텍스,충북 괴산군,충북,괴산군,충북 괴산군 소수면 소수로 98,0,0,0,043-832-9005
A0016929,증평농협사리주유소,NH-OIL,충북 괴산군,충북,괴산군,충북 괴산군 사리면 모래재로 323,0,0,1,043-838-8280
A0016933,복대동 관문주유소,GS칼텍스,충북 청주시,충북,청주시,충북 청주시 흥덕구 가로수로 1353 (복대동),1,0,1,043-234-2714
A0016934,극동유화(주) 역전주유소,S-OIL,충북 청주시,충북,청주시,충북 청주시 흥덕구 청주역로 314 (정봉동),0,0,1,043-231-5151
A0016940,대륙주유소,HD현대오일뱅크,충남 서산시,충남,서산시,충남 서산시 서령로 106 (동문동),1,0,0,041-681-5151
A0016941,그린주유소,HD현대오일뱅크,충남 태안군,충남,태안군,충남 태안군 태안읍 안면대로 257,1,0,0,041-674-5151
A0016943,백령주유소,S-OIL,인천 옹진군,인천,옹진군,인천 옹진군 백령면 백령로 221,0,0,0,032-836-0233
A0016944,엠텍리서치,HD현대오일뱅크,충남 서산시,충남,서산시,충남 서산시 고북면 신정리 386,0,0,0,0
A0016945,꽃지주유소,HD현대오일뱅크,충남 태안군,충남,태안군,충남 태안군 안면읍 안면대로 2672,0,0,0,041-674-9295
A0016946,행운오일뱅크,HD현대오일뱅크,충남 태안군,충남,태안군,충남 태안군 태안읍 원이로 111,1,0,0,041-675-4455
A0016948,안면도농협주유소,NH-OIL,충남 태안군,충남,태안군,충남 태안군 안면읍 장터로 166-1,1,0,1,041-673-4217
A0016950,호반주유소,SK에너지,경기 가평군,경기,가평군,경기 가평군 청평면 북한강로 2187,1,0,0,031-584-8875
A0016952,충남관광㈜,HD현대오일뱅크,충남 서산시,충남,서산시,충남 서산시 충의로 299,1,0,1,041-668-5152
A0016957,인지주유소,SK에너지,충남 서산시,충남,서산시,충남 서산시 인지면 무학로 1498,0,0,1,041-664-6582
A0016958,삼진주유소,HD현대오일뱅크,충남 태안군,충남,태안군,충남 태안군 안면읍 안면대로 2090,0,0,0,041-672-7228
A0016959,시목주유소,S-OIL,충남 태안군,충남,태안군,충남 태안군 소원면 서해로 1198,0,0,0,041-674-1872
A0016962,날아라뚱땡이2호점,HD현대오일뱅크,충남 서산시,충남,서산시,충남 서산시 인지면 서해로 2665,1,0,0,041-662-1667
A0016966,서산IC주유소,HD현대오일뱅크,충남 서산시,충남,서산시,충남 서산시 음암면 서해로 4020,1,0,0,041-000-0000
A0016967,신성주유소,GS칼텍스,충남 서산시,충남,서산시,충남 서산시 지곡면 화천1로 25,0,0,1,041-664-4170
A0016971,해미 I.C 주유소,SK에너지,충남 서산시,충남,서산시,충남 서산시 해미면 중앙로 1142,1,0,0,041-688-5105
A0016972,행복주유소,HD현대오일뱅크,충남 서산시,충남,서산시,충남 서산시 팔봉면 서해로 2408,0,0,0,041-669-5188
A0016974,독도사랑주유소8,자가상표,충남 태안군,충남,태안군,충남 태안군 남면 천수만로 181,0,0,0,0
A0016983,우리주유소,HD현대오일뱅크,충남 서산시,충남,서산시,충남 서산시 음암면 운암로 485,0,0,0,041-669-7700
A0016985,대왕주유소,S-OIL,충남 서산시,충남,서산시,충남 서산시 서해로 3614 (잠홍동),1,0,0,041-667-0068
A0016986,서산자연주유소/충전소 자연수석에너지(주),GS칼텍스,충남 서산시,충남,서산시,충남 서산시 소탐2길 17-8 (수석동),1,0,0,041-668-0101
A0016992,해바라기주유소,HD현대오일뱅크,충남 태안군,충남,태안군,충남 태안군 태안읍 서해로 1990,1,0,0,041-675-8809
A0016995,조은주유소,S-OIL,충남 태안군,충남,태안군,충남 태안군 태안읍 동백로 382,1,0,1,041-674-8181
A0016996,나은셀프주유소,S-OIL,충남 서산시,충남,서산시,충남 서산시 안견로 115,1,0,0,041-681-5112
A0016999,수석주유소,SK에너지,충남 서산시,충남,서산시,충남 서산시 중앙로 395,1,0,0,041-669-3906
A0017006,현대에너지,HD현대오일뱅크,충남 태안군,충남,태안군,충남 태안군 남면 천수만로 34,1,0,0,041-674-5149
A0017007,한별주유소,S-OIL,충남 서산시,충남,서산시,충남 서산시 고북면 내포로 2344,1,0,1,041-688-5381
A0017012,서산제일셀프주유소,HD현대오일뱅크,충남 서산시,충남,서산시,충남 서산시 양열로 127,1,0,0,041-665-5144
A0017014,행복한주유소,HD현대오일뱅크,충남 서산시,충남,서산시,충남 서산시 인지면 무학로 1747,1,0,1,041-664-0506
A0017020,태영주유소,HD현대오일뱅크,충남 서산시,충남,서산시,충남 서산시 해미면 한티로 288,0,0,0,041-688-5156
A0017023,대신주유소,S-OIL,충남 태안군,충남,태안군,충남 태안군 남면 안면대로 1722-91,0,0,0,041-674-6326
A0017029,금솔주유소,GS칼텍스,충남 예산군,충남,예산군,충남 예산군 예산읍 충서로 1204,1,0,0,041-332-9333
A0017030,장등주유소,알뜰주유소,충남 서산시,충남,서산시,충남 서산시 지곡면 충의로 1546,1,0,1,041-662-0340
A0017032,희망주유소,S-OIL,충남 서산시,충남,서산시,충남 서산시 충의로 256 (갈산동),1,0,1,041-662-3230
A0017034,독곶주유소,SK에너지,충남 서산시,충남,서산시,충남 서산시 대산읍 명지1로 390,0,0,0,041-681-5511
A0017036,연포주유소,HD현대오일뱅크,충남 태안군,충남,태안군,충남 태안군 근흥면 근흥로 1196,0,0,0,041-675-7778
A0017038,착한점오토밸리(주),SK에너지,충남 서산시,충남,서산시,충남 서산시 음암면 서해로 3837,1,0,0,041-662-0347
A0017042,청기와주유소,HD현대오일뱅크,충남 서산시,충남,서산시,충남 서산시 성연면 충의로 633,0,0,0,041-669-3319
A0017046,평천주유소,HD현대오일뱅크,충남 태안군,충남,태안군,충남 태안군 태안읍 서해로 1973,0,0,1,041-673-9088
A0017049,서산인삼농협주유소,HD현대오일뱅크,충남 서산시,충남,서산시,충남 서산시 중앙로 520,0,0,1,041-668-0606
A0017057,죽성주유소,SK에너지,충남 서산시,충남,서산시,충남 서산시 남부순환로 805 (죽성동),0,0,0,041-666-1787
A0017059,명천주유소,HD현대오일뱅크,충남 서산시,충남,서산시,충남 서산시 성연면 명천3길 101-7,0,0,0,041-662-0571
A0017060,해미읍성주유소,S-OIL,충남 서산시,충남,서산시,충남 서산시 해미면 남문1로 7,0,0,1,041-688-6770
A0017061,이레주유소,GS칼텍스,충남 서산시,충남,서산시,충남 서산시 팔봉면 서해로 2294,1,0,1,041-662-6897
A0017062,예천동주유소,알뜰주유소,충남 서산시,충남,서산시,충남 서산시 공림3길 13 (예천동),1,0,1,041-664-6988
A0017063,가야주유소,HD현대오일뱅크,충남 서산시,충남,서산시,충남 서산시 운산면 해운로 1070,0,0,0,041-669-5353
A0017064,서창셀프주유소,HD현대오일뱅크,충남 서산시,충남,서산시,충남 서산시 안견로 255 (동문동),1,0,0,041-665-5241
A0017065,안면도주유소/충전소,GS칼텍스,충남 태안군,충남,태안군,충남 태안군 남면 안면대로 1685,1,0,1,041-675-8898
A0017067,현대주유소,HD현대오일뱅크,충남 서산시,충남,서산시,충남 서산시 음암면 운암로 200,0,0,0,041-663-1100
A0017068,서산현대주유소,HD현대오일뱅크,충남 서산시,충남,서산시,충남 서산시 음암면 서해로 3961,0,0,0,041-664-5186
A0017069,하늘빛주유소,HD현대오일뱅크,충남 서산시,충남,서산시,충남 서산시 서령로 249 (온석동),1,0,0,041-665-6401
A0017070,파워주유소,SK에너지,충남 서산시,충남,서산시,충남 서산시 지곡면 충의로 1198,1,0,0,041-663-1257
A0017071,대한주유소,알뜰주유소,충남 태안군,충남,태안군,충남 태안군 태안읍 원이로 82,0,0,1,041-674-9903
A0017072,굿모닝주유소,S-OIL,충남 태안군,충남,태안군,충남 태안군 태안읍 원이로 307,1,0,0,041-674-5185
A0017080,(주)유니주유소/충전소,GS칼텍스,충남 서산시,충남,서산시,충남 서산시 서해로 3621,0,0,0,041-668-5182
A0017083,(주)서해안주유소,GS칼텍스,충남 서산시,충남,서산시,충남 서산시 중앙로 452 (수석동),0,0,0,041-669-5940
A0017084,부석농협주유소,NH-OIL,충남 서산시,충남,서산시,충청남도 서산시 부석면 무학로 1175,0,1,1,041-667-1500
A0017085,원북농협주유소,NH-OIL,충남 태안군,충남,태안군,충남 태안군 원북면 원이로 771,0,0,1,041-672-3407
A0017086,서산농협주유소,NH-OIL,충남 서산시,충남,서산시,충남 서산시 서해로 3179 (예천동),0,1,1,041-666-5337
A0017087,운산농협주유소,HD현대오일뱅크,충남 서산시,충남,서산시,충남 서산시 운산면 운암로 1030,0,0,1,041-664-5151
A0017088,고북농협주유소,NH-OIL,충남 서산시,충남,서산시,충남 서산시 고북면 고북1로 295,0,0,1,041-663-2466
A0017089,서산농협팔봉주유소,NH-OIL,충남 서산시,충남,서산시,충남 서산시 팔봉면 한월당로 344,0,1,1,041-662-2119
A0017090,주식회사 엄마네,HD현대오일뱅크,충남 서산시,충남,서산시,충남 서산시 음암면 서해로 4363,1,0,0,041-666-2363
A0017091,성연농협주유소,NH-OIL,충남 서산시,충남,서산시,충남 서산시 성연면 두치로 19,0,0,1,041-664-5182
A0017092,해미농협주유소,NH-OIL,충남 서산시,충남,서산시,충남 서산시 해미면 중앙로 1072,0,0,1,041-688-6100
A0017093,남면농협청포대주유소,NH-OIL,충남 태안군,충남,태안군,충남 태안군 남면 안면대로 1480,1,0,1,041-675-6211
A0017094,대산농협주유소,NH-OIL,충남 서산시,충남,서산시,충남 서산시 대산읍 충의로 2001,1,1,1,041-660-9966
A0017095,소원농협주유소,NH-OIL,충남 태안군,충남,태안군,충청남도 태안군 소원면 서해로 969,0,0,1,041-672-8686
A0017096,태안반도남면농협주유소,NH-OIL,충남 태안군,충남,태안군,충남 태안군 남면 안면대로 1501-4,1,0,1,041-675-2164
A0017098,HD현대오일뱅크㈜직영 황금산주유소,HD현대오일뱅크,충남 서산시,충남,서산시,충남 서산시 대산읍 독곶1로 46,0,0,1,041-681-3280
A0017102,HD현대오일뱅크㈜직영 서강주유소,HD현대오일뱅크,충남 서산시,충남,서산시,충남 서산시 서해로 3584,0,0,1,041-662-5145
A0017104,태아산업㈜서산(서울방향)주유소/충전소,알뜰(ex),충남 서산시,충남,서산시,충남 서산시 해미면 서해안고속도로 242,1,1,1,041-688-7717
A0017106,㈜오일네트워크 대산 훼미리,HD현대오일뱅크,충남 서산시,충남,서산시,충남 서산시 대산읍 충의로 2408,0,0,0,041-663-1472
A0017108,(주)대산에너지,HD현대오일뱅크,충남 서산시,충남,서산시,충남 서산시 대산읍 충의로 1700,0,0,0,041-669-2877
A0017109,(주)한양고속주유소,HD현대오일뱅크,충남 서산시,충남,서산시,충남 서산시 음암면 운암로 644,0,0,0,041-662-5506
A0017127,두꺼비주유소,알뜰주유소,충북 괴산군,충북,괴산군,충북 괴산군 중부로 2974,1,0,1,043-836-5202
A0017130,(주)청주관문주유소,알뜰주유소,충북 청주시,충북,청주시,충북 청주시 서원구 청남로 1894,1,1,1,043-292-1710
A0017133,개미주유소,SK에너지,충북 괴산군,충북,괴산군,충북 괴산군 괴산읍 읍내로 55,1,0,0,043-832-3939
A0017137,초정주유소,HD현대오일뱅크,충북 청주시,충북,청주시,충북 청주시 청원구 내수읍 청암로 457,0,0,0,043-213-6683
A0017139,금평주유소,S-OIL,충북 괴산군,충북,괴산군,충북 괴산군 청천면 금평로 8,1,0,0,043-832-1282
A0017144,오송신도시주유소,S-OIL,충북 청주시,충북,청주시,충북 청주시 흥덕구 오송읍 가로수로 126-5,1,0,0,043-236-5152
A0017147,상봉주유소,GS칼텍스,충북 청주시,충북,청주시,충북 청주시 흥덕구 오송읍 세종로 2880,0,0,0,043-239-5188
A0017149,신정현주유소,SK에너지,충북 청주시,충북,청주시,충북 청주시 서원구 사운로 118,1,0,0,043-266-5180
A0017153,연흥2주유소,HD현대오일뱅크,충북 청주시,충북,청주시,충북 청주시 청원구 내수읍 내수로 293,1,0,0,043-216-5189
A0017155,지에스칼텍스㈜ 길목주유소,GS칼텍스,충북 청주시,충북,청주시,충북 청주시 청원구 새터로 248,0,0,1,043-211-5191
A0017170,지산주유소,HD현대오일뱅크,충북 청주시,충북,청주시,충북 청주시 상당구 낭성면 산성로 1143,1,0,0,043-225-6554
A0017178,동부주유소,GS칼텍스,충북 괴산군,충북,괴산군,충북 괴산군 괴산읍 괴강로 28,0,0,0,043-834-3354
A0017179,(주)대연 우리주유소,SK에너지,충북 청주시,충북,청주시,충북 청주시 서원구 남이면 청남로 1465,1,0,0,043-262-1486
A0017180,고향주유소,S-OIL,충북 청주시,충북,청주시,충북 청주시 청원구 오창읍 두릉유리로 1129,0,0,0,043-217-1159
A0017182,옥녀봉주유소,S-OIL,충북 청주시,충북,청주시,충북 청주시 청원구 북이면 충청대로 1376,0,0,0,043-212-8787
A0017184,우리에너지,HD현대오일뱅크,충북 청주시,충북,청주시,충북 청주시 청원구 오창읍 중부로 1642,1,0,1,043-241-3377
A0017197,신화주유소,S-OIL,충북 증평군,충북,증평군,충북 증평군 도안면 모래재로 176,0,0,0,043-836-7778
A0017198,행운주유소,S-OIL,충북 청주시,충북,청주시,충북 청주시 상당구 낭성면 단재로 1778,1,0,0,043-297-0611
A0017199,미원주유소,GS칼텍스,충북 청주시,충북,청주시,충북 청주시 상당구 미원면 단재로 2360,1,0,1,043-297-0273
A0017203,약수주유소,알뜰주유소,충북 청주시,충북,청주시,충북 청주시 상당구 미원면 단재로 2864,1,0,1,043-223-7575
A0017208,구도일주유소 자영에너지,S-OIL,충북 청주시,충북,청주시,충북 청주시 서원구 남이면 청남로 926,1,0,0,043-263-6760
A0017212,정현2주유소,SK에너지,충북 청주시,충북,청주시,충북 청주시 청원구 1순환로 350,1,0,0,043-221-1950
A0017217,오창공단IC주유소,GS칼텍스,충북 청주시,충북,청주시,충북 청주시 청원구 오창읍 농소길 6-3,1,0,1,043-218-3032
A0017223,호반주유소,S-OIL,충북 청주시,충북,청주시,충북 청주시 상당구 가덕면 미천고은로 118,1,0,0,043-297-3668
A0017224,여천주유소,S-OIL,충북 청주시,충북,청주시,충북 청주시 청원구 오창읍 여천3길 257,0,0,0,043-218-5189
A0017227,스카이주유소,HD현대오일뱅크,충북 괴산군,충북,괴산군,충북 괴산군 청안면 중부로 2973,1,0,0,043-836-3665
A0017232,진영주유가스충전소,GS칼텍스,충북 청주시,충북,청주시,충북 청주시 상당구 미천고은로 152,1,0,0,043-291-0542
A0017239,테크노주유소,SK에너지,충북 청주시,충북,청주시,충북 청주시 흥덕구 옥산면 중부로 532,0,0,0,043-217-5130
A0017241,주성주유소,HD현대오일뱅크,충북 청주시,충북,청주시,충북 청주시 청원구 충청대로 295,0,0,0,043-212-1288
A0017246,신흥주유소,GS칼텍스,충북 청주시,충북,청주시,충북 청주시 청원구 2순환로 96 (율량동),1,0,1,043-241-5182
A0017250,신촌주유소,GS칼텍스,충북 청주시,충북,청주시,충북 청주시 흥덕구 옥산면 오송가락로 545,0,0,0,043-260-0183
A0017260,동찬주유소,S-OIL,충북 청주시,충북,청주시,충북 청주시 흥덕구 오송읍 서평길 22-1,1,0,0,043-238-8808
A0017261,문당주유소,SK에너지,충북 괴산군,충북,괴산군,충북 괴산군 청안면 질마로 865,0,0,0,043-832-8788
A0017263,단비주유소,알뜰주유소,충북 청주시,충북,청주시,충북 청주시 청원구 상당로 281 (내덕동),0,1,1,043-221-5189
A0017271,신풍주유소,SK에너지,충북 청주시,충북,청주시,충북 청주시 상당구 낭성면 단재로 2079,1,0,0,043-297-1578
A0017279,가덕주유소,S-OIL,충북 청주시,충북,청주시,충북 청주시 상당구 가덕면 상장인차로 570,1,0,0,043-288-6777
A0017285,카(Car)놀라유주유소,GS칼텍스,충북 청주시,충북,청주시,충북 청주시 흥덕구 1순환로 615 (봉명동),1,0,0,043-273-5185
A0017291,칠성알뜰주유소,알뜰주유소,충북 괴산군,충북,괴산군,충북 괴산군 칠성면 중부로 5609,1,1,1,043-832-8889
A0017297,금돼지주유소,HD현대오일뱅크,충북 청주시,충북,청주시,충북 청주시 상당구 문의면 미천고은로 141,1,0,1,043-716-1100
A0017305,청주주유소,알뜰주유소,충북 청주시,충북,청주시,충북 청주시 청원구 직지대로 830,1,1,1,043-223-3323
A0017307,현도주유소,HD현대오일뱅크,충북 청주시,충북,청주시,충북 청주시 서원구 현도면 청남로 264,1,0,0,043-268-7773
A0017311,너구리주유소,알뜰주유소,충북 괴산군,충북,괴산군,충북 괴산군 사리면 중부로 321,1,0,1,043-836-8953
A0017313,오송우리주유소,SK에너지,충북 청주시,충북,청주시,충북 청주시 흥덕구 오송읍 가로수로 171-2,1,0,0,043-231-5183
A0017314,새빛주유소,S-OIL,충북 청주시,충북,청주시,충북 청주시 상당구 남일면 단재로 466-5,1,0,0,043-293-3078
A0017317,골든벨주유소,SK에너지,충북 청주시,충북,청주시,충북 청주시 상당구 용담동 산성로183,1,0,0,043-287-5149
A0017330,괴강주유소,HD현대오일뱅크,충북 괴산군,충북,괴산군,충북 괴산군 괴산읍 괴강로 246,0,0,1,043-833-2122
A0017334,오미주유소(유공),SK에너지,충북 청주시,충북,청주시,충북 청주시 흥덕구 옥산면 청주역로 626,0,0,0,043-260-0658
A0017336,HD현대오일뱅크㈜직영 학천주유소,HD현대오일뱅크,충북 청주시,충북,청주시,충북 청주시 청원구 오창읍 중부로 1265,1,0,1,043-218-9992
A0017339,내수주유소,GS칼텍스,충북 청주시,충북,청주시,충북 청주시 청원구 내수읍 충청대로 934,0,0,0,043-213-8287
A0017342,묵방내수주유소,HD현대오일뱅크,충북 청주시,충북,청주시,충북 청주시 청원구 내수읍 충청대로 513,1,0,1,043-213-5189
A0017344,대성,HD현대오일뱅크,충북 청주시,충북,청주시,충북 청주시 상당구 용담로 101,1,0,0,043-222-0999
A0017350,사리주유소,S-OIL,충북 괴산군,충북,괴산군,충북 괴산군 사리면 중부로 367,1,0,0,043-836-5182
A0017351,공간에너지주유소/충전소,HD현대오일뱅크,충북 청주시,충북,청주시,충북 청주시 흥덕구 옥산면 중부로 301,1,0,0,043-266-5102
A0017352,HD현대오일뱅크㈜직영 오창산단셀프주유소,HD현대오일뱅크,충북 청주시,충북,청주시,충북 청주시 청원구 오창읍 중부로 1005,1,0,1,043-213-5145
A0017353,영운동셀프주유소,HD현대오일뱅크,충북 청주시,충북,청주시,충북 청주시 상당구 단재로 118-1 (영운동),1,0,1,043-221-0844
A0017354,옻샘주유소,S-OIL,충북 청주시,충북,청주시,충북 청주시 상당구 미원면 남부로 6864,0,0,0,043-297-0779
A0017355,성일주유소,HD현대오일뱅크,충북 청주시,충북,청주시,충북 청주시 서원구 남이면 청남로 871,0,0,1,043-904-9641
A0017357,중부로주유소,GS칼텍스,충북 증평군,충북,증평군,충북 증평군 증평읍 중부로 2595,1,0,0,043-843-5189
A0017358,조령주유소,S-OIL,충북 괴산군,충북,괴산군,충북 괴산군 연풍면 중원대로 229,1,0,0,043-833-9551
A0017362,창현주유소,알뜰주유소,충북 청주시,충북,청주시,충북 청주시 흥덕구 강내면 가로수로 567-9,1,1,1,043-234-5331
A0017364,(주)행복주유소,HD현대오일뱅크,충북 청주시,충북,청주시,충북 청주시 청원구 충청대로 258,1,0,0,043-218-5140
A0017365,㈜에스제이에너지뱅크 오창선녀주유소,HD현대오일뱅크,충북 청주시,충북,청주시,충북 청주시 청원구 오창읍 공항로 1076,1,0,0,043-241-5151
A0017366,CJ대한통운㈜ 오창주유소,GS칼텍스,충북 청주시,충북,청주시,충북 청주시 청원구 오창읍 중부로 1365,1,0,1,043-241-8200
A0017368,오창IC만남주유소(SELF),SK에너지,충북 청주시,충북,청주시,충북 청주시 청원구 오창읍 오창대로 415,1,0,0,043-218-8866
A0017369,선경셀프주유소,S-OIL,충북 청주시,충북,청주시,충북 청주시 흥덕구 강내면 서부로 106,1,0,0,043-232-5189
A0017370,오션주유소,SK에너지,경기 수원시,경기,수원시,경기 수원시 권선구 매송고색로 843 (평동),1,0,0,031-298-8820
A0017371,음성IC주유소,S-OIL,충북 음성군,충북,음성군,충북 음성군 음성읍 생음대로 807,1,0,1,043-872-5189
A0017384,성원에너지,SK에너지,충북 청주시,충북,청주시,충북 청주시 서원구 남이면 연청로 1288-7,1,0,1,043-272-5149
A0017385,㈜신화에너지 번개1셀프주유소,HD현대오일뱅크,충북 청주시,충북,청주시,충북 청주시 상당구 제1순환로 1202-2 (방서동),1,0,1,043-287-0112
A0017387,선진에너지(주) 테크노빌주유소,HD현대오일뱅크,충북 청주시,충북,청주시,충북 청주시 청원구 팔결로 9 (주중동),1,0,0,043-212-5149
A0017388,청주농협북부주유소,NH-OIL,충북 청주시,충북,청주시,충북 청주시 청원구 공항로 97,1,0,1,043-211-7560
A0017389,남청주농협주유소,NH-OIL,충북 청주시,충북,청주시,충북 청주시 서원구 남이면 청남로 1228,1,1,1,043-260-6003
A0017390,괴산농협주유소,NH-OIL,충북 괴산군,충북,괴산군,충북 괴산군 괴산읍 읍내로 272,1,0,1,043-834-8288
A0017391,오창농협주유소,NH-OIL,충북 청주시,충북,청주시,충북 청주시 청원구 오창읍 중부로 1022,1,0,1,043-217-5133
A0017402,황제주유소,SK에너지,충북 청주시,충북,청주시,충북 청주시 상당구 1순환로 1249,1,0,1,043-294-6777
A0017406,YM21유통㈜ 죽암(서울방향)주유소,알뜰(ex),충북 청주시,충북,청주시,충북 청주시 서원구 현도면 경부고속도로 290-1,1,1,1,043-260-5341
A0017415,(주)청주시멘트직영마트주유소,GS칼텍스,충북 청주시,충북,청주시,충북 청주시 서원구 남이면 청남로 1827-4,0,0,0,043-291-5189
A0017416,지에스칼텍스㈜ 글로벌주유소,GS칼텍스,충북 청주시,충북,청주시,충북 청주시 청원구 오창읍 양청송대길 4,1,0,1,043-216-8330
A0017418,오창(통영)주유소,알뜰(ex),충북 청주시,충북,청주시,충북 청주시 청원구 오창읍 중부고속도로 19,1,1,1,043-217-1443
A0017419,동국 미래주유소,HD현대오일뱅크,경기 이천시,경기,이천시,경기 이천시 이섭대천로 1367,1,0,0,031-631-3889
A0017422,세종주유소,S-OIL,충북 청주시,충북,청주시,충북 청주시 흥덕구 강내면 저산태성로 289-4,1,0,0,043-237-6280
A0017423,대호주유소,S-OIL,충북 청주시,충북,청주시,충북 청주시 서원구 남이면 남석로 67,1,0,0,043-277-7789
A0017425,㈜구룡에너지,SK에너지,충북 청주시,충북,청주시,충북 청주시 청원구 오창읍 오창대로 149,1,0,1,043-216-9263
A0017428,대성주유소,HD현대오일뱅크,대전 대덕구,대전,대덕구,대전 대덕구 덕암로 219,1,0,0,042-628-5180
A0017431,지에스칼텍스㈜ 덕명주유소,GS칼텍스,대전 유성구,대전,유성구,대전 유성구 현충원로 283 (덕명동),1,0,1,042-825-4031
A0017433,㈜행복가득셀프,HD현대오일뱅크,대전 유성구,대전,유성구,대전 유성구 대덕대로 887  (화암동),1,0,0,0
A0017435,우진주유소,S-OIL,대전 유성구,대전,유성구,대전 유성구 유성대로654번길 1,0,0,1,042-823-9606
A0017436,지에스칼텍스㈜ 북유성IC주유소,GS칼텍스,대전 유성구,대전,유성구,대전 유성구 북유성대로 408 (외삼동),1,0,1,042-823-5150
A0017439,장대주유소,HD현대오일뱅크,대전 유성구,대전,유성구,대전 유성구 유성대로 768 (장대동),1,0,0,042-825-6696
A0017440,대전IC주유소 삼승유화㈜직영1호점,S-OIL,대전 대덕구,대전,대덕구,대전 대덕구 동서대로 1787,1,0,0,042-627-5145
A0017442,㈜오일마스터 도안대로주유소 유성지점,SK에너지,대전 유성구,대전,유성구,대전 유성구 유성대로 142 (교촌동),1,0,0,042-546-8811
A0017443,비전운수(주)산업단지주유소,GS칼텍스,대전 대덕구,대전,대덕구,대전 대덕구 산업단지로 107,0,0,0,042-935-5111
A0017444,(주)황제주유소,SK에너지,대전 유성구,대전,유성구,대전 유성구 대덕대로 934 (화암동),1,0,0,042-861-5558
A0017445,갑천주유소,GS칼텍스,대전 대덕구,대전,대덕구,대전 대덕구 아리랑로55번길 189 (신대동),1,0,0,042-635-4062
A0017446,㈜태석,HD현대오일뱅크,대전 대덕구,대전,대덕구,대전 대덕구 한밭대로 1180,1,0,0,042-673-1230
A0017447,㈜오일마스터 킹콩주유소 대전지점,S-OIL,대전 대덕구,대전,대덕구,대전 대덕구 아리랑로 107 (읍내동),1,0,0,042-627-5551
A0017449,SK자운셀프주유소,SK에너지,대전 유성구,대전,유성구,대전 유성구 자운로157번길 122,1,0,0,042-867-5189
A0017451,대전이데아주유소,S-OIL,대전 대덕구,대전,대덕구,대전 대덕구 한밭대로 1145 (중리동),1,0,1,042-633-7186
A0017454,수송주유소,GS칼텍스,전북 군산시,전북,군산시,전북 군산시 옥산면 월명로 58,1,0,0,063-466-0145
A0017455,신일self주유소,SK에너지,전북 군산시,전북,군산시,전북 군산시 공단대로 67 (미장동),1,0,0,063-467-6985
A0017457,골드주유소,SK에너지,전북 군산시,전북,군산시,전북 군산시 새만금북로 794 (내초동),1,0,0,063-466-6777
A0017458,대은주유소,S-OIL,전북 군산시,전북,군산시,전북 군산시 공항로 218 (산북동),1,0,1,063-466-5151
A0017461,싱글벙글주유소,S-OIL,전북 익산시,전북,익산시,전북 익산시 익산대로 343,1,0,0,063-838-5152
A0017471,동군산셀프주유소,알뜰주유소,전북 군산시,전북,군산시,전북 군산시 대야면 만경로 1767,1,1,1,063-451-8878
A0017479,연근주유소,SK에너지,전북 군산시,전북,군산시,전북 군산시 해망로 370,1,0,0,063-443-5146
A0017480,강서주유소,GS칼텍스,전북 군산시,전북,군산시,전북 군산시 회현면 회현로 155,0,0,1,063-466-8283
A0017483,동행주유소,S-OIL,전북 군산시,전북,군산시,전북 군산시 구암로 176,1,0,0,063-443-5144
A0017485,㈜푸른에너지산업,GS칼텍스,경기 안성시,경기,안성시,경기 안성시 대덕면 안성맞춤대로 1600,1,0,0,031-675-0049
A0017488,대학로셀프주유소,SK에너지,전북 군산시,전북,군산시,전북 군산시 대학로 487 (미룡동),1,0,0,063-467-5113
A0017492,(유)구도일군산주유소,S-OIL,전북 군산시,전북,군산시,전북 군산시 외항로 83,1,0,1,063-464-5151
A0017494,공항주유소,SK에너지,전북 군산시,전북,군산시,전북 군산시 옥서면 선연길 8,0,0,0,063-471-5328
A0017497,에스제이오일㈜ 에스제이주유소,GS칼텍스,전북 군산시,전북,군산시,전북 군산시 해망로 252,1,0,1,063-442-6222
A0017503,생곡주유소,S-OIL,충북 괴산군,충북,괴산군,충북 괴산군 칠성면 연풍로 118,0,0,0,043-832-3848
A0017507,성산주유소,SK에너지,전북 군산시,전북,군산시,전북 군산시 구암로 137 (구암동),0,0,0,063-453-5151
A0017508,(유)으뜸 삼례지점,HD현대오일뱅크,전북 완주군,전북,완주군,전북 완주군 삼례읍 삼례로 363,1,0,0,0
A0017509,미소주유소,S-OIL,전북 군산시,전북,군산시,전북 군산시 대학로 618,1,0,0,063-462-6146
A0017514,(유)열대자주유소,S-OIL,전북 군산시,전북,군산시,전북 군산시 미성로 442,1,0,0,063-732-0406
A0017517,한영 군산지점,자가상표,전북 군산시,전북,군산시,전북 군산시 월명로 148,1,0,0,063-000-0000
A0017518,동영주유소,S-OIL,전북 군산시,전북,군산시,전북 군산시 성산면 동군산로 467,1,0,0,063-453-5134
A0017519,유쾌한주유소,HD현대오일뱅크,전북 군산시,전북,군산시,전북 군산시 구암로 97 (구암동),1,0,0,063-445-9110
A0017521,로얄주유소,GS칼텍스,전북 군산시,전북,군산시,전북 군산시 번영로 447-3 (개정동),0,0,0,063-452-3792
A0017525,알뜰천하주유소,알뜰주유소,전북 김제시,전북,김제시,전북 김제시 동서로 290 (신풍동),1,1,1,063-544-5555
A0017526,밀레니엄주유소,S-OIL,전북 군산시,전북,군산시,전북 군산시 외항로 319,0,0,0,063-467-5194
A0017530,골든벨주유소,HD현대오일뱅크,전북 군산시,전북,군산시,전북 군산시 공단대로 90 (미장동),1,0,0,063-452-0100
A0017531,세계주유소,S-OIL,전북 익산시,전북,익산시,전북 익산시  번영로 2025-2 (목천동),0,0,0,063-851-4838
A0017539,엑센트주유소,GS칼텍스,전북 군산시,전북,군산시,전북 군산시 대학로 191 (문화동),0,0,0,063-461-2631
A0017540,㈜마니에셋 독도사랑주유소5,자가상표,전북 군산시,전북,군산시,전북 군산시 공단대로 552,0,0,0,0
A0017543,유한회사 전북오일1,SK에너지,전북 군산시,전북,군산시,전북 군산시 외항로 399 (산북동),1,0,0,063-461-6552
A0017546,동진주유소,GS칼텍스,전북 군산시,전북,군산시,전북 군산시 미원로 57 (삼학동),0,0,0,063-468-5133
A0017548,흥남주유소,S-OIL,전북 군산시,전북,군산시,전북 군산시 팔마로 104 (서흥남동),1,0,0,063-462-5180
A0017550,서광주유소,HD현대오일뱅크,전북 군산시,전북,군산시,전북 군산시 구암로 158 (구암동),1,0,0,063-442-5151
A0017556,풍년주유소,S-OIL,전북 군산시,전북,군산시,전북 군산시 임피면 항쟁로 46,0,0,0,063-453-7171
A0017561,형제주유소,HD현대오일뱅크,전북 군산시,전북,군산시,전북 군산시 강변로 204 (내흥동),0,0,0,063-445-4002
A0017562,㈜빛나는주유소,SK에너지,전북 군산시,전북,군산시,전북 군산시 공항로 262-1,1,0,0,063-466-5142
A0017579,그린주유소,GS칼텍스,전북 군산시,전북,군산시,전북 군산시 개정면 번영로 692,1,0,0,063-452-6344
A0017588,기쁨주유소,S-OIL,전북 익산시,전북,익산시,전북 익산시 용동면 익산대로 2533,0,0,0,063-861-9555
A0017589,한마음주유소,SK에너지,전북 군산시,전북,군산시,전북 군산시 개정면 구암로 234,1,0,0,063-453-8811
A0017592,기쁨가득주유소,S-OIL,전북 군산시,전북,군산시,전북 군산시 월명로 115,1,0,1,063-465-5185
A0017593,마트24주유소,SK에너지,전북 군산시,전북,군산시,전북 군산시 진포로 201,1,0,0,0
A0017596,하늘주유소,S-OIL,전북 군산시,전북,군산시,전북 군산시 서수면 함안로 431,1,0,0,063-451-8999
A0017598,한사랑주유소,SK에너지,전북 군산시,전북,군산시,전북 군산시  공항로 368 (산북동),1,0,0,063-465-5109
A0017604,행복날개주유소,SK에너지,전북 군산시,전북,군산시,전북 군산시 장미2길27,0,0,0,063-445-8190
A0017605,태성주유소,알뜰주유소,전북 군산시,전북,군산시,전북 군산시 성산면 십자들로 189,0,0,1,063-445-2600
A0017606,제이원에너지,GS칼텍스,전북 군산시,전북,군산시,전북 군산시 공항로 434,1,0,0,063-910-5189
A0017609,지에스칼텍스(주)해와달주유소,GS칼텍스,전북 군산시,전북,군산시,전북 군산시  대학로 382 (나운동),1,0,1,063-467-6669
A0017610,(주)문의IC주유소,S-OIL,충북 청주시,충북,청주시,충북 청주시 상당구 문의면 미천고은로 63,1,0,0,043-295-3733
A0017611,스마트셀프주유소,SK에너지,전북 군산시,전북,군산시,전북 군산시 옥산로 16,1,0,0,063-451-0051
A0017618,동경주유소,S-OIL,전북 군산시,전북,군산시,전북 군산시 옥서면 공항로 702,0,0,0,063-461-4656
A0017621,지에스칼텍스(주)오아시스주유소,GS칼텍스,전북 군산시,전북,군산시,전북 군산시 동장산로 150 (소룡동),0,0,1,063-468-5151
A0017626,착한7주유소,자가상표,전북 군산시,전북,군산시,전북 군산시 공단대로 567 (소룡동),1,0,0,063-462-5155
A0017627,SJ오일(주) 스마일주유소,GS칼텍스,전북 군산시,전북,군산시,전북 군산시 공단대로 284 (수송동),1,0,1,063-461-1411
A0017628,시청주유소,HD현대오일뱅크,전북 군산시,전북,군산시,전북 군산시 번영로 167 (조촌동),0,0,0,063-451-0907
A0017631,바른길주유소,SK에너지,전북 군산시,전북,군산시,전북 군산시 미성로 458 (산북동),0,0,0,063-452-4257
A0017637,성진주유소(군산),GS칼텍스,전북 군산시,전북,군산시,전북 군산시 개정면 번영로 846,0,0,0,063-451-3151
A0017638,산북주유소,HD현대오일뱅크,전북 군산시,전북,군산시,전북 군산시 외항로 131,0,0,0,063-465-1721
A0017640,(유)월명주유소,알뜰주유소,전북 군산시,전북,군산시,전북 군산시 해망로 517,1,1,1,063-465-2535
A0017643,샛별주유소,GS칼텍스,전북 군산시,전북,군산시,전북 군산시 대야면 번영로 1321,0,0,0,063-451-2333
A0017645,보람주유소,GS칼텍스,전남광주 여수시,전남광주,여수시,전남광주통합특별시 여수시 쌍봉로 248 (시전동),1,0,0,061-683-6064
A0017647,임피주유소,GS칼텍스,전북 군산시,전북,군산시,전북 군산시 임피면 서원석곡로 592,0,0,0,063-453-7777
A0017648,은성주유소,GS칼텍스,전북 군산시,전북,군산시,전북 군산시 성산면 동군산로 93,0,0,0,063-453-9111
A0017651,스카이주유소,HD현대오일뱅크,전북 군산시,전북,군산시,전북 군산시 외항로 195 (산북동),0,0,0,063-468-5189
A0017652,외항주유소,자가상표,전북 군산시,전북,군산시,전북 군산시 외항로 269,1,0,0,063-468-6667
A0017654,군산IC주유소,GS칼텍스,전북 군산시,전북,군산시,전북 군산시 성산면 군익로 111,0,0,0,063-453-5184
A0017656,(유)리조트주유소,S-OIL,전북 군산시,전북,군산시,전북 군산시 옥산면 옥산로 157,1,0,0,063-464-5145
A0017657,대박self주유소,SK에너지,전북 군산시,전북,군산시,전북 군산시 옥산면 월명로 81,1,0,0,063-464-4648
A0017658,참빛에너지,HD현대오일뱅크,전북 군산시,전북,군산시,전북 군산시 옥녀로 102,1,0,0,063-917-5085
A0017663,(유)용명에너지 신흥주유소,HD현대오일뱅크,전북 군산시,전북,군산시,전북 군산시 월명로 408,1,0,0,063-446-5144
A0017664,비행장주유소,S-OIL,전북 군산시,전북,군산시,전북 군산시 공항로 476,0,0,0,063-467-5137
A0017665,(유)미래이앤에스,SK에너지,전북 군산시,전북,군산시,전북 군산시 해망로 671,1,0,0,063-468-5188
A0017667,(유)한결,GS칼텍스,전북 군산시,전북,군산시,전라 군산시 외항로 163,0,0,0,063-465-6464
A0017669,직영주유소,S-OIL,전북 군산시,전북,군산시,전북 군산시 옥산면 옥산로 154,1,0,0,063-471-5144
A0017671,옥구농협주유소,NH-OIL,전북 군산시,전북,군산시,전북 군산시 옥구읍 옥구로 39,0,0,1,063-464-8819
A0017672,서군산농협주유소,NH-OIL,전북 군산시,전북,군산시,전북 군산시 문창2길 1,1,0,1,063-460-0530
A0017673,옥산농협주유소,NH-OIL,전북 군산시,전북,군산시,전라북도 군산시 옥산면 산성로 222 (옥산면),0,0,1,063-464-7473
A0017676,동군산농협나포주유소,NH-OIL,전북 군산시,전북,군산시,전북 군산시 나포면 십자들로 622,0,0,1,063-453-8043
A0017679,신협햇살주유소,SK에너지,전북 군산시,전북,군산시,전북 군산시 외항로 565 (내초동),0,0,0,063-468-4455
A0017680,대야농협주유소,NH-OIL,전북 군산시,전북,군산시,전북 군산시 대야면 번영로 916,0,0,1,063-451-1992
A0017692,SK에너지(주) 나운주유소,SK에너지,전북 군산시,전북,군산시,전북 군산시 공단대로 360 (나운동),1,0,1,063-461-6751
A0017696,해바라기셀프주유소,S-OIL,전북 군산시,전북,군산시,전북 군산시 대학로 426 (나운동),1,0,0,063-468-5147
A0017697,군산사랑주유소,SK에너지,전북 군산시,전북,군산시,전북 군산시 월명로 315,1,0,0,063-462-6717
A0017703,sj오일(주)신대륙주유소,GS칼텍스,전북 군산시,전북,군산시,전북 군산시 자유무역로 4 (오식도동),0,0,1,063-467-5600
A0017711,군산(서울)충전소주유소,알뜰(ex),전북 군산시,전북,군산시,전북 군산시 군산시 서해안고속도로 148,0,1,1,063-453-5163
A0017712,군산무안주유소/충전소,알뜰(ex),전북 군산시,전북,군산시,전북 군산시 서해안고속도로 141,1,1,1,063-453-5763
A0017714,검창주유소 군산,GS칼텍스,전북 군산시,전북,군산시,전북 군산시 옥녀로 36,1,0,0,063-000-0000
A0017718,구도일공단주유소,S-OIL,전북 군산시,전북,군산시,전북 군산시 외항6길 6 (소룡동),1,0,1,063-462-5151
A0017724,파크셀프주유소,SK에너지,전북 전주시,전북,전주시,전북 전주시 완산구 천잠로 517,1,0,1,063-285-0987
A0017725,광적주유소,S-OIL,경기 양주시,경기,양주시,경기 양주시 광적면 부흥로 917,1,0,0,031-877-5859
A0017731,오일스타 ㈜송천지점,자가상표,전북 전주시,전북,전주시,전북 전주시 덕진구 동부대로 1192,1,0,0,063-255-5189
A0017733,다노주유소,GS칼텍스,충북 음성군,충북,음성군,충북 음성군 금왕읍 금일로 614,0,0,1,043-883-5188
A0017734,삼봉주유소,HD현대오일뱅크,전북 완주군,전북,완주군,전북 완주군 봉동읍 봉동로 551,0,0,0,063-262-5151
A0017736,에코주유소,HD현대오일뱅크,전북 완주군,전북,완주군,전북 완주군 봉동읍 완주로 473,1,0,0,063-243-9955
A0017739,약수터주유소,SK에너지,전북 전주시,전북,전주시,전북 전주시 완산구 춘향로 5319 (대성동),1,0,1,063-284-8421
A0017740,화산주유소,GS칼텍스,전북 완주군,전북,완주군,전북 완주군 화산면 화산남로 497,0,0,0,063-263-5019
A0017743,경기장주유소,HD현대오일뱅크,전북 전주시,전북,전주시,전북 전주시 덕진구 온고을로 675,1,0,0,063-214-5288
A0017758,현대공단주유소,HD현대오일뱅크,전북 익산시,전북,익산시,전북 익산시 석암로 68,1,0,0,063-835-5156
A0017759,용진주유소,HD현대오일뱅크,전북 완주군,전북,완주군,전북 완주군 용진읍 초포다리로 258,1,0,1,063-245-5155
A0017761,탱크셀프주유소,알뜰주유소,전북 완주군,전북,완주군,전북 완주군 삼례읍 과학로 481,1,0,0,063-261-5354
A0017765,은하주유소,GS칼텍스,전북 완주군,전북,완주군,전북 완주군 봉동읍 봉동로 428,1,0,0,063-261-5588
A0017766,월드컵주유소,HD현대오일뱅크,전북 군산시,전북,군산시,전북 군산시 번영로 68,1,0,0,063-445-1336
A0017768,해성주유소,HD현대오일뱅크,전북 전주시,전북,전주시,전북 전주시 완산구 우림로 934 (용복동),0,0,0,063-221-2232
A0017772,현대오일뱅크 동현주유소,HD현대오일뱅크,전북 전주시,전북,전주시,전북 전주시 덕진구 견훤로 182 (인후동1가),1,0,0,063-247-5155
A0017773,무진장주유소,GS칼텍스,전북 진안군,전북,진안군,전북 진안군 진안읍 진장로 111,0,0,0,063-432-7005
A0017776,고덕주유소,S-OIL,전북 전주시,전북,전주시,전북 전주시 완산구 동부대로 46 (색장동),1,0,1,063-231-1787
A0017778,청솔주유소,SK에너지,전북 전주시,전북,전주시,전북 전주시 완산구 중화산로 50 (중화산동2가),1,0,0,063-226-7675
A0017779,전주대광셀프주유소,SK에너지,전북 전주시,전북,전주시,전북 전주시 덕진구 동부대로 944 (호성동2가),1,0,1,063-275-5189
A0017780,용담댐주유소,HD현대오일뱅크,전북 진안군,전북,진안군,전북 진안군 용담면 안용로 906,0,0,0,063-433-9800
A0017783,고산주유소,SK에너지,전북 완주군,전북,완주군,전북 완주군 고산면 고산로 13,0,0,0,063-262-8900
A0017789,정읍 태양주유소,GS칼텍스,전북 정읍시,전북,정읍시,전북 정읍시 북면 정읍북로 906,0,0,1,063-536-9595
A0017797,빼어날수주유소,S-OIL,전북 전주시,전북,전주시,전북 전주시 덕진구 초포다리로 100 (호성동1가),1,0,0,063-277-8241
A0017799,굿모닝주유소,SK에너지,전북 익산시,전북,익산시,전북 익산시 석암로 180 (석암동),1,0,0,063-834-5140
A0017802,어우리주유소,GS칼텍스,전북 완주군,전북,완주군,전북 완주군 고산면 고산천로 192,0,0,0,063-262-3251
A0017803,샘터주유소,SK에너지,전북 전주시,전북,전주시,전북 전주시 덕진구 호성로 20 (우아동3가),0,0,0,063-242-6065
A0017808,부귀주유소,SK에너지,전북 진안군,전북,진안군,전북 진안군 부귀면 전진로 2049-1,0,0,0,063-432-1987
A0017811,천흥주유소,SK에너지,전북 무주군,전북,무주군,전북 무주군 무주읍 주계로 75,0,0,0,063-322-2356
A0017821,라제주유소,HD현대오일뱅크,전북 무주군,전북,무주군,전북 무주군 설천면 무설로 1704,0,0,0,063-324-5188
A0017823,북전주주유소,SK에너지,전북 전주시,전북,전주시,전북 전주시 덕진구 기린대로 911 (팔복동2가),0,0,0,063-212-2177
A0017824,석구주유소,HD현대오일뱅크,전북 전주시,전북,전주시,전북 전주시 완산구 구이로 1828 (석구동),0,0,0,063-227-1135
A0017827,아메리카노주유소,S-OIL,전북 남원시,전북,남원시,전북 남원시 동림로 82 (향교동),1,0,0,063-626-5185
A0017828,목원주유소,GS칼텍스,전북 전주시,전북,전주시,전북 전주시 덕진구 전주천동로 390 (진북동),1,0,0,063-275-7667
A0017829,HD현대오일뱅크㈜직영 태평양주유소,HD현대오일뱅크,전북 전주시,전북,전주시,전북 전주시 덕진구 전진로 54,0,0,1,063-241-2613
A0017830,SK에너지(주) OK셀프주유소,SK에너지,전북 전주시,전북,전주시,전북 전주시 덕진구 기지로 221,1,0,1,063-221-9759
A0017832,지에스칼텍스㈜ 시온셀프주유소,GS칼텍스,전북 전주시,전북,전주시,전북 전주시 완산구 백제대로 286,1,0,1,063-236-5155
A0017837,우리주유소,알뜰주유소,전북 정읍시,전북,정읍시,전북 정읍시 소성면 소성로 100,1,0,1,063-537-5182
A0017838,덕유산주유소,GS칼텍스,전북 무주군,전북,무주군,전북 무주군 적상면 치마재로 447,0,0,0,063-324-2244
A0017840,팔복2주유소,HD현대오일뱅크,전북 전주시,전북,전주시,전북 전주시 덕진구 기린대로 674 (팔복동2가),1,0,0,063-211-4999
A0017845,지에스칼텍스㈜ 소망제일주유소,GS칼텍스,전북 전주시,전북,전주시,전북 전주시 완산구 쑥고개로 283,1,0,1,063-223-5189
A0017846,극동주유소,HD현대오일뱅크,전북 완주군,전북,완주군,전북 완주군 봉동읍 삼봉로 798,0,0,0,063-262-3324
A0017851,내장주유소,SK에너지,전북 정읍시,전북,정읍시,전북 정읍시 금붕1길 10,1,0,0,063-532-3939
A0017854,흥국주유소,SK에너지,전북 전주시,전북,전주시,전북 전주시 덕진구 기린대로 961 (여의동),0,0,0,063-213-1193
A0017858,아리랑주유소,SK에너지,전북 장수군,전북,장수군,전북 장수군 계남면 장무로 117,1,0,1,063-353-0554
A0017872,청기와주유소,HD현대오일뱅크,전북 완주군,전북,완주군,전북 완주군 상관면 춘향로 4233,0,0,0,063-232-1282
A0017873,(유)피노키오주유소,GS칼텍스,전북 전주시,전북,전주시,전북 전주시 완산구 백제대로 341 (중화산동2가),1,0,0,063-226-5145
A0017877,산업주유소,S-OIL,전북 완주군,전북,완주군,전북 완주군 봉동읍 과학로 729,1,0,0,063-263-9700
A0017879,구천동주유소,알뜰주유소,전북 무주군,전북,무주군,전북 무주군 설천면 무설로 1567,1,1,1,063-324-5144
A0017880,(주)해뜨는여의동주유소,S-OIL,전북 전주시,전북,전주시,전북 전주시 덕진구 기린대로 1036 (여의동),1,0,0,063-212-5189
A0017887,금성주유소,알뜰주유소,전북 익산시,전북,익산시,전북 익산시 목천로 72,1,0,1,063-842-3688
A0017889,반딧불주유소,S-OIL,전북 무주군,전북,무주군,전북 무주군 무주읍 단천로 58,1,0,1,063-322-0194
A0017890,㈜죽림온천셀프,HD현대오일뱅크,전북 완주군,전북,완주군,전북 완주군 상관면 춘향로 4599,1,0,0,0
A0017892,동아주유소,SK에너지,전북 전주시,전북,전주시,전북 전주시 완산구 모악로 4741 (평화동2가),0,0,1,063-224-0017
A0017895,한흥주유소,SK에너지,전북 전주시,전북,전주시,전북 전주시 덕진구 건산로 166 (인후동1가),0,0,0,063-244-4001
A0017897,동양주유소,GS칼텍스,전북 전주시,전북,전주시,전북 전주시 덕진구 전미로 231 (전미동2가),0,0,0,063-253-5060
A0017909,올림픽주유소,SK에너지,전북 무주군,전북,무주군,전북 무주군 적상면 치마재로 165,0,0,0,063-324-5140
A0017912,하나주유소,알뜰주유소,충남 부여군,충남,부여군,충남 부여군 부여읍 성왕로 382,0,0,1,041-835-2434
A0017913,성덕주유소,HD현대오일뱅크,전북 전주시,전북,전주시,전북 전주시 덕진구 번영로 222 (성덕동),0,0,0,063-212-6791
A0017920,(유)고덕물류 직영주유소,S-OIL,전북 전주시,전북,전주시,전북 전주시 덕진구 건산로 201 (인후동1가),1,0,1,063-229-5151
A0017923,구도일주유소덕진,S-OIL,전북 전주시,전북,전주시,전라북도 전주시 덕진구  가련산로 39 (덕진동2가),1,0,0,063-251-0081
A0017926,명진주유소,S-OIL,전북 전주시,전북,전주시,전북 전주시 덕진구 원만성로 45 (팔복동3가),1,0,0,063-212-5152
A0017929,사랑주유소,S-OIL,전북 전주시,전북,전주시,전북 전주시 덕진구 번영로 477 (용정동),1,0,1,063-212-5150
A0017932,전주나들목주유소,S-OIL,전북 전주시,전북,전주시,전북 전주시 덕진구  온고을로 757 (반월동),1,0,0,063-211-6549
A0017937,비전주유소,GS칼텍스,전북 전주시,전북,전주시,전북 전주시 완산구 천잠로 217 (효자동2가),1,0,0,063-221-5110
A0017941,봉림주유소,HD현대오일뱅크,전북 완주군,전북,완주군,전북 완주군 고산면 고산천로 798,0,0,0,063-262-1000
A0017944,기린봉주유소,SK에너지,전북 전주시,전북,전주시,전북 전주시 덕진구 동부대로 189 (우아동1가),0,0,0,063-243-4918
A0017955,행복주유소,알뜰주유소,전북 전주시,전북,전주시,전북 전주시 덕진구 동부대로 641 (우아동3가),1,1,1,063-247-8985
A0017959,은일주유소,GS칼텍스,전북 전주시,전북,전주시,전북 전주시 완산구 쑥고개로 174,1,0,0,063-222-1333
A0017979,기린주유소,SK에너지,전북 전주시,전북,전주시,전북 전주시 완산구 콩쥐팥쥐로 1621,1,0,0,063-221-5555
A0017989,동부대로주유소,S-OIL,전북 전주시,전북,전주시,전북 전주시 덕진구 동부대로 988 (송천동2가),1,0,0,063-253-5145
A0017996,왕궁온천주유소,SK에너지,전북 완주군,전북,완주군,전북 완주군 삼례읍 석암로 665,0,0,0,063-291-5182
A0017997,양지주유소,GS칼텍스,전북 전주시,전북,전주시,전북 전주시 완산구 구이로 2011,0,0,0,063-225-0051
A0017998,신명주유소,SK에너지,전북 전주시,전북,전주시,전북 전주시 덕진구 초포다리로 191,0,0,0,063-283-6060
A0017999,평화동주유소,S-OIL,전북 전주시,전북,전주시,전북 전주시 완산구 구이로 1949,1,0,0,063-224-9152
A0018008,서진셀프주유소,GS칼텍스,전북 전주시,전북,전주시,전북 전주시 완산구 유연로 48 (효자동3가),1,0,0,063-256-5151
A0018014,영광IC주유소,GS칼텍스,전남광주 영광군,전남광주,영광군,전남광주통합특별시 영광군 영광읍 영대로 672,1,0,0,061-351-1151
A0018018,CJ대한통운㈜ 해뜰날주유소,S-OIL,전북 전주시,전북,전주시,전북 전주시 효자로 15,1,0,1,063-226-8623
A0018020,(주)완주IC주유소,S-OIL,전북 완주군,전북,완주군,전북 완주군 용진면 완주로 268,1,0,0,063-245-5184
A0018021,구이농협주유소,NH-OIL,전북 완주군,전북,완주군,전북 완주군 구이면 구이로 1488,0,0,1,063-221-1202
A0018028,독도사랑주유소7,자가상표,전북 전주시,전북,전주시,전북 전주시 완산구 안행로 58,1,0,1,0
A0018032,광일주유소,SK에너지,전북 완주군,전북,완주군,전북 완주군 봉동읍 봉동로 516,0,0,0,063-261-4132
A0018038,비전주유소,HD현대오일뱅크,전북 완주군,전북,완주군,전북 완주군 봉동읍 봉동로 774,0,0,0,063-262-5012
A0018040,하북주유소,HD현대오일뱅크,전북 정읍시,전북,정읍시,전북 정읍시 서부산업도로 566 (하북동),1,0,0,063-535-5151
A0018060,서전주주유소,GS칼텍스,전북 전주시,전북,전주시,전북 전주시 완산구 콩쥐팥쥐로 1613,1,0,0,063-222-5149
A0018062,장승배기주유소,SK에너지,전북 전주시,전북,전주시,전북 전주시 완산구 장승배기로 283,1,0,0,063-287-6677
A0018067,이성주유소,SK에너지,전북 완주군,전북,완주군,전북 완주군 이서면 이서남로 54,0,0,0,063-222-5816
A0018077,(유)승진 새만금주유소,S-OIL,전북 부안군,전북,부안군,전북 부안군 변산면 변산로 1747,0,0,0,063-000-0000
A0018081,오일스타㈜전주지점,자가상표,전북 전주시,전북,전주시,전북 전주시 완산구 춘향로 5006,1,0,0,063-285-5189
A0018088,상관IC주유소,S-OIL,전북 완주군,전북,완주군,전북 완주군 상관면 춘향로 4585,1,0,0,063-282-5151
A0018094,미래주유소,S-OIL,전북 완주군,전북,완주군,전북 완주군 소양면 전진로 1015,1,0,0,063-244-5156
A0018096,소양주유소,SK에너지,전북 완주군,전북,완주군,전북 완주군 소양면 망표길 28,0,0,0,063-244-4545
A0018099,동방주유소,S-OIL,전북 완주군,전북,완주군,전북 완주군 고산면 고산천로 384,0,0,0,063-263-3333
A0018100,안전주유소,HD현대오일뱅크,전북 완주군,전북,완주군,전북 완주군 소양면 전진로 881,0,0,0,063-241-3409
A0018105,지에스칼텍스(주)글로리주유소,GS칼텍스,전북 전주시,전북,전주시,전북 전주시 완산구 장승배기로 209,1,0,1,063-285-5145
A0018108,대성주유소,HD현대오일뱅크,전북 완주군,전북,완주군,전북 완주군 이서면 콩쥐팥쥐로 1068,0,0,0,063-221-5233
A0018109,기린대로주유소,GS칼텍스,전북 전주시,전북,전주시,전북 전주시 완산구 기린대로 242,1,0,0,063-274-5188
A0018111,그린주유소,알뜰주유소,전북 완주군,전북,완주군,전북 완주군 봉동읍 삼봉로 915,1,0,1,063-263-5185
A0018113,스타주유소,GS칼텍스,전북 전주시,전북,전주시,전북 전주시 완산구 서원로 313 (중화산동2가),1,0,0,063-224-8399
A0018117,따봉2주유소,SK에너지,전북 전주시,전북,전주시,전북 전주시 완산구 선비로 1444 (용복동),1,0,0,063-223-0709
A0018121,믿음주유소,S-OIL,전북 완주군,전북,완주군,전북 완주군 삼례읍 삼례나들목로 162,0,0,0,063-225-4883
A0018124,바울주유소,SK에너지,전북 전주시,전북,전주시,전북 전주시 완산구 전라감영로 4 (다가동2가),1,0,0,063-283-5050
A0018128,정동주유소,알뜰주유소,전북 전주시,전북,전주시,전북 전주시 완산구 계룡산길 146,0,0,1,063-229-0642
A0018129,기쁨주유소,GS칼텍스,전북 전주시,전북,전주시,전북 전주시 완산구 춘향로 5129 (색장동),1,0,0,063-232-1132
A0018130,풍천주유소,SK에너지,전북 전주시,전북,전주시,전북 전주시 완산구  구이로 2057,0,0,1,063-222-5152
A0018132,고향주유소,SK에너지,전북 완주군,전북,완주군,전북 완주군 용진면 하이1길 1,1,0,0,063-243-5721
A0018133,라일락주유소,S-OIL,전북 전주시,전북,전주시,전북 전주시 완산구 성지산로 37,1,0,0,063-223-4888
A0018137,사금주유소,GS칼텍스,전북 익산시,전북,익산시,전북 익산시 춘포면 궁성로 86,0,0,0,063-291-1010
A0018138,평화셀프주유소,S-OIL,전북 전주시,전북,전주시,전북 전주시 완산구 모악로 4595 (평화동3가),1,0,1,063-223-6570
A0018140,하나주유소,GS칼텍스,전북 완주군,전북,완주군,전북 완주군 삼례읍 삼봉로 145,1,0,0,063-291-3805
A0018141,고속주유소,SK에너지,전북 완주군,전북,완주군,전북 완주군 이서면 이서로 92,0,0,0,063-222-9032
A0018144,푸른셀프주유소,HD현대오일뱅크,전북 전주시,전북,전주시,전북 전주시 완산구 천잠로 457 (효자동3가),1,0,0,063-223-5152
A0018147,보물단지주유소,알뜰주유소,전북 완주군,전북,완주군,전북 완주군 봉동읍 완주로 533,1,0,1,063-222-3373
A0018150,블루그린㈜ 효자1지점,HD현대오일뱅크,전북 전주시,전북,전주시,전북 전주시 완산구 콩쥐팥쥐로 1701,1,0,0,063-227-5189
A0018160,삼봉에너지 주유소/충전소,HD현대오일뱅크,전북 완주군,전북,완주군,전북 완주군 삼례읍 과학로 509,1,0,0,063-261-5100
A0018161,개나리주유소,S-OIL,전북 완주군,전북,완주군,전북 완주군 상관면 춘향로 4088,1,0,0,063-288-7072
A0018162,아리랑주유소,S-OIL,전북 완주군,전북,완주군,전북 완주군 봉동읍 봉동로 712,1,0,0,063-262-5450
A0018164,성심주유소,S-OIL,전북 무주군,전북,무주군,전북 무주군 무주읍 무학로 171,1,0,0,063-322-5145
A0018165,탄탄대로주유소,GS칼텍스,전북 완주군,전북,완주군,전북 완주군 봉동읍 완주로 420,1,0,0,063-243-5189
A0018167,우리주유소,GS칼텍스,전북 완주군,전북,완주군,전북 완주군 봉동읍 봉동로 886,0,0,0,063-263-6585
A0018168,한진주유소,GS칼텍스,전북 완주군,전북,완주군,전북 완주군 봉동읍 봉동로 137 (봉동읍),1,0,0,063-261-2132
A0018169,봉실주유소,HD현대오일뱅크,전북 완주군,전북,완주군,전북 완주군 봉동읍 봉동로 640,0,0,0,063-261-6877
A0018177,색장주유소,HD현대오일뱅크,전북 전주시,전북,전주시,전북 전주시 완산구 춘향로 4860 (색장동),1,0,1,063-282-4431
A0018179,상림주유소,S-OIL,전북 전주시,전북,전주시,전북 전주시 완산구 콩쥐팥쥐로 1560,1,0,0,063-221-9694
A0018183,학동주유소,GS칼텍스,전북 김제시,전북,김제시,전북 김제시 백구면 번영로 2668,0,0,0,063-544-3575
A0018184,광남주유소,GS칼텍스,전남광주 구례군,전남광주,구례군,전남광주통합특별시 구례군 구례읍 봉성로 12,0,0,0,061-782-0706
A0018186,전일주유소,GS칼텍스,전북 완주군,전북,완주군,전북 완주군 상관면 춘향로 4630,0,0,0,063-283-5189
A0018191,(유)고려유업,HD현대오일뱅크,전북 완주군,전북,완주군,전북 완주군 봉동읍 과학로 755,0,0,0,063-261-7755
A0018197,완창주유소,GS칼텍스,전북 완주군,전북,완주군,전북 완주군 운주면 운주로 226,0,0,0,063-263-5600
A0018198,따봉주유소,SK에너지,전북 전주시,전북,전주시,전북 전주시 완산구 모악로 4485,1,0,0,063-236-8870
A0018200,소양농협주유소,NH-OIL,전북 완주군,전북,완주군,전북 완주군 소양면 소양로 230,0,0,1,063-240-2622
A0018203,무주농협적상지점,NH-OIL,전북 무주군,전북,무주군,전북 무주군 적상면 적상산로 8,0,0,1,063-324-1627
A0018204,무주농협 부남지점,NH-OIL,전북 무주군,전북,무주군,전북 무주군 부남면 부남로 866-2,0,0,1,063-322-0046
A0018205,부귀농협정천지점주유소,NH-OIL,전북 진안군,전북,진안군,전북 진안군 정천면 진용로 1040,0,0,1,063-432-7321
A0018206,진안농협주유소,NH-OIL,전북 진안군,전북,진안군,전북 진안군 진안읍 진무로 1146,0,0,1,063-432-1029
A0018208,신협셀프주유소,GS칼텍스,전북 전주시,전북,전주시,전북 전주시 완산구 온고을로 180 (효자동3가),1,0,0,063-278-8545
A0018209,삼례농협주유소,NH-OIL,전북 완주군,전북,완주군,전북 완주군 삼례읍 삼례나들목로 88,0,0,1,063-291-1131
A0018210,봉동농협클린주유소,NH-OIL,전북 완주군,전북,완주군,전북 완주군 봉동읍 삼봉로 906,1,1,1,063-261-2025
A0018211,화산농협주유소,NH-OIL,전북 완주군,전북,완주군,전북 완주군 화산면 화산남로 3,0,0,1,063-262-5679
A0018216,싼2주유소㈜3공단주유소,HD현대오일뱅크,전북 완주군,전북,완주군,전북 완주군 봉동읍 과학로 842,1,0,0,063-261-5151
A0018217,HD현대오일뱅크㈜직영 호성주유소,HD현대오일뱅크,전북 전주시,전북,전주시,전북 전주시 덕진구 초포다리로 91,0,0,1,063-253-8239
A0018220,좋은날주유소,S-OIL,전북 전주시,전북,전주시,전북 전주시 완산구 안행로 65,1,0,0,063-228-3680
A0018224,SK핑크코끼리주유소,SK에너지,전북 전주시,전북,전주시,전북 전주시 완산구 거마평로 47,1,0,0,063-222-8086
A0018225,SK에너지㈜ 대광제일주유소,SK에너지,전북 전주시,전북,전주시,전북 전주시 완산구 서신로 56 (서신동),1,0,1,063-276-9141
A0018227,SK에너지(주) 서곡주유소,SK에너지,전북 전주시,전북,전주시,전북 전주시 완산구 온고을로 186,1,0,1,063-278-2890
A0018228,오일스타 (주)평화지점,HD현대오일뱅크,전북 전주시,전북,전주시,전북 전주시 완산구 장승배기로 270 (평화동1가),1,0,0,063-282-1608
A0018230,풀무원푸드앤컬처덕유산하(통영)주유소,알뜰(ex),전북 장수군,전북,장수군,전북 장수군 계북면 통영대전고속도로 147,1,0,1,063-353-5106
A0018231,풀무원푸드앤컬처덕유산상(대전)주유소,알뜰(ex),전북 무주군,전북,무주군,전북 무주군 안성면 통영대전고속도로 148,1,1,1,063-353-4206
A0018232,(유)안골셀프주유소,자가상표,전북 전주시,전북,전주시,전북 전주시 덕진구 안덕원로 318 (인후동1가),1,0,0,063-243-5183
A0018243,그랑프리주유소,GS칼텍스,전북 전주시,전북,전주시,전북 전주시 완산구 콩쥐팥쥐로 1582 (상림동),1,0,0,063-221-3636
A0018245,시온성주유소,GS칼텍스,전북 완주군,전북,완주군,전북 완주군 봉동읍 과학로 979,1,0,0,063-902-5189
A0018246,신도시주유소,SK에너지,전북 전주시,전북,전주시,전북 전주시 완산구 천잠로 411 (효자동3가),1,0,0,063-236-5189
A0018247,신흥주유소,SK에너지,전북 전주시,전북,전주시,전북 전주시 완산구 쑥고개로 369,1,0,0,063-222-5194
A0018249,(유)백제주유소,알뜰주유소,전북 전주시,전북,전주시,전북 전주시 완산구 효자로 67-3 (효자동3가),1,0,1,063-221-1155
A0018254,서동주유소,S-OIL,전북 익산시,전북,익산시,전북 익산시 서동로 165 (마동),1,0,0,063-853-9980
A0018256,OK주유소,S-OIL,전북 익산시,전북,익산시,전라북도 익산시 무왕로 1703,1,0,0,063-833-5150
A0018258,황산주유소,SK에너지,전북 김제시,전북,김제시,전북 김제시 황산면 용마로 296,0,0,0,063-543-6565
A0018259,세종2주유소,S-OIL,전북 익산시,전북,익산시,전북 익산시 익산대로 573-1 (신용동),1,0,0,063-843-0088
A0018267,태광주유소,SK에너지,전북 익산시,전북,익산시,전북 익산시 황등면 익산대로 1251,0,0,0,063-831-5182
A0018268,CJ대한통운㈜ 석암주유소,S-OIL,전북 익산시,전북,익산시,전북 익산시 석암로 248 (팔봉동),1,0,1,063-835-5189
A0018269,단비주유소,GS칼텍스,전북 익산시,전북,익산시,전북 익산시 황등면 익산대로 1126,0,0,0,063-856-4731
A0018270,마룡주유소,GS칼텍스,전북 군산시,전북,군산시,전북 군산시 서수면 동군산로 1118,0,0,0,063-451-1112
A0018274,토다리주유소,S-OIL,전북 익산시,전북,익산시,전북 익산시 춘포면 춘포로 114,0,0,0,063-842-8100
A0018275,역터주유소,SK에너지,전북 익산시,전북,익산시,전북 익산시 왕궁면 호남로 1084,0,0,0,063-836-8533
A0018277,봄까치셀프주유소,HD현대오일뱅크,전북 익산시,전북,익산시,전북 익산시 평동로 796,1,0,0,063-853-5144
A0018280,기름나라주유소,HD현대오일뱅크,전북 익산시,전북,익산시,전북 익산시 금마면 미륵사지로 80,0,0,0,063-861-4353
A0018282,새일주유소,S-OIL,전북 익산시,전북,익산시,전북 익산시 군익로 451,1,0,0,063-842-5152
A0018283,검창주유소,HD현대오일뱅크,전북 김제시,전북,김제시,전북 김제시 월죽로 949(교동),1,0,0,063-545-5157
A0018290,하림제일주유소,S-OIL,전북 익산시,전북,익산시,전북 익산시 낭산면 함낭로 1267,0,0,0,063-862-7177
A0018293,신흥주유소,HD현대오일뱅크,전북 김제시,전북,김제시,전북 김제시 남북로 4 (신풍동),0,0,1,063-547-3037
A0018298,벚꽃주유소,GS칼텍스,전북 익산시,전북,익산시,전북 익산시 무왕로2길 122 (목천동),1,0,0,063-851-4848
A0018300,따봉5주유소,SK에너지,전북 익산시,전북,익산시,전북 익산시 무왕로 1474 (팔봉동),1,0,0,063-832-7800
A0018301,지에스칼텍스(주)훼밀리주유소,GS칼텍스,전북 익산시,전북,익산시,전북 익산시 무왕로 1223 (부송동),1,0,1,063-833-5151
A0018302,㈜용호산업 혁신주유소,GS칼텍스,전북 전주시,전북,전주시,전북 전주시 덕진구 온고을로 739,1,0,0,063-213-8880
A0018312,삼복주유소,SK에너지,전북 김제시,전북,김제시,전북 김제시 성덕면 해학로 872,0,0,0,063-543-5252
A0018313,톨게이트주유소,SK에너지,전북 김제시,전북,김제시,전북 김제시 금구면 봉두4길 58,0,0,0,063-547-0758
A0018314,정성주유소,GS칼텍스,전북 김제시,전북,김제시,전북 김제시 벽골제로 754 (입석동),0,0,1,063-543-5150
A0018315,서암주유소,HD현대오일뱅크,전북 김제시,전북,김제시,전북 김제시 벽성로 420,0,0,0,063-546-9367
A0018316,형제주유소,GS칼텍스,전북 익산시,전북,익산시,전북 익산시 익산대로 620 (신용동),1,0,0,063-853-5189
A0018317,신광주유소,GS칼텍스,전북 익산시,전북,익산시,전북 익산시 황등면 황등로 216,0,0,0,063-856-5514
A0018318,케이와이에너지㈜ 아동주유소/충전소,HD현대오일뱅크,경기 파주시,경기,파주시,경기 파주시 새꽃로 279,1,0,0,031-945-0501
A0018319,율촌주유소,S-OIL,전북 익산시,전북,익산시,전북 익산시 황등면 황금로 124,0,0,0,063-851-4300
A0018327,하늘주유소,HD현대오일뱅크,전북 익산시,전북,익산시,전북 익산시 서동로 444 (신흥동),0,0,0,063-832-5151
A0018330,김제현대주유소,HD현대오일뱅크,전북 김제시,전북,김제시,전북 김제시 벽성로 371,1,0,0,063-543-1206
A0018332,대운회관주유소,S-OIL,전북 김제시,전북,김제시,전북 김제시 금구면 선비로 1038,1,0,0,063-546-1133
A0018333,문화주유소,HD현대오일뱅크,전북 익산시,전북,익산시,전북 익산시 삼기면 황금로 469,0,0,0,063-858-3336
A0018336,세진주유소,GS칼텍스,전북 익산시,전북,익산시,전북 익산시 인북로 52,1,0,0,063-854-7388
A0018339,서림주유소,SK에너지,전북 전주시,전북,전주시,전북 전주시 덕진구 동부대로 850 (호성동1가),1,0,0,063-244-5159
A0018340,왕궁농협주유소,NH-OIL,전북 익산시,전북,익산시,전북 익산시 왕궁면 왕궁로 494,0,0,1,063-832-4230
A0018343,강남주유소,GS칼텍스,전북 익산시,전북,익산시,전북 익산시 서동로 280,1,0,0,063-835-5151
A0018345,참빛주유소,S-OIL,전북 익산시,전북,익산시,전북 익산시 함열읍 익산대로 1571,1,0,0,063-862-8282
A0018348,대현주유소,SK에너지,전북 익산시,전북,익산시,전라북도 익산시 춘포면 석암로 310,1,0,0,063-831-5186
A0018349,반석주유소,SK에너지,전북 김제시,전북,김제시,전북 김제시 죽산면 서포길 204,0,0,0,063-546-1179
A0018352,직영주유소,HD현대오일뱅크,전북 익산시,전북,익산시,전북 익산시 서동로 45 (인화동2가),1,0,0,063-855-1133
A0018353,(주)유앤오일에너지,자가상표,전북 김제시,전북,김제시,전북 김제시 복죽로 384 (복죽동),0,0,0,063-543-5874
A0018369,월광주유소,SK에너지,전북 김제시,전북,김제시,전북 김제시 진남길 7,0,0,0,063-546-4339
A0018375,동산주유소,S-OIL,전북 익산시,전북,익산시,전북 익산시 목천로 262,0,0,0,063-858-5183
A0018378,대촌주유소,S-OIL,전북 김제시,전북,김제시,전북 김제시 복죽7길 6,0,0,0,063-542-1209
A0018379,행복날개주유소,SK에너지,전북 김제시,전북,김제시,전북 김제시 콩쥐팥쥐로 10 (검산동),1,0,1,063-547-0900
A0018383,대선주유소,알뜰주유소,전북 익산시,전북,익산시,전북 익산시 성당면 함낭로 222,1,0,0,063-861-6185
A0018384,석촌주유소,S-OIL,전북 익산시,전북,익산시,전북 익산시 낭산면 미륵사지로 1030,0,0,0,063-861-7888
A0018385,여산주유소,GS칼텍스,전북 익산시,전북,익산시,전북 익산시 여산면 호남로 1428-10,0,0,0,063-836-5153
A0018397,금광주유소,GS칼텍스,전북 김제시,전북,김제시,전북 김제시 금구면 선비로 799-3,1,0,0,063-546-4488
A0018407,모현주유소,S-OIL,전북 익산시,전북,익산시,전북 익산시 무왕로 806,1,0,0,063-857-0333
A0018413,함열현대주유소,HD현대오일뱅크,전북 익산시,전북,익산시,전북 익산시 함열읍 미륵사지로 1279,0,0,0,063-861-8333
A0018414,운덕주유소,HD현대오일뱅크,전북 김제시,전북,김제시,전북 김제시 용지로 3 (상동동),0,0,0,063-547-0042
A0018416,하나주유소,S-OIL,전북 김제시,전북,김제시,전북 김제시 콩쥐팥쥐로 80,0,0,0,063-546-8383
A0018418,동아주유소,SK에너지,전북 익산시,전북,익산시,전북 익산시 선화로 655 (부송동),0,0,0,063-833-6244
A0018419,전북주유소,GS칼텍스,전북 김제시,전북,김제시,전북 김제시 하공로 203,0,0,1,063-544-1700
A0018422,북일주유소,HD현대오일뱅크,전북 익산시,전북,익산시,전북 익산시 신동로 2,1,0,0,063-855-5144
A0018423,21C주유소,SK에너지,전북 김제시,전북,김제시,전북 김제시 금산면 선비로 500,1,0,0,063-543-5189
A0018425,영광주유소,HD현대오일뱅크,전북 김제시,전북,김제시,전북 김제시 하공로 120 (하동),0,0,0,063-544-9151
A0018431,햇빛주유소,GS칼텍스,전북 김제시,전북,김제시,전북 김제시 백구면 번영1길 3,0,0,0,063-544-3600
A0018432,㈜태성에너지,S-OIL,전북 김제시,전북,김제시,전북 김제시 금구면 선비로 1311,1,0,0,063-547-5145
A0018435,정직한주유소,SK에너지,전북 익산시,전북,익산시,전북 익산시 익산대로 90,1,0,0,063-855-2266
A0018437,용정주유소,GS칼텍스,전북 고창군,전북,고창군,전북 고창군 공음면 왕제산로 151-3,0,0,0,063-562-9100
A0018440,대림석유(주) 싼백제주유소,HD현대오일뱅크,전북 익산시,전북,익산시,전북 익산시 고봉로 253,1,0,0,063-843-2323
A0018442,대성주유소,GS칼텍스,전북 익산시,전북,익산시,전북 익산시 서동로 144 (마동),1,0,0,063-857-6100
A0018443,싼10주유소,HD현대오일뱅크,전북 익산시,전북,익산시,전북 익산시 서동로 197,1,0,0,063-855-2346
A0018450,봉동주유소,HD현대오일뱅크,전북 완주군,전북,완주군,전북 완주군 봉동읍 삼봉로 965,1,0,1,063-261-5114
A0018452,안전주유소,GS칼텍스,전북 익산시,전북,익산시,전북 익산시 춘포로 6,1,0,0,063-853-5104
A0018455,여산천호주유소,자가상표,전북 익산시,전북,익산시,전북 익산시 여산면 가람로 174,0,0,0,063-834-7711
A0018456,보람주유소,S-OIL,전북 익산시,전북,익산시,전북 익산시 고봉로 236 (영등동),1,0,0,063-857-5100
A0018464,금동주유소,S-OIL,전북 김제시,전북,김제시,전북 김제시 금산면 금산사로 159,0,0,0,063-545-5152
A0018468,우리주유소,HD현대오일뱅크,전북 임실군,전북,임실군,전북 임실군 성수면 춘향로 2554,0,0,0,063-642-9900
A0018478,공덕주유소,S-OIL,전북 김제시,전북,김제시,전북 김제시 공덕면 유강로 85,0,0,0,063-545-1818
A0018482,늘 그린주유소,S-OIL,전북 김제시,전북,김제시,전북 김제시 백구면 번영로 2188,1,0,0,063-542-4800
A0018487,CJ대한통운㈜ 김제공덕주유소,GS칼텍스,전북 김제시,전북,김제시,전라북도 김제시 하공로 780,1,0,1,063-472-1603
A0018488,와초주유소,S-OIL,전북 익산시,전북,익산시,전북 익산시 성당면 함낭로 303-1,0,0,0,063-862-7001
A0018491,빵빵주유소,S-OIL,전북 익산시,전북,익산시,전북 익산시 서동로 340,0,0,0,063-833-6060
A0018496,서원주유소,S-OIL,전북 군산시,전북,군산시,전북 군산시 옥녀로 18,0,0,0,063-467-5157
A0018498,주식회사 으뜸에너지,자가상표,전북 전주시,전북,전주시,전북 전주시 덕진구 온고을로 566,1,0,1,063-229-5151
A0018499,정주유소,SK에너지,전북 김제시,전북,김제시,전북 김제시 콩쥐팥쥐로 155 (순동),1,0,0,063-547-5144
A0018500,하마주유소,자가상표,전북 익산시,전북,익산시,전북 익산시 서동로 266,1,0,0,070-8211-1864
A0018502,샘터주유소,HD현대오일뱅크,전북 김제시,전북,김제시,전북 김제시 금구면 풍요로 795,1,0,0,063-543-0251
A0018503,오일스타㈜익산지점 착한8주유소,자가상표,전북 익산시,전북,익산시,전북 익산시 용동면 익산대로 2538,1,0,0,063-831-8989
A0018509,골드주유소,S-OIL,전북 익산시,전북,익산시,전북 익산시 고봉로 105 (마동),0,0,0,063-837-5189
A0018516,목우촌주유소,HD현대오일뱅크,전북 김제시,전북,김제시,전북 김제시 금구면 구성길 720,1,0,1,063-547-5110
A0018517,아라주유소,SK에너지,전북 김제시,전북,김제시,전북 김제시 하공로 40,1,0,0,063-545-2485
A0018529,중앙주유소,HD현대오일뱅크,전북 김제시,전북,김제시,전북 김제시 봉남면 봉남로 507,0,0,0,063-543-5140
A0018538,미소주유소,HD현대오일뱅크,전북 익산시,전북,익산시,전북 익산시 익산대로 121,1,0,0,063-841-8761
A0018540,㈜한영 부송지점,HD현대오일뱅크,전북 익산시,전북,익산시,전북 익산시 무왕로 1277,1,0,0,063-856-5123
A0018545,한솔주유소,SK에너지,전북 익산시,전북,익산시,전북 익산시 목천로 34,0,0,0,063-854-5182
A0018549,김제사랑주유소,HD현대오일뱅크,전북 김제시,전북,김제시,전북 김제시 월죽로 989 (교동),1,0,0,063-544-6693
A0018552,하나주유소,S-OIL,전북 익산시,전북,익산시,전북 익산시 함라면 함안로 502,1,0,1,063-856-0888
A0018553,곰솔주유소,HD현대오일뱅크,전북 익산시,전북,익산시,전북 익산시 여강로 1103,0,0,0,063-861-3385
A0018555,만남의주유소,SK에너지,전북 익산시,전북,익산시,전북 익산시 왕궁면 무왕로 2342,0,0,0,063-832-5567
A0018556,스카이주유소,HD현대오일뱅크,전북 김제시,전북,김제시,전북 김제시 콩쥐팥쥐로 44,1,0,0,063-544-5866
A0018557,대로주유소,GS칼텍스,전북 익산시,전북,익산시,전북 익산시 무왕로 1178,1,0,0,063-835-5176
A0018568,예스예스주유소,SK에너지,전북 익산시,전북,익산시,전북 익산시 하나로 633 (임상동),1,0,0,063-838-2117
A0018574,자이주유소,GS칼텍스,전북 익산시,전북,익산시,전북 익산시 동서로 500 (어양동),1,0,0,063-833-3812
A0018576,새로운주유소,HD현대오일뱅크,전북 김제시,전북,김제시,전북 김제시 콩쥐팥쥐로 258 (순동),0,0,0,063-548-5112
A0018579,무왕주유소,S-OIL,전북 익산시,전북,익산시,전북 익산시 삼기면 황금로 666,1,0,1,063-837-0089
A0018583,희망주유소,HD현대오일뱅크,전북 김제시,전북,김제시,전북 김제시 백구면 번영로 2773,0,0,0,063-542-7600
A0018585,대장주유소,HD현대오일뱅크,전북 익산시,전북,익산시,전북 익산시 춘포면 춘포로 303,1,0,0,063-856-3235
A0018588,삼거리주유소,HD현대오일뱅크,전북 김제시,전북,김제시,전북 김제시 진봉면 만경로 697,0,0,0,063-544-3404
A0018590,㈜한영 성북지점,GS칼텍스,전북 익산시,전북,익산시,전북 익산시 망성면 익산대로 2802,1,0,0,063-861-5153
A0018595,조은주유소,GS칼텍스,전북 익산시,전북,익산시,전북 익산시 함라면 칠목재로 2,0,0,0,063-841-5189
A0018598,송학주유소,S-OIL,전북 익산시,전북,익산시,전북 익산시 고현로 27 (송학동),1,0,0,063-842-5555
A0018599,대원주유소,GS칼텍스,전북 익산시,전북,익산시,전북 익산시 인북로 321 (신동),0,0,0,063-857-2800
A0018602,온누리주유소,S-OIL,전북 김제시,전북,김제시,전북 김제시 만경읍 만경로 1187,0,0,0,063-544-2277
A0018607,삼기주유소,SK에너지,전북 익산시,전북,익산시,전북 익산시 삼기면 미륵사지로 620,0,0,0,063-858-1114
A0018609,성산주유소,GS칼텍스,전북 김제시,전북,김제시,전북 김제시 벽지산로 232,1,0,0,063-545-5185
A0018612,수교주유소,알뜰주유소,전북 김제시,전북,김제시,전북 김제시 성덕면 해학로 380,0,0,1,063-545-1513
A0018613,배산주유소,HD현대오일뱅크,전북 익산시,전북,익산시,전북 익산시 동서로 147 (모현동2가),1,0,0,063-843-0514
A0018614,착한11주유소,자가상표,전북 익산시,전북,익산시,전북 익산시 목천로 128,1,0,0,063-854-5104
A0018615,구도일주유소배산공원,S-OIL,전북 익산시,전북,익산시,전북 익산시 동서로 30 (모현동2가),0,0,0,063-852-0051
A0018616,서동공원주유소,S-OIL,전북 익산시,전북,익산시,전북 익산시 금마면 고도길 150,1,0,0,063-722-5151
A0018617,목천주유소,SK에너지,전북 익산시,전북,익산시,전북 익산시 번영로 2054 (목천동),0,0,0,063-855-4721
A0018619,대동주유소,S-OIL,전북 익산시,전북,익산시,전북 익산시 무왕로 1618 (덕기동),1,0,0,063-832-3555
A0018621,시온주유소,S-OIL,전북 익산시,전북,익산시,전북 익산시 왕궁면 왕궁로 135,1,0,0,063-291-5100
A0018622,장군주유소,S-OIL,전북 익산시,전북,익산시,전북 익산시 춘포면 궁성로 267,0,0,0,063-831-6200
A0018623,서광주유소,GS칼텍스,전북 익산시,전북,익산시,전북 익산시 무왕로 1531,0,0,1,063-833-0336
A0018626,마한주유소,S-OIL,전북 익산시,전북,익산시,전북 익산시 금마면 미륵사지로 121,0,0,0,063-836-8596
A0018630,(현대)일광주유소,HD현대오일뱅크,전북 익산시,전북,익산시,전북 익산시 함열읍 익산대로 1830,0,0,0,063-861-7976
A0018631,숲정이주유소,HD현대오일뱅크,전북 익산시,전북,익산시,전북 익산시 여산면 여강로 327,1,0,0,063-836-5704
A0018633,새한주유소(SK),SK에너지,전북 익산시,전북,익산시,전북 익산시 무왕로 943 (신동),0,0,0,063-855-3380
A0018636,금오주유소,SK에너지,전북 익산시,전북,익산시,전북 익산시 하나로 109 (금강동),0,0,0,063-842-7271
A0018637,구도일주유소 삼성,S-OIL,전북 익산시,전북,익산시,전북 익산시 선화로 265 (남중동),1,0,0,063-842-6877
A0018639,동방주유소,SK에너지,전북 익산시,전북,익산시,전북 익산시 망성면 무네미길 112,0,0,0,063-861-2341
A0018642,웅포주유소,GS칼텍스,전북 익산시,전북,익산시,전북 익산시 웅포면 강변로 783,0,0,0,063-862-4700
A0018643,전군주유소,SK에너지,전북 익산시,전북,익산시,전북 익산시 오산면 번영로 1534,0,0,0,063-842-9211
A0018647,동양셀프주유소,SK에너지,전북 익산시,전북,익산시,전북 익산시 망성면 익산대로 2572,1,0,0,063-861-8844
A0018651,금마제일주유소,알뜰주유소,전북 익산시,전북,익산시,전북 익산시 금마면 무왕로 1824,1,1,1,063-836-6463
A0018658,유한회사동원주유소,GS칼텍스,전북 익산시,전북,익산시,전북 익산시 무왕로 1721,1,0,0,063-833-0001
A0018659,(유)공항유업주유소,S-OIL,전북 김제시,전북,김제시,전북 김제시 공덕면 하공로 633,0,0,0,063-547-2300
A0018663,(유)우주에너지주유소/충전소,HD현대오일뱅크,전북 김제시,전북,김제시,전북 김제시 금구면 선비로 905,1,0,0,063-547-2626
A0018666,여산(하)주유소/충전소,알뜰(ex),전북 익산시,전북,익산시,전북 익산시 여산면 호남고속도로 191,1,1,1,063-836-5246
A0018668,(유)익산주유소,GS칼텍스,전북 익산시,전북,익산시,전북 익산시 함열읍 익산대로 1723,0,0,1,063-861-1720
A0018673,대한주유소,SK에너지,전북 익산시,전북,익산시,전북 익산시 낭산면 함낭로 1152,1,0,0,063-861-4455
A0018674,신광주유소,GS칼텍스,전북 김제시,전북,김제시,전북 김제시 벽성로 673,0,0,0,063-542-3935
A0018677,익산농협팔봉지점,NH-OIL,전북 익산시,전북,익산시,전라북도 익산시 무왕로 1400,0,1,1,063-834-3000
A0018678,황등농협주유소,NH-OIL,전북 익산시,전북,익산시,전북 익산시 황등면 황등서로 143,0,0,1,063-857-7030
A0018680,김제농협 부량지점주유소,NH-OIL,전북 김제시,전북,김제시,전북 김제시 부량면 벽골제로 224,0,0,1,063-547-9533
A0018681,북익산농협주유소,NH-OIL,전북 익산시,전북,익산시,전북 익산시 함열읍 익산대로 1762,0,0,1,063-861-4909
A0018683,백산농협주유소,NH-OIL,전북 김제시,전북,김제시,전북 김제시 백산면 학당길 26,0,0,1,063-546-0418
A0018684,서익산농협주유소,NH-OIL,전북 익산시,전북,익산시,전북 익산시 함라면 함라2길 2,0,0,1,063-856-9928
A0018685,진봉농업협동조합주유소,HD현대오일뱅크,전북 김제시,전북,김제시,전북 김제시 지평선로 1787,0,0,1,063-543-5986
A0018686,동김제농협주유소,NH-OIL,전북 김제시,전북,김제시,전북 김제시 금구면 봉두4길 59-50,0,0,1,063-545-4000
A0018702,이리주유소,HD현대오일뱅크,전북 익산시,전북,익산시,전북 익산시 무왕로 1350 (팔봉동),1,0,0,063-835-3131
A0018706,HD현대오일뱅크㈜직영 보석주유소,HD현대오일뱅크,전북 익산시,전북,익산시,전북 익산시 익산대로 566-6,0,0,1,063-851-8287
A0018721,(유)동원제2주유소,SK에너지,전북 익산시,전북,익산시,전북 익산시 무왕로 1700 (덕기동),0,0,0,063-838-5101
A0018725,우리유통여산(상)주유소/충전소,알뜰(ex),전북 익산시,전북,익산시,전북 익산시 여산면 호남고속도로 192,1,1,1,063-836-5272
A0018727,차사랑주유소,HD현대오일뱅크,전북 김제시,전북,김제시,전북 김제시 번영로 2492,1,0,0,063-545-5135
A0018729,(주)동양실업 석암지점,S-OIL,전북 익산시,전북,익산시,전북 익산시  석암로 142,1,0,0,063-836-5182
A0018732,흥덕주유소,GS칼텍스,전북 고창군,전북,고창군,전북 고창군 흥덕면 고인돌대로 2688,1,0,0,063-564-4318
A0018736,신태인제일주유소,SK에너지,전북 정읍시,전북,정읍시,전북 정읍시 신태인읍 신태인중앙로 20,0,0,0,063-571-2031
A0018737,주천삼거리 주유소,SK에너지,전북 정읍시,전북,정읍시,전북 정읍시 소성로 639,1,0,0,063-532-5151
A0018738,과교주유소,GS칼텍스,전북 정읍시,전북,정읍시,"전북 정읍시 정읍남로 1196,  (과교동)",0,0,0,063-531-8850
A0018739,닛시오일,SK에너지,전북 임실군,전북,임실군,전북 임실군 관촌면 춘향로 3602,1,0,0,063-644-0623
A0018740,왕림셀프주유소,HD현대오일뱅크,전북 고창군,전북,고창군,전북 고창군 신림면 왕림로 521,1,0,0,063-561-6005
A0018742,정우주유소,S-OIL,전북 정읍시,전북,정읍시,전북 정읍시 정우면 정신로 834,0,0,0,063-537-7988
A0018743,칠보주유소,HD현대오일뱅크,전북 정읍시,전북,정읍시,전북 정읍시 칠보면 칠보중앙로 83,0,0,0,063-534-3344
A0018748,차사랑주유소,SK에너지,전북 정읍시,전북,정읍시,전북 정읍시 정읍남로 1344 (시기동),1,0,0,063-533-0766
A0018750,한신주유소,SK에너지,전북 익산시,전북,익산시,전북 익산시 선화로 516,0,0,0,063-835-6000
A0018751,한나래주유소,SK에너지,전북 정읍시,전북,정읍시,전북 정읍시 감곡면 봉황로 8,0,0,0,063-571-8822
A0018754,하전주유소,HD현대오일뱅크,전북 고창군,전북,고창군,전북 고창군 심원면 선운대로 2158,0,0,0,063-563-8665
A0018761,신태인주유소,GS칼텍스,전북 정읍시,전북,정읍시,전북 정읍시 신태인읍 말목장터로 990,0,0,0,063-571-2286
A0018764,정읍톨게이트주유소,SK에너지,전북 정읍시,전북,정읍시,전북 정읍시 벚꽃로 144,0,0,1,063-534-0204
A0018765,유정주유소,S-OIL,전북 고창군,전북,고창군,전북 고창군 아산면 녹두로 924,1,0,0,063-564-8000
A0018768,기러기주유소,HD현대오일뱅크,전남광주 보성군,전남광주,보성군,전남광주 보성군 득량면 녹색로 3159,0,0,0,061-853-5544
A0018772,로얄주유소,GS칼텍스,전북 부안군,전북,부안군,전북 부안군 동진면 간재로 262,0,0,0,063-582-1068
A0018776,대성주유소,SK에너지,전북 고창군,전북,고창군,전북 고창군 대산면 대성로 207,0,0,0,063-562-8863
A0018778,북일주유소,S-OIL,전북 정읍시,전북,정읍시,전북 정읍시 북면 정읍북로 537,1,0,1,063-535-8686
A0018780,신영주유소,HD현대오일뱅크,전북 정읍시,전북,정읍시,전북 정읍시 옹동면 태산로 2744,0,0,0,063-537-1120
A0018781,금강주유소,S-OIL,전북 임실군,전북,임실군,전북 임실군 임실읍 봉황로 213,1,0,0,063-643-5185
A0018784,매창주유소,HD현대오일뱅크,전북 부안군,전북,부안군,전북 부안군 부안읍 매창로 74,1,0,0,063-581-1355
A0018786,영전주유소,GS칼텍스,전북 부안군,전북,부안군,전북 부안군 보안면 부안로 1137,0,0,0,063-582-3011
A0018793,SK행복주유소,SK에너지,전북 정읍시,전북,정읍시,전북 정읍시 북면 서부산업도로 697,1,0,0,063-531-0210
A0018798,㈜마니에셋(독도사랑주유소9),자가상표,전북 정읍시,전북,정읍시,전북 정읍시 정읍북로 135 (구룡동),1,0,1,0
A0018799,신한주유소,S-OIL,전북 정읍시,전북,정읍시,전북 정읍시 충정로 446 (농소동),0,0,0,063-538-5189
A0018801,기분조은주유소,SK에너지,전북 전주시,전북,전주시,전북 전주시 덕진구 기린대로 1090,1,0,1,063-212-5184
A0018803,초이스주유소,GS칼텍스,전북 정읍시,전북,정읍시,전북 정읍시 충정로 143 (상동),1,0,1,063-535-7786
A0018807,지에스칼텍스(주) 샘골터널주유소,GS칼텍스,전북 정읍시,전북,정읍시,전북 정읍시 수성택지1길 63 (수성동),1,0,1,063-531-5192
A0018817,봉용주유소,HD현대오일뱅크,전북 부안군,전북,부안군,전북 부안군 부안읍 봉두길 75,0,0,0,063-584-7679
A0018820,서영주유소,GS칼텍스,전북 정읍시,전북,정읍시,전북 정읍시 서부산업도로 465-3 (하북동),0,0,0,063-533-3888
A0018821,심원주유소,GS칼텍스,전북 고창군,전북,고창군,전북 고창군 심원면 심원로 215,0,0,0,063-563-5179
A0018824,나라주유소,HD현대오일뱅크,전북 부안군,전북,부안군,전북 부안군 보안면 부안로 1355,0,0,0,063-581-2990
A0018828,금성주유소,알뜰주유소,전북 부안군,전북,부안군,전북 부안군 진서면 청자로 1260,0,0,0,063-584-9434
A0018831,이평주유소,GS칼텍스,전북 정읍시,전북,정읍시,전북 정읍시 이평면 황토현로 485-3,0,0,0,063-534-5457
A0018835,무궁화주유소,GS칼텍스,전북 정읍시,전북,정읍시,전북 정읍시 신태인읍 석지로 772,0,0,0,063-571-8004
A0018839,성내주유소,HD현대오일뱅크,전북 고창군,전북,고창군,전북 고창군 성내면 선운대로 4373,1,0,0,063-562-9789
A0018847,고창IC주유소,GS칼텍스,전북 고창군,전북,고창군,전북 고창군 고창읍 녹두로 1171,0,0,0,063-561-2155
A0018848,상리2주유소,SK에너지,전북 전주시,전북,전주시,전북 전주시 덕진구 심방죽로 63 (인후동2가),1,0,0,063-245-0884
A0018850,천변주유소,HD현대오일뱅크,전북 정읍시,전북,정읍시,전북 정읍시 천변로 124,0,0,0,063-534-6700
A0018851,대농주유소,SK에너지,전북 고창군,전북,고창군,전북 고창군 흥덕면 부안로 261,0,0,0,063-562-7800
A0018852,상동주유소,S-OIL,전북 정읍시,전북,정읍시,전북 정읍시 중앙로 239 (상동),1,0,0,063-536-5185
A0018854,북전주농협주유소,NH-OIL,전북 전주시,전북,전주시,전라북도 전주시 덕진구  기린대로 1144,1,0,1,063-211-0939
A0018856,공단셀프주유소,S-OIL,전북 정읍시,전북,정읍시,전북 정읍시 서부산업도로 593 (하북동),1,0,0,063-534-5155
A0018857,코끼리주유소(정읍시),SK에너지,전북 정읍시,전북,정읍시,전북 정읍시 서부산업도로 406 (농소동),1,0,1,063-534-6060
A0018862,체어맨주유소,HD현대오일뱅크,전북 익산시,전북,익산시,전북 익산시  인북로 360 (신동),1,0,0,063-856-5035
A0018863,영원주유소,SK에너지,전북 정읍시,전북,정읍시,전북 정읍시 영원면 영원로 1112,0,0,0,063-538-5158
A0018865,터미널주유소,S-OIL,전북 정읍시,전북,정읍시,전북 정읍시 서부로 29 (연지동),1,0,1,063-534-5189
A0018873,태인주유소,HD현대오일뱅크,전북 정읍시,전북,정읍시,전북 정읍시 태인면 석지로 1295,0,0,0,063-534-8008
A0018874,송학주유소,GS칼텍스,전북 정읍시,전북,정읍시,전북 정읍시 신태인읍 신태인중앙로 69,0,0,0,063-571-5111
A0018875,격포주유소,알뜰주유소,전북 부안군,전북,부안군,전북 부안군 변산면 격포로 23,1,0,1,063-581-5152
A0018879,(주)모악산주유소,알뜰주유소,전북 완주군,전북,완주군,전북 완주군 구이면 모악로 3850,1,0,1,063-221-5183
A0018884,아성주유소,SK에너지,전북 정읍시,전북,정읍시,전북 정읍시 소성면 소성로 404-7,1,0,0,063-537-0808
A0018885,줄포2주유소,S-OIL,전북 부안군,전북,부안군,전북 부안군 줄포면 부안로 1025,0,0,0,063-582-0345
A0018887,㈜태성,S-OIL,전북 정읍시,전북,정읍시,전북 정읍시 정우면 정읍대로 2498,1,0,0,063-537-1997
A0018888,나이스덕천주유소,S-OIL,전북 정읍시,전북,정읍시,전북 정읍시 황토현로 986 (망제동),1,0,1,063-535-8851
A0018890,대림석유㈜ 부안대림주유소,HD현대오일뱅크,전북 부안군,전북,부안군,전북 부안군 하서면 변산로 945,1,0,0,063-581-8951
A0018894,지동주유소,S-OIL,전북 부안군,전북,부안군,전북 부안군 변산면 지서로 23,1,0,0,063-584-6697
A0018897,코스모스주유소,S-OIL,전북 정읍시,전북,정읍시,전북 정읍시 마곡로 4,1,0,0,063-537-5154
A0018901,태인효주유소,SK에너지,전북 정읍시,전북,정읍시,전북 정읍시 태인면 석지로 1471,0,0,0,063-534-4233
A0018906,필금에너지,알뜰주유소,전북 고창군,전북,고창군,전북 고창군 고수면 고인돌대로 1428,1,0,1,063-562-4995
A0018907,행복주유소,S-OIL,전북 부안군,전북,부안군,전북 부안군 행안면 부안로 2400,0,0,0,063-584-1533
A0018909,백산주유소,SK에너지,전북 부안군,전북,부안군,전북 부안군 백산면 부평로 214-20,1,0,0,063-584-8115
A0018913,신한두현주유소,HD현대오일뱅크,전북 정읍시,전북,정읍시,전북 정읍시  충정로 450 (농소동),1,0,0,063-531-6788
A0018916,다온주유소,SK에너지,전북 완주군,전북,완주군,전북 완주군 콩쥐팥쥐로 904,1,0,0,0
A0018918,신정주유소,GS칼텍스,전북 정읍시,전북,정읍시,전북 정읍시 황토현로 964 (망제동),0,0,0,063-536-5361
A0018921,줄포IC주유소,GS칼텍스,전북 부안군,전북,부안군,전북 부안군 줄포면 주을로 66,1,0,0,063-582-6565
A0018924,전라주유소,SK에너지,전북 부안군,전북,부안군,전북 부안군 행안면 번영로 27,0,0,0,063-584-2037
A0018928,공음주유소,S-OIL,전북 고창군,전북,고창군,전북 고창군 공음면 선운대로 31,0,0,0,063-564-8383
A0018933,광진주유소,SK에너지,전북 고창군,전북,고창군,전북 고창군 고창읍 중앙로 148,0,0,1,063-562-1494
A0018935,해리주유소,GS칼텍스,전북 고창군,전북,고창군,전북 고창군 해리면 해리중앙로 142,0,0,0,063-563-6263
A0018936,고부주유소,SK에너지,전북 정읍시,전북,정읍시,전북 정읍시 고부면 영주로 549,0,0,0,063-536-0086
A0018938,장수주유소,SK에너지,전북 부안군,전북,부안군,전북 부안군 줄포면 부안로 908,0,0,0,063-584-1117
A0018940,무장주유소,SK에너지,전북 고창군,전북,고창군,전북 고창군 무장면 녹두로 82,0,0,0,063-564-9911
A0018941,금광주유소,SK에너지,전북 고창군,전북,고창군,전북 고창군 무장면 학천로 18,0,0,0,063-562-9056
A0018947,신흥에너지,S-OIL,전북 정읍시,전북,정읍시,전북 정읍시 정읍북로 50,1,0,1,063-536-9911
A0018949,혜성주유소,GS칼텍스,전북 부안군,전북,부안군,전북 부안군 부안읍 부령로 2,0,0,0,063-583-5199
A0018951,평사낙안주유소,GS칼텍스,전북 정읍시,전북,정읍시,전북 정읍시 산외면 산외로 422,0,0,0,063-537-5120
A0018952,대율주유소,GS칼텍스,전북 정읍시,전북,정읍시,전북 정읍시 감곡면 감곡로 384,0,0,0,063-571-0088
A0018953,한마음주유소,GS칼텍스,전북 고창군,전북,고창군,전북 고창군 고수면 고인돌대로 1225,0,0,0,063-564-0983
A0018955,천원주유소,GS칼텍스,전북 정읍시,전북,정읍시,전북 정읍시 입암면 정읍남로 522,0,0,0,063-534-5566
A0018957,대성주유소,SK에너지,전북 정읍시,전북,정읍시,전북 정읍시 명덕로 65-2 (연지동),0,0,0,063-536-5189
A0018959,서부주유소,HD현대오일뱅크,전북 고창군,전북,고창군,전북 고창군 흥덕면 선운대로 3719,0,0,0,063-564-2007
A0018960,주동주유소,GS칼텍스,전북 정읍시,전북,정읍시,전북 정읍시 소성면 소성로 457,0,0,0,063-533-8199
A0018961,신태양주유소,알뜰주유소,전북 부안군,전북,부안군,전북 부안군 줄포면 부안로 991,1,0,1,063-581-2427
A0018964,부안주유소,GS칼텍스,전북 부안군,전북,부안군,전북 부안군 부안읍 석정로 169,1,0,1,063-584-2413
A0018965,신림주유소,GS칼텍스,전북 고창군,전북,고창군,전북 고창군 고창읍 고인돌대로 2222,1,0,0,063-562-2336
A0018967,대동주유소,SK에너지,전북 정읍시,전북,정읍시,전북 정읍시 신태인읍 석지로 539,0,0,0,063-571-5185
A0018969,고창으뜸주유소,HD현대오일뱅크,전북 고창군,전북,고창군,전북 고창군 고창읍 중거리당산로 29,1,0,0,063-563-5185
A0018971,청룡주유소,GS칼텍스,전북 고창군,전북,고창군,전북 고창군 해리면 희어재로 13,0,0,0,063-561-0111
A0018972,기분좋은주유소,알뜰주유소,전북 고창군,전북,고창군,전북 고창군 신림면 고인돌대로 1997,1,0,1,063-561-2626
A0018973,대교주유소,S-OIL,전북 부안군,전북,부안군,전북 부안군 하서면 변산로 437,1,0,1,063-584-1100
A0018974,초산으뜸self주유소,HD현대오일뱅크,전북 정읍시,전북,정읍시,전북 정읍시 천변로 292 (시기동),1,0,0,063-533-2300
A0018976,동서주유소,GS칼텍스,전북 정읍시,전북,정읍시,전북 정읍시 정우면 정신로 535,0,0,0,063-537-3377
A0018977,산외주유소,HD현대오일뱅크,전북 정읍시,전북,정읍시,전북 정읍시 산외면 산외로 494,0,0,0,063-537-5189
A0018978,형제주유소,SK에너지,전북 정읍시,전북,정읍시,전북 정읍시 정읍남로 1053 (삼산동),1,0,0,063-536-4784
A0018979,한결주유소,GS칼텍스,전북 정읍시,전북,정읍시,전북 정읍시 고부면 영주로 316,1,0,0,063-536-2104
A0018980,정읍농협주유소,NH-OIL,전북 정읍시,전북,정읍시,전북 정읍시 내장산로 135,1,1,1,063-536-5151
A0018984,대박주유소,HD현대오일뱅크,전북 부안군,전북,부안군,전북 부안군 변산면 변산로 2407,1,0,1,063-583-8411
A0018986,에이스주유소,알뜰주유소,전북 정읍시,전북,정읍시,전북 정읍시 벚꽃로 70,1,1,1,063-536-8552
A0018988,고산주유소,자가상표,전북 고창군,전북,고창군,전북 고창군 신림면 고인돌대로 2430,1,1,1,063-562-4061
A0018989,입암주유소,SK에너지,전북 정읍시,전북,정읍시,전북 정읍시 입암면 정읍남로 835,0,0,0,063-534-2500
A0018990,(유)에이치피주유소,SK에너지,전북 고창군,전북,고창군,전북 고창군 고창읍 녹두로 1033,1,0,0,063-563-4555
A0018991,HD현대오일뱅크㈜직영 동안주유소,HD현대오일뱅크,경기 안양시,경기,안양시,경기 안양시 동안구 시민대로 98 (호계동),0,0,1,031-453-8876
A0018992,석정주유소,SK에너지,전북 고창군,전북,고창군,전북 고창군 고창읍 동서대로 2527,1,0,0,063-564-8540
A0018993,성강주유소,GS칼텍스,전북 고창군,전북,고창군,전북 고창군 고창읍 모양성로 78,0,0,0,063-564-3576
A0019003,공원주유소,HD현대오일뱅크,전북 정읍시,전북,정읍시,전북 정읍시 내장산로 407 (부전동),0,0,0,063-536-5180
A0019004,대산주유소,SK에너지,전북 고창군,전북,고창군,전북 고창군 대산면 대성로 284,1,0,0,063-564-9968
A0019010,농민주유소,GS칼텍스,전북 정읍시,전북,정읍시,전북 정읍시 내장산로 343,1,0,0,063-538-8851
A0019011,나들목주유소,SK에너지,전북 고창군,전북,고창군,전북 고창군 고창읍 동서대로 1884,0,0,0,063-564-7002
A0019013,태영주유소,GS칼텍스,전북 부안군,전북,부안군,전북 부안군 보안면 청자로 1518,1,0,0,063-581-5182
A0019016,(유)관통주유소,SK에너지,전북 정읍시,전북,정읍시,전북 정읍시 관통로 54 (시기동),1,0,0,063-535-0006
A0019019,새천년주유소,SK에너지,전북 고창군,전북,고창군,전북 고창군 신림면 고인돌대로 2104,1,0,0,063-561-4051
A0019024,계화농협주유소,NH-OIL,전북 부안군,전북,부안군,전북 부안군 계화면 간재로 381,0,0,1,063-581-2328
A0019025,칠보농협주유소,NH-OIL,전북 정읍시,전북,정읍시,전북 정읍시 칠보면 태산로 2018,0,0,1,063-534-3800
A0019026,부안중앙농협행안지점주유소,HD현대오일뱅크,전북 부안군,전북,부안군,전북 부안군 행안면 변산로 156,0,0,1,063-584-6622
A0019028,샘골농협북면지점주유소,NH-OIL,전북 정읍시,전북,정읍시,전북 정읍시 북면 정읍북로 578,1,0,1,063-535-0407
A0019029,대성농협주유소,NH-OIL,전북 고창군,전북,고창군,전북 고창군 성송면 대성로 741,0,0,1,063-563-1955
A0019031,부안농협주산주유소,NH-OIL,전북 부안군,전북,부안군,전북 부안군 주산면 선돌로 332,0,0,1,063-582-6021
A0019033,고창농협주유소,NH-OIL,전북 고창군,전북,고창군,전북 고창군 고창읍 고인돌대로 1772,1,1,1,063-564-3001
A0019034,고창농협부안지점,NH-OIL,전북 고창군,전북,고창군,전북 고창군 부안면 인촌로 1230,1,0,1,063-561-2124
A0019035,부안농협클린주유소,NH-OIL,전북 부안군,전북,부안군,전북 부안군 부안읍 오리정로 56,0,0,1,063-581-1030
A0019036,해리농협주유소,NH-OIL,전북 고창군,전북,고창군,전북 고창군 상하면 상하로 78,0,0,1,063-563-9011
A0019037,선운산농협클린주유소,NH-OIL,전북 고창군,전북,고창군,전북 고창군 무장면 동서대로 906,0,1,1,063-562-9600
A0019042,HD현대오일뱅크㈜직영 일등주유소,HD현대오일뱅크,전북 고창군,전북,고창군,전북 고창군 고창읍 고인돌대로 1554,0,0,1,063-561-3417
A0019044,보령물산(주) 고창고인돌(목포)주유소,알뜰(ex),전북 고창군,전북,고창군,전북 고창군 신림면 서해안고속도로 81-1,1,1,1,063-561-6318
A0019045,보령물산(주) 고창고인돌(서울)주유소,알뜰(ex),전북 고창군,전북,고창군,전북 고창군 신림면 서해안고속도로 80-1,1,1,1,063-561-0963
A0019048,정읍주유소 천안방향,알뜰(ex),전북 정읍시,전북,정읍시,전북 정읍시 북면 하북1길 227-23,1,1,1,063-533-0903
A0019049,정읍(하)주유소/충전소,알뜰(ex),전북 정읍시,전북,정읍시,전북 정읍시 북면 정신로 135-61,1,0,1,063-533-0906
A0019054,수성주유소,알뜰주유소,전북 정읍시,전북,정읍시,전북 정읍시 서부산업도로 433,1,1,1,063-533-5145
A0019056,익산IC주유소,GS칼텍스,전북 익산시,전북,익산시,전북 익산시 금마면 무왕로 2022,0,0,0,063-831-6359
A0019059,현대주유소,SK에너지,전북 김제시,전북,김제시,전북 김제시 만경로 54 (서암동),0,0,0,063-546-2277
A0019063,대성주유소,SK에너지,전북 부안군,전북,부안군,전북 부안군 동진면 간재로 179,0,0,0,063-584-3133
A0019067,금산사주유소,SK에너지,전북 김제시,전북,김제시,전북 김제시 금산면 원평로 152,0,0,0,063-543-0607
A0019069,동일주유소,HD현대오일뱅크,전북 김제시,전북,김제시,전북 김제시 남북로 28 (신풍동),0,0,1,063-543-9247
A0019070,청하주유소,SK에너지,전북 김제시,전북,김제시,전북 김제시 청하면 만경로 1470,0,0,0,063-543-1005
A0019080,삼양주유소,알뜰주유소,전북 김제시,전북,김제시,전북 김제시 백구면 번영로 2876,1,0,1,063-542-2017
A0019089,만남주유소,GS칼텍스,전북 김제시,전북,김제시,전북 김제시 금구면 콩쥐팥쥐로 626,0,0,0,063-547-0330
A0019094,동부주유소,S-OIL,전북 부안군,전북,부안군,전북 부안군 부안읍 석정로 87,1,0,1,063-584-3455
A0019095,(유)으뜸,HD현대오일뱅크,전북 부안군,전북,부안군,전북 부안군 부안읍 석정로 116,1,0,0,063-583-5151
A0019097,금일주유소,GS칼텍스,전북 부안군,전북,부안군,전북 부안군 부안읍 번영로 53,1,0,0,063-583-2572
A0019099,채석강주유소,HD현대오일뱅크,전북 부안군,전북,부안군,전북 부안군 변산면 격포로 177,1,0,1,063-581-6701
A0019101,사통팔달주유소,S-OIL,전북 부안군,전북,부안군,전북 부안군 하서면 변산로 1242,0,0,0,063-582-0888
A0019102,상서주유소,S-OIL,전북 부안군,전북,부안군,전북 부안군 상서면 부안로 1771,1,0,0,063-581-0321
A0019104,세계주유소,S-OIL,전북 부안군,전북,부안군,전북 부안군 동진면 부령로 71,0,0,0,063-582-5611
A0019105,장미주유소,SK에너지,전북 부안군,전북,부안군,전북 부안군 줄포면 부안로 564,0,0,0,063-581-2340
A0019108,동부주유소,GS칼텍스,전북 김제시,전북,김제시,전북 김제시 봉황로 1488 (난봉동),0,0,0,063-546-0340
A0019112,용지농협주유소,NH-OIL,전북 김제시,전북,김제시,전북 김제시 용지면 황토로 755,0,0,1,063-542-3604
A0019113,백구농협주유소,NH-OIL,전북 김제시,전북,김제시,전북 김제시 백구면 번영로 2347,0,0,1,063-544-9578
A0019114,공덕농협주유소,HD현대오일뱅크,전북 김제시,전북,김제시,전북 김제시 공덕면 공덕7길 10,0,0,1,063-543-6621
A0019115,광활농협주유소,NH-OIL,전북 김제시,전북,김제시,전북 김제시 광활면 광활로 470,0,0,1,063-543-2312
A0019116,금산농협주유소,NH-OIL,전북 김제시,전북,김제시,전북 김제시 금산면 봉황로 15,0,0,1,063-543-0704
A0019121,남부안농협주유소,NH-OIL,전북 부안군,전북,부안군,전북 부안군 보안면 부안로 1201,0,0,1,063-581-3015
A0019122,하서농협주유소,NH-OIL,전북 부안군,전북,부안군,전북 부안군 하서면 변산로 710,0,0,1,063-584-6485
A0019123,금만농협주유소,NH-OIL,전북 김제시,전북,김제시,전북 김제시 만경읍 만경로 780,0,0,1,063-542-6647
A0019124,김제농협죽산지점주유소,NH-OIL,전북 김제시,전북,김제시,전북 김제시 죽산면 해학로 7,0,0,1,063-547-5188
A0019125,부안농협백산지점주유소,NH-OIL,전북 부안군,전북,부안군,전북 부안군 백산면 백산로 325,0,0,1,063-581-2281
A0019126,부안농협 동진지점 주유소,NH-OIL,전북 부안군,전북,부안군,전북 부안군 동진면 동진로 117,0,0,1,063-584-8661
A0019130,가옥주유소,SK에너지,전북 무주군,전북,무주군,전북 무주군 무주읍 무금로 43,0,0,0,063-322-9656
A0019134,현대주유소,SK에너지,전북 진안군,전북,진안군,전북 진안군 진안읍 진장로 10,0,0,0,063-433-1161
A0019137,마령주유소,SK에너지,전북 진안군,전북,진안군,전북 진안군 마령면 서평로 166,0,0,0,063-432-7583
A0019141,두산주유소,S-OIL,전북 장수군,전북,장수군,전북 장수군 장수읍 장천로 122,1,0,1,063-351-5189
A0019143,용광주유소,GS칼텍스,전북 장수군,전북,장수군,전북 장수군 천천면 진장로 1522,0,0,0,063-353-0506
A0019145,무주주유소,GS칼텍스,전북 무주군,전북,무주군,전북 무주군 무주읍 한풍루로 280,1,0,0,063-322-2373
A0019146,성림주유소,S-OIL,전북 무주군,전북,무주군,전북 무주군 무주읍 무설로 99,1,0,0,063-324-1211
A0019148,광산주유소,GS칼텍스,전북 무주군,전북,무주군,전북 무주군 무주읍 무학로 26,1,0,0,063-322-3333
A0019149,원촌주유소,SK에너지,전북 무주군,전북,무주군,전북 무주군 안성면 장무로 1371,0,0,0,063-323-2357
A0019151,무풍주유소,GS칼텍스,전북 무주군,전북,무주군,전북 무주군 무풍면 현내로 178,1,0,0,063-324-4588
A0019152,안성주유소,GS칼텍스,전북 무주군,전북,무주군,전북 무주군 안성면 안성로 256,1,0,0,063-323-0023
A0019153,진안농협마령지점,NH-OIL,전북 진안군,전북,진안군,전북 진안군 마령면 임진로 2110,0,0,1,063-432-3129
A0019154,부귀농협주유소,NH-OIL,전북 진안군,전북,진안군,전북 진안군 부귀면 부귀로 298,0,0,1,063-433-3035
A0019155,장계농협주유소,NH-OIL,전북 장수군,전북,장수군,전북 장수군 장계면 장무로 203,0,1,1,063-352-5145
A0019156,백운농협주유소,NH-OIL,전북 진안군,전북,진안군,전북 진안군 백운면 임진로 1305,0,0,1,063-433-9798
A0019159,진안농협안천지점,NH-OIL,전북 진안군,전북,진안군,전북 진안군 안천면 진무로 3022,0,0,1,063-432-3033
A0019163,요천주유소,HD현대오일뱅크,전북 남원시,전북,남원시,전북 남원시 요천로 2226,0,0,0,063-635-4000
A0019165,이도령주유소,HD현대오일뱅크,전북 임실군,전북,임실군,전북 임실군 성수면 춘향로 2377,0,0,0,063-642-7228
A0019176,동부주유소,HD현대오일뱅크,전북 순창군,전북,순창군,전북 순창군 순창읍 담순로 1440,0,0,0,063-652-3000
A0019177,옥천주유소,SK에너지,전북 순창군,전북,순창군,전북 순창군 순창읍 장류로 320,0,0,1,063-653-5185
A0019179,교룡주유소,SK에너지,전북 남원시,전북,남원시,전북 남원시 유천길 24 (향교동),1,0,0,063-626-8281
A0019183,지리산IC주유소,HD현대오일뱅크,전북 남원시,전북,남원시,전북 남원시 인월면 인월장터로 147,0,0,0,063-636-5104
A0019185,왕정주유소,GS칼텍스,전북 남원시,전북,남원시,전북 남원시 남문로 359 (왕정동),1,0,0,063-625-3841
A0019187,대성주유소,GS칼텍스,전북 남원시,전북,남원시,전북 남원시 운봉읍 황산로 1055,0,0,0,063-634-0109
A0019189,(주)조은에너지 편백주유소,SK에너지,전북 완주군,전북,완주군,전북 완주군 상관면 춘향로 4439,1,0,1,063-231-5179
A0019190,용담주유소,S-OIL,전북 남원시,전북,남원시,전북 남원시 주천면 원천로 168-14,0,0,0,063-626-5188
A0019191,순창주유소,SK에너지,전북 순창군,전북,순창군,전북 순창군 순창읍 남산길 4,1,0,0,063-653-8852
A0019193,현대주유소,알뜰주유소,전북 전주시,전북,전주시,전북 전주시 완산구 춘향로 5197 (대성동),1,1,1,0
A0019197,지리산주유소,SK에너지,전북 남원시,전북,남원시,전북 남원시 천왕봉로 591,0,0,0,063-636-3030
A0019200,한일주유소,GS칼텍스,전북 남원시,전북,남원시,전북 남원시 조산길 3 (조산동),0,0,0,063-625-4075
A0019201,운봉주유소,HD현대오일뱅크,전북 남원시,전북,남원시,전북 남원시 운봉읍 황산로 1026,0,0,0,063-634-7117
A0019203,광한루주유소,SK에너지,전북 남원시,전북,남원시,전북 남원시 춘향로 152 (용정동),1,0,0,063-632-4991
A0019206,우리주유소,SK에너지,전북 남원시,전북,남원시,전북 남원시 충정로 245 (월락동),0,0,0,063-635-5200
A0019207,비룡주유소,GS칼텍스,전북 남원시,전북,남원시,전북 남원시 주생면 요천로 974,0,0,0,063-631-8433
A0019208,흥부주유소,SK에너지,전북 남원시,전북,남원시,전북 남원시 아영면 아백로 346,0,0,0,063-625-5145
A0019213,오리정주유소,SK에너지,전북 남원시,전북,남원시,전북 남원시 춘향로 824,0,0,0,063-634-8784
A0019216,㈜청북현대주유소,HD현대오일뱅크,경기 평택시,경기,평택시,경기 평택시 청북면 서해로 1453,0,0,0,031-682-5198
A0019220,동화주유소,HD현대오일뱅크,전북 장수군,전북,장수군,전북 장수군 산서면 충효로 2848,0,0,0,063-351-3442
A0019223,비석거리주유소,SK에너지,전북 남원시,전북,남원시,전북 남원시 충정로 84 (동충동),0,0,0,063-631-0051
A0019224,향이몽이주유소,HD현대오일뱅크,전북 남원시,전북,남원시,전북 남원시 요천로 1780 (월락동),1,0,0,063-625-7773
A0019229,하나에너지사우디아라비아주유소,S-OIL,전북 남원시,전북,남원시,전북 남원시 요천로 1754,1,0,0,1899-2860
A0019234,지리산주유소,GS칼텍스,전북 남원시,전북,남원시,전북 남원시 춘향로 95 (향교동),1,0,0,063-625-3311
A0019245,순창알뜰주유소,알뜰주유소,전북 순창군,전북,순창군,전북 순창군 순창읍 장류로 339,1,0,1,063-653-9740
A0019250,삼각지주유소,SK에너지,전북 임실군,전북,임실군,전북 임실군 오수면 오수로 460,0,0,0,063-642-6900
A0019253,김제으뜸주유소,S-OIL,전북 김제시,전북,김제시,전북 김제시 벽성로 355,1,0,0,063-000-0000
A0019257,새희망주유소,GS칼텍스,전북 임실군,전북,임실군,전북 임실군 신덕면 신덕평로 713,0,0,0,063-643-4566
A0019260,의견공원주유소,HD현대오일뱅크,전북 임실군,전북,임실군,전북 임실군 오수면 충효로 2077,0,0,0,063-644-0101
A0019263,지리산 산내주유소,S-OIL,전북 남원시,전북,남원시,전북 남원시 산내면 천왕봉로 525,1,0,0,063-636-3335
A0019267,(유)하나에너지 만남주유소,S-OIL,전북 임실군,전북,임실군,전북 임실군 오수면 춘향로 1840,0,0,0,063-644-5185
A0019276,슬치주유소,S-OIL,전북 임실군,전북,임실군,전북 임실군 관촌면 춘향로 3730,1,0,0,063-643-2237
A0019282,임실제일주유소,S-OIL,전북 임실군,전북,임실군,전북 임실군 성수면 춘향로 2785,0,0,0,063-643-4702
A0019284,시흥버스터미널㈜ 월곶점,GS칼텍스,경기 시흥시,경기,시흥시,경기 시흥시 서해안로 804-1,1,0,0,031-433-5146
A0019290,하나에너지 봉천주유소,S-OIL,전북 임실군,전북,임실군,전북 임실군 오수면 춘향로 2036,1,0,0,063-643-6321
A0019295,HD현대오일뱅크㈜직영 천안현대셀프주유소,HD현대오일뱅크,충남 천안시,충남,천안시,충남 천안시 서북구 삼성대로 346,1,0,1,041-554-5182
A0019297,(유)하나에너지 암행어사주유소,S-OIL,전북 남원시,전북,남원시,전북 남원시 사매면 춘향로 735,1,0,0,063-634-8683
A0019309,오룡주유소,HD현대오일뱅크,전북 장수군,전북,장수군,전북 장수군 산서면 보산로 1754,0,0,0,063-351-0240
A0019315,쌍용주유소,S-OIL,전북 남원시,전북,남원시,전북 남원시 아영면 인월장터로 241,1,0,0,063-636-5181
A0019317,서남원IC셀프주유소,GS칼텍스,전북 남원시,전북,남원시,전북 남원시 송동면 주송길 25,1,0,0,063-634-5151
A0019318,SK셀프고속주유소,SK에너지,전북 장수군,전북,장수군,전북 장수군 번암면 장수로 119,1,0,0,063-353-6000
A0019319,독도사랑주유소3,자가상표,전북 남원시,전북,남원시,전북 남원시 춘향로 266,0,0,0,0
A0019320,신평주유소,SK에너지,전북 임실군,전북,임실군,전북 임실군 신평면 가덕로 698,0,0,0,063-643-2070
A0019323,노암주유소,S-OIL,전북 남원시,전북,남원시,전북 남원시 노송로 1252 (노암동),0,0,0,063-625-9700
A0019324,로얄주유소,HD현대오일뱅크,전북 남원시,전북,남원시,전북 남원시 원천로 45 (신촌동),1,0,0,063-631-2121
A0019325,우리주유소,GS칼텍스,전북 순창군,전북,순창군,전북 순창군 순창읍 인덕로 63,0,0,0,063-653-2550
A0019327,노적봉주유소,SK에너지,전북 남원시,전북,남원시,전북 남원시 사매면 춘향로 999,1,0,1,063-634-8877
A0019328,닛시2주유소,GS칼텍스,전북 임실군,전북,임실군,전북 임실군 관촌면 춘향로 3596,0,0,0,063-642-0623
A0019329,은하수주유소,HD현대오일뱅크,전북 남원시,전북,남원시,전북 남원시 춘향로 214,1,0,0,063-636-2525
A0019330,강천주유소,SK에너지,전북 순창군,전북,순창군,전북 순창군 순창읍 장류로 73,1,0,0,063-652-1234
A0019333,추령주유소,S-OIL,전북 순창군,전북,순창군,전북 순창군 복흥면 추령로 1727,0,0,0,063-653-5577
A0019337,강진주유소,SK에너지,전북 임실군,전북,임실군,전북 임실군 강진면 호국로 7,0,0,0,063-643-1177
A0019339,대영주유소,GS칼텍스,전북 임실군,전북,임실군,전북 임실군 강진면 옥정호로 7,0,0,0,063-643-2927
A0019341,오수관촌농협주유소,NH-OIL,전북 임실군,전북,임실군,전북 임실군 오수면 오수로 200,0,0,1,063-642-7171
A0019343,SK셀프남부주유소,SK에너지,전북 남원시,전북,남원시,전북 남원시 요천로 1325,1,0,1,063-625-2132
A0019347,아성주유소,S-OIL,전북 남원시,전북,남원시,전북 남원시 요천로 1931 (고죽동),0,0,0,063-626-2002
A0019349,(주)흥실 사랑주유소,S-OIL,전북 순창군,전북,순창군,전북 순창군 순창읍 순창로 269,0,0,0,063-653-5135
A0019350,무지개주유소 경훈에너지,알뜰주유소,전남광주 북구,전남광주,북구,전남광주통합특별시 북구 서하로 237 (오치동),1,0,1,0
A0019354,(주)월락주유소,알뜰주유소,전북 남원시,전북,남원시,전북 남원시 낙현안길 4,1,0,1,063-631-5155
A0019356,서순창농협금과지점주유소,NH-OIL,전북 순창군,전북,순창군,전북 순창군 금과면 금풍로 188,1,0,1,063-653-6050
A0019359,순창농협주유소,NH-OIL,전북 순창군,전북,순창군,전북 순창군 인계면 인덕로 174,0,0,1,063-652-8312
A0019360,동계농협주유소,NH-OIL,전북 순창군,전북,순창군,전북 순창군 동계면 동계1길 35,0,0,1,063-653-4802
A0019361,임실농협 청웅지점 주유소,NH-OIL,전북 임실군,전북,임실군,전북 임실군 청웅면 구고6길 66,0,0,1,063-640-3434
A0019363,춘향골농협대강지점,NH-OIL,전북 남원시,전북,남원시,전북 남원시 대강면 섬진로 816,0,0,1,063-620-0876
A0019366,지리산농협주유소,NH-OIL,전북 남원시,전북,남원시,전북 남원시 인월면 천왕봉로 45,0,0,1,063-636-5904
A0019367,춘향골농업협동조합주유소,NH-OIL,전북 남원시,전북,남원시,전북 남원시 금지면 요천로 266,0,0,1,063-631-7800
A0019368,남원농협서부주유소,NH-OIL,전북 남원시,전북,남원시,전라북도 남원시  남문로 202,1,0,1,063-620-8791
A0019369,구림농협주유소,NH-OIL,전북 순창군,전북,순창군,전북 순창군 구림면 구림로 449,0,0,1,063-653-1002
A0019370,관촌농협주유소,NH-OIL,전북 임실군,전북,임실군,전북 임실군 관촌면 춘향로 3306,1,0,1,063-642-8484
A0019371,남원새마을금고주유소,S-OIL,전북 남원시,전북,남원시,전북 남원시 서문로 56,1,0,0,063-635-5181
A0019380,㈜나이스디앤에스 지리산(대구방향)주유소,알뜰(ex),전북 남원시,전북,남원시,전북 남원시 아영면 광주대구고속도로 76-1,1,1,1,063-636-2721
A0019381,㈜나이스디앤에스 지리산(광주방향)주유소,알뜰(ex),전북 남원시,전북,남원시,전북 남원시 아영면 광주대구고속도로 75-1,1,1,1,063-636-2722
A0019386,여주승승장구주유소,S-OIL,경기 여주시,경기,여주시,경기 여주시 가남읍 경충대로 1520,1,0,0,031-882-8886
A0019397,중앙주유소,SK에너지,전남광주 곡성군,전남광주,곡성군,전남광주통합특별시 곡성군 곡성읍 낙동원로 49,0,0,0,061-363-2690
A0019398,천운주유소,GS칼텍스,전남광주 화순군,전남광주,화순군,전남광주 화순군 화순읍 칠충로 7,0,0,0,061-373-0336
A0019401,너릿재주유소,SK에너지,전남광주 화순군,전남광주,화순군,전남광주통합특별시 화순군 화순읍 화보로 4305,0,0,0,061-375-7700
A0019408,북광주IC주유소,HD현대오일뱅크,전남광주 북구,전남광주,북구,전남광주통합특별시 북구 하서로 678 (지야동),1,0,0,062-572-9800
A0019411,선운주유소,S-OIL,전남광주 광산구,전남광주,광산구,전남광주통합특별시 광산구 동곡로 606 (장록동),0,0,0,062-945-5180
A0019413,메종셀프주유소,HD현대오일뱅크,전남광주 광양시,전남광주,광양시,전남광주 광양시 광양읍 순광로 486 (광양읍),1,0,0,061-761-5151
A0019416,남평제1주유소,HD현대오일뱅크,전남광주 나주시,전남광주,나주시,전남광주통합특별시 나주시 남평읍 산남로 295,1,0,0,061-337-8861
A0019417,심청주유소,HD현대오일뱅크,전남광주 곡성군,전남광주,곡성군,전남광주통합특별시 곡성군 오산면 오산로 413,1,0,0,061-363-4842
A0019418,강변주유소,GS칼텍스,전남광주 광양시,전남광주,광양시,전남광주통합특별시 광양시 진월면 백운1로 392,0,0,0,061-772-7772
A0019422,사평주유소,HD현대오일뱅크,전남광주 화순군,전남광주,화순군,전남광주통합특별시 화순군 남면 사호로 276,0,0,0,061-373-8200
A0019423,효천주유소,SK에너지,전남광주 남구,전남광주,남구,전남광주통합특별시 남구 서문대로 321 (임암동),0,0,1,062-674-2023
A0019430,테크노파크주유소,HD현대오일뱅크,전남광주 북구,전남광주,북구,전남광주통합특별시 북구 삼소로 307 (월출동),0,0,0,062-574-5199
A0019433,㈜김포제2주유소,S-OIL,경기 김포시,경기,김포시,경기 김포시 대곶면 대곶북로 347,1,0,1,070-8672-5160
A0019443,신성에너지송암공단주유소,GS칼텍스,전남광주 남구,전남광주,남구,전남광주통합특별시 남구 송암로 49 (송하동),0,0,1,062-671-9800
A0019445,귀뚜라미주유소,알뜰주유소,전남광주 곡성군,전남광주,곡성군,전남광주통합특별시 곡성군 곡성읍 낙동원로 12,1,0,1,061-363-3451
A0019450,도곡농협주유소(화순),NH-OIL,전남광주 화순군,전남광주,화순군,전남광주통합특별시 화순군 도곡면 지석로 1180,0,0,1,061-373-7401
A0019454,차사랑주유소,HD현대오일뱅크,전남광주 광양시,전남광주,광양시,전남광주통합특별시 광양시 광양읍순광로 648,0,0,0,061-762-5188
A0019456,동복주유소,HD현대오일뱅크,전남광주 화순군,전남광주,화순군,전남광주통합특별시 화순군 동복면 오지호로 316,0,0,0,061-372-2178
A0019458,옥과쌍용주유소,S-OIL,전남광주 곡성군,전남광주,곡성군,전남광주통합특별시 곡성군 오산면 오산로 978,1,0,0,061-363-5208
A0019463,석곡주유소,HD현대오일뱅크,전남광주 곡성군,전남광주,곡성군,전남광주통합특별시 곡성군 석곡면 석곡로 96,1,0,0,061-363-5041
A0019467,SK에너지㈜ 고려셀프주유소,SK에너지,전남광주 북구,전남광주,북구,전남광주통합특별시 북구 설죽로 398 (삼각동),1,0,1,062-263-2228
A0019469,성심주유소,S-OIL,전남광주 광산구,전남광주,광산구,전남광주통합특별시 광산구 사암로 865 (도천동),1,0,1,062-956-4162
A0019476,지산주유소,S-OIL,전남광주 북구,전남광주,북구,전남광주통합특별시 북구 양산택지로 157,0,0,0,062-571-7012
A0019480,미래주유소,GS칼텍스,전남광주 남구,전남광주,남구,전남광주통합특별시 남구 금화로 380 (주월동),0,0,1,062-364-5188
A0019482,오일필드 광산지점,자가상표,전남광주 광산구,전남광주,광산구,전남광주 광산구 동곡로 664,1,0,1,062-944-5123
A0019494,대원주유소,S-OIL,전남광주 남구,전남광주,남구,전남광주통합특별시 남구 대남대로 329 (월산동),1,0,0,062-368-5189
A0019506,칠구재주유소,GS칼텍스,전남광주 화순군,전남광주,화순군,전남광주통합특별시 화순군 화순읍 지강로 841,1,0,0,061-375-7575
A0019507,㈜대창석유직영 월드컵주유소,SK에너지,전남광주 남구,전남광주,남구,전남광주통합특별시 남구 금화로 412,1,0,1,062-351-5189
A0019508,섬진강주유소,HD현대오일뱅크,전남광주 곡성군,전남광주,곡성군,전남광주통합특별시 곡성군 오곡면 섬진강로 1270,1,0,0,061-363-4586
A0019515,큰솔주유소(H),HD현대오일뱅크,전남광주 화순군,전남광주,화순군,전남광주통합특별시 화순군 화순읍 오성로 384,1,0,0,061-373-8030
A0019518,대촌(상)주유소,S-OIL,전남광주 남구,전남광주,남구,전남광주통합특별시 남구 회재로 206 (지석동),0,0,0,062-374-6565
A0019538,뉴타운주유소,SK에너지,전남광주 화순군,전남광주,화순군,전남광주통합특별시 화순군 지석로 1456,0,0,0,061-372-5388
A0019542,동성주유소,S-OIL,전남광주 곡성군,전남광주,곡성군,전남광주통합특별시 곡성군 곡성읍 섬진강로 2606,1,0,1,061-363-7151
A0019544,오성주유소,S-OIL,전북 남원시,전북,남원시,전북 남원시 춘향로 370,1,0,1,063-625-9840
A0019550,GS칼텍스㈜ 차사랑주유소,GS칼텍스,전남광주 화순군,전남광주,화순군,전남광주통합특별시 화순군 화순읍 화보로 3901,1,0,1,061-375-5150
A0019553,삼영아름주유소,GS칼텍스,전남광주 동구,전남광주,동구,전남광주통합특별시 동구 남문로 523 (용산동),1,0,0,062-234-3050
A0019557,강변주유소,SK에너지,전남광주 곡성군,전남광주,곡성군,전남광주통합특별시 곡성군 오곡면 섬진강로 2068,0,0,0,061-362-5180
A0019563,삼천리주유소(S),S-OIL,전남광주 화순군,전남광주,화순군,전남광주통합특별시 화순군 화순읍 충의로 108,0,0,0,061-374-0820
A0019569,운주사주유소,HD현대오일뱅크,전남광주 화순군,전남광주,화순군,전남광주 화순군 도암면 천태로 5,0,0,0,061-374-9277
A0019571,㈜한영 광주남지점,S-OIL,전남광주 남구,전남광주,남구,전남광주통합특별시 남구 대남대로 347,1,0,0,062-369-5515
A0019573,전월주유소,SK에너지,전남광주 화순군,전남광주,화순군,전남광주통합특별시 화순군 한천면 화보로 3042,0,0,0,061-373-0245
A0019574,(주)남부지엔씨 직영주유소,SK에너지,전남광주 화순군,전남광주,화순군,전남광주통합특별시 화순군 능주면 화보로 3552,0,0,0,061-373-3876
A0019579,광명주유소,HD현대오일뱅크,전남광주 곡성군,전남광주,곡성군,전남광주통합특별시 곡성군 곡성읍 곡성로 359,0,0,0,061-363-4464
A0019581,한영주유소,알뜰주유소,전남광주 화순군,전남광주,화순군,전남광주통합특별시 화순군 동복면 동주로 1414,0,0,0,061-373-8342
A0019583,효천산업주유소 ㈜우성고속관광,S-OIL,전남광주 남구,전남광주,남구,전남광주통합특별시 남구 서문대로 329,1,0,0,062-223-7350
A0019584,세모아주유소,S-OIL,전남광주 화순군,전남광주,화순군,전남광주통합특별시 화순군 춘양면 학포로 1407,0,0,0,061-373-6110
A0019586,신세계주유소,S-OIL,전남광주 화순군,전남광주,화순군,전남광주통합특별시 화순군 능주면 화보로 3540,0,0,0,061-372-6560
A0019588,금정주유소,S-OIL,전남광주 곡성군,전남광주,곡성군,전남광주통합특별시 곡성군 삼기면 곡순로 1269,0,0,0,061-363-3346
A0019593,대촌주유소,S-OIL,전남광주 남구,전남광주,남구,전남광주통합특별시 남구 고싸움로 169,1,0,0,062-374-6565
A0019595,영신주유소,SK에너지,전남광주 화순군,전남광주,화순군,전남광주통합특별시 화순군 이양면 학포로 605,0,0,0,061-372-3148
A0019598,덕암주유소,SK에너지,전남광주 곡성군,전남광주,곡성군,전남광주통합특별시 곡성군 겸면 곡순로 2046,0,0,0,061-363-5189
A0019599,광덕주유소,HD현대오일뱅크,전남광주 화순군,전남광주,화순군,전남광주통합특별시 화순군 화순읍 충의로 164,0,0,1,061-375-5182
A0019602,남선석유㈜ 화순셀프주유소,S-OIL,전남광주 화순군,전남광주,화순군,전남광주통합특별시 화순군 화순읍 화보로 4151,1,0,1,061-373-5500
A0019610,유정주유소,GS칼텍스,전남광주 곡성군,전남광주,곡성군,전남광주통합특별시 곡성군 석곡면 주석로 612,0,0,0,061-363-6650
A0019627,(주)지석 지석강주유소/충전소,S-OIL,전남광주 화순군,전남광주,화순군,전남광주통합특별시 화순군 춘양면 화보로 2553,0,0,1,061-371-5145
A0019631,약수주유소,SK에너지,전남광주 장성군,전남광주,장성군,전남광주통합특별시 장성군 북하면 담장로 1266,0,0,0,061-393-7007
A0019632,화력주유소,GS칼텍스,전남광주 남구,전남광주,남구,전남광주통합특별시 남구 회재로 338,0,0,0,062-373-8262
A0019634,(주)온누리주유소,GS칼텍스,전남광주 남구,전남광주,남구,전남광주통합특별시 남구 금화로 407 (월산동),1,0,1,062-368-6364
A0019635,천운농업협동조합,NH-OIL,전남광주 화순군,전남광주,화순군,전남광주통합특별시 화순군 남면 사호로 223,0,0,1,061-372-0051
A0019636,입면농협주유소,SK에너지,전남광주 곡성군,전남광주,곡성군,전남광주통합특별시 곡성군 입면 입면로 541,0,0,1,061-362-9191
A0019638,석곡농협 죽곡주유소,NH-OIL,전남광주 곡성군,전남광주,곡성군,전남광주 곡성군 죽곡면 대황강로 796,0,0,1,061-362-9925
A0019640,곡성농협오곡주유소,NH-OIL,전남광주 곡성군,전남광주,곡성군,전남광주통합특별시 곡성군 오곡면 기차마을로 156,0,0,1,061-363-7346
A0019641,곡성농협삼기주유소,NH-OIL,전남광주 곡성군,전남광주,곡성군,전남광주통합특별시 곡성군 삼기면 곡순로 1186,0,0,1,061-362-7810
A0019642,화순농협이서지점주유소,HD현대오일뱅크,전남광주 화순군,전남광주,화순군,전남광주통합특별시 화순군 이서면 적벽로 853,0,0,1,061-372-9005
A0019644,동복농협온천주유소,NH-OIL,전남광주 화순군,전남광주,화순군,전남광주통합특별시 화순군 북면 백아로 2204,0,0,1,061-372-5171
A0019648,곡성농협주유소,NH-OIL,전남광주 곡성군,전남광주,곡성군,전남광주통합특별시 곡성군 곡성읍 곡성로 753,1,0,1,061-363-0088
A0019649,천운농협동면주유소,NH-OIL,전남광주 화순군,전남광주,화순군,전남광주통합특별시 화순군 동면 충의로 833,0,0,1,061-372-8383
A0019650,옥과농협주유소,NH-OIL,전남광주 곡성군,전남광주,곡성군,전남광주 곡성군 옥과면 리문3길 16,1,0,1,061-362-5117
A0019651,화순농협주유소,NH-OIL,전남광주 화순군,전남광주,화순군,전남광주통합특별시 화순군 화순읍 쌍충로 74,0,1,1,061-379-1552
A0019652,서양새마을금고주유소,HD현대오일뱅크,전남광주 남구,전남광주,남구,전남광주통합특별시 남구 독립로 140 (월산동),1,0,1,062-720-2800
A0019653,능주농협주유소,NH-OIL,전남광주 화순군,전남광주,화순군,전남광주통합특별시 화순군 능주면 화보로 3545,0,0,1,061-374-0983
A0019660,삼거리주유소,HD현대오일뱅크,전남광주 남구,전남광주,남구,전남광주통합특별시 남구 서문대로 781,1,0,0,062-654-5151
A0019674,"안국산업㈜ 곡성(천안)주유소,충전소",알뜰(ex),전남광주 곡성군,전남광주,곡성군,전남광주통합특별시 곡성군 겸면 호남고속도로 50-1,1,1,1,061-362-7188
A0019683,대남로주유소,SK에너지,전남광주 남구,전남광주,남구,전남광주통합특별시 남구  대남대로 399,1,0,0,062-362-5145
A0019684,시카프관광개발(주) 곡성(순천)주유소,알뜰(ex),전남광주 곡성군,전남광주,곡성군,전남광주통합특별시 곡성군 겸면 호남고속도로 49-1,1,1,1,061-362-5955
A0019686,(주)반디석유 산수점,HD현대오일뱅크,전남광주 동구,전남광주,동구,전남광주 동구 필문대로 164,0,0,0,062-524-8301
A0019687,구도일주유소월드컵,S-OIL,전남광주 남구,전남광주,남구,전남광주통합특별시 남구 회재로 1190 (주월동),1,0,1,062-651-6585
A0019688,HD현대오일뱅크㈜직영 학운IC주유소,HD현대오일뱅크,전남광주 동구,전남광주,동구,전남광주통합특별시 동구 의재로 111 (운림동),0,0,1,062-224-8708
A0019690,남도에너지,알뜰주유소,전남광주 화순군,전남광주,화순군,전남광주통합특별시 화순군 화순읍 서양로 376,1,0,1,061-371-5189
A0019691,송암B주유소,HD현대오일뱅크,전남광주 남구,전남광주,남구,전남광주통합특별시 남구 서문대로 483,1,0,0,062-675-6048
A0019692,드림에너지㈜,HD현대오일뱅크,전남광주 남구,전남광주,남구,전남광주통합특별시 남구  대남대로 336 (월산5동),1,0,0,062-363-6831
A0019694,㈜아승주유소,SK에너지,전남광주 동구,전남광주,동구,전남광주통합특별시 동구 필문대로153번길 3,1,0,0,0
A0019703,서광주유소,SK에너지,전남광주 순천시,전남광주,순천시,전남광주통합특별시 순천시 서면 순천로 120,0,0,0,061-753-0005
A0019705,용전IC주유소,GS칼텍스,전남광주 북구,전남광주,북구,전남광주통합특별시 북구 우치로 842 (용전동),1,0,0,062-574-5224
A0019707,그린주유소,SK에너지,전남광주 보성군,전남광주,보성군,전남광주통합특별시 보성군 보성읍 흥성로 2665,1,0,1,061-853-0258
A0019713,보림주유소,GS칼텍스,전남광주 장흥군,전남광주,장흥군,전남광주통합특별시 장흥군 장흥읍 남부관광로 196,0,0,0,061-863-6644
A0019720,주창구암주유소,SK에너지,전남광주 담양군,전남광주,담양군,전남광주통합특별시 담양군 봉산면 제월길 280,0,0,1,0
A0019725,노령주유소,SK에너지,전남광주 장성군,전남광주,장성군,전남광주 장성군 장성읍 단풍로 29,0,0,0,061-393-2080
A0019726,대광주유소,GS칼텍스,전남광주 서구,전남광주,서구,전남광주통합특별시 서구 하남대로 556 (동천동),1,0,0,062-512-0022
A0019731,매곡주유소,HD현대오일뱅크,전남광주 북구,전남광주,북구,전남광주통합특별시 북구 서하로 86 (매곡동),0,0,0,062-576-9393
A0019743,성실주유소,SK에너지,전남광주 북구,전남광주,북구,전남광주통합특별시 북구 우치로 347 (삼각동),1,0,1,062-262-6051
A0019747,㈜세승동화주유소,GS칼텍스,전남광주 장성군,전남광주,장성군,전남광주통합특별시 장성군 동화면 함장로 5001,1,0,0,061-393-9992
A0019752,(유)착한주유소,알뜰주유소,전남광주 북구,전남광주,북구,전남광주통합특별시 북구 동문대로 452 (장등동),1,1,1,062-266-1181
A0019758,컨벤션주유소,S-OIL,전남광주 서구,전남광주,서구,전남광주통합특별시 서구 상무대로 714,0,0,0,062-382-5188
A0019768,순양주유소,S-OIL,전남광주 광산구,전남광주,광산구,전남광주통합특별시 광산구 어등대로 667,1,0,0,062-941-5121
A0019775,유니콘주유소,S-OIL,전북 군산시,전북,군산시,전북 군산시 성산면 철새로 52,1,0,0,063-453-9900
A0019776,현대주유소,S-OIL,전남광주 장성군,전남광주,장성군,전남광주통합특별시 장성군 장성읍 역전로 160,0,0,0,061-393-2501
A0019778,청자골주유소,S-OIL,전남광주 강진군,전남광주,강진군,전남광주통합특별시 강진군 강진읍 해강로 976,0,0,0,061-433-5182
A0019781,달성주유소,S-OIL,전남광주 장성군,전남광주,장성군,전남광주통합특별시 장성군 북이면 방장로 812,0,0,0,061-394-5149
A0019785,해피주유소,S-OIL,전남광주 광산구,전남광주,광산구,전남광주통합특별시 광산구 건재로 761,0,0,0,062-943-0227
A0019786,77번가주유소,SK에너지,전남광주 북구,전남광주,북구,전남광주통합특별시 북구 서하로 77,1,0,0,062-573-1256
A0019787,금강주유소,HD현대오일뱅크,전남광주 장성군,전남광주,장성군,전남광주통합특별시 장성군 삼계면 영장로 1656,1,0,0,0
A0019789,망월주유소,S-OIL,전남광주 북구,전남광주,북구,전남광주통합특별시 북구 동문대로 603 (망월동),1,0,0,062-266-8877
A0019790,신기주유소,GS칼텍스,전남광주 화순군,전남광주,화순군,전남광주통합특별시 화순군 화순읍 서양로 480,1,0,1,061-374-5185
A0019792,(주)스피드주유소,자가상표,전남광주 북구,전남광주,북구,전남광주통합특별시 북구  설죽로 226,0,0,1,070-4337-2897
A0019793,주공주유소,GS칼텍스,전남광주 북구,전남광주,북구,전남광주통합특별시 북구 북문대로 190 (운암동),0,0,0,062-514-9988
A0019794,신촌주유소,HD현대오일뱅크,전남광주 담양군,전남광주,담양군,전남광주통합특별시 담양군 무정면 무옥로 174,0,0,0,061-381-0655
A0019797,우리주유소,S-OIL,전남광주 담양군,전남광주,담양군,전남광주통합특별시 담양군 창평면 의병로 1,0,0,0,061-381-0077
A0019800,담양고속주유소(H),HD현대오일뱅크,전남광주 담양군,전남광주,담양군,전남광주통합특별시 담양군 담양읍 죽향대로 1093,0,0,0,061-381-5151
A0019802,골든타임주유소,SK에너지,전남광주 서구,전남광주,서구,전남광주통합특별시 서구 상무대로1206번길 3,1,0,1,062-365-5189
A0019803,(주)아승클린주유소,SK에너지,전남광주 북구,전남광주,북구,전남광주통합특별시 북구 우치로 170 (용봉동),1,0,0,062-268-1215
A0019810,동림주유소,HD현대오일뱅크,전남광주 북구,전남광주,북구,전남광주통합특별시 북구 북문대로 257,1,0,0,062-511-5155
A0019815,한성주유소,S-OIL,전남광주 화순군,전남광주,화순군,전남광주통합특별시 화순군 동면 동주로 205,0,0,0,061-373-5168
A0019816,대나무주유소,SK에너지,전남광주 담양군,전남광주,담양군,전남광주통합특별시 담양군 담양읍 죽향대로 1179,1,0,0,061-383-5179
A0019823,무등주유소,HD현대오일뱅크,전남광주 담양군,전남광주,담양군,전남광주통합특별시 담양군 가사문학면 장단길 12-2,0,0,0,061-382-9990
A0019824,동부에너지주유소,SK에너지,전남광주 북구,전남광주,북구,전남광주통합특별시 북구 하서로 571 (본촌동),1,0,0,062-576-5182
A0019839,용면주유소,SK에너지,전남광주 담양군,전남광주,담양군,전남광주통합특별시 담양군 용면 추월산로 299,0,0,0,061-383-7500
A0019843,용전주유소,S-OIL,전남광주 북구,전남광주,북구,전남광주통합특별시 북구 우치로 809,1,0,0,062-576-5189
A0019850,랑월산주유소,SK에너지,전남광주 장성군,전남광주,장성군,전남광주통합특별시 장성군 삼서면 영장로 1914,0,0,0,061-394-7971
A0019853,부원주유소,S-OIL,전남광주 담양군,전남광주,담양군,전남광주통합특별시 담양군 담양읍 죽녹원로 199,0,0,0,061-381-1567
A0019854,서광주IC주유소,S-OIL,전남광주 북구,전남광주,북구,전남광주통합특별시 북구 하서로 47 (운암동),1,0,1,062-514-1372
A0019863,(주)희망주유소,HD현대오일뱅크,전남광주 담양군,전남광주,담양군,전남광주통합특별시 담양군 고서면 창평현로 135,1,0,0,061-381-5860
A0019865,공원주유소,알뜰주유소,전남광주 장성군,전남광주,장성군,전남광주통합특별시 장성군 북이면 방장로 995,1,1,1,061-394-8416
A0019867,재봉주유소,S-OIL,전남광주 장성군,전남광주,장성군,전남광주통합특별시 장성군 장성읍 단풍로 450,0,0,0,061-394-0572
A0019869,(주)일곡우리주유소,HD현대오일뱅크,전남광주 북구,전남광주,북구,전남광주통합특별시 북구 우치로 595 (일곡동),1,0,0,062-268-8951
A0019871,경기장주유소,SK에너지,전남광주 북구,전남광주,북구,전남광주통합특별시 북구 무등로 76,1,0,0,062-521-8838
A0019881,북성주유소,GS칼텍스,전남광주 북구,전남광주,북구,전남광주통합특별시 북구 금남로 49 (임동),0,0,0,062-521-7878
A0019882,전대주유소,GS칼텍스,전남광주 북구,전남광주,북구,전남광주통합특별시 북구 무등로 165 (신안동),1,0,0,062-527-8660
A0019883,명보주유소,HD현대오일뱅크,경기 평택시,경기,평택시,경기 평택시 안중읍 서동대로 1411,0,0,1,031-683-5152
A0019887,동광주유소,SK에너지,전남광주 담양군,전남광주,담양군,전남광주통합특별시 담양군 금성면 담순로 350,0,0,0,061-381-0150
A0019891,행복가득담양주유소,SK에너지,전남광주 담양군,전남광주,담양군,전남광주통합특별시 담양군 대전면 추성로 571,1,0,0,061-382-7600
A0019892,대광주유소,알뜰주유소,전남광주 순천시,전남광주,순천시,전남광주통합특별시 순천시 별량면 녹색로 558,0,0,1,061-743-5321
A0019902,광주댐주유소,GS칼텍스,전남광주 담양군,전남광주,담양군,전남광주통합특별시 담양군 가사문학면 가사문학로 880,0,0,0,061-383-5191
A0019914,가온주유소,GS칼텍스,전남광주 담양군,전남광주,담양군,전남광주통합특별시 담양군 대전면 추성로 394,1,0,0,061-383-5183
A0019916,토탈주유소,S-OIL,전남광주 장성군,전남광주,장성군,전남광주통합특별시 장성군 황룡면 함장로 5056,1,0,0,061-393-9100
A0019918,금성산성주유소,GS칼텍스,전남광주 담양군,전남광주,담양군,전남광주통합특별시 담양군 금성면 금성산성길 7,0,0,0,061-383-8888
A0019921,동문주유소,S-OIL,전남광주 북구,전남광주,북구,전남광주통합특별시 북구 서하로 468,1,0,0,062-266-5185
A0019923,담양주유소,GS칼텍스,전남광주 담양군,전남광주,담양군,전남광주 담양군 담양읍 추성로 1358,0,0,1,061-382-0900
A0019928,영신주유소,HD현대오일뱅크,전남광주 장성군,전남광주,장성군,전남광주통합특별시 장성군 진원면 영신2길 7,0,0,0,061-392-3337
A0019931,조양주유소,GS칼텍스,전남광주 장성군,전남광주,장성군,전남광주통합특별시 장성군 북이면 방장로 965,0,0,0,061-392-8745
A0019932,삼성주유소,SK에너지,전남광주 장성군,전남광주,장성군,전남광주통합특별시 장성군 북일면 신흥로 453,0,0,0,061-393-2500
A0019933,화신주유소,GS칼텍스,전남광주 장성군,전남광주,장성군,전남광주통합특별시 장성군 장성읍 단풍로 509,0,0,0,061-394-8447
A0019938,임정주유소,GS칼텍스,전남광주 장성군,전남광주,장성군,전남광주통합특별시 장성군 동화면 영장로 2327,0,0,0,061-392-1990
A0019942,쌍교주유소,S-OIL,전남광주 담양군,전남광주,담양군,전남광주통합특별시 담양군 고서면 죽향대로 364,0,0,0,061-382-5151
A0019944,㈜마니에셋 독도사랑주유소11,자가상표,전남광주 북구,전남광주,북구,전남광주통합특별시 북구 경열로 257(신안동),0,0,0,0
A0019946,도동재주유소,S-OIL,전남광주 북구,전남광주,북구,전남광주통합특별시 북구 동문대로 410,0,0,0,062-251-8536
A0019950,세본주유소,SK에너지,전남광주 북구,전남광주,북구,전남광주통합특별시 북구 용주로 21,1,0,0,062-526-5818
A0019951,자모셀프주유소,SK에너지,전남광주 북구,전남광주,북구,전남광주통합특별시 북구 우치로 7,1,0,1,062-513-9951
A0019953,서림주유소,GS칼텍스,전남광주 북구,전남광주,북구,전남광주통합특별시 북구 무등로 126 (신안동),1,0,0,062-522-5189
A0019954,지에스칼텍스(주)클릭주유소,GS칼텍스,전남광주 북구,전남광주,북구,전남광주통합특별시 북구 하남대로 743 (운암동),1,0,1,062-521-5152
A0019958,(주)장성보해주유소,SK에너지,전남광주 장성군,전남광주,장성군,전남광주통합특별시 장성군 장성읍 단풍로 111,0,0,0,061-394-5188
A0019959,박물관주유소,HD현대오일뱅크,전남광주 북구,전남광주,북구,전남광주 북구 하서로 211,1,0,1,062-573-5181
A0019960,삼서주유소,SK에너지,전남광주 장성군,전남광주,장성군,전남광주통합특별시 장성군 삼서면 해삼로 1167,0,0,0,061-394-6636
A0019961,오월주유소,HD현대오일뱅크,전남광주 장성군,전남광주,장성군,전남광주통합특별시 장성군 북이면 백양로 127,0,0,0,061-392-8866
A0019963,(주)황룡강주유소,알뜰주유소,전남광주 장성군,전남광주,장성군,전남광주통합특별시 장성군 황룡면 강변로 558,1,1,1,061-393-2411
A0019969,대전농협,NH-OIL,전남광주 담양군,전남광주,담양군,전남광주 담양군 대전면 대전로 52,1,0,1,061-381-6796
A0019974,남문주유소,S-OIL,전남광주 담양군,전남광주,담양군,전남광주통합특별시 담양군 담양읍 죽향대로 1102,0,0,0,061-381-0255
A0019975,태청주유소,HD현대오일뱅크,전남광주 장성군,전남광주,장성군,전남광주통합특별시 장성군 삼서면 태산로 99,0,0,0,061-394-8200
A0019977,세풍주유소,SK에너지,전남광주 광양시,전남광주,광양시,전남광주 광양시 광양읍 인덕로 710,0,0,0,061-762-9956
A0019989,CJ대한통운㈜직영 신창주유소,S-OIL,전남광주 광산구,전남광주,광산구,전남광주통합특별시 광산구 북문대로 399,1,0,1,062-944-1688
A0019990,벽진주유소,알뜰주유소,전남광주 서구,전남광주,서구,전남광주통합특별시 서구 상무대로 616,1,0,1,062-945-5118
A0019991,반디석유 운남점 이든랜드㈜,HD현대오일뱅크,전남광주 광산구,전남광주,광산구,전남광주 광산구 하남대로 364,0,0,0,062-951-8301
A0019998,일곡주유소,S-OIL,전남광주 북구,전남광주,북구,전남광주통합특별시 북구 우치로422번길 22 (삼각동),0,0,0,062-573-6005
A0020006,㈜종합 영산포주유소,S-OIL,전남광주 나주시,전남광주,나주시,전남광주통합특별시 나주시 왕곡면 나주서부로 11,0,0,0,061-331-3377
A0020010,(주)케이피유통(본촌주유소),GS칼텍스,전남광주 북구,전남광주,북구,전남광주통합특별시 북구 하서로 530 (본촌동),1,0,1,062-572-1600
A0020012,(주)한일주유소,GS칼텍스,전남광주 북구,전남광주,북구,전남광주 북구 하서로 225,0,0,0,062-576-5151
A0020014,(주)터미널주유소,S-OIL,전남광주 담양군,전남광주,담양군,전남광주통합특별시 담양군 담양읍 죽향문화로 98,0,0,1,061-383-4460
A0020017,담양농협주유소,SK에너지,전남광주 담양군,전남광주,담양군,전남광주통합특별시 담양군 담양읍 추성로 1226,0,0,1,061-383-6650
A0020019,고서농업협동조합,NH-OIL,전남광주 담양군,전남광주,담양군,전남광주통합특별시 담양군 고서면 가사문학로 307,0,0,1,061-383-0933
A0020020,수북농업협동조합,NH-OIL,전남광주 담양군,전남광주,담양군,전남광주통합특별시 담양군 담양읍 추성1로 749,0,0,1,061-383-3680
A0020021,창평농협주유소,NH-OIL,전남광주 담양군,전남광주,담양군,전남광주통합특별시 담양군 창평면 의병로 185,0,0,1,061-383-5149
A0020024,삼계농협주유소,NH-OIL,전남광주 장성군,전남광주,장성군,전남광주통합특별시 장성군 삼계면 사창로 64-56,0,0,1,061-394-6772
A0020026,황룡농협주유소,NH-OIL,전남광주 장성군,전남광주,장성군,전남광주통합특별시 장성군 황룡면 함장로 5140,0,1,1,061-393-2059
A0020027,한국도로공사 백양사(논산)주유소/충전소,알뜰(ex),전남광주 장성군,전남광주,장성군,전남광주통합특별시 장성군 북일면 박산리 호남고속도로 108-1,1,1,1,061-393-0257
A0020035,HD현대오일뱅크㈜직영 금성주유소,HD현대오일뱅크,전남광주 담양군,전남광주,담양군,전남광주통합특별시 담양군 금성면 담순로 43,0,0,1,061-383-5311
A0020038,SK에너지(주) 으뜸주유소,SK에너지,전남광주 북구,전남광주,북구,전남광주통합특별시 북구 군왕로 177 (두암동),1,0,1,062-269-5151
A0020040,SK에너지(주) 문흥셀프주유소,SK에너지,전남광주 북구,전남광주,북구,전남광주통합특별시 북구 서하로 286 (오치동),1,0,1,062-267-5145
A0020041,행복가득양산주유소,SK에너지,전남광주 북구,전남광주,북구,전남광주통합특별시 북구 하서로 255 (양산동),1,0,0,062-571-5183
A0020044,HD현대오일뱅크(주)직영 동천마을셀프주유소,HD현대오일뱅크,전남광주 북구,전남광주,북구,전남광주통합특별시 북구 하남대로 691 (동림동),1,0,1,062-511-5106
A0020046,백양사(순천)주유소/충전소,알뜰(ex),전남광주 장성군,전남광주,장성군,전남광주통합특별시 장성군 북이면 호남고속도로 107-1,1,1,1,070-4269-2785
A0020051,(유)플러스주유소,HD현대오일뱅크,전남광주 북구,전남광주,북구,전남광주통합특별시 북구  설죽로 408,1,0,0,062-573-5188
A0020055,삼각그린주유소 ㈜오림이사,SK에너지,전남광주 북구,전남광주,북구,전남광주통합특별시 북구 설죽로 421,1,0,1,062-576-0051
A0020056,나들목광장 주식회사,SK에너지,전남광주 장성군,전남광주,장성군,전남광주 장성군 장성읍 하서대로 753,1,0,0,0
A0020071,SK에너지㈜ 보람주유소,SK에너지,전남광주 북구,전남광주,북구,전남광주통합특별시 북구 용봉로 24 (신안동),1,0,1,062-524-7700
A0020072,차나라주유소,HD현대오일뱅크,전남광주 북구,전남광주,북구,전남광주 북구 동문대로 138,1,0,0,062-265-1144
A0020073,빛고을로셀프주유소,HD현대오일뱅크,전남광주 북구,전남광주,북구,전남광주 북구 빛고을대로 657 (용두동),1,0,0,062-574-3303
A0020076,마트몰㈜ 더믿음가득주유소,SK에너지,전남광주 북구,전남광주,북구,전남광주 북구 하남대로 777,1,0,0,062-528-5189
A0020078,광주화물터미널(주),SK에너지,전남광주 북구,전남광주,북구,전남광주통합특별시 북구 동문대로 280,0,0,0,062-261-2514
A0020081,(주)반디석유,HD현대오일뱅크,전남광주 북구,전남광주,북구,전남광주 북구 하남대로 819 (운암동),0,0,0,062-523-8301
A0020084,㈜에코주유소,S-OIL,전남광주 북구,전남광주,북구,전남광주통합특별시 북구 무등로 213,1,0,0,062-521-5189
A0020088,패밀리셀프주유소,SK에너지,전남광주 북구,전남광주,북구,전남광주통합특별시 북구 우치로 670,1,0,0,062-571-5050
A0020089,한사랑주유소,HD현대오일뱅크,전남광주 장성군,전남광주,장성군,전남광주통합특별시 장성군 장성읍 역전로 24,1,0,0,061-393-8851
A0020093,(유)월산주유소,GS칼텍스,전남광주 담양군,전남광주,담양군,전남광주통합특별시 담양군 월산면 담장로 335,0,0,0,061-381-5110
A0020096,서광㈜ 우리주유소,S-OIL,전남광주 영광군,전남광주,영광군,전남광주통합특별시 영광군 영광읍 영광로 638,1,0,0,061-351-9955
A0020100,OK클린주유소,GS칼텍스,전남광주 광산구,전남광주,광산구,전남광주 광산구 사암로 136 (우산동),1,0,1,062-944-5400
A0020106,백동주유소,GS칼텍스,전남광주 영광군,전남광주,영광군,전남광주통합특별시 영광군 영광읍 덕호로 28,0,0,0,061-352-2587
A0020111,유한회사 금성주유소,GS칼텍스,전남광주 광산구,전남광주,광산구,전남광주통합특별시 광산구 임곡로 685 (안청동),0,0,0,062-952-3030
A0020113,고상주유소,GS칼텍스,전남광주 보성군,전남광주,보성군,전남광주통합특별시 보성군 벌교읍 채동선로 508,0,0,0,061-858-2004
A0020119,솔바우주유소,S-OIL,전남광주 동구,전남광주,동구,전남광주통합특별시 동구 남계길 4 (내남동),1,0,0,062-222-5192
A0020122,상하주유소,자가상표,전북 고창군,전북,고창군,전북 고창군 상하면 상하로 50,0,0,0,063-563-0020
A0020123,늘푸른주유소,S-OIL,전남광주 남구,전남광주,남구,전남광주통합특별시 남구 독립로 69 (백운동),1,0,0,062-416-7300
A0020130,하남현대주유소(H),HD현대오일뱅크,전남광주 광산구,전남광주,광산구,전남광주통합특별시 광산구 임곡로 573 (안청동),0,0,0,062-953-5149
A0020134,(주)엠앤지 첨단북광주IC주유소,SK에너지,전남광주 북구,전남광주,북구,전남광주통합특별시 북구 삼소로 318,1,0,1,062-575-5145
A0020140,(주)초당산업 송초주유소,S-OIL,전남광주 광산구,전남광주,광산구,전남광주 광산구 금동학동길 315 (덕림동),0,0,0,062-942-6362
A0020144,빛그린주유소,SK에너지,전남광주 광산구,전남광주,광산구,전남광주통합특별시 광산구 영광로 3797,0,0,0,062-942-5104
A0020151,한성주유소,SK에너지,전남광주 영광군,전남광주,영광군,전남광주통합특별시 영광군 백수읍 백수로 1211,0,0,0,061-352-7111
A0020159,㈜굿에너지,자가상표,충북 청주시,충북,청주시,충북 청주시 청원구 오창읍 두릉유리로 18,1,0,1,043-212-5182
A0020161,영광주유소,S-OIL,전남광주 영광군,전남광주,영광군,전남광주통합특별시 영광군 영광읍 천년로 1418,1,0,0,061-353-3200
A0020168,신광주유소,GS칼텍스,전남광주 영광군,전남광주,영광군,전남광주통합특별시 영광군 불갑면 함영로 2579,0,0,0,061-352-2552
A0020169,다올주유소 SK,SK에너지,전남광주 광산구,전남광주,광산구,전남광주 광산구 북문대로 389,1,0,1,062-956-1116
A0020172,송월주유소,SK에너지,전남광주 곡성군,전남광주,곡성군,전남광주통합특별시 곡성군 오산면 오산로 997,0,0,1,061-363-5145
A0020173,오치한전주유소,SK에너지,전남광주 북구,전남광주,북구,전남광주통합특별시 북구 천지인로 91 (오치동),1,0,1,070-8836-5051
A0020175,시민주유소,GS칼텍스,전남광주 서구,전남광주,서구,전남광주통합특별시 서구 눌재로 328,1,0,0,062-374-5189
A0020178,여주남송주유소,SK에너지,경기 여주시,경기,여주시,경기 여주시 세종로 366,1,0,0,031-883-5108
A0020185,서광주역주유소(SK),SK에너지,전남광주 서구,전남광주,서구,전남광주통합특별시 서구 풍서우로 152,1,0,0,062-373-0051
A0020186,옥당주유소,HD현대오일뱅크,전남광주 영광군,전남광주,영광군,전남광주통합특별시 영광군 영광읍 옥당로 60,1,0,0,061-351-7770
A0020187,(주)통영알뜰주유소,알뜰주유소,경남 통영시,경남,통영시,경남 통영시 도산면 남해안대로 1574,1,0,1,055-649-5189
A0020190,한백석유 첨단주유소,S-OIL,전남광주 광산구,전남광주,광산구,전남광주통합특별시 광산구 첨단과기로 53,1,0,1,062-974-0700
A0020191,해오름주유소,HD현대오일뱅크,전남광주 영광군,전남광주,영광군,전남광주통합특별시 영광군 영광읍 영광로 1179,0,0,0,061-351-1745
A0020196,성진주유소,GS칼텍스,전남광주 광산구,전남광주,광산구,전남광주통합특별시 광산구 용아로 356 (산정동),0,0,0,062-955-5189
A0020197,한강주유소,GS칼텍스,전남광주 서구,전남광주,서구,전남광주통합특별시 서구 천변좌로 6 (광천동),1,0,0,062-369-3167
A0020202,송암A주유소,HD현대오일뱅크,전남광주 남구,전남광주,남구,전남광주통합특별시 남구 서문대로 566,1,0,0,062-674-0122
A0020203,수완행복셀프주유소,SK에너지,전남광주 광산구,전남광주,광산구,전남광주통합특별시 광산구 왕버들로 113,1,0,1,062-954-5185
A0020204,예향주유소,GS칼텍스,전남광주 서구,전남광주,서구,전남광주통합특별시 서구 풍암신흥로 2 (풍암동),0,0,0,062-655-7728
A0020205,산월Self주유소,HD현대오일뱅크,전남광주 광산구,전남광주,광산구,전남광주통합특별시 광산구 북문대로 579,1,0,0,062-956-5150
A0020215,시선㈜ 광주서지점,S-OIL,전남광주 서구,전남광주,서구,전남광주통합특별시 서구 풍서좌로 83,1,0,0,062-651-5189
A0020216,상록주유소,HD현대오일뱅크,전남광주 서구,전남광주,서구,전남광주통합특별시 서구 상무대로 1180,0,0,0,062-385-5184
A0020221,남선석유(주) 평동그린주유소,S-OIL,전남광주 광산구,전남광주,광산구,전남광주통합특별시 광산구 동곡로 645,1,0,1,062-945-5121
A0020222,신광장주유소,SK에너지,전남광주 광산구,전남광주,광산구,전남광주통합특별시 광산구 어등대로 50 (지평동),1,0,0,062-942-1010
A0020223,(주)햇살가득주유소,S-OIL,전남광주 광산구,전남광주,광산구,전남광주 광산구 임방울대로 493 (수완동),1,0,0,062-959-4848
A0020227,매월유통단지주유소,HD현대오일뱅크,전남광주 서구,전남광주,서구,전남광주통합특별시 서구 회재로 746 (매월동),0,0,0,062-374-5188
A0020230,부성주유소,HD현대오일뱅크,전남광주 화순군,전남광주,화순군,전남광주통합특별시 화순군 화순읍 학포로 2632,0,0,0,061-373-7008
A0020234,애경아름주유소,GS칼텍스,전남광주 광산구,전남광주,광산구,전남광주통합특별시 광산구 손재로 25,1,0,0,062-961-5149
A0020237,불갑주유소,HD현대오일뱅크,전남광주 영광군,전남광주,영광군,전남광주통합특별시 영광군 불갑면 함영로 2848,0,0,0,061-353-4114
A0020238,㈜더착한주유소,HD현대오일뱅크,전남광주 광산구,전남광주,광산구,전남광주통합특별시 광산구 동곡로 72 (본덕동),1,0,0,062-943-5156
A0020247,행복셀프주유소,알뜰주유소,제주 제주시,제주,제주시,제주특별자치도 제주시 조천읍 일주동로 1602,1,0,0,064-783-5888
A0020248,신광주셀프주유소,S-OIL,전남광주 광산구,전남광주,광산구,전남광주통합특별시 광산구 목련로 372-8 (신가동),1,0,0,062-954-5151
A0020254,천지주유소,SK에너지,전남광주 광산구,전남광주,광산구,전남광주통합특별시 광산구 영광로 3270  (삼거동),0,0,0,062-944-4488
A0020255,첨단태양주유소,HD현대오일뱅크,전남광주 광산구,전남광주,광산구,전남광주통합특별시 광산구 비아동원촌길 89 (비아동),0,0,0,062-962-5188
A0020259,광장주유소(s),S-OIL,전남광주 광산구,전남광주,광산구,전남광주통합특별시 광산구 북문대로 907 (비아동),0,0,0,062-954-5145
A0020260,신진주유소㈜,S-OIL,전남광주 영광군,전남광주,영광군,전남광주 영광군 불갑면 함영로 3175,0,0,0,061-353-9050
A0020262,진영주유소,SK에너지,전남광주 광산구,전남광주,광산구,전남광주통합특별시 광산구 송도로 292 (송정동),0,0,0,062-942-5189
A0020264,함평나비주유소,GS칼텍스,전남광주 함평군,전남광주,함평군,전남광주통합특별시 함평군 해보면 영광로 2538,1,0,0,061-323-2030
A0020269,SK시민주유소,SK에너지,전남광주 광산구,전남광주,광산구,전남광주 광산구 고봉로 249 (장수동),1,0,1,062-956-5185
A0020270,양촌주유소,SK에너지,전남광주 남구,전남광주,남구,전남광주통합특별시 남구 포충로 121 (양촌동),0,0,0,062-374-3389
A0020277,광주비아농협남부점주유소,SK에너지,전남광주 광산구,전남광주,광산구,전남광주통합특별시 광산구 목련로 301 (신가동),1,0,1,062-952-5180
A0020278,진곡산단주유소,S-OIL,전남광주 광산구,전남광주,광산구,"전남광주통합특별시 광산구 임곡로 516,  (진곡동)",0,0,0,062-951-9366
A0020287,국제셀프주유소,GS칼텍스,전남광주 장성군,전남광주,장성군,전남광주통합특별시 장성군 장성읍 하서대로 738 (장성읍),1,0,0,061-393-3953
A0020289,남선석유(주)남부주유소,S-OIL,전남광주 영광군,전남광주,영광군,전남광주통합특별시 영광군 영광읍 영광로 1326,1,0,1,061-351-1441
A0020298,낙원주유소,GS칼텍스,전남광주 광산구,전남광주,광산구,전남광주통합특별시 광산구 동곡로 259 (복룡동),1,0,0,062-943-5155
A0020302,대천주유소,S-OIL,전남광주 광산구,전남광주,광산구,전남광주통합특별시 광산구 용진로 599,0,0,0,062-944-7171
A0020305,동일주유소,GS칼텍스,전남광주 광산구,전남광주,광산구,전남광주통합특별시 광산구  동곡로 450 (월전동),1,0,0,062-943-5123
A0020306,㈜성후산업 장수IC주유소,HD현대오일뱅크,전남광주 광산구,전남광주,광산구,전남광주통합특별시 광산구 고봉로 238,1,0,1,062-955-2225
A0020307,농업주유소,S-OIL,전남광주 나주시,전남광주,나주시,전남광주통합특별시 나주시 남평읍 지석로 504,1,0,0,061-333-5155
A0020310,송정현대주유소,HD현대오일뱅크,전남광주 광산구,전남광주,광산구,전남광주통합특별시 광산구 송도로 104 (도산동),0,0,0,062-945-5182
A0020312,삼성주유소,SK에너지,전남광주 영광군,전남광주,영광군,전남광주 영광군 묘량면 영대로 496,1,0,0,061-352-0052
A0020313,신평주유소,HD현대오일뱅크,전남광주 영광군,전남광주,영광군,전남광주통합특별시 영광군 영광읍 백수로 1640,0,0,0,061-353-7878
A0020316,슈퍼크린주유소(s),S-OIL,전남광주 광산구,전남광주,광산구,전남광주통합특별시 광산구 상무대로 372 (신촌동),0,0,0,062-943-5121
A0020324,대동주유소,HD현대오일뱅크,전남광주 영광군,전남광주,영광군,전남광주통합특별시 영광군 영광읍 월현로 48,0,0,0,061-353-4725
A0020326,우리셀프주유소,S-OIL,전남광주 서구,전남광주,서구,전남광주통합특별시 서구 죽봉대로 24 (농성동),1,0,0,062-361-4505
A0020328,오성주유소,SK에너지,전북 고창군,전북,고창군,전북 고창군 대산면 영대로 1032,0,0,0,063-562-3801
A0020350,아산테크노주유소,GS칼텍스,충남 아산시,충남,아산시,충남 아산시 영인면 아산로 1338,1,0,0,041-547-5181
A0020357,(유)안전에너지 백일셀프주유소,HD현대오일뱅크,전남광주 서구,전남광주,서구,전남광주통합특별시 서구 화정로 68,1,0,0,062-371-5192
A0020363,현대주유소,SK에너지,전남광주 영광군,전남광주,영광군,전남광주통합특별시 영광군 홍농읍 연우로 334,0,0,0,061-356-3288
A0020364,마래주유소,SK에너지,전남광주 영광군,전남광주,영광군,전남광주통합특별시 영광군 홍농읍 단덕로 225,0,0,0,061-356-7448
A0020365,금정주유소,S-OIL,전남광주 영광군,전남광주,영광군,전남광주통합특별시 영광군 홍농읍 동부로 69,0,0,0,061-356-3235
A0020372,(주)대원 강변주유소,S-OIL,전남광주 서구,전남광주,서구,전남광주통합특별시 서구 천변좌하로 142 (치평동),1,0,1,062-941-7319
A0020373,천일주유소,SK에너지,전남광주 영광군,전남광주,영광군,전남광주통합특별시 영광군 법성면 굴비로 72,0,0,0,061-356-2900
A0020374,법성주유소,SK에너지,전남광주 영광군,전남광주,영광군,전남광주통합특별시 영광군 법성면 굴비로 111,1,0,0,061-356-2139
A0020381,우리주유소,알뜰주유소,전남광주 광산구,전남광주,광산구,전남광주통합특별시 광산구 목련로 225 (운남동),1,1,1,062-956-5171
A0020383,호대아름주유소,HD현대오일뱅크,전남광주 광산구,전남광주,광산구,전남광주 광산구 어등대로 473,1,0,0,062-942-5183
A0020385,㈜대근주유소,자가상표,전남광주 광산구,전남광주,광산구,전남광주 광산구 북문대로 639 (수완동),1,0,0,062-956-5929
A0020387,한성골드주유소,GS칼텍스,전남광주 광산구,전남광주,광산구,전남광주통합특별시 광산구 동곡로 407 (월전동),1,0,0,062-944-9400
A0020388,(유)썬에너지 만땅주유소,자가상표,전남광주 영광군,전남광주,영광군,전남광주통합특별시 영광군 영광읍 덕호로 53,1,0,1,061-351-1515
A0020390,중암주유소,S-OIL,충남 아산시,충남,아산시,충남 아산시 둔포면 충무로 1222-1,0,0,0,041-532-5154
A0020392,광주주유소,S-OIL,전남광주 광산구,전남광주,광산구,전남광주통합특별시 광산구 동곡로 422,0,0,0,062-941-6101
A0020408,CJ대한통운㈜ 신세계주유소,S-OIL,전남광주 광산구,전남광주,광산구,전남광주통합특별시 광산구 사암로 660 (장덕동),0,0,1,062-952-1188
A0020411,한진주유소,알뜰주유소,전남광주 광산구,전남광주,광산구,전남광주통합특별시 광산구 송도로 244 (송정동),1,0,1,062-941-2567
A0020416,HD현대오일뱅크㈜직영 공항가는길주유소,HD현대오일뱅크,전남광주 서구,전남광주,서구,전남광주통합특별시 서구 상무대로 699 (마륵동),0,0,1,062-372-5189
A0020417,설도주유소,SK에너지,전남광주 영광군,전남광주,영광군,전남광주통합특별시 영광군 염산면 칠산로 1,0,0,0,061-352-9021
A0020422,태양주유소,SK에너지,전남광주 영광군,전남광주,영광군,전남광주통합특별시 영광군 영광읍 옥당로279,0,0,0,061-353-0855
A0020423,우공주유소,HD현대오일뱅크,전남광주 광산구,전남광주,광산구,전남광주통합특별시 광산구 영광로 3492,0,0,0,062-943-5125
A0020424,어등산주유소,HD현대오일뱅크,전남광주 광산구,전남광주,광산구,전남광주통합특별시 광산구 무진대로 68,1,0,0,062-941-2700
A0020425,푸른솔주유소,S-OIL,전남광주 광산구,전남광주,광산구,전남광주통합특별시 광산구 고봉로 905 (광산동),0,0,0,062-959-5155
A0020427,송촌주유소,HD현대오일뱅크,전남광주 광산구,전남광주,광산구,전남광주통합특별시 광산구 동곡로 656,0,0,1,062-944-5188
A0020430,주식회사 풍암주유소,GS칼텍스,전남광주 남구,전남광주,남구,전남광주통합특별시 남구 회재로 1208,1,0,1,062-716-6364
A0020431,광명해주유소,SK에너지,전남광주 영광군,전남광주,영광군,전남광주통합특별시 영광군 군남면 천년로 692,0,0,0,061-353-8998
A0020437,백수주유소,SK에너지,전남광주 영광군,전남광주,영광군,전남광주통합특별시 영광군 백수읍 백수로10길 26,0,0,0,061-352-2440
A0020438,송암주유소,GS칼텍스,전남광주 영광군,전남광주,영광군,전남광주 영광군 염산면 칠산로 533,0,0,0,061-352-9175
A0020448,다올주유소 현대,HD현대오일뱅크,전남광주 광산구,전남광주,광산구,전남광주 광산구 북문대로 393,1,0,1,062-955-5132
A0020453,삼도주유소,SK에너지,전남광주 광산구,전남광주,광산구,전남광주통합특별시 광산구 삼도로 327,0,0,0,062-944-2153
A0020454,남선석유㈜신촌주유소,S-OIL,전남광주 광산구,전남광주,광산구,전남광주 광산구 사암로 63 (신촌동),1,0,0,062-942-6166
A0020458,흑석주유소,GS칼텍스,전남광주 광산구,전남광주,광산구,전남광주통합특별시 광산구 사암로 415 (흑석동),0,0,0,062-953-8165
A0020463,(주)스마일셀프주유소,SK에너지,전남광주 광산구,전남광주,광산구,전남광주통합특별시 광산구 고봉로 541 (산막동),1,0,1,062-716-5182
A0020464,황금주유소,S-OIL,전남광주 신안군,전남광주,신안군,전남광주통합특별시 신안군 지도읍 봉리길 5,0,0,0,061-275-0990
A0020465,청정이엔지 (주)주유소,GS칼텍스,전남광주 서구,전남광주,서구,전남광주통합특별시 서구 상무자유로 18,1,0,0,062-382-5503
A0020467,해안도로주유소,HD현대오일뱅크,전남광주 영광군,전남광주,영광군,전남광주통합특별시 영광군 백수읍 백수로 1067,0,0,0,061-352-0351
A0020471,대성주유소,HD현대오일뱅크,전남광주 영광군,전남광주,영광군,전남광주통합특별시 영광군 홍농읍 홍농로 560,0,0,0,061-356-0963
A0020473,오일필드(주)광주지점,자가상표,전남광주 광산구,전남광주,광산구,전남광주통합특별시 광산구 사암로 127 (우산동),1,0,0,062-942-0046
A0020475,지에스칼텍스(주)수완셀프주유소,GS칼텍스,전남광주 광산구,전남광주,광산구,전남광주 광산구 장신로 152 (수완동),1,0,1,062-961-5187
A0020476,국제주유소,S-OIL,전남광주 영광군,전남광주,영광군,전남광주통합특별시 영광군 영광읍 옥당로 316,1,0,0,061-351-1111
A0020477,전송주유소,SK에너지,전남광주 광산구,전남광주,광산구,전남광주통합특별시 광산구 어등대로 583,1,0,0,062-941-4466
A0020479,임곡농협주유소,NH-OIL,전남광주 광산구,전남광주,광산구,전남광주 광산구 고봉로 565 (산막동),1,0,1,062-952-5182
A0020481,돌고개주유소,HD현대오일뱅크,전남광주 서구,전남광주,서구,전남광주통합특별시 서구 경열로 54 (농성동),1,0,0,062-368-5557
A0020488,대동주유소 ㈜대주에너지,HD현대오일뱅크,전남광주 남구,전남광주,남구,전남광주통합특별시 남구 대남대로 153,1,0,1,062-671-6181
A0020491,(유)효창주유소,GS칼텍스,전남광주 광산구,전남광주,광산구,전남광주통합특별시 광산구 사암로 744,1,0,0,062-954-0001
A0020494,(주)명진주유소,GS칼텍스,전남광주 광산구,전남광주,광산구,전남광주통합특별시 광산구 용아로 419,1,0,0,062-953-6772
A0020496,(주)무진대로주유소,S-OIL,전남광주 광산구,전남광주,광산구,전남광주통합특별시 광산구 무진대로 80,1,0,0,062-943-5600
A0020498,㈜에이치에스에너지 장수주유소,GS칼텍스,전남광주 광산구,전남광주,광산구,전남광주통합특별시 광산구 고봉로 239 (장수동),0,0,0,062-955-1511
A0020514,영광농협주유소,SK에너지,전남광주 영광군,전남광주,영광군,전남광주통합특별시 영광군 영광읍 물무로 52,0,0,1,061-350-7766
A0020517,평동농협명화지점주유소,GS칼텍스,전남광주 광산구,전남광주,광산구,전남광주통합특별시 광산구 평동로 441 (명화동),0,0,1,062-943-4068
A0020518,서창농협주유소,NH-OIL,전남광주 서구,전남광주,서구,전남광주통합특별시 서구 회재로 527,0,1,1,062-371-1472
A0020519,농협하나로주유소,NH-OIL,전남광주 광산구,전남광주,광산구,전남광주통합특별시 광산구 임방울대로 261 (신가동),1,0,1,062-650-0052
A0020522,서영광농협군남주유소,NH-OIL,전남광주 영광군,전남광주,영광군,전남광주통합특별시 영광군 군남면 천년로 870-20,0,0,1,061-353-7619
A0020523,송정농협주유소,SK에너지,전남광주 광산구,전남광주,광산구,전남광주통합특별시 광산구 송도로 295 (송정동),1,0,1,062-942-6110
A0020524,동곡농협주유소,SK에너지,전남광주 광산구,전남광주,광산구,전남광주통합특별시 광산구 동곡로 383,1,0,1,062-943-7272
A0020525,하남농협주유소,SK에너지,전남광주 광산구,전남광주,광산구,전남광주통합특별시 광산구 용아로 445,1,0,1,062-951-5183
A0020526,광주비아농협주유소,SK에너지,전남광주 광산구,전남광주,광산구,전남광주통합특별시 광산구 임방울대로 600 (도천동),1,0,1,062-951-5182
A0020541,HD현대오일뱅크㈜직영 하남제일주유소,HD현대오일뱅크,전남광주 광산구,전남광주,광산구,전남광주통합특별시 광산구 사암로 754,0,0,1,062-954-0522
A0020544,금성2주유소,GS칼텍스,전남광주 광산구,전남광주,광산구,전남광주통합특별시 광산구 첨단과기로 33,1,0,0,062-953-5189
A0020545,(주)아프리카주유소,SK에너지,전남광주 서구,전남광주,서구,전남광주 서구  천변좌하로 168 (치평동),1,0,0,062-381-5151
A0020550,비아도천주유소,HD현대오일뱅크,전남광주 광산구,전남광주,광산구,전남광주 광산구 사암로 841,0,0,0,062-953-0606
A0020561,(주)일프로주유소,HD현대오일뱅크,전남광주 서구,전남광주,서구,전남광주통합특별시 서구 운천로 206 (치평동),1,0,0,062-383-4007
A0020579,남선석유(주) 동곡주유소,S-OIL,전남광주 광산구,전남광주,광산구,전남광주통합특별시 광산구 동곡로 171,0,0,1,062-943-1233
A0020586,반디석유시청점,HD현대오일뱅크,전남광주 서구,전남광주,서구,전남광주 서구 천변좌하로 160 (치평동),0,0,0,062-372-5250
A0020591,브이넥스㈜ 푸른주유소7,SK에너지,전남광주 광산구,전남광주,광산구,전남광주통합특별시 광산구 용아로 330,1,0,0,062-952-6051
A0020592,이칠주유소,SK에너지,전남광주 광산구,전남광주,광산구,전남광주통합특별시 광산구 상무대로 378,1,0,0,062-942-2007
A0020594,실크로드주유소,SK에너지,전남광주 광산구,전남광주,광산구,전남광주통합특별시 광산구 사암로 866,0,0,0,062-953-7253
A0020600,우이리주유소,HD현대오일뱅크,전남광주 광산구,전남광주,광산구,전남광주통합특별시 광산구 임방울대로 13,1,0,0,062-951-2511
A0020603,하진에너지 주식회사,SK에너지,전남광주 광산구,전남광주,광산구,전남광주통합특별시 광산구 손재로 415 (오선동),0,0,1,062-959-1256
A0020606,대천유통㈜ 진곡화물차주유소,S-OIL,전남광주 광산구,전남광주,광산구,전남광주통합특별시 광산구 손재로 327,0,0,1,062-953-0357
A0020607,유한회사 연성주유소,S-OIL,전남광주 광산구,전남광주,광산구,전남광주통합특별시 광산구 어등대로 247,1,0,0,062-942-5188
A0020608,평동천우주유소,SK에너지,전남광주 광산구,전남광주,광산구,전남광주통합특별시 광산구 동곡로 655 (송촌동),1,0,0,062-946-5182
A0020609,남산주유소,SK에너지,전남광주 순천시,전남광주,순천시,전남광주통합특별시 순천시 우석로 199,1,0,0,061-744-3880
A0020612,(유)매월주유소,GS칼텍스,전남광주 서구,전남광주,서구,전남광주통합특별시 서구  회재로 845,1,0,0,062-682-2359
A0020622,(주)대각주유소,GS칼텍스,전남광주 광산구,전남광주,광산구,전남광주통합특별시 광산구 용아로 143 (소촌동),1,0,0,062-712-3280
A0020624,대양케미칼주유소/충전소,S-OIL,전남광주 서구,전남광주,서구,전남광주통합특별시 서구 풍서좌로 255 (세하동),0,0,1,062-655-1500
A0020625,수완구도일주유소,S-OIL,전남광주 광산구,전남광주,광산구,전남광주통합특별시 광산구 풍영로101번안길 19-2,1,0,1,0
A0020631,웰컴신가주유소,GS칼텍스,전남광주 광산구,전남광주,광산구,전남광주통합특별시 광산구 목련로 375 (신가동),1,0,0,062-959-6800
A0020632,낙원주유소,GS칼텍스,전남광주 영광군,전남광주,영광군,전남광주통합특별시 영광군 영광읍 천년로 1329,0,0,0,061-351-3516
A0020633,태평양주유소,SK에너지,전남광주 광산구,전남광주,광산구,전남광주통합특별시 광산구 송도로 92 (황룡동),1,0,0,062-942-4844
A0020637,CJ대한통운㈜ 장성터미널주유소,GS칼텍스,전남광주 장성군,전남광주,장성군,전남광주통합특별시 장성군 서삼면 물류로 335,1,0,1,061-393-3542
A0020638,마트몰(주)송헌지점,SK에너지,전남광주 광산구,전남광주,광산구,전남광주 광산구 사암로 104 (우산동),0,0,0,062-945-3700
A0020639,(유)천진주유소,SK에너지,전남광주 광산구,전남광주,광산구,전남광주 광산구 연산로 239,1,0,1,062-945-7101
A0020641,(주)대창석유직영 운암주유소,SK에너지,전남광주 북구,전남광주,북구,전남광주통합특별시 북구 북문대로 34 (운암동),1,0,1,062-525-0716
A0020644,(주)대창석유직영 공단주유소,SK에너지,전남광주 광산구,전남광주,광산구,전남광주 광산구 사암로 800 (도천동),0,0,1,062-951-6008
A0020645,(주)대창석유직영 지산주유소,SK에너지,전남광주 동구,전남광주,동구,전남광주통합특별시 동구 필문대로 219 (지산동),1,0,1,062-227-3334
A0020648,(주)대창석유직영 남광주주유소,SK에너지,전남광주 남구,전남광주,남구,전남광주통합특별시 남구 서문대로 799 주월동),1,0,1,062-671-5145
A0020649,(주)대창석유직영 염주주유소,SK에너지,전남광주 서구,전남광주,서구,전남광주통합특별시 서구 월드컵4강로 120,0,0,1,062-376-5151
A0020651,㈜대창석유직영 삼학주유소,SK에너지,전남광주 목포시,전남광주,목포시,전남광주통합특별시 목포시 영산로 668,1,0,1,061-283-5671
A0020656,갑산주유소,SK에너지,전남광주 순천시,전남광주,순천시,전남광주통합특별시 순천시 녹색로 1656,0,0,1,061-744-5680
A0020657,태인주유소,SK에너지,전남광주 광양시,전남광주,광양시,전남광주통합특별시 광양시 백운1로 107 (태인동),0,0,0,061-792-3105
A0020659,(주)대창석유직영 남창주유소,SK에너지,전남광주 해남군,전남광주,해남군,전남광주통합특별시 해남군 북평면 현산북평로 1139,0,0,1,061-533-6760
A0020660,㈜대창석유직영 대인주유소,SK에너지,전남광주 곡성군,전남광주,곡성군,전남광주통합특별시 곡성군 곡성읍 곡성로 796,0,0,1,061-362-7778
A0020665,(주)대창석유직영 동명주유소,SK에너지,전남광주 동구,전남광주,동구,전남광주통합특별시 동구 필문대로 237 (동명동),0,0,1,062-234-8851
A0020673,(유)학곡 수완현대주유소,HD현대오일뱅크,전남광주 광산구,전남광주,광산구,전남광주통합특별시 광산구 임방울대로 472 (수완동),1,0,1,062-955-0051
A0020674,채움주유소,S-OIL,전남광주 광산구,전남광주,광산구,전남광주통합특별시 광산구 사암로 820,0,0,0,062-962-5121
A0020675,(주)새한주유소,SK에너지,전남광주 영광군,전남광주,영광군,전남광주통합특별시 영광군 영광읍 함영로 3455,0,0,0,061-352-0105
A0020677,김여사네셀프주유소,SK에너지,전남광주 광산구,전남광주,광산구,전남광주통합특별시 광산구 상무대로 435-2,1,0,0,062-941-9767
A0020678,(주)효광 운수대통주유소,SK에너지,전남광주 광산구,전남광주,광산구,전남광주통합특별시 광산구 동곡로 846 (운수동),1,0,0,062-942-5570
A0020680,운천주유소,HD현대오일뱅크,전남광주 서구,전남광주,서구,전남광주통합특별시 서구 상무대로 758,1,0,0,062-383-5182
A0020682,서강주유소,SK에너지,전남광주 광산구,전남광주,광산구,전남광주통합특별시 광산구 목련로 250,0,0,0,062-951-5149
A0020684,(유)신상무주유소,SK에너지,전남광주 서구,전남광주,서구,전남광주 서구 운천로 170,1,0,0,062-384-5185
A0020685,신용구도일주유소,S-OIL,전남광주 북구,전남광주,북구,전남광주통합특별시 북구 임방울대로 953,1,0,1,062-576-5200
A0020699,상무주유소,GS칼텍스,전남광주 서구,전남광주,서구,전남광주통합특별시 서구 풍서우로 408,1,0,0,062-372-6364
A0020700,대동에너지주유소,HD현대오일뱅크,전남광주 서구,전남광주,서구,전남광주통합특별시 서구 회재로 783,1,0,0,062-674-2700
A0020701,(유)모우리주유소,알뜰주유소,전남광주 광산구,전남광주,광산구,전남광주통합특별시 광산구 소촌로 68 (소촌동),1,1,1,062-944-9553
A0020702,부일주유소,S-OIL,전남광주 서구,전남광주,서구,전남광주통합특별시 서구 상무대로 933,1,0,0,062-943-5179
A0020703,CJ대한통운㈜ 더운반주유소,GS칼텍스,전남광주 광산구,전남광주,광산구,전남광주통합특별시 광산구 사암로 708,1,0,1,062-955-6050
A0020704,(주)돼지꿈주유소(H),HD현대오일뱅크,전남광주 광산구,전남광주,광산구,전남광주통합특별시 광산구 동곡로 839,1,0,0,062-941-1072
A0020705,(주)평동제일주유소,알뜰주유소,전남광주 광산구,전남광주,광산구,전남광주통합특별시 광산구 동곡로 552 (장록동),1,0,1,062-945-8421
A0020706,더푸른㈜,HD현대오일뱅크,전남광주 서구,전남광주,서구,전남광주통합특별시 서구 내방로 264,1,0,1,062-375-8161
A0020707,신창 구도일주유소,S-OIL,전남광주 광산구,전남광주,광산구,전남광주 광산구 북문대로 350,1,0,1,062-961-5188
A0020711,(유)썬에너지 가득주유소,S-OIL,전남광주 목포시,전남광주,목포시,전남광주통합특별시 목포시 백년대로 233,1,0,1,061-285-5532
A0020712,해제주유소,GS칼텍스,전남광주 무안군,전남광주,무안군,전남광주통합특별시 무안군 해제면 현해로 1699,0,0,1,061-452-6150
A0020716,남산주유소,GS칼텍스,전남광주 강진군,전남광주,강진군,전남광주통합특별시 강진군 성전면 송계로 538,1,0,0,061-433-3245
A0020718,유토피아주유소,S-OIL,전남광주 영암군,전남광주,영암군,전남광주통합특별시 영암군 삼호읍 녹색로 991,1,0,1,061-462-7788
A0020723,운남주유소,SK에너지,전남광주 무안군,전남광주,무안군,전남광주통합특별시 무안군 운남면 운해로 636,1,0,1,061-452-7900
A0020725,연산주유소,알뜰주유소,전남광주 목포시,전남광주,목포시,전남광주통합특별시 목포시 고하대로 802,1,0,1,061-273-3254
A0020729,대영주유소,GS칼텍스,전남광주 영암군,전남광주,영암군,전남광주통합특별시 영암군 삼호읍 녹색로 1776,1,0,0,061-471-5155
A0020739,유달주유소,GS칼텍스,전남광주 무안군,전남광주,무안군,전남광주통합특별시 무안군 삼향읍 영산로 1018,1,0,0,061-281-5000
A0020751,조은주유소,GS칼텍스,전남광주 목포시,전남광주,목포시,전남광주통합특별시 목포시 삼학로183번길 1 (산정동),1,0,1,061-244-9990
A0020756,새도림주유소,SK에너지,전남광주 무안군,전남광주,무안군,전남광주통합특별시 무안군 청계면 영산로 1768,0,0,0,061-452-8878
A0020769,고하대로주유소,S-OIL,전남광주 목포시,전남광주,목포시,전남광주통합특별시 목포시 고하대로 814,1,0,1,061-276-5151
A0020778,덕월주유소,HD현대오일뱅크,전남광주 순천시,전남광주,순천시,전남광주통합특별시 순천시 상사호길 46 (덕월동),0,0,0,061-743-4485
A0020781,SK목포셀프주유소,SK에너지,전남광주 목포시,전남광주,목포시,전남광주통합특별시 목포시 양을로 253 (용해동),1,0,0,061-276-3443
A0020783,㈜해안주유소,HD현대오일뱅크,전남광주 목포시,전남광주,목포시,전남광주통합특별시 목포시 산정로 122,1,0,0,061-279-5929
A0020788,목포농협주유소3호점,NH-OIL,전남광주 목포시,전남광주,목포시,전남광주통합특별시 목포시 고하대로 820 (연산동),1,1,1,061-276-1900
A0020789,세지예향주유소,알뜰주유소,전남광주 나주시,전남광주,나주시,전남광주통합특별시 나주시 세지면 예향로 3014,1,0,1,061-337-3342
A0020797,동네방네주유소,HD현대오일뱅크,전남광주 나주시,전남광주,나주시,전남광주 나주시 영산로 4732,1,0,0,061-334-1919
A0020800,삼향농협주유소,SK에너지,전남광주 무안군,전남광주,무안군,전남광주통합특별시 무안군 삼향읍 임성로 174,0,0,1,061-284-4451
A0020807,장기주유소,S-OIL,세종시,세종시,세종시,세종특별자치시 장군면 장척로 408-7,0,0,1,044-857-3334
A0020813,F1주유소,S-OIL,전남광주 영암군,전남광주,영암군,전남광주통합특별시 영암군 삼호읍 관광레저로 2708,0,0,0,061-462-0089
A0020814,삼호농협주유소,NH-OIL,전남광주 영암군,전남광주,영암군,전남광주통합특별시 영암군 삼호읍 녹색로 1210,0,1,1,061-461-5151
A0020820,도청주유소,알뜰주유소,전남광주 목포시,전남광주,목포시,전남광주 목포시 녹색로 139,1,0,1,061-285-5187
A0020821,대산주유소,S-OIL,전남광주 강진군,전남광주,강진군,전남광주통합특별시 강진군 도암면 강진서부로 520,1,0,0,061-432-8877
A0020824,갓바위주유소,SK에너지,전남광주 목포시,전남광주,목포시,전남광주통합특별시 목포시 백년대로 190,1,0,0,061-278-9999
A0020828,남부주유소,S-OIL,전남광주 목포시,전남광주,목포시,전남광주통합특별시 목포시 용당로 76 (산정동),0,0,0,061-278-3732
A0020830,광장주유소,GS칼텍스,전남광주 목포시,전남광주,목포시,전남광주 목포시 백년대로 234 (상동),1,0,0,061-281-2384
A0020831,우리주유소,SK에너지,전남광주 영암군,전남광주,영암군,전남광주통합특별시 영암군 삼호읍 녹색로 822,0,0,0,061-462-6849
A0020840,자동주유소,S-OIL,전남광주 신안군,전남광주,신안군,전남광주통합특별시 신안군 지도읍 해제지도로 779,0,0,0,061-262-0360
A0020845,신외항주유소,HD현대오일뱅크,전남광주 영암군,전남광주,영암군,전남광주통합특별시 영암군 삼호읍 대불로 749,1,0,0,061-464-5151
A0020846,효정주유소,S-OIL,전남광주 영암군,전남광주,영암군,전남광주통합특별시 영암군 삼호읍 녹색로 806,1,0,0,061-462-9331
A0020848,하랑주유소,GS칼텍스,전남광주 영암군,전남광주,영암군,전남광주 영암군 삼호읍 녹색로 949,1,0,0,061-462-5182
A0020863,삼호주유소,알뜰주유소,전남광주 영암군,전남광주,영암군,전남광주통합특별시 영암군 삼호읍 녹색로 1530,1,0,1,061-464-9116
A0020864,서해목포주유소,GS칼텍스,전남광주 목포시,전남광주,목포시,전남광주통합특별시 목포시 고하대로 806,1,0,1,061-273-1650
A0020866,태양주유소,S-OIL,전남광주 목포시,전남광주,목포시,전남광주통합특별시 목포시 옥암로 54,0,0,0,061-281-3220
A0020868,동부주유소,SK에너지,전남광주 무안군,전남광주,무안군,전남광주통합특별시 무안군 해제면 현해로 1441,0,0,0,061-453-6077
A0020871,일로유달주유소,GS칼텍스,전남광주 무안군,전남광주,무안군,전남광주통합특별시 무안군 삼일로 554,1,0,0,061-281-8181
A0020872,지에스칼텍스(주)남악신도시주유소,GS칼텍스,전남광주 목포시,전남광주,목포시,전남광주통합특별시 목포시 남악로 51,1,0,1,061-282-5189
A0020873,합동셀프주유소,GS칼텍스,전남광주 목포시,전남광주,목포시,전남광주통합특별시 목포시 영산로 696,1,0,0,061-282-0500
A0020876,공항주유소,S-OIL,전남광주 무안군,전남광주,무안군,전남광주통합특별시 무안군 무안읍 공항로 128-1,0,0,0,061-452-8525
A0020878,천장주유소,HD현대오일뱅크,전남광주 무안군,전남광주,무안군,전남광주 무안군 해제면 현해로 2093,0,0,0,061-452-6455
A0020880,창조주유소,GS칼텍스,전남광주 목포시,전남광주,목포시,전남광주통합특별시 목포시 백년대로 197(용해동),1,0,0,061-274-5160
A0020881,(주)현대셀프주유소,HD현대오일뱅크,전남광주 목포시,전남광주,목포시,전남광주통합특별시 목포시 백년대로 202-1,1,0,0,061-279-9077
A0020883,샘주유소,HD현대오일뱅크,전남광주 신안군,전남광주,신안군,전남광주통합특별시 신안군 지도읍 해제지도로 1153,0,0,0,061-275-1199
A0020885,중앙주유소,SK에너지,전남광주 목포시,전남광주,목포시,전남광주통합특별시 목포시 산정로 48 (산정동),0,0,1,061-245-5549
A0020888,동암주유소,GS칼텍스,전남광주 영암군,전남광주,영암군,전남광주통합특별시 영암군 삼호읍 녹색로 1187,1,0,1,061-462-9909
A0020890,OK주유소,GS칼텍스,전남광주 영암군,전남광주,영암군,전남광주통합특별시 영암군 삼호읍 녹색로 1627,1,0,0,061-471-0055
A0020891,신안주유소,S-OIL,전남광주 목포시,전남광주,목포시,전남광주통합특별시 목포시 북항로 175,0,0,1,061-243-0255
A0020893,영화주유소,SK에너지,전남광주 무안군,전남광주,무안군,전남광주 무안군 일로읍 삼일로 890,0,0,0,061-285-9379
A0020896,제일주유소,GS칼텍스,전남광주 목포시,전남광주,목포시,전남광주통합특별시 목포시 양을로 75 (산정동),1,0,0,061-276-8855
A0020899,공항에너지,S-OIL,전남광주 무안군,전남광주,무안군,전남광주통합특별시 무안군 망운면 청운로 767,1,0,0,061-802-0021
A0020903,청호주유소,SK에너지,전남광주 무안군,전남광주,무안군,전남광주통합특별시 무안군 청계면 영산로 1713,0,0,1,061-452-5011
A0020906,남양주유소,HD현대오일뱅크,전남광주 무안군,전남광주,무안군,전남광주통합특별시 무안군 무안읍 무안로 519,1,0,0,000-000-0000
A0020908,신대림주유소,HD현대오일뱅크,전남광주 무안군,전남광주,무안군,전남광주통합특별시 무안군 현경면 현해로 639,0,0,0,061-000-0000
A0020910,망운주유소,SK에너지,전남광주 무안군,전남광주,무안군,전남광주통합특별시 무안군 망운면 운해로 1460,0,0,0,061-452-1769
A0020914,신안1004주유소,HD현대오일뱅크,전남광주 신안군,전남광주,신안군,전남광주통합특별시 신안군 압해면 압해로 611,0,0,0,061-271-7758
A0020915,푸른주유소,HD현대오일뱅크,전남광주 목포시,전남광주,목포시,전남광주통합특별시 목포시 대양로 371,0,0,0,061-282-8111
A0020916,남경주유소,S-OIL,전남광주 목포시,전남광주,목포시,전남광주통합특별시 목포시 삼학로 125 (산정동),0,0,0,061-245-5101
A0020921,용앙주유소,S-OIL,전남광주 영암군,전남광주,영암군,전남광주통합특별시 영암군 삼호읍 삼호중앙로 241,0,0,0,061-462-5188
A0020929,(유)동화주유소,HD현대오일뱅크,전남광주 목포시,전남광주,목포시,전남광주통합특별시 목포시 산정로 326,1,0,1,061-279-5952
A0020931,㈜무안고속주유소,S-OIL,전남광주 무안군,전남광주,무안군,전남광주통합특별시 무안군 무안읍 영산로 3085,1,0,0,061-453-0500
A0020937,(유)서영암주유소,S-OIL,전남광주 영암군,전남광주,영암군,전남광주통합특별시 영암군 삼호읍 대불로 410,0,0,0,061-464-6006
A0020941,목포제일주유소,HD현대오일뱅크,전남광주 목포시,전남광주,목포시,전남광주통합특별시 목포시 영산로 782,0,0,1,061-287-5188
A0020942,반석주유소,GS칼텍스,전남광주 영암군,전남광주,영암군,전남광주 영암군 삼호읍 대불로 148,1,0,1,061-461-6000
A0020943,㈜박상술주유소,GS칼텍스,전남광주 영암군,전남광주,영암군,전남광주통합특별시 영암군 삼호읍 대불로 184,1,0,1,061-464-2347
A0020945,(유)목포IC주유소,S-OIL,전남광주 목포시,전남광주,목포시,전남광주통합특별시 목포시 영산로 834 (대양동),0,0,0,061-282-5140
A0020946,터미널주유소,HD현대오일뱅크,전남광주 목포시,전남광주,목포시,전남광주통합특별시 목포시 영산로 536 (상동),1,0,0,061-283-0386
A0020947,청호주유소,HD현대오일뱅크,전남광주 목포시,전남광주,목포시,전남광주통합특별시 목포시 청호로 110-1,1,0,0,061-272-5189
A0020948,(유)해양주유소,S-OIL,전남광주 영암군,전남광주,영암군,전남광주통합특별시 영암군 삼호읍 녹색로 1397,0,0,0,061-464-0296
A0020950,장부다리주유소,SK에너지,전남광주 무안군,전남광주,무안군,전남광주통합특별시 무안군 영산로 1450,0,0,0,061-453-7877
A0020951,대성주유소,GS칼텍스,전남광주 무안군,전남광주,무안군,전남광주통합특별시 무안군 청계면 영산로 1968,0,0,0,061-452-5400
A0020952,태양로지스틱㈜ 골드주유소,S-OIL,전남광주 영암군,전남광주,영암군,전남광주 영암군 삼호읍 대불로 609,1,0,1,061-813-0131
A0020956,(유)비치주유소,SK에너지,전남광주 목포시,전남광주,목포시,전남광주통합특별시 목포시 고하대로 682 (산정동),1,0,0,061-276-3800
A0020957,(유)현경주유소,HD현대오일뱅크,전남광주 무안군,전남광주,무안군,전남광주통합특별시 무안군 현경면 현해로 105,0,0,0,061-452-2027
A0020958,CJ대한통운㈜ 대불산단주유소,GS칼텍스,전남광주 영암군,전남광주,영암군,전남광주통합특별시 영암군 삼호읍 대불로 795,0,0,1,061-464-8841
A0020959,(유)무안으뜸주유소,SK에너지,전남광주 무안군,전남광주,무안군,전남광주 무안군 현경면 장군로 482,0,0,0,061-453-6425
A0020962,(유)썬에너지 더드림주유소,GS칼텍스,전남광주 목포시,전남광주,목포시,전남광주통합특별시 목포시 영산로 660,1,0,0,061-282-0456
A0020963,남도주유소,S-OIL,전남광주 목포시,전남광주,목포시,전남광주통합특별시 목포시 영산로 722,0,0,0,061-284-5150
A0020964,(유)상아주유소,GS칼텍스,전남광주 무안군,전남광주,무안군,전남광주통합특별시 무안군 삼향읍 삼일로 232,0,0,0,061-282-1704
A0020965,그랑프리주유소,HD현대오일뱅크,전남광주 영암군,전남광주,영암군,전남광주통합특별시 영암군 삼호읍 용당로 94,0,0,0,061-464-2525
A0020967,비금농협주유소,NH-OIL,전남광주 신안군,전남광주,신안군,전남광주통합특별시 신안군 비금면 서남문로 791,0,0,1,061-275-0389
A0020968,남신안농협주유소,NH-OIL,전남광주 신안군,전남광주,신안군,전남광주통합특별시 신안군 하의면 곰실길 11-33,0,0,1,061-275-1618
A0020969,남신안농협장산지점 주유소,NH-OIL,전남광주 신안군,전남광주,신안군,전남광주 신안군 장산면 아미산길 1,0,0,1,061-271-0836
A0020970,임자농협주유소,NH-OIL,전남광주 신안군,전남광주,신안군,전남광주통합특별시 신안군 임자면 임자로 129-1,0,0,1,061-275-8166
A0020972,몽탄농협주유소,NH-OIL,전남광주 무안군,전남광주,무안군,전남광주통합특별시 무안군 몽탄면 몽탄로 830,0,0,1,061-454-5182
A0020973,남신안농협신의지점 주유소,NH-OIL,전남광주 신안군,전남광주,신안군,전남광주 신안군 신의면 상동길 21,0,0,1,061-271-7068
A0020974,신안농협주유소,NH-OIL,전남광주 신안군,전남광주,신안군,전남광주통합특별시 신안군 암태면 중부로 1817,0,0,1,061-271-7744
A0020975,신안농협 자은지점주유소,NH-OIL,전남광주 신안군,전남광주,신안군,전남광주통합특별시 신안군 자은면 구영2길 18,0,0,1,061-271-8020
A0020976,도초농협주유소 화도지점,NH-OIL,전남광주 신안군,전남광주,신안군,전남광주통합특별시 신안군 도초면 서남문로 1311,0,0,1,061-275-2218
A0020977,신안농협 안좌지점주유소,NH-OIL,전남광주 신안군,전남광주,신안군,전남광주통합특별시 신안군 안좌면 김환기길 11-58,0,0,1,061-261-8066
A0020978,북신안농협주유소,NH-OIL,전남광주 신안군,전남광주,신안군,전남광주통합특별시 신안군 증도면 증도길 389,0,0,1,061-271-0273
A0020979,무안농협클린주유소,NH-OIL,전남광주 무안군,전남광주,무안군,전남광주통합특별시 무안군 현경면 공항로 566,0,0,1,061-453-5156
A0020980,압해농협주유소,NH-OIL,전남광주 신안군,전남광주,신안군,전남광주통합특별시 신안군 압해읍 압해로 836,0,0,1,061-271-0524
A0020981,일로농협주유소,SK에너지,전남광주 무안군,전남광주,무안군,전남광주통합특별시 무안군 일로읍 일로로 1,0,0,1,061-281-3159
A0020982,목포농협주유소,SK에너지,전남광주 목포시,전남광주,목포시,전남광주통합특별시 목포시 영산로 716 (석현동),0,0,1,061-285-3700
A0020983,목포농협주유소2호점,NH-OIL,전남광주 목포시,전남광주,목포시,전남광주통합특별시 목포시 삼학로 341 (용해동),1,0,1,061-277-2900
A0020987,(유)삼거리주유소,S-OIL,전남광주 무안군,전남광주,무안군,전남광주통합특별시 무안군 청계면 영산로 2120,0,0,0,061-452-5745
A0020989,HD현대오일뱅크㈜직영 호남제일주유소,HD현대오일뱅크,전남광주 목포시,전남광주,목포시,전남광주통합특별시 목포시 영산로 848 (대양동),0,0,1,061-282-0051
A0020993,SK에너지(주) 신도시주유소,SK에너지,전남광주 목포시,전남광주,목포시,전남광주통합특별시 목포시 백년대로 281 (상동),0,0,1,061-282-3779
A0020996,HD현대오일뱅크㈜직영 바다주유소,HD현대오일뱅크,전남광주 목포시,전남광주,목포시,전남광주통합특별시 목포시 평화로 160,0,0,1,061-284-5189
A0021004,용해주유소,S-OIL,전남광주 목포시,전남광주,목포시,전남광주통합특별시 목포시 대양로 153,0,0,0,061-278-5189
A0021015,대불항주유소 (주)미광티엔씨,GS칼텍스,전남광주 영암군,전남광주,영암군,전남광주통합특별시 영암군 삼호읍 대불로 737,1,0,0,061-462-0306
A0021020,독천주유소,S-OIL,전남광주 영암군,전남광주,영암군,전남광주통합특별시 영암군 학산면 독천로 272,1,0,0,061-472-4051
A0021026,청기와주유소,SK에너지,전남광주 함평군,전남광주,함평군,전남광주통합특별시 함평군 함평읍 남일길 237,1,0,0,061-324-2626
A0021027,e-조은주유소,S-OIL,전남광주 강진군,전남광주,강진군,전남광주통합특별시 강진군 성전면 예향로 664,0,0,0,061-433-4010
A0021028,백제주유소,SK에너지,전남광주 나주시,전남광주,나주시,전남광주통합특별시 나주시 세지면 동창로 154,0,0,0,061-331-5188
A0021040,마한농협양산주유소,NH-OIL,전남광주 나주시,전남광주,나주시,전남광주통합특별시 나주시 왕곡면 예향로 3531,1,1,1,061-337-5785
A0021043,성실주유소,HD현대오일뱅크,전남광주 함평군,전남광주,함평군,전남광주통합특별시 함평군 대동면 함장로 1661,0,0,0,061-323-5700
A0021044,대동주유소,HD현대오일뱅크,전남광주 영암군,전남광주,영암군,전남광주통합특별시 영암군 영암읍 영암로 1526,0,0,0,061-471-5184
A0021053,송월주유소,S-OIL,전남광주 나주시,전남광주,나주시,전남광주통합특별시 나주시 예향로 4191 (송월동),0,0,0,061-334-4800
A0021054,㈜대원 노안제일주유소,HD현대오일뱅크,전남광주 나주시,전남광주,나주시,전남광주통합특별시 나주시 노안면 건재로 683,1,0,0,061-333-7319
A0021057,더그린㈜ 푸른주유소,GS칼텍스,전남광주 광산구,전남광주,광산구,전남광주통합특별시 광산구 동곡로 104,1,0,1,062-943-9292
A0021064,도래샘,GS칼텍스,전남광주 영암군,전남광주,영암군,전남광주통합특별시 영암군 시종면 고분로 180,0,0,0,061-471-2332
A0021067,에스에이치 네트웍스(주) 직영점,GS칼텍스,경기 광주시,경기,광주시,경기 광주시 순암로 176 (중대동),1,0,1,031-763-8980
A0021075,목포나들목주유소,SK에너지,전남광주 목포시,전남광주,목포시,전남광주통합특별시 목포시 영산로 811,0,0,0,061-285-5189
A0021077,중앙주유소,SK에너지,전남광주 나주시,전남광주,나주시,전남광주통합특별시 나주시 예향로 3810 (이창동),0,0,0,061-332-2060
A0021078,서남주유소,GS칼텍스,전북 남원시,전북,남원시,전북 남원시 춘향로 300,0,0,0,063-635-6114
A0021079,나비주유소,HD현대오일뱅크,전남광주 함평군,전남광주,함평군,전남광주통합특별시 함평군 함평읍 중앙길 11,0,0,0,061-322-2208
A0021084,남고문Self주유소,SK에너지,전남광주 나주시,전남광주,나주시,전남광주통합특별시 나주시 남고문로 72,1,0,0,061-337-4451
A0021087,(주)화성홈런주유소,HD현대오일뱅크,경기 화성시,경기,화성시,경기 화성시 효행구 정남면 서봉로 863,1,0,0,031-8059-2526
A0021091,나주혁신주유소,GS칼텍스,전남광주 나주시,전남광주,나주시,전남광주통합특별시 나주시 산포면 영산로 6022,1,0,1,061-337-5149
A0021092,양산주유소(SK),SK에너지,전남광주 나주시,전남광주,나주시,전남광주통합특별시 나주시 왕곡면 예향로 3379,0,0,0,061-337-8886
A0021095,동일주유소,GS칼텍스,전남광주 나주시,전남광주,나주시,전남광주 나주시 남평읍 지석로 764,0,0,0,061-337-5329
A0021097,보산주유소(SK),SK에너지,전남광주 나주시,전남광주,나주시,전남광주통합특별시 나주시 영산로 5087 (보산동),0,0,0,061-334-0432
A0021101,신황주유소,SK에너지,전남광주 나주시,전남광주,나주시,전남광주통합특별시 나주시 봉황면 봉황로 347,0,0,0,061-334-7769
A0021108,광남주유소,HD현대오일뱅크,전남광주 나주시,전남광주,나주시,전남광주통합특별시 나주시 남평읍 남평1로 54,0,0,0,061-331-2331
A0021114,세지주유소,SK에너지,전남광주 나주시,전남광주,나주시,전남광주통합특별시 나주시 세지면 예향로 3187,0,0,0,061-337-5533
A0021115,빛가람주유소,S-OIL,전남광주 나주시,전남광주,나주시,전남광주통합특별시 나주시 금천면 영산로 5680,1,0,0,061-331-3138
A0021119,미래주유소,S-OIL,전남광주 나주시,전남광주,나주시,전남광주통합특별시 나주시 나주서부로 205 (동수동),0,0,0,061-331-3380
A0021126,남평주유소,SK에너지,전남광주 나주시,전남광주,나주시,전남광주통합특별시 나주시 남평읍 남평1로 36,0,0,0,061-331-2008
A0021136,대창주유소,SK에너지,전남광주 함평군,전남광주,함평군,전남광주통합특별시 함평군 함평읍 중앙길 57,0,0,0,061-322-2140
A0021148,월광주유소,S-OIL,전남광주 나주시,전남광주,나주시,전남광주통합특별시 나주시 다시면 영산로 4469,1,0,0,061-336-3800
A0021156,광목주유소,GS칼텍스,전남광주 함평군,전남광주,함평군,전남광주통합특별시 함평군 학교면 함영로 490,1,0,0,061-322-7772
A0021157,산제주유소,HD현대오일뱅크,전남광주 나주시,전남광주,나주시,전남광주통합특별시 나주시 산포면 세남로 1374,0,0,0,061-336-8877
A0021159,회문주유소,GS칼텍스,전남광주 영암군,전남광주,영암군,전남광주통합특별시 영암군 영암읍 영암로 1401,0,0,0,061-471-5950
A0021161,대흥주유소,HD현대오일뱅크,전남광주 나주시,전남광주,나주시,전남광주통합특별시 나주시 세지면 예향로 3174,1,0,0,061-331-5929
A0021172,바보주유소,S-OIL,경남 사천시,경남,사천시,경남 사천시 삼천포대교로 485,0,0,0,055-832-1818
A0021174,빛그린주유소,S-OIL,전남광주 함평군,전남광주,함평군,전남광주통합특별시 함평군 월야면 영광로 3148,0,0,0,061-323-7228
A0021176,주포주유소,GS칼텍스,전남광주 함평군,전남광주,함평군,전남광주통합특별시 함평군 함평읍 함영로 1389,0,0,0,061-324-4600
A0021187,지에스칼텍스㈜여수산단주유소,GS칼텍스,전남광주 여수시,전남광주,여수시,전남광주통합특별시 여수시 여수산단1로 188 (화치동),0,0,1,061-692-2200
A0021189,㈜대원 동신주유소,S-OIL,전남광주 나주시,전남광주,나주시,전남광주 나주시 건재로 89,1,0,1,061-333-5105
A0021211,오장성주유소,HD현대오일뱅크,전남광주 영암군,전남광주,영암군,전남광주통합특별시 영암군 신북면 예향로 2720,0,0,0,061-472-5282
A0021212,우진주유소,S-OIL,전남광주 영암군,전남광주,영암군,전남광주통합특별시 영암군 학산면 녹색로 3033,0,0,0,061-473-9445
A0021213,정다운주유소,S-OIL,전남광주 나주시,전남광주,나주시,전남광주통합특별시 나주시 세지면 예향로 3230,0,0,0,061-337-2533
A0021217,대운주유소,GS칼텍스,전남광주 화순군,전남광주,화순군,전남광주통합특별시 화순군 화순읍 화보로 4157,1,0,0,061-371-5149
A0021223,(유)신도시주유소,알뜰주유소,전남광주 나주시,전남광주,나주시,전남광주통합특별시 나주시 금천면 빛가람장성로 2045,1,0,1,061-331-5149
A0021230,남부주유소,S-OIL,전남광주 나주시,전남광주,나주시,전남광주통합특별시 나주시 가마태길 33,0,0,0,061-336-1585
A0021231,연안주유소,S-OIL,전남광주 영암군,전남광주,영암군,전남광주통합특별시 영암군 신북면 예향로 2453,0,0,0,061-472-5180
A0021234,전남소비자협동조합 영암주유소,자가상표,전남광주 영암군,전남광주,영암군,전남광주통합특별시 영암군 신북면 예향로 2378,1,0,0,061-472-9988
A0021236,금정에너지㈜,SK에너지,전남광주 나주시,전남광주,나주시,전남광주통합특별시 나주시 건재로 330,1,0,0,0
A0021242,일등에너지,GS칼텍스,전남광주 나주시,전남광주,나주시,전남광주통합특별시 나주시 남평읍 영산로 6685,0,0,0,061-337-5900
A0021245,영산주유소,GS칼텍스,전남광주 나주시,전남광주,나주시,전남광주통합특별시 나주시 왕곡면 예향로 3677,0,0,0,061-334-3417
A0021247,신원에너지(주) 황금주유소,자가상표,전남광주 영암군,전남광주,영암군,전남광주통합특별시 영암군 영암읍 예향로 1320,0,0,0,061-473-6600
A0021251,㈜원 으뜸주유소,HD현대오일뱅크,전남광주 나주시,전남광주,나주시,전남광주 나주시 산포면 영산로 6025,1,0,0,061-332-7319
A0021253,우둥주유소,HD현대오일뱅크,전남광주 나주시,전남광주,나주시,전남광주통합특별시 나주시 세지면 예향로 2993,0,0,0,061-337-6627
A0021255,나주IC주유소,HD현대오일뱅크,전남광주 나주시,전남광주,나주시,전남광주통합특별시 나주시 노안면 노안삼도로 460,0,0,0,061-335-7001
A0021256,인근주유소,SK에너지,전남광주 나주시,전남광주,나주시,전남광주통합특별시 나주시 남평읍 산남로 189,0,0,1,061-331-0251
A0021257,대동주유소,GS칼텍스,전남광주 나주시,전남광주,나주시,전남광주통합특별시 나주시 동강면 동강로 246,0,0,0,061-337-2456
A0021261,죽석주유소,S-OIL,전남광주 나주시,전남광주,나주시,전남광주통합특별시 나주시 봉황면 세남로 719,0,0,0,061-331-9506
A0021269,서창주유소,HD현대오일뱅크,전남광주 영암군,전남광주,영암군,전남광주통합특별시 영암군 삼호읍 녹색로 1805,0,0,0,061-473-8488
A0021270,광영우리주유소,알뜰주유소,전남광주 광양시,전남광주,광양시,전남광주통합특별시 광양시 광영로 108 (광영동),1,0,1,061-793-5181
A0021276,북신안농협주유소 본점,NH-OIL,전남광주 신안군,전남광주,신안군,전남광주통합특별시 신안군 지도읍 해제지도로 784,0,0,1,061-262-0511
A0021283,오렌지주유소,GS칼텍스,전남광주 나주시,전남광주,나주시,전남광주통합특별시 나주시 문평면 영산로 4346,1,0,0,061-333-7750
A0021285,(유)무안IC주유소,GS칼텍스,전남광주 함평군,전남광주,함평군,전남광주통합특별시 함평군 엄다면 영산로 3189,0,0,0,061-323-5149
A0021291,(유)안전에너지주유소,SK에너지,전남광주 나주시,전남광주,나주시,전남광주통합특별시 나주시 나주서부로 97,0,0,0,061-332-5182
A0021292,(주)금구주유소,SK에너지,전남광주 나주시,전남광주,나주시,전남광주통합특별시 나주시 금천면 영산로 5848,1,0,0,061-337-5155
A0021294,시골주유소,GS칼텍스,전남광주 영암군,전남광주,영암군,전남광주통합특별시 영암군 신북면 예향로 2652,0,0,0,061-472-4600
A0021295,세지농협주유소,NH-OIL,전남광주 나주시,전남광주,나주시,전남광주통합특별시 나주시 세지면 예향로 3138,1,1,1,061-337-5087
A0021300,손불농협주유소,NH-OIL,전남광주 함평군,전남광주,함평군,전남광주통합특별시 함평군 손불면 손불중앙길 76-13,0,0,1,061-323-5188
A0021301,월야농협주유소,HD현대오일뱅크,전남광주 함평군,전남광주,함평군,전남광주통합특별시 함평군 월야면 밀재로 1516,0,0,1,061-323-1058
A0021302,영암낭주농협 도포주유소,NH-OIL,전남광주 영암군,전남광주,영암군,전남광주통합특별시 영암군 도포면 마한로 687,0,0,1,061-471-1884
A0021303,영암낭주농협 덕진주유소,NH-OIL,전남광주 영암군,전남광주,영암군,전남광주통합특별시 영암군 덕진면 예향로 1855,0,0,1,061-473-8840
A0021306,노안농협주유소,NH-OIL,전남광주 나주시,전남광주,나주시,전남광주통합특별시 나주시 노안면 학산길 1,0,0,1,061-335-8645
A0021308,나비골농협 나산지점,HD현대오일뱅크,전남광주 함평군,전남광주,함평군,전남광주통합특별시 함평군 나산면 나산길 21,0,0,1,061-322-8813
A0021309,군서농협주유소,NH-OIL,전남광주 영암군,전남광주,영암군,전남광주통합특별시 영암군 군서면 왕인로 525,0,0,1,061-472-0277
A0021310,공산농협주유소,NH-OIL,전남광주 나주시,전남광주,나주시,전남광주통합특별시 나주시 공산면 공산로 142,0,0,1,061-335-3030
A0021312,천지농협주유소,NH-OIL,전남광주 함평군,전남광주,함평군,전남광주통합특별시 함평군 학교면 함영로 630,0,0,1,061-322-7711
A0021313,마한농협주유소(H),NH-OIL,전남광주 나주시,전남광주,나주시,전남광주통합특별시 나주시 반남면 고분로 610,0,0,1,061-330-5619
A0021314,월출산농협시종주유소,NH-OIL,전남광주 영암군,전남광주,영암군,전남광주통합특별시 영암군 시종면 마한로 1246,0,0,1,061-472-0136
A0021315,금천농협주유소,NH-OIL,전남광주 나주시,전남광주,나주시,전남광주  나주시 금천면 영산로 5845,0,0,1,061-331-7280
A0021316,서영암농협 미암지점,NH-OIL,전남광주 영암군,전남광주,영암군,전남광주통합특별시 영암군 미암면 흑석로 1569-101,0,0,1,061-471-1504
A0021317,함평농협주유소,SK에너지,전남광주 함평군,전남광주,함평군,전남광주통합특별시 함평군 함평읍 함영로 1348,0,0,1,061-324-5189
A0021318,월출산농협주유소,NH-OIL,전남광주 영암군,전남광주,영암군,전남광주통합특별시 영암군 서호면 선사주거로 354,0,0,1,061-473-0218
A0021319,신북농협주유소,NH-OIL,전남광주 영암군,전남광주,영암군,전남광주통합특별시 영암군 신북면  예향로 2508,0,1,1,061-472-5550
A0021323,HD현대오일뱅크㈜직영 금강주유소,HD현대오일뱅크,전남광주 영암군,전남광주,영암군,전남광주통합특별시 영암군 덕진면 예향로 1860-12,0,0,1,061-473-7795
A0021336,대보디앤에스㈜함평나비(무안)주유소/충전소,알뜰(ex),전남광주 함평군,전남광주,함평군,전남광주통합특별시 함평군 엄다면 무안광주고속도로 11-1,1,1,1,061-323-8867
A0021340,태경산업(주)함평무안주유소,알뜰(ex),전남광주 함평군,전남광주,함평군,전남광주통합특별시 함평군 함평읍 서해안고속도로 31-1,1,1,1,061-324-4136
A0021341,청정이엔지㈜ 나주점,GS칼텍스,전남광주 나주시,전남광주,나주시,전남광주통합특별시 나주시 노안면 건재로 718,1,0,0,061-000-0000
A0021344,부건주유소,GS칼텍스,전남광주 나주시,전남광주,나주시,전남광주통합특별시 나주시 금천면 영산로 5703,1,0,1,0
A0021347,거금주유소,GS칼텍스,전남광주 고흥군,전남광주,고흥군,전남광주 고흥군 금산면 거금일주로 166,0,0,1,061-842-8080
A0021351,고향주유소,SK에너지,전남광주 고흥군,전남광주,고흥군,전남광주통합특별시 고흥군 포두면 우주로 829,0,0,0,061-832-5424
A0021353,벌교주유소,HD현대오일뱅크,전남광주 보성군,전남광주,보성군,전남광주 보성군 벌교읍 채동선로 190,1,0,0,061-858-5151
A0021356,호천주유소,HD현대오일뱅크,전남광주 고흥군,전남광주,고흥군,전남광주통합특별시 고흥군 고흥읍 우주로 97,1,0,1,061-833-1819
A0021360,연산주유소,SK에너지,전남광주 보성군,전남광주,보성군,전남광주통합특별시 보성군 벌교읍 조정래길 261,0,0,0,061-857-8485
A0021361,해피주유소,S-OIL,전남광주 고흥군,전남광주,고흥군,전남광주통합특별시 고흥군 점암면 우주항공로 2901,0,0,0,061-832-3001
A0021362,조일주유소,SK에너지,전남광주 여수시,전남광주,여수시,전남광주통합특별시 여수시 여수산단로 60 (주삼동),0,0,0,061-683-5151
A0021364,파랑새주유소,HD현대오일뱅크,전남광주 고흥군,전남광주,고흥군,전남광주통합특별시 고흥군 점암면 우주항공로 2878,0,0,0,061-833-5189
A0021367,청정주유소,HD현대오일뱅크,전남광주 화순군,전남광주,화순군,전남광주통합특별시 화순군 화순읍 화보로 3904,0,0,0,061-374-3904
A0021368,다향주유소,GS칼텍스,전남광주 보성군,전남광주,보성군,전남광주 보성군 회천면 남부관광로 2018,1,0,0,061-853-1858
A0021371,고흥주유소,GS칼텍스,전남광주 고흥군,전남광주,고흥군,전남광주통합특별시 고흥군 고흥읍 터미널길 6,0,0,0,061-835-4747
A0021376,신양주유소,HD현대오일뱅크,전남광주 고흥군,전남광주,고흥군,전남광주통합특별시 고흥군 도덕면 고흥로 648,0,0,1,061-844-9900
A0021377,동일주유소,SK에너지,전남광주 고흥군,전남광주,고흥군,전남광주통합특별시 고흥군 동일면 우주로 2561,0,0,0,061-835-7236
A0021378,나로도주유소,GS칼텍스,전남광주 고흥군,전남광주,고흥군,전남광주통합특별시 고흥군 봉래면 신금길 3109,0,0,0,061-832-3950
A0021380,우주로주유소,S-OIL,전남광주 고흥군,전남광주,고흥군,전남광주 고흥군 포두면 우주로 1479,0,0,0,061-834-3500
A0021381,대덕주유소,S-OIL,전남광주 고흥군,전남광주,고흥군,전남광주통합특별시 고흥군 남양면 고흥로 3338,0,0,0,061-835-0184
A0021385,미르주유소,GS칼텍스,전남광주 보성군,전남광주,보성군,전남광주통합특별시 보성군 벌교읍 녹색로 5709,1,0,0,061-858-5188
A0021387,풍양농협주유소,NH-OIL,전남광주 고흥군,전남광주,고흥군,전남광주통합특별시 고흥군 풍양면 고흥로 1166,0,0,1,061-834-7744
A0021388,벌교농협주유소,NH-OIL,전남광주 보성군,전남광주,보성군,전남광주통합특별시 보성군 벌교읍 채동선로 734-2,0,0,1,061-857-5182
A0021392,보성농협노동지점주유소,NH-OIL,전남광주 보성군,전남광주,보성군,전남광주통합특별시 보성군 노동면 광곡길 7,0,0,1,061-852-0377
A0021393,득량농협주유소,HD현대오일뱅크,전남광주 보성군,전남광주,보성군,전남광주통합특별시 보성군 득량면 녹색로 3444,0,0,1,061-853-5536
A0021394,벌교농협서부지소,NH-OIL,전남광주 보성군,전남광주,보성군,전남광주통합특별시 보성군 조성면 예당길 212,0,0,1,061-853-7086
A0021396,서산주유소,S-OIL,전남광주 강진군,전남광주,강진군,전남광주통합특별시 강진군 강진읍 녹색로 3926,1,0,1,061-434-5149
A0021397,대덕주유소,SK에너지,전남광주 장흥군,전남광주,장흥군,전남광주통합특별시 장흥군 대덕읍 대대로 981,0,0,0,061-867-5161
A0021400,동화주유소,HD현대오일뱅크,전남광주 강진군,전남광주,강진군,전남광주통합특별시 강진군 강진읍 보은로 51,0,0,0,061-434-2164
A0021402,신전주유소,GS칼텍스,전남광주 강진군,전남광주,강진군,전남광주통합특별시 강진군 신전면 백도로 1481,0,0,0,061-433-1917
A0021406,남강주유소,GS칼텍스,전남광주 강진군,전남광주,강진군,전남광주통합특별시 강진군 군동면 청자로 255,0,0,0,061-433-1600
A0021408,대창주유소,HD현대오일뱅크,전남광주 장흥군,전남광주,장흥군,전남광주통합특별시 장흥군 장흥읍 장흥대로 3337,0,0,0,061-862-7868
A0021411,삼산주유소,GS칼텍스,전남광주 장흥군,전남광주,장흥군,전남광주통합특별시 장흥군 관산읍 장흥대로 1425,0,0,0,061-867-3540
A0021412,봉림주유소,GS칼텍스,전남광주 장흥군,전남광주,장흥군,전남광주통합특별시 장흥군 장평면 곰치로 840,0,0,0,061-862-9911
A0021415,산림조합주유소,GS칼텍스,전남광주 강진군,전남광주,강진군,전남광주통합특별시 강진군 강진읍 보은로 135 (강진읍),0,0,1,061-430-5411
A0021425,산이주유소,GS칼텍스,전남광주 해남군,전남광주,해남군,전남광주통합특별시 해남군 산이면 산이로 2076,0,0,0,061-534-3015
A0021429,관광주유소,S-OIL,전남광주 해남군,전남광주,해남군,전남광주통합특별시 해남군 북평면 백도로 151,0,0,0,061-532-2436
A0021430,소안주유소,SK에너지,전남광주 완도군,전남광주,완도군,전남광주통합특별시 완도군 소안면 소안로 181,0,0,0,061-553-7238
A0021432,청용주유소,GS칼텍스,전남광주 해남군,전남광주,해남군,전남광주통합특별시 해남군 화원면 관광레저로 936,1,0,0,061-536-0025
A0021433,약산주유소,GS칼텍스,전남광주 완도군,전남광주,완도군,전남광주통합특별시 완도군 약산면 약산일주로 4-1,1,0,0,061-552-2369
A0021434,동그라미주유소,S-OIL,전남광주 해남군,전남광주,해남군,전남광주통합특별시 해남군 삼산면 고산로 696,0,0,0,061-535-0550
A0021438,하늘주유소 (유)제이디에너지,HD현대오일뱅크,전남광주 진도군,전남광주,진도군,전남광주 진도군 진도읍 진도대로 6650,1,0,0,061-542-8282
A0021444,동창주유소,SK에너지,전남광주 강진군,전남광주,강진군,전남광주통합특별시 강진군 강진읍 중앙로 65,0,0,0,061-434-2257
A0021457,에스케이강진주유소,SK에너지,전남광주 강진군,전남광주,강진군,전남광주통합특별시 강진군 강진읍 송계로 28,0,0,1,061-434-0011
A0021458,주식회사 등대,S-OIL,전남광주 해남군,전남광주,해남군,전남광주통합특별시 해남군 화원면 영호길 92,1,0,0,061-534-9428
A0021459,부곡주유소,S-OIL,전남광주 해남군,전남광주,해남군,전남광주통합특별시 해남군 황산면 명량로 1142,0,0,1,061-535-5151
A0021463,문내주유소,SK에너지,전남광주 해남군,전남광주,해남군,전남광주통합특별시 해남군 문내면 명량로 546,0,0,0,061-532-1924
A0021464,명성주유소,S-OIL,전남광주 해남군,전남광주,해남군,전남광주통합특별시 해남군 황산면 명량로 1482,0,0,0,061-532-2712
A0021471,완도현대주유소,S-OIL,전남광주 완도군,전남광주,완도군,전남광주통합특별시 완도군 완도읍 청해진서로 206,0,0,0,061-554-3100
A0021472,수정주유소,GS칼텍스,전남광주 진도군,전남광주,진도군,전남광주통합특별시 진도군 진도읍 진도대로 7290,0,0,0,061-544-2627
A0021475,금성주유소,SK에너지,전남광주 해남군,전남광주,해남군,전남광주통합특별시 해남군 문내면 동영길 4,0,0,0,061-532-1163
A0021478,삼거리주유소,GS칼텍스,전남광주 해남군,전남광주,해남군,전남광주통합특별시 해남군 송지면 땅끝해안로 790,0,0,0,061-533-3014
A0021479,(주)청해진주유소,S-OIL,전남광주 완도군,전남광주,완도군,전남광주통합특별시 완도군 완도읍 장보고대로 93,0,0,0,061-552-4584
A0021481,바다주유소 (유)제이디에너지,HD현대오일뱅크,전남광주 진도군,전남광주,진도군,전남광주 진도군 진도읍 동외1길 44,0,0,0,061-544-1234
A0021482,천관산주유소,GS칼텍스,전남광주 장흥군,전남광주,장흥군,전남광주통합특별시 장흥군 용산면 장흥대로 1948,0,0,0,061-867-4411
A0021483,나라주유소,GS칼텍스,전남광주 진도군,전남광주,진도군,전남광주통합특별시 진도군 진도읍 남산로 130-48,0,0,0,061-544-9229
A0021486,덕천주유소,HD현대오일뱅크,전남광주 진도군,전남광주,진도군,전남광주통합특별시 진도군 고군면 진도대로 385,0,0,0,061-543-9933
A0021488,화산주유소,알뜰주유소,전남광주 해남군,전남광주,해남군,전남광주통합특별시 해남군 화산면 해남화산로 1045,0,0,1,061-532-6664
A0021489,사거리주유소(S),S-OIL,전남광주 진도군,전남광주,진도군,전남광주통합특별시 진도군 임회면 진도대로 5838,1,0,0,061-543-8989
A0021494,도청주유소,S-OIL,전남광주 장흥군,전남광주,장흥군,전남광주통합특별시 장흥군 대덕읍 도청신월로 123,0,0,0,061-867-4584
A0021500,진일주유소,SK에너지,전남광주 진도군,전남광주,진도군,전남광주통합특별시 진도군 고군면 오일시1길 51,0,0,1,061-543-8922
A0021504,동보주유소,GS칼텍스,전남광주 완도군,전남광주,완도군,전남광주통합특별시 완도군 완도읍 장보고대로 17,0,0,0,061-554-0080
A0021509,민들레셀프주유소,SK에너지,경기 화성시,경기,화성시,경기 화성시 만세구 향남읍 발안만세길 156,1,0,0,031-353-9853
A0021519,태화주유소(수협면세유),HD현대오일뱅크,전남광주 완도군,전남광주,완도군,전남광주통합특별시 완도군 금일읍 금일로 262,0,0,0,061-552-3211
A0021522,금일중앙주유소,자가상표,전남광주 완도군,전남광주,완도군,전남광주통합특별시 완도군 금일읍 금일로 372,0,0,0,061-555-2828
A0021525,소안대광주유소,S-OIL,전남광주 완도군,전남광주,완도군,전남광주 완도군 소안면 소안로 230,0,0,0,061-554-6008
A0021530,신지주유소,SK에너지,전남광주 완도군,전남광주,완도군,전남광주통합특별시 완도군 신지면 신지로 411,0,0,0,061-555-5149
A0021531,호남주유소,S-OIL,전남광주 해남군,전남광주,해남군,전남광주 해남군 해남읍 남부순환로 102,0,0,0,061-532-7757
A0021533,강진IC주유소,S-OIL,전남광주 강진군,전남광주,강진군,전남광주통합특별시 강진군 성전면 예향로 378,0,0,0,061-433-0251
A0021535,청기와주유소,HD현대오일뱅크,전남광주 완도군,전남광주,완도군,전남광주통합특별시 완도군 금일읍 금일로 611,0,0,0,061-553-3231
A0021541,진남주유소,SK에너지,전남광주 장흥군,전남광주,장흥군,전남광주통합특별시 장흥군 장흥읍 칠거리예양로 37,0,0,0,061-863-9305
A0021544,청해주유소,HD현대오일뱅크,전남광주 완도군,전남광주,완도군,전남광주통합특별시 완도군 완도읍 청해진로 1476,0,0,0,061-554-3344
A0021548,완도주유소,SK에너지,전남광주 완도군,전남광주,완도군,전남광주통합특별시 완도군 완도읍 장보고대로 18,0,0,0,061-554-2226
A0021557,(유)학동,SK에너지,전남광주 해남군,전남광주,해남군,전남광주통합특별시 해남군 해남읍 명량로 2994,0,0,0,061-535-1307
A0021558,왕고개주유소,GS칼텍스,전남광주 진도군,전남광주,진도군,전남광주통합특별시 진도군 의신면 왕온로 22,0,0,0,061-544-5990
A0021562,장안동부주유소,S-OIL,전남광주 장흥군,전남광주,장흥군,전남광주 장흥군 부산면 녹색로 1030,1,0,0,061-862-0808
A0021568,화원주유소,HD현대오일뱅크,전남광주 해남군,전남광주,해남군,전남광주통합특별시 해남군 화원면 관광레저로 1182,0,0,0,061-535-5149
A0021569,평화주유소,GS칼텍스,전남광주 해남군,전남광주,해남군,전남광주통합특별시 해남군 계곡면 공룡대로 4161,0,0,0,061-534-1881
A0021570,북일주유소,SK에너지,전남광주 해남군,전남광주,해남군,전남광주통합특별시 해남군 북일면 백도로 779,0,0,0,061-533-0339
A0021572,진고개주유소,GS칼텍스,전남광주 진도군,전남광주,진도군,전남광주통합특별시 진도군 군내면 송산길 124,0,0,0,061-544-3651
A0021577,정남진장흥IC주유소,S-OIL,전남광주 장흥군,전남광주,장흥군,전남광주통합특별시 장흥군 장흥읍 장흥대로 3717,0,0,0,061-864-5189
A0021578,달목성주유소,SK에너지,전남광주 완도군,전남광주,완도군,전남광주통합특별시 완도군 완도읍 청해진서로 384,0,0,0,061-552-6700
A0021580,대흥주유소,HD현대오일뱅크,전남광주 해남군,전남광주,해남군,전남광주통합특별시 해남군 해남읍 남부순환로 38,0,0,0,061-536-5151
A0021582,고금주유소,SK에너지,전남광주 완도군,전남광주,완도군,전남광주 완도군 고금면 고금동로 42,1,0,0,061-553-0055
A0021586,노화보길주유소,S-OIL,전남광주 완도군,전남광주,완도군,전남광주통합특별시 완도군 노화읍 노화로 776,1,0,0,061-554-9191
A0021587,땅끝주유소,HD현대오일뱅크,전남광주 해남군,전남광주,해남군,전남광주통합특별시 해남군 송지면 땅끝해안로 1780,0,0,0,061-534-8833
A0021588,금송주유소,S-OIL,전남광주 해남군,전남광주,해남군,전남광주통합특별시 해남군 산이면 산이로 653,1,0,0,061-532-2221
A0021590,동부주유소,SK에너지,전남광주 완도군,전남광주,완도군,전남광주통합특별시 완도군 신지면 신지로 910-1,0,0,0,061-554-9353
A0021591,(주)동행행복주유소,SK에너지,전남광주 광산구,전남광주,광산구,전남광주 광산구  북문대로 364-5 (신창동),1,0,1,062-971-0344
A0021595,장평주유소,SK에너지,전남광주 장흥군,전남광주,장흥군,전남광주통합특별시 장흥군 장평면 장평중앙길 31,0,0,0,061-862-9466
A0021598,천일주유소,GS칼텍스,전남광주 해남군,전남광주,해남군,전남광주통합특별시 해남군 마산면 명량로 2725,0,0,0,061-534-9300
A0021599,다시마주유소,SK에너지,전남광주 완도군,전남광주,완도군,전남광주통합특별시 완도군 금일읍 금일로 311,1,0,0,061-554-7788
A0021600,서원주유소,SK에너지,전남광주 완도군,전남광주,완도군,전남광주통합특별시 완도군 노화읍 이포17번길 4,0,0,0,061-553-6115
A0021601,㈜대진에너지 진도셀프주유소,SK에너지,전남광주 진도군,전남광주,진도군,전남광주통합특별시 진도군 진도읍 옥주길 44,1,0,0,061-544-8888
A0021604,금골산주유소,SK에너지,전남광주 진도군,전남광주,진도군,전남광주통합특별시 진도군 군내면 진도대로 7955,0,0,0,061-542-2820
A0021606,합동주유소,SK에너지,전남광주 완도군,전남광주,완도군,전남광주통합특별시 완도군 노화읍 노화로 639,0,0,0,061-554-5533
A0021612,우슬휴게주유소,S-OIL,전남광주 해남군,전남광주,해남군,전남광주통합특별시 해남군 황산면 공룡대로 1296,1,0,0,061-537-4333
A0021613,(유)신코끼리주유소,SK에너지,전남광주 진도군,전남광주,진도군,전남광주통합특별시 진도군 진도읍 남동1길 31,0,0,0,061-544-5152
A0021614,(유)행촌 청죽주유소,SK에너지,전남광주 장흥군,전남광주,장흥군,전남광주통합특별시 장흥군 장흥읍 흥성로 70,1,0,0,061-863-5396
A0021615,(주)좋은주유소,S-OIL,전남광주 해남군,전남광주,해남군,전남광주통합특별시 해남군 해남읍 명량로 2904,0,0,0,061-535-8900
A0021618,땅끝농협주유소,NH-OIL,전남광주 해남군,전남광주,해남군,전남광주통합특별시 해남군 송지면 산정1길 80,0,0,1,061-535-3330
A0021619,청산농협주유소,NH-OIL,전남광주 완도군,전남광주,완도군,전남광주통합특별시 완도군 청산면 청산로 29,0,0,1,061-554-9370
A0021622,강진농협주유소,NH-OIL,전남광주 강진군,전남광주,강진군,전남광주통합특별시 강진군 강진읍 보은로 155,0,0,1,061-433-4356
A0021623,화원농협주유소,NH-OIL,전남광주 해남군,전남광주,해남군,전남광주통합특별시 해남군 화원면 관광레저로 1249,0,0,1,061-534-8980
A0021625,완도농협고금지점주유소,NH-OIL,전남광주 완도군,전남광주,완도군,전남광주통합특별시 완도군 고금면 농상도남길 16-20,0,0,1,061-554-5773
A0021628,북평농협주유소,NH-OIL,전남광주 해남군,전남광주,해남군,전남광주통합특별시 해남군 북평면 백도로 332,0,0,1,061-532-1085
A0021629,해남농협주유소,NH-OIL,전남광주 해남군,전남광주,해남군,전남광주통합특별시 해남군 해남읍 남부순환로 64,0,1,1,061-536-4955
A0021630,옥천농협주유소,NH-OIL,전남광주 해남군,전남광주,해남군,전남광주통합특별시 해남군 옥천면 해남로 378,0,0,1,061-532-5889
A0021632,천관농협회진지점주유소,NH-OIL,전남광주 장흥군,전남광주,장흥군,전남광주통합특별시 장흥군 회진면 회진로 485,0,0,1,061-867-8177
A0021633,천관농협주유소,NH-OIL,전남광주 장흥군,전남광주,장흥군,전남광주통합특별시 장흥군 대덕읍 장흥대로 921,0,0,1,061-867-0750
A0021634,서진도농협 지산지점주유소,NH-OIL,전남광주 진도군,전남광주,진도군,전남광주통합특별시 진도군 지산면 인지인천1길 12,0,0,1,061-542-3090
A0021635,서진도농협 조도지점주유소,NH-OIL,전남광주 진도군,전남광주,진도군,전남광주통합특별시 진도군 조도면 조도대로 419,0,0,1,061-542-5133
A0021636,서진도농협광석지소,NH-OIL,전남광주 진도군,전남광주,진도군,전남광주통합특별시 진도군 임회면 광석길 53,0,0,1,061-543-0700
A0021637,진도농협주유소,NH-OIL,전남광주 진도군,전남광주,진도군,전남광주통합특별시 진도군 진도읍 동외2길 2,0,0,1,061-544-4227
A0021638,진도농협의신지점주유소,NH-OIL,전남광주 진도군,전남광주,진도군,전남광주통합특별시 진도군 의신면 돈지로 6,0,0,1,061-543-8228
A0021644,강진한들농협작천주유소,HD현대오일뱅크,전남광주 강진군,전남광주,강진군,전남광주통합특별시 강진군 작천면 금강로 606,0,0,1,061-434-6017
A0021645,강진한들농협병영주유소,HD현대오일뱅크,전남광주 강진군,전남광주,강진군,전남광주통합특별시 강진군 병영면 장강로 1039,0,0,1,061-433-3137
A0021646,정남진장흥농협주유소,NH-OIL,전남광주 장흥군,전남광주,장흥군,전남광주통합특별시 장흥군 장흥읍 북부로 6,0,1,1,061-863-1303
A0021647,황산농협주유소,NH-OIL,전남광주 해남군,전남광주,해남군,전남광주통합특별시 해남군 황산면 명량로 1604,0,0,1,061-535-2851
A0021648,강진농협군동주유소,HD현대오일뱅크,전남광주 강진군,전남광주,강진군,전남광주통합특별시 강진군 군동면 진흥로 328,0,0,1,061-434-5583
A0021649,문내농협주유소,NH-OIL,전남광주 해남군,전남광주,해남군,전남광주통합특별시 해남군 문내면 문내화원로 11,0,0,1,061-535-3289
A0021650,산이농협주유소,NH-OIL,전남광주 해남군,전남광주,해남군,전남광주통합특별시 해남군 산이면 산이로 1326,0,0,1,061-535-4291
A0021651,현산농협주유소,NH-OIL,전남광주 해남군,전남광주,해남군,전남광주통합특별시 해남군 현산면 땅끝대로 1711,0,1,1,061-532-0301
A0021652,장흥안양농협주유소,NH-OIL,전남광주 장흥군,전남광주,장흥군,전남광주통합특별시 장흥군 안양면 용안로 793,0,0,1,061-862-6060
A0021653,도암농협주유소,NH-OIL,전남광주 강진군,전남광주,강진군,전남광주통합특별시 강진군 도암면 백도로 1872,0,0,1,061-433-3567
A0021655,강진남부농협주유소,NH-OIL,전남광주 강진군,전남광주,강진군,전남광주통합특별시 강진군 칠량면 청자로 753,0,1,1,061-433-2152
A0021657,강진농협성전지점주유소,NH-OIL,전남광주 강진군,전남광주,강진군,전남광주통합특별시 강진군 성전면 송계로 850-7,0,0,1,061-434-8488
A0021661,HD현대오일뱅크㈜직영 천지주유소,HD현대오일뱅크,전남광주 해남군,전남광주,해남군,전남광주통합특별시 해남군 해남읍 해남화산로 139,0,0,1,061-535-2102
A0021662,포시즌주유소,SK에너지,전남광주 해남군,전남광주,해남군,전남광주통합특별시 해남군 계곡면 공룡대로 4340,0,0,0,061-533-4321
A0021666,빙그레주유소,HD현대오일뱅크,전남광주 완도군,전남광주,완도군,전남광주통합특별시 완도군 완도읍 완도로 1519,0,0,0,061-555-5188
A0021669,(주)정오알뜰주유소,알뜰주유소,전남광주 순천시,전남광주,순천시,전남광주 순천시 해룡면 여순로 1574,1,0,1,061-723-5252
A0021673,순천IC주유소,HD현대오일뱅크,전남광주 순천시,전남광주,순천시,전남광주통합특별시 순천시 서면 백강로 589,1,0,0,061-751-5189
A0021681,사계절주유소,HD현대오일뱅크,전남광주 순천시,전남광주,순천시,전남광주 순천시 별량면 녹색로 456,1,0,0,061-746-7771
A0021683,광명주유소,S-OIL,전남광주 순천시,전남광주,순천시,전남광주통합특별시 순천시 이수로 272,1,0,0,061-744-5612
A0021687,향기가득주유소,S-OIL,전남광주 순천시,전남광주,순천시,전남광주통합특별시 순천시 주암면 동주로 2332 (주암면),0,0,0,061-755-6898
A0021694,시민주유소,HD현대오일뱅크,전북 김제시,전북,김제시,전북 김제시 벽성로 608 (검산동),1,0,1,063-547-8209
A0021695,룰루랄라주유소,S-OIL,전북 전주시,전북,전주시,전북 전주시 완산구 장승배기로 62,1,0,0,063-284-0051
A0021696,독도사랑주유소6,자가상표,전남광주 광양시,전남광주,광양시,전남광주통합특별시 광양시 진상면 백운3로 188,0,0,0,0
A0021699,지에스칼텍스(주)용봉천주유소,GS칼텍스,전남광주 북구,전남광주,북구,전남광주통합특별시 북구 설죽로 183 (용봉동),1,0,1,062-529-5192
A0021709,대한제2주유소,GS칼텍스,전남광주 순천시,전남광주,순천시,전남광주통합특별시 순천시 순광로 162 (조례동),0,0,0,061-722-3355
A0021713,득량주유소,GS칼텍스,전남광주 보성군,전남광주,보성군,전남광주통합특별시 보성군 득량면 충의로 1524,0,0,0,061-853-5522
A0021717,명품주유소,HD현대오일뱅크,전남광주 고흥군,전남광주,고흥군,전남광주통합특별시 고흥군 도양읍 우주항공로 80,1,0,0,061-843-5300
A0021723,차경주유소,SK에너지,전남광주 고흥군,전남광주,고흥군,전남광주통합특별시 고흥군 도양읍 우주항공로 232,0,0,0,061-843-5151
A0021724,현대주유소,GS칼텍스,전남광주 순천시,전남광주,순천시,전남광주통합특별시 순천시 중앙로 172 (매곡동),0,0,0,061-752-3327
A0021725,동막주유소,SK에너지,전남광주 보성군,전남광주,보성군,전남광주통합특별시 보성군 벌교읍 녹색로 6186,1,0,0,061-857-8866
A0021726,팔마주유소,HD현대오일뱅크,전남광주 순천시,전남광주,순천시,전남광주통합특별시 순천시 중앙로 480,1,0,0,061-755-0053
A0021728,강변주유소,HD현대오일뱅크,전남광주 순천시,전남광주,순천시,전남광주통합특별시 순천시 강변로 961 (석현동),1,0,0,061-752-4837
A0021729,하이웨이주유소,GS칼텍스,전남광주 순천시,전남광주,순천시,전남광주통합특별시 순천시 중앙로 533 (가곡동),0,0,0,061-751-4814
A0021730,남정행운주유소,HD현대오일뱅크,전남광주 순천시,전남광주,순천시,전남광주통합특별시 순천시 우석로 83,1,0,0,061-744-6337
A0021731,봇재주유소,S-OIL,전남광주 보성군,전남광주,보성군,전남광주통합특별시 보성군 회천면 녹차로 736,0,0,0,061-852-5181
A0021735,황금주유소,S-OIL,전남광주 광양시,전남광주,광양시,전남광주통합특별시 광양시 광양읍 백운로 413,0,0,0,061-762-4451
A0021737,세경주유소,SK에너지,전남광주 보성군,전남광주,보성군,전남광주통합특별시 보성군 벌교읍 녹색로 5267,0,0,0,061-857-3565
A0021741,행복가득주유소,HD현대오일뱅크,전남광주 순천시,전남광주,순천시,전남광주통합특별시 순천시 별량면 녹색로 595,1,0,0,061-744-4682
A0021742,봉화주유소,SK에너지,전남광주 순천시,전남광주,순천시,전남광주 순천시 순광로 152 (조례동),1,0,1,061-721-6364
A0021746,광주주유소,GS칼텍스,전남광주 보성군,전남광주,보성군,전남광주통합특별시 보성군 보성읍 송재로 279,0,0,0,061-852-2357
A0021751,(주)현우 금화주유소,SK에너지,전남광주 광양시,전남광주,광양시,전남광주통합특별시 광양시 광양읍 순광로 333,0,0,1,061-761-6227
A0021753,해영주유소 SK 셀프,SK에너지,전남광주 순천시,전남광주,순천시,전남광주통합특별시 순천시 해룡면 인덕로 114,1,0,1,061-724-2858
A0021758,금봉주유소,GS칼텍스,전남광주 여수시,전남광주,여수시,전남광주 여수시 돌산읍 돌산로 1454,1,0,0,061-644-0772
A0021763,공단주유소,GS칼텍스,전남광주 여수시,전남광주,여수시,전남광주통합특별시 여수시 삼동로 104 (주삼동),0,0,0,061-651-4512
A0021764,(주)부일에너지 깻잎셀프주유소,S-OIL,충남 금산군,충남,금산군,충청남도 금산군 추부면 금산로 2426,1,0,0,041-751-9553
A0021766,유한회사 성산주유소,GS칼텍스,전남광주 순천시,전남광주,순천시,전남광주통합특별시 순천시 해룡면 해광로 101,1,0,0,061-724-7527
A0021767,보성녹차골주유소,SK에너지,전남광주 보성군,전남광주,보성군,전남광주통합특별시 보성군 보성읍 녹색로 2846,0,0,0,061-852-1533
A0021771,대안주유소,알뜰주유소,전남광주 순천시,전남광주,순천시,전남광주통합특별시 순천시 해룡면 여순로 1741,1,0,1,061-724-8001
A0021778,인월주유소,S-OIL,전남광주 순천시,전남광주,순천시,전남광주통합특별시 순천시 별량면 녹색로 1199,0,0,1,061-741-5111
A0021782,톨게이트주유소,GS칼텍스,전남광주 순천시,전남광주,순천시,전남광주통합특별시 순천시 서면 백강로 601,1,0,0,061-755-5189
A0021783,(주)서강에너지 용전주유소,HD현대오일뱅크,전남광주 순천시,전남광주,순천시,전남광주통합특별시 순천시 해룡면 여순로 1369,0,0,0,061-722-7472
A0021784,에덴주유소,자가상표,전남광주 고흥군,전남광주,고흥군,전남광주통합특별시 고흥군 과역면 고흥로 3178,0,0,0,061-832-3255
A0021790,형제주유소,HD현대오일뱅크,전남광주 구례군,전남광주,구례군,전남광주통합특별시 구례군 구례읍 용방로 35,0,0,0,061-781-5101
A0021796,스케치주유소,S-OIL,경기 시흥시,경기,시흥시,경기 시흥시 동서로 895-1,1,0,0,031-485-5400
A0021797,(유)대한민국만세 복합물류,S-OIL,전남광주 여수시,전남광주,여수시,전남광주통합특별시 여수시 율촌면 여순로 1065,0,0,0,061-661-5151
A0021804,신산주유소,HD현대오일뱅크,전남광주 여수시,전남광주,여수시,전남광주통합특별시 여수시 율촌면 여순로 628,0,0,0,061-686-8384
A0021805,시장주유소,SK에너지,전남광주 순천시,전남광주,순천시,전남광주통합특별시 순천시 풍덕8길 19,1,0,0,061-744-8801
A0021808,봇재제2주유소,S-OIL,전남광주 보성군,전남광주,보성군,전남광주 보성군 보성읍 용문길 13,0,0,0,061-000-0000
A0021811,천변주유소,GS칼텍스,전남광주 순천시,전남광주,순천시,전남광주통합특별시 순천시 강변로 853 (매곡동),0,0,0,061-753-4200
A0021814,동창에너지㈜,S-OIL,전남광주 고흥군,전남광주,고흥군,전남광주통합특별시 고흥군 고흥읍 고흥로 1910,1,0,0,061-874-8889
A0021819,천보주유소,SK에너지,전남광주 광양시,전남광주,광양시,전남광주통합특별시 광양시 광양읍 인덕로 777,0,0,1,061-761-1771
A0021823,대지주유소,HD현대오일뱅크,전남광주 순천시,전남광주,순천시,전남광주통합특별시 순천시 서면 매천로 381,0,0,0,061-755-5368
A0021824,도양주유소,HD현대오일뱅크,전남광주 고흥군,전남광주,고흥군,전남광주통합특별시 고흥군 도양읍 우주항공로 446,0,0,1,061-843-2900
A0021826,태백산맥주유소,GS칼텍스,전남광주 보성군,전남광주,보성군,전남광주통합특별시 보성군 벌교읍 홍암로 91,1,0,0,061-858-2103
A0021827,생목주유소,HD현대오일뱅크,전남광주 순천시,전남광주,순천시,전남광주통합특별시 순천시 이수로 182,1,0,0,061-744-8411
A0021838,대진주유소,SK에너지,전남광주 순천시,전남광주,순천시,전남광주 순천시 별량면 녹색로 729,0,0,0,061-742-6506
A0021841,황월주유소,S-OIL,전남광주 순천시,전남광주,순천시,전남광주통합특별시 순천시 황전면 순천로 1704,0,0,0,061-754-9220
A0021843,대야주유소,S-OIL,전남광주 보성군,전남광주,보성군,전남광주통합특별시 보성군 보성읍 녹색로 2220,0,0,0,061-853-1224
A0021845,양지주유소,HD현대오일뱅크,전남광주 여수시,전남광주,여수시,전남광주통합특별시 여수시 만성로 80 (미평동),1,0,0,061-651-4044
A0021847,남악주유소,HD현대오일뱅크,전남광주 구례군,전남광주,구례군,전남광주통합특별시 구례군 마산면 화엄사로 30,1,0,0,061-783-4972
A0021848,민속주유소,S-OIL,전남광주 순천시,전남광주,순천시,전남광주통합특별시 순천시 낙안면 삼일로 56,0,0,0,061-754-2506
A0021855,맛동산주유소,알뜰주유소,전남광주 순천시,전남광주,순천시,전남광주통합특별시 순천시 서면 순천로 372,0,1,1,061-755-7878
A0021856,우주주유소/충전소,GS칼텍스,전남광주 고흥군,전남광주,고흥군,전남광주통합특별시 고흥군 두원면 우주항공로 2333,0,0,0,061-833-5676
A0021859,흥진2주유소(SK),SK에너지,전남광주 보성군,전남광주,보성군,전남광주 보성군 벌교읍 녹색로 5584,0,0,0,061-858-1245
A0021863,성곡주유소,S-OIL,전남광주 순천시,전남광주,순천시,전남광주통합특별시 순천시 해룡면 여순로 1472,0,0,0,061-724-3535
A0021868,남해고속주유소,SK에너지,전남광주 순천시,전남광주,순천시,전남광주통합특별시 순천시 중앙로 324 (가곡동),0,0,0,061-752-2520
A0021870,K2주유소,GS칼텍스,전남광주 순천시,전남광주,순천시,전남광주통합특별시 순천시 중앙로 450 (가곡동),1,0,0,061-752-5182
A0021872,(주)현우 조은주유소,SK에너지,전남광주 여수시,전남광주,여수시,전남광주통합특별시 여수시 소라면 여순로 120,0,0,1,061-683-5163
A0021876,(주)경성에너지 현월주유소,자가상표,전남광주 광양시,전남광주,광양시,전남광주통합특별시 광양시 광양읍 제철로 187,0,0,0,061-761-5144
A0021885,신원주유소,HD현대오일뱅크,전남광주 광양시,전남광주,광양시,전남광주통합특별시 광양시 다압면 섬진강매화로 1217,1,0,0,061-772-4112
A0021889,청운주유소,SK에너지,전남광주 보성군,전남광주,보성군,전남광주통합특별시 보성군 보성읍 봉화로 12,0,0,0,061-852-3795
A0021890,순천주유소,HD현대오일뱅크,전남광주 순천시,전남광주,순천시,전남광주통합특별시 순천시 강남로 45 (장천동),1,0,0,061-744-4887
A0021891,광영주유소,S-OIL,전남광주 광양시,전남광주,광양시,전남광주통합특별시 광양시 강변로 183 (광영동),0,0,0,061-793-5566
A0021894,판교주유소,HD현대오일뱅크,전남광주 순천시,전남광주,순천시,전남광주통합특별시 순천시 백강로 492 (왕지동),0,0,1,061-721-4894
A0021895,순천제일주유소,HD현대오일뱅크,전남광주 순천시,전남광주,순천시,전남광주통합특별시 순천시 우석로 124 (남정동),1,0,0,061-741-7189
A0021904,섬진강주유소,HD현대오일뱅크,전남광주 구례군,전남광주,구례군,전남광주통합특별시 구례군 구례읍 구례로 188,0,0,0,061-781-5277
A0021906,호남주유소,S-OIL,전남광주 순천시,전남광주,순천시,전남광주통합특별시 순천시 팔마로 9,1,0,0,061-744-3677
A0021908,금선주유소,HD현대오일뱅크,전남광주 광양시,전남광주,광양시,전남광주통합특별시 광양시 광양읍 제철로 237,1,0,0,061-763-8833
A0021910,새롬주유소,S-OIL,전남광주 순천시,전남광주,순천시,전남광주통합특별시 순천시 해룡면 여순로 1300,0,0,0,061-724-5732
A0021913,삼거리주유소,GS칼텍스,전남광주 광양시,전남광주,광양시,전남광주통합특별시 광양시 광양읍 용두길 2,0,0,0,061-762-1999
A0021916,금성제2주유소,GS칼텍스,전남광주 고흥군,전남광주,고흥군,전남광주통합특별시 고흥군 과역면 우주항공로 3256,1,0,1,061-834-9900
A0021917,역전주유소,S-OIL,전남광주 광양시,전남광주,광양시,전남광주통합특별시 광양시 광양읍 순광로 679,0,0,0,061-763-1537
A0021930,거성주유소,GS칼텍스,전남광주 광양시,전남광주,광양시,전남광주통합특별시 광양시 광양읍 백운로 226,0,0,0,061-761-5145
A0021933,해오름주유소,자가상표,전남광주 순천시,전남광주,순천시,전남광주통합특별시 순천시 주암면 동주로 1851,0,0,0,061-754-9955
A0021935,강변대로주유소,HD현대오일뱅크,전남광주 광양시,전남광주,광양시,전남광주통합특별시 광양시 강변로 102 (광영동),1,0,0,061-792-3338
A0021940,하나주유소,알뜰주유소,전남광주 순천시,전남광주,순천시,전남광주통합특별시 순천시 서면 삼산로 258,1,0,0,061-751-5123
A0021942,열가재제2주유소,S-OIL,전남광주 보성군,전남광주,보성군,전남광주통합특별시 보성군 조성면 녹색로 4754,1,0,0,061-857-9449
A0021947,제철공단주유소,SK에너지,전남광주 광양시,전남광주,광양시,전남광주 광양시 백운로 1268 (마동),1,0,0,061-791-5151
A0021951,사곡주유소,GS칼텍스,전남광주 광양시,전남광주,광양시,전남광주통합특별시 광양시 광양읍 백운로 382,0,0,0,061-762-6125
A0021955,회천주유소,SK에너지,전남광주 보성군,전남광주,보성군,전남광주통합특별시 보성군 회천면 남부관광로 2333,0,0,0,061-852-8320
A0021958,천포주유소,S-OIL,전남광주 보성군,전남광주,보성군,전남광주통합특별시 보성군 회천면 충의로 792,0,0,1,061-000-0000
A0021959,(주)현우 동천주유소,SK에너지,전남광주 순천시,전남광주,순천시,전남광주통합특별시 순천시 삼산로 58 (용당동),1,0,1,061-755-5188
A0021960,서면주유소,GS칼텍스,전남광주 순천시,전남광주,순천시,전남광주통합특별시 순천시 서면 순천로 252,0,0,0,061-755-6688
A0021963,덕양(유) 남쪽주유소,HD현대오일뱅크,전남광주 순천시,전남광주,순천시,전남광주통합특별시 순천시 해룡면 여순로 1594,1,0,0,061-723-0066
A0021966,남선석유㈜ 서순천셀프주유소,S-OIL,전남광주 순천시,전남광주,순천시,전남광주통합특별시 순천시 중앙로 511,1,0,1,061-751-0069
A0021971,조은주유소,S-OIL,전남광주 순천시,전남광주,순천시,전남광주통합특별시 순천시 서면 매천로 59,0,0,1,061-755-1643
A0021975,루팔셀프주유소,GS칼텍스,전남광주 순천시,전남광주,순천시,전남광주통합특별시 순천시 강변로 1039,1,0,0,061-751-5195
A0021976,팔영주유소,S-OIL,전남광주 고흥군,전남광주,고흥군,전남광주통합특별시 고흥군 점암면 해창로 589,0,0,0,061-833-8051
A0021977,금정주유소,SK에너지,전남광주 구례군,전남광주,구례군,전남광주통합특별시 구례군 산동면 산업로 1574,1,0,1,061-782-5184
A0021981,제철도촌주유소,S-OIL,전남광주 광양시,전남광주,광양시,전남광주통합특별시 광양시 강변로 31,0,0,0,061-793-3334
A0021985,㈜에스쁘아,HD현대오일뱅크,전남광주 광양시,전남광주,광양시,전남광주통합특별시 광양시 진월면 백운1로 518,0,0,0,061-772-5160
A0021987,하포주유소,SK에너지,전남광주 광양시,전남광주,광양시,전남광주통합특별시 광양시 제철로 997-36 (골약동),0,0,0,061-795-8664
A0021989,한빛주유소,SK에너지,전남광주 순천시,전남광주,순천시,전남광주통합특별시 순천시 백강로 46 (연향동),1,0,1,061-727-5152
A0021992,미래주유소,S-OIL,전남광주 구례군,전남광주,구례군,전남광주통합특별시 구례군 토지면 섬진강대로 5081,0,0,0,061-782-5189
A0021993,정원주유소,SK에너지,전남광주 순천시,전남광주,순천시,전남광주통합특별시 순천시 해룡면 여순로 1286,0,0,0,061-723-9489
A0021996,지에스칼텍스(주)동부주유소,GS칼텍스,전남광주 순천시,전남광주,순천시,전남광주 순천시 백강로 93,1,0,1,061-743-8050
A0021999,중앙주유소,GS칼텍스,전남광주 구례군,전남광주,구례군,전남광주통합특별시 구례군 구례읍 봉동길 18-1,0,0,0,061-782-3670
A0022003,우리알뜰주유소,알뜰주유소,전남광주 순천시,전남광주,순천시,전남광주통합특별시 순천시 연자로 50,1,0,1,061-752-5151
A0022006,백운주유소,HD현대오일뱅크,전남광주 구례군,전남광주,구례군,전남광주통합특별시 구례군 토지면 섬진강대로 4915,0,0,0,061-781-6717
A0022010,구도일주유소순천햇살,S-OIL,전남광주 순천시,전남광주,순천시,전남광주통합특별시 순천시 서면 백강로 689,1,0,1,061-751-0086
A0022013,친구주유소,GS칼텍스,전남광주 순천시,전남광주,순천시,전남광주통합특별시 순천시 팔마로 192,0,0,0,061-741-6611
A0022020,신태양주유소,HD현대오일뱅크,전남광주 광양시,전남광주,광양시,전남광주 광양시 광양읍 제철로 137,1,0,0,061-762-5187
A0022022,산동2주유소,SK에너지,전남광주 구례군,전남광주,구례군,전남광주통합특별시 구례군 산동면 산업로 2319,0,0,0,061-781-4055
A0022023,(주)광남주유소,SK에너지,전남광주 광양시,전남광주,광양시,전남광주통합특별시 광양시 백운1로 176 (태인동),0,0,0,061-792-5555
A0022025,참조은주유소,SK에너지,전남광주 광양시,전남광주,광양시,전남광주 광양시 산업로 284,0,0,1,061-792-5189
A0022026,고흥우주주유소,HD현대오일뱅크,전남광주 고흥군,전남광주,고흥군,전남광주통합특별시 고흥군 남양면 우주항공로 4177,0,0,0,061-835-1600
A0022030,쇠실주유소,S-OIL,전남광주 보성군,전남광주,보성군,전남광주통합특별시 보성군 득량면 녹색로 3250,0,0,0,061-853-0136
A0022031,(주)시원 태양주유소,GS칼텍스,전남광주 광양시,전남광주,광양시,전남광주통합특별시 광양시 백운로 965,1,0,1,061-791-5188
A0022032,동진환경건설㈜ 호동주유소 지점,S-OIL,전남광주 보성군,전남광주,보성군,전남광주통합특별시 보성군 벌교읍 녹색로 6112,1,0,0,061-858-3700
A0022033,봉화터널주유소,HD현대오일뱅크,전남광주 순천시,전남광주,순천시,전남광주통합특별시 순천시 봉화로 208,1,0,0,061-721-5189
A0022034,해바라기주유소,HD현대오일뱅크,전남광주 순천시,전남광주,순천시,전남광주통합특별시 순천시 별량면 녹색로 1,0,0,0,061-744-6332
A0022035,신승주주유소,GS칼텍스,전남광주 순천시,전남광주,순천시,전남광주통합특별시 순천시 승주읍 선암사길 7,0,0,0,061-754-5030
A0022036,송광주유소,SK에너지,전남광주 순천시,전남광주,순천시,전남광주통합특별시 순천시 송광면 쌍향수길 1330,1,0,0,061-754-6464
A0022038,신대셀프주유소,HD현대오일뱅크,전남광주 순천시,전남광주,순천시,전남광주통합특별시 순천시 해룡면 상성길 286,1,0,0,061-724-5599
A0022039,옥천주유소,GS칼텍스,전남광주 구례군,전남광주,구례군,전남광주통합특별시 구례군 용방면 산업로 1468,0,0,0,061-782-1500
A0022043,덕례주유소,GS칼텍스,전남광주 광양시,전남광주,광양시,전남광주통합특별시 광양시 광양읍 순광로 402,0,0,0,061-762-1311
A0022045,제일주유소,SK에너지,전남광주 광양시,전남광주,광양시,전남광주통합특별시 광양시 광양읍 희양현로 34 (광양읍),0,0,0,061-763-0016
A0022047,광양서천알뜰주유소,알뜰주유소,전남광주 광양시,전남광주,광양시,전남광주통합특별시 광양시 광양읍 순광로 589,1,0,1,061-763-0022
A0022052,매일주유소,S-OIL,전남광주 광양시,전남광주,광양시,전남광주통합특별시 광양시 사동로 44 (중동),0,0,1,061-791-9800
A0022055,온천주유소,HD현대오일뱅크,전남광주 구례군,전남광주,구례군,전남광주통합특별시 구례군 산동면 용산로 615,1,0,0,061-781-1110
A0022065,피아골주유소,HD현대오일뱅크,전남광주 구례군,전남광주,구례군,전남광주통합특별시 구례군 토지면 섬진강대로 4466,0,0,0,061-782-7455
A0022070,순천만주유소,알뜰주유소,전남광주 순천시,전남광주,순천시,전남광주통합특별시 순천시 중앙로 412 (가곡동),1,0,0,061-752-4747
A0022076,(주)태광에너지 신도시주유소,SK에너지,전남광주 순천시,전남광주,순천시,전남광주통합특별시 순천시  우석로 17 (도사동),1,0,0,061-745-7871
A0022083,여수충전/둔덕주유,SK에너지,전남광주 여수시,전남광주,여수시,전남광주통합특별시 여수시 좌수영로 632 (둔덕동),1,0,0,061-654-1901
A0022085,㈜청정 희망찬주유소,GS칼텍스,전남광주 광양시,전남광주,광양시,전남광주통합특별시 광양시 백운로 978,1,0,0,061-791-5125
A0022087,베스트주유소,SK에너지,전남광주 순천시,전남광주,순천시,전남광주통합특별시 순천시 서면 백강로 592,0,0,0,061-751-5145
A0022096,(주)고향주유소,SK에너지,전남광주 광양시,전남광주,광양시,전남광주통합특별시 광양시 백운로 1027 (성황동),0,0,1,061-792-6060
A0022098,광양제철주유소,GS칼텍스,전남광주 광양시,전남광주,광양시,전남광주통합특별시 광양시 강변로 83,0,0,0,061-791-5110
A0022105,친절주유소 주식회사,HD현대오일뱅크,전남광주 광양시,전남광주,광양시,전남광주통합특별시 광양시 백운로 1393 (마동),0,0,0,061-793-5159
A0022109,귀산주유소,S-OIL,전남광주 보성군,전남광주,보성군,전남광주 보성군 조성면 녹색로 4617,1,0,0,061-858-8400
A0022110,우리주유소,SK에너지,전남광주 광양시,전남광주,광양시,전남광주통합특별시 광양시 남산길 11 (광영동),0,0,0,061-791-2266
A0022111,SK행복충전 ㈜영우 동광양주유소,SK에너지,전남광주 광양시,전남광주,광양시,전남광주통합특별시 광양시 강변로 98 (광영동),0,0,0,061-793-9965
A0022113,(주)푸른에너지 인덕주유소,HD현대오일뱅크,전남광주 광양시,전남광주,광양시,전남광주통합특별시 광양시 광양읍 인덕로 755,1,0,0,061-761-5182
A0022117,동광양농협 주유소,NH-OIL,전남광주 광양시,전남광주,광양시,전남광주통합특별시 광양시 성황대로 71,1,0,1,061-791-4108
A0022122,흥양농협주유소,NH-OIL,전남광주 고흥군,전남광주,고흥군,전남광주통합특별시 고흥군 포두면 우주로 588-1,0,0,1,061-835-0538
A0022123,흥양농협남부주유소,NH-OIL,전남광주 고흥군,전남광주,고흥군,전남광주통합특별시 고흥군 포두면 우주로 1195,0,0,1,061-835-2054
A0022124,두원농협주유소,NH-OIL,전남광주 고흥군,전남광주,고흥군,전남광주통합특별시 고흥군 두원면 두원로 463,0,0,1,061-835-6004
A0022125,북부농협주유소,SK에너지,전남광주 보성군,전남광주,보성군,전남광주통합특별시 보성군 복내면 송재로 1792,0,0,1,061-852-5253
A0022126,팔영농협점암지점주유소,NH-OIL,전남광주 고흥군,전남광주,고흥군,전남광주통합특별시 고흥군 점암면 모룡길 87,0,0,1,061-835-8060
A0022127,팔영농협대서지점주유소,NH-OIL,전남광주 고흥군,전남광주,고흥군,전남광주통합특별시 고흥군 대서면 봉두로 892,0,0,1,061-834-4547
A0022128,팔영농협동강지점주유소,NH-OIL,전남광주 고흥군,전남광주,고흥군,전남광주통합특별시 고흥군 동강면 고흥로 4287,0,0,1,061-834-4416
A0022129,보성농협만평주유소,NH-OIL,전남광주 보성군,전남광주,보성군,전남광주통합특별시 보성군 보성읍 송재로 417,0,0,1,061-852-6669
A0022130,고흥농협주유소,SK에너지,전남광주 고흥군,전남광주,고흥군,전남광주통합특별시 고흥군 고흥읍 우주로 112,0,0,1,061-833-8009
A0022131,진상농협주유소,NH-OIL,전남광주 광양시,전남광주,광양시,전남광주통합특별시 광양시 진상면 옥진로 1077,0,0,1,061-772-5129
A0022133,구례농협광의주유소,NH-OIL,전남광주 구례군,전남광주,구례군,전남광주통합특별시 구례군 광의면 매천로 341,0,0,1,061-781-5833
A0022134,광양농협주유소,NH-OIL,전남광주 광양시,전남광주,광양시,전남광주통합특별시 광양시 광양읍 순광로 667,0,0,1,061-762-4252
A0022136,보성농협웅치주유소,NH-OIL,전남광주 보성군,전남광주,보성군,전남광주통합특별시 보성군 웅치면 일림로 982-1,0,0,1,061-852-5799
A0022137,광양농협 옥룡지점주유소,NH-OIL,전남광주 광양시,전남광주,광양시,전남광주통합특별시 광양시 옥룡면 신재로 617,0,0,1,061-761-9009
A0022139,순천농협별량주유소,NH-OIL,전남광주 순천시,전남광주,순천시,전남광주통합특별시 순천시 별량면 우산외동길 2,0,1,1,061-742-4488
A0022140,광양동부농협 옥곡주유소,NH-OIL,전남광주 광양시,전남광주,광양시,전남광주통합특별시 광양시 옥곡면 옥진로 661,0,0,1,061-772-8690
A0022141,순천원예농협주유소,NH-OIL,전남광주 순천시,전남광주,순천시,전남광주통합특별시 순천시 남산로 39,0,0,1,061-746-0051
A0022142,광양원예농협백운주유소,NH-OIL,전남광주 광양시,전남광주,광양시,전남광주통합특별시 광양시 광양읍 매천로 757,0,0,1,061-762-2200
A0022143,광양원예농협목성주유소,NH-OIL,전남광주 광양시,전남광주,광양시,전남광주통합특별시 광양시 광양읍 유당로 31-1,0,0,1,061-761-2200
A0022144,광양동부농협주유소,NH-OIL,전남광주 광양시,전남광주,광양시,전남광주통합특별시 광양시 진월면 선소중앙길 84,0,0,1,061-772-2082
A0022146,수협주유소,SK에너지,전남광주 고흥군,전남광주,고흥군,전남광주통합특별시 고흥군 도화면 중심길 48,0,0,0,061-840-3181
A0022147,고흥군수협금산주유소,SK에너지,전남광주 고흥군,전남광주,고흥군,전남광주통합특별시 고흥군 금산면 거금일주로 1543,0,0,0,061-843-2107
A0022149,팔영농협주유소,NH-OIL,전남광주 고흥군,전남광주,고흥군,전남광주통합특별시 고흥군 과역면 무궁화길 1,0,0,1,061-832-8556
A0022166,순천에코주유소,SK에너지,전남광주 순천시,전남광주,순천시,전남광주통합특별시 순천시 중앙로 468 (가곡동),0,0,0,061-751-4200
A0022171,YM21유통㈜섬진강(부산방향)주유소,알뜰(ex),전남광주 광양시,전남광주,광양시,전남광주통합특별시 광양시 진월면 섬진강매화로 141,1,1,1,061-772-2106
A0022172,신성에너지(주)아리랑주유소,S-OIL,전남광주 순천시,전남광주,순천시,전남광주통합특별시 순천시 황전면 순천로 1943,0,0,0,061-752-5189
A0022174,(주)현우 신중마주유소,SK에너지,전남광주 광양시,전남광주,광양시,전남광주 광양시 백운로 1226 (마동),0,0,1,061-791-5555
A0022177,일원황금주유소/충전소,S-OIL,전남광주 광양시,전남광주,광양시,전남광주통합특별시 광양시 제철로 661,1,0,0,061-795-1901
A0022180,내트럭(주)광양사업소,SK에너지,전남광주 광양시,전남광주,광양시,전남광주통합특별시 광양시 중마로 15,1,0,1,061-795-0117
A0022202,(주)대청산업개발 황전(순천)주유소,알뜰(ex),전남광주 순천시,전남광주,순천시,전남광주 순천시 황전면 순천완주고속도로 25,1,1,1,061-782-1737
A0022203,우리유통㈜ 황전(완주)주유소/충전소,알뜰(ex),전남광주 순천시,전남광주,순천시,전남광주 순천시 황전면 순천완주고속도로 28,1,1,1,061-782-1701
A0022204,백진주유소,HD현대오일뱅크,전남광주 순천시,전남광주,순천시,전남광주 순천시 녹색로 1410 (대룡동),0,0,0,061-743-5188
A0022205,(주)현우 명당주유소,SK에너지,전남광주 광양시,전남광주,광양시,전남광주통합특별시 광양시 백운1로 51,0,0,1,061-793-5150
A0022207,HD현대오일뱅크㈜직영 도령주유소,HD현대오일뱅크,전남광주 광양시,전남광주,광양시,전남광주 광양시 백운1로 39 (태인동),0,0,1,061-795-5102
A0022211,내트럭(주)순천사업소,SK에너지,전남광주 순천시,전남광주,순천시,전남광주통합특별시 순천시 서면 백강로 614,0,0,1,061-908-1800
A0022212,위즈코프㈜ 주암(순천)주유소,알뜰(ex),전남광주 순천시,전남광주,순천시,전남광주통합특별시 순천시 주암면 호남고속도로 29,1,0,1,061-754-4985
A0022213,위즈코프㈜ 주암(천안)주유소,알뜰(ex),전남광주 순천시,전남광주,순천시,전남광주통합특별시 순천시 주암면 호남고속도로 24-1,1,0,1,061-754-4454
A0022214,대륙주유소,SK에너지,전남광주 광양시,전남광주,광양시,전남광주 광양시 옥곡면 강변로 251,0,0,1,061-772-7751
A0022215,지에스칼텍스(주)금당주유소,GS칼텍스,전남광주 순천시,전남광주,순천시,전남광주 순천시 순광로 34 (조례동),1,0,1,061-727-5185
A0022216,HD현대오일뱅크㈜직영 율촌산단주유소,HD현대오일뱅크,전남광주 순천시,전남광주,순천시,전남광주통합특별시 순천시 해룡면 율촌산단4로 93,0,0,1,061-724-5154
A0022219,대보건설(주)보성녹차(광양)주유소/충전소,알뜰(ex),전남광주 보성군,전남광주,보성군,전남광주통합특별시 보성군 겸백면 남해고속도로 70,1,1,1,070-4325-8805
A0022220,대보건설(주)보성(목포)주유소/충전소,알뜰(ex),전남광주 보성군,전남광주,보성군,전남광주통합특별시 보성군 미력면 남해고속도로 63,1,1,1,070-4325-8800
A0022221,매화주유소,GS칼텍스,전남광주 광양시,전남광주,광양시,전남광주 광양시 강변로 171,1,0,0,061-794-1210
A0022223,(주)여정 광양만주유소,알뜰주유소,전남광주 광양시,전남광주,광양시,전남광주통합특별시 광양시 옥곡면 강변로 281,1,0,1,061-772-1868
A0022224,진월IC주유소,S-OIL,전남광주 광양시,전남광주,광양시,전남광주통합특별시 광양시 진월면 백운1로 512,0,0,0,061-772-5199
A0022225,㈜가온코리아 협력주유소,GS칼텍스,전남광주 광양시,전남광주,광양시,전남광주 광양시 백운1로 73,0,0,0,061-792-2151
A0022226,봉능주유소,SK에너지,전남광주 보성군,전남광주,보성군,전남광주통합특별시 보성군 조성면 녹색로 4129,1,0,0,061-852-6555
A0022230,화양주유소,GS칼텍스,전남광주 여수시,전남광주,여수시,전남광주통합특별시 여수시 화양면 화양로 1496,0,0,0,061-683-6488
A0022233,㈜한영 남부지점,HD현대오일뱅크,전남광주 여수시,전남광주,여수시,전남광주통합특별시 여수시 소라면 여순로 146,1,0,0,061-692-0302
A0022234,The 드림주유소,GS칼텍스,전남광주 여수시,전남광주,여수시,전남광주통합특별시 여수시 소라면 845-1,1,0,0,061-692-5144
A0022238,참된주유소,HD현대오일뱅크,전남광주 여수시,전남광주,여수시,전남광주통합특별시 여수시 상암로 822,0,0,0,061-666-5151
A0022246,순수주유소,GS칼텍스,전남광주 여수시,전남광주,여수시,전남광주통합특별시 여수시 도원로 269 (학동),1,0,0,061-692-0559
A0022249,세영주유소,SK에너지,전남광주 여수시,전남광주,여수시,전남광주통합특별시 여수시 신월로 496 (신월동),0,0,0,061-642-2829
A0022250,덕양2주유소,HD현대오일뱅크,전남광주 여수시,전남광주,여수시,전남광주통합특별시 여수시 무선중앙로 98 (선원동),1,0,0,061-684-5188
A0022255,스타주유소,GS칼텍스,전남광주 여수시,전남광주,여수시,전남광주 여수시 신월로 617 (신월동),0,0,0,061-642-6611
A0022260,지에스칼텍스㈜ 굿모닝주유소,GS칼텍스,전남광주 여수시,전남광주,여수시,전남광주 여수시 한재로 17,1,0,1,061-651-9911
A0022261,(주)태리 인천지점,GS칼텍스,인천 서해구,인천,서해구,인천 서해구 서곶로 278 (심곡동),0,0,0,032-563-2718
A0022262,삼부주유소,S-OIL,전남광주 여수시,전남광주,여수시,전남광주통합특별시 여수시 해산1길 41,0,0,0,061-685-8251
A0022264,돌산주유소,GS칼텍스,전남광주 여수시,전남광주,여수시,전남광주 여수시 돌산읍 평사로 646,0,0,0,061-644-4100
A0022265,무선주유소,GS칼텍스,전남광주 여수시,전남광주,여수시,전남광주통합특별시 여수시 화산로 110 (선원동),1,0,1,061-692-0050
A0022266,㈜현우 로타리주유소,SK에너지,전남광주 여수시,전남광주,여수시,전남광주통합특별시 여수시 문수로 1,1,0,1,061-654-5125
A0022269,호명주유소,GS칼텍스,전남광주 여수시,전남광주,여수시,전남광주 여수시 상암로 419 (호명동),0,0,0,061-685-8228
A0022270,스타트주유소,HD현대오일뱅크,전남광주 순천시,전남광주,순천시,전남광주 순천시 서면 순천로 710,0,0,0,061-755-5144
A0022274,안산주유소,SK에너지,전남광주 여수시,전남광주,여수시,전남광주통합특별시 여수시 도원로 150 (안산동),1,0,1,061-685-4441
A0022277,태화로지스틱스㈜ 동화주유소,GS칼텍스,전남광주 여수시,전남광주,여수시,전남광주통합특별시 여수시 여수산단로 264,0,0,0,061-685-6303
A0022283,청룡주유소,SK에너지,전남광주 여수시,전남광주,여수시,전남광주 여수시 상암로 491,0,0,1,061-686-4020
A0022289,대동맥주유소,GS칼텍스,전남광주 여수시,전남광주,여수시,전남광주통합특별시 여수시 여수산단1로 77 (해산동),0,0,1,061-685-5149
A0022293,여수산단주유소,HD현대오일뱅크,전남광주 여수시,전남광주,여수시,전남광주통합특별시 여수시 여수산단로 179 (주삼동),1,0,0,061-684-5189
A0022296,구도일주유소 노란,S-OIL,전남광주 여수시,전남광주,여수시,전남광주통합특별시 여수시 좌수영로 166 (연등동),1,0,0,061-643-2626
A0022304,청해진주유소,HD현대오일뱅크,전남광주 여수시,전남광주,여수시,전남광주통합특별시 여수시 좌수영로 642,0,0,0,061-654-5151
A0022307,㈜일송골드주유소,SK에너지,전남광주 여수시,전남광주,여수시,전남광주통합특별시 여수시 돌산읍 돌산로 3519,1,0,1,061-644-6006
A0022309,세일주유소,HD현대오일뱅크,전남광주 여수시,전남광주,여수시,전남광주통합특별시 여수시 화양면 화양로 327,0,0,0,061-686-5151
A0022319,명성주유소,HD현대오일뱅크,전남광주 여수시,전남광주,여수시,전남광주통합특별시 여수시 돌산읍 돌산로 3266,0,0,0,061-644-5111
A0022323,주삼주유소,GS칼텍스,전남광주 여수시,전남광주,여수시,전남광주통합특별시 여수시 좌수영로 1140 (주삼동),0,0,0,061-691-3397
A0022329,우리주유소,SK에너지,전남광주 여수시,전남광주,여수시,전남광주통합특별시 여수시 쌍봉로 134 (신기동),0,0,0,061-691-3365
A0022331,삼경주유소,SK에너지,전남광주 여수시,전남광주,여수시,전남광주 여수시 율촌면 여순로 699,0,0,0,061-683-6864
A0022332,독립로주유소,알뜰주유소,전남광주 남구,전남광주,남구,전남광주통합특별시 남구 독립로 143,1,1,1,062-363-5189
A0022333,㈜명진블루주유소,HD현대오일뱅크,전남광주 여수시,전남광주,여수시,전남광주통합특별시 여수시 좌수영로 1078,0,0,0,061-692-9428
A0022337,나드리주유소,GS칼텍스,전남광주 여수시,전남광주,여수시,전남광주통합특별시 여수시 돌산읍 돌산로 3500,1,0,0,061-644-5144
A0022338,해오름2주유소,HD현대오일뱅크,전남광주 여수시,전남광주,여수시,전남광주통합특별시 여수시 돌산읍 강남해안로 161,1,0,0,061-641-5191
A0022342,콸콸콸주유소,SK에너지,전남광주 여수시,전남광주,여수시,전남광주 여수시 신월로 773(봉산동),1,0,0,061-920-4331
A0022345,호성주유소,SK에너지,전남광주 여수시,전남광주,여수시,전남광주통합특별시 여수시 망마로 97 (신기동),1,0,1,061-681-2326
A0022349,대포주유소,S-OIL,전남광주 여수시,전남광주,여수시,전남광주통합특별시 여수시 소라면 여순로 250,1,0,0,061-682-7042
A0022352,둔전주유소,SK에너지,전남광주 여수시,전남광주,여수시,전남광주통합특별시 여수시 돌산읍 돌산로 2438,0,0,0,061-644-6201
A0022353,대신주유소,GS칼텍스,전남광주 여수시,전남광주,여수시,전남광주통합특별시 여수시 상암로,0,0,0,061-692-6080
A0022357,지에스칼텍스(주)대성주유소,GS칼텍스,전남광주 광양시,전남광주,광양시,전남광주 광양시 백운로 1403 (마동),0,0,1,061-791-2954
A0022359,지호주유소,S-OIL,전남광주 여수시,전남광주,여수시,전남광주통합특별시 여수시 율촌면 서부로 1942,1,0,0,061-682-1232
A0022361,(주)여수중앙주유소,GS칼텍스,전남광주 여수시,전남광주,여수시,전남광주통합특별시 여수시  소호로 622 (학동),1,0,1,061-684-4777
A0022366,진성주유소,HD현대오일뱅크,전남광주 여수시,전남광주,여수시,전남광주통합특별시 여수시 좌수영로 537 (둔덕동),0,0,0,061-681-5177
A0022368,여수 엑스포주유소,HD현대오일뱅크,전남광주 여수시,전남광주,여수시,전남광주통합특별시 여수시 충민로 135,1,0,0,061-663-7999
A0022369,선원주유소,GS칼텍스,전남광주 여수시,전남광주,여수시,전남광주통합특별시 여수시 무선로 113,1,0,1,061-686-3700
A0022373,(주)명진주유소,GS칼텍스,전남광주 여수시,전남광주,여수시,전남광주통합특별시 여수시 소라면 여순로 198,0,0,0,061-691-5717
A0022388,여수비치주유소,SK에너지,전남광주 여수시,전남광주,여수시,전남광주 여수시 돌산읍 돌산로 2959,1,0,1,061-644-8002
A0022389,여수산단주유소(소라),SK에너지,전남광주 여수시,전남광주,여수시,전남광주통합특별시 여수시 소라면 여순로 179,0,0,0,061-692-2123
A0022392,해솔주유소,HD현대오일뱅크,전남광주 여수시,전남광주,여수시,전남광주 여수시 시청로 230,1,0,0,061-681-2103
A0022394,씨티주유소,HD현대오일뱅크,전남광주 여수시,전남광주,여수시,전남광주통합특별시 여수시 시청로 11 (학동),1,0,0,061-683-5149
A0022395,㈜율촌 와온주유소,GS칼텍스,전남광주 여수시,전남광주,여수시,전남광주통합특별시 여수시 화장동 무선로 282,1,0,1,061-683-2042
A0022396,도원주유소,알뜰주유소,전남광주 여수시,전남광주,여수시,전남광주통합특별시 여수시 도원로 135,1,0,1,061-683-9951
A0022397,현대주유소,HD현대오일뱅크,전남광주 여수시,전남광주,여수시,전남광주통합특별시 여수시  좌수영로 1246 (주삼동),0,0,0,061-692-5270
A0022399,국동주유소,GS칼텍스,전남광주 여수시,전남광주,여수시,전남광주통합특별시 여수시 신월로 725 (국동),1,0,0,061-641-5159
A0022400,해오름주유소,HD현대오일뱅크,전남광주 여수시,전남광주,여수시,전남광주통합특별시 여수시 소라면 서부로 870,1,0,0,061-681-5185
A0022406,여문주유소,HD현대오일뱅크,전남광주 여수시,전남광주,여수시,전남광주통합특별시 여수시 문수로 79 (문수동),0,0,0,061-651-5333
A0022407,괴목주유소,SK에너지,전남광주 순천시,전남광주,순천시,전남광주통합특별시 순천시 황전면 순천로 1493,0,0,0,061-754-9249
A0022409,남도주유소,GS칼텍스,전남광주 여수시,전남광주,여수시,전남광주통합특별시 여수시 삼동로 41 (주삼동),0,0,0,061-684-2211
A0022412,장군주유소,S-OIL,전남광주 여수시,전남광주,여수시,전남광주통합특별시 여수시 화양면 화양로 1099-8,1,0,0,061-684-6565
A0022414,여수산단2셀프,HD현대오일뱅크,전남광주 여수시,전남광주,여수시,전남광주통합특별시 여수시 여수산단로 238,1,0,0,061-692-5100
A0022422,띠띠빵빵주유소,SK에너지,전남광주 여수시,전남광주,여수시,전남광주 여수시 신월로 762,1,0,0,061-641-3030
A0022428,남북산업오일뱅크,HD현대오일뱅크,전남광주 여수시,전남광주,여수시,전남광주통합특별시 여수시 산단중앙로 75,1,0,0,061-691-0011
A0022429,(주)덕양주유소,HD현대오일뱅크,전남광주 여수시,전남광주,여수시,전남광주통합특별시 여수시 소라면 무선로 445,1,0,0,061-666-0444
A0022430,신우성주유소,HD현대오일뱅크,전남광주 여수시,전남광주,여수시,전남광주통합특별시 여수시 좌수영로 841,1,0,0,061-681-5149
A0022432,(주)상암주유소,GS칼텍스,전남광주 여수시,전남광주,여수시,전남광주통합특별시 여수시 상암로 654 (상암동),0,0,0,061-685-3163
A0022433,즐거운주유소,GS칼텍스,전남광주 여수시,전남광주,여수시,전남광주통합특별시 여수시 시청로 171 (여천동),1,0,0,061-683-2200
A0022436,(주)현우 더존알짜주유소,SK에너지,전남광주 여수시,전남광주,여수시,전남광주통합특별시 여수시 소라면 여순로 228,1,0,1,061-686-5189
A0022440,여천농협주유소,NH-OIL,전남광주 여수시,전남광주,여수시,전남광주통합특별시 여수시 도원로 163,0,0,1,061-684-1371
A0022441,여천농협 율촌주유소,NH-OIL,전남광주 여수시,전남광주,여수시,전남광주통합특별시 여수시 율촌면 율촌로 110,0,0,1,061-685-5125
A0022442,여수수협직영주유소,SK에너지,전남광주 여수시,전남광주,여수시,전남광주통합특별시 여수시 소라면 죽림중앙로 5,0,0,0,061-692-8223
A0022449,남선석유(주)구도일주유소대교,S-OIL,전남광주 여수시,전남광주,여수시,전남광주통합특별시 여수시 대교로 43 (봉산동),1,0,1,061-642-5757
A0022453,남선산업(주) 대신주유소,S-OIL,전남광주 여수시,전남광주,여수시,전남광주 여수시 여수산단로 300,0,0,1,061-685-5388
A0022457,구봉산셀프주유소,HD현대오일뱅크,전남광주 여수시,전남광주,여수시,전남광주통합특별시 여수시 여서로 210 (여서동),1,0,0,061-653-8005
A0022458,(주)현우 흥진제1주유소,SK에너지,전남광주 여수시,전남광주,여수시,전남광주통합특별시 여수시 좌수영로 415 (미평동),1,0,1,061-654-6456
A0022460,남해화학(주)여천하나로주유소,NH-OIL,전남광주 여수시,전남광주,여수시,전남광주통합특별시 여수시 좌수영로 925,1,0,1,061-692-0015
A0022479,죽림주유소,SK에너지,전남광주 여수시,전남광주,여수시,전남광주통합특별시 여수시 소라면 덕양로 97,0,0,1,061-685-5138
A0022480,한려주유소,S-OIL,전남광주 여수시,전남광주,여수시,전남광주통합특별시 여수시 좌수영로 524 (둔덕동),1,0,1,061-653-3450
A0022481,(유) 삼일인,GS칼텍스,전남광주 여수시,전남광주,여수시,전남광주통합특별시 여수시 여수산단로 547 (중흥동),0,0,0,061-683-1500
A0022482,신대상주유소,HD현대오일뱅크,전남광주 여수시,전남광주,여수시,전남광주통합특별시 여수시 율촌면 여순로 800,0,0,0,061-686-5456
A0022484,내트럭(주) 여수사업소,SK에너지,전남광주 여수시,전남광주,여수시,전남광주통합특별시 여수시 여수산단로 140,0,0,1,061-692-9678
A0022486,지에스칼텍스㈜ 중흥주유소,GS칼텍스,전남광주 여수시,전남광주,여수시,전남광주통합특별시 여수시 여수산단로 765 (중흥동),0,0,1,061-686-5148
A0022488,지에스칼텍스㈜ 연세주유소,GS칼텍스,전북 익산시,전북,익산시,전북 익산시 부송로 33,1,0,1,063-835-5100
A0022489,낙원주유소,GS칼텍스,전북 전주시,전북,전주시,전북 전주시 덕진구 동부대로 624 (우아동3가),1,0,0,063-244-5184
A0022491,에코플러스주유소,S-OIL,전북 전주시,전북,전주시,전북 전주시 덕진구 과학로 258 (전미동1가),1,0,1,063-253-5155
A0022499,동전주주유소,S-OIL,전북 전주시,전북,전주시,전북 전주시 덕진구 전진로 14,1,0,0,070-8211-1226
A0022500,싼6주유소,HD현대오일뱅크,전북 익산시,전북,익산시,전북 익산시 함열읍 익산대로 1287,0,0,0,063-832-2323
A0022501,구도일주유소 동부,S-OIL,경남 진주시,경남,진주시,경남 진주시 대신로 346 (하대동),1,0,0,055-752-9420
A0022506,중인주유소,S-OIL,전북 전주시,전북,전주시,전북 전주시 완산구 우림로 1008 (중인동),1,0,1,063-221-5189
A0022509,다성주유소,S-OIL,전북 무주군,전북,무주군,전북 무주군 무주읍 무금로 269,1,0,0,063-322-5144
A0022511,SK강변주유소,SK에너지,전북 전주시,전북,전주시,전북 전주시 완산구 강변로 212 (효자동1가),1,0,0,063-229-9669
A0022514,길봉주유소,GS칼텍스,전북 전주시,전북,전주시,전북 전주시 완산구 견훤로 87 (남노송동),1,0,0,063-284-4424
A0022515,두리주유소,GS칼텍스,전북 전주시,전북,전주시,전북 전주시 완산구 전주천동로 326 (태평동),1,0,0,063-273-0066
A0022524,일진주유소,GS칼텍스,전북 전주시,전북,전주시,전북 전주시 완산구 우림로 1076,1,0,0,063-236-5576
A0022528,청운주유소,S-OIL,전북 김제시,전북,김제시,전북 김제시 용지면 콩쥐팥쥐로 717,1,0,0,063-544-5189
A0022531,태정주유소,S-OIL,전북 전주시,전북,전주시,전북 전주시 덕진구 동부대로 1520 (고랑동),1,0,0,063-214-0808
A0022539,송천주유소,GS칼텍스,전북 전주시,전북,전주시,전북 전주시 덕진구 송천4길 55 (송천동1가),0,0,0,063-251-7070
A0022542,3008주유소,알뜰주유소,전북 무주군,전북,무주군,전북 무주군 안성면 안성로 29,1,0,1,063-323-3008
A0022545,솔내주유소,S-OIL,전북 전주시,전북,전주시,전북 전주시 덕진구 시천로 25 (송천동1가),1,0,0,063-251-8298
A0022547,대덕산주유소,SK에너지,전북 무주군,전북,무주군,전북 무주군 무풍면 현내로 428,0,0,0,063-324-1544
A0022556,장백주유소,GS칼텍스,전북 무주군,전북,무주군,전북 무주군 무주읍 무설로 491,0,0,0,063-322-5189
A0022557,반석주유소,S-OIL,전북 진안군,전북,진안군,전북 진안군 부귀면 전진로 2721,0,0,0,063-433-1112
A0022561,계북주유소,HD현대오일뱅크,전북 장수군,전북,장수군,전라북도 장수군 계북면 장무로 982,0,0,0,063-352-1138
A0022564,섬진주유소,S-OIL,전북 전주시,전북,전주시,전북 전주시 덕진구 삼례로 123 (반월동),1,0,1,063-211-7044
A0022568,적상주유소,S-OIL,전북 무주군,전북,무주군,전북 무주군 적상면 치마재로 62,1,0,0,063-324-5161
A0022573,진안농협주천지점,NH-OIL,전북 진안군,전북,진안군,전북 진안군 주천면 동상주천로 2202,0,0,1,063-432-6579
A0022576,로또주유소,S-OIL,전북 전주시,전북,전주시,전북 전주시 덕진구 온고을로 440 (만성동),1,0,0,063-000-0000
A0022578,기쁨가득주유소,GS칼텍스,전북 전주시,전북,전주시,전북 전주시 덕진구 동부대로 985,1,0,0,063-000-0000
A0022590,백운주유소,SK에너지,전북 진안군,전북,진안군,전북 진안군 백운면 임진로 1267,0,0,0,063-432-5033
A0022593,금덕주유소,S-OIL,전북 장수군,전북,장수군,전북 장수군 장계면 장무로 420,1,0,0,063-352-5188
A0022606,무주흥국주유소,SK에너지,전북 무주군,전북,무주군,전북 무주군 적상면 괴목로 935,1,0,0,063-322-5795
A0022608,할인주유소,알뜰주유소,전북 전주시,전북,전주시,전북 전주시 덕진구 온고을로 361 (팔복동3가),0,0,1,063-211-0240
A0022610,대림석유㈜ 대림싼주유소,HD현대오일뱅크,전북 전주시,전북,전주시,전북 전주시 덕진구 들사평서로 17,1,0,0,063-251-5353
A0022615,용포주유소,SK에너지,전북 무주군,전북,무주군,전북 무주군 무주읍 무금로 359,0,0,0,063-322-0053
A0022617,마이산주유소,SK에너지,전북 진안군,전북,진안군,전북 진안군 진안읍 전진로 3147,1,0,1,063-433-1235
A0022624,팔복주유소,알뜰주유소,전북 전주시,전북,전주시,전북 전주시 덕진구 기린대로 714,1,1,1,063-211-0619
A0022625,소태정주유소,S-OIL,전북 진안군,전북,진안군,전북 진안군 부귀면 전진로 1678,1,0,1,063-432-0100
A0022629,시티주유소,알뜰주유소,전북 전주시,전북,전주시,전북 전주시 덕진구 백제대로 629 (금암동),1,0,1,063-275-0351
A0022630,남양주유소,S-OIL,전북 무주군,전북,무주군,전북 무주군 적상면 적상산로 124,0,0,0,063-324-5445
A0022631,예스주유소,SK에너지,전북 전주시,전북,전주시,전북 전주시 덕진구 사근1길 23-23 (송천동2가),1,0,0,063-274-2757
A0022634,새론주유소,GS칼텍스,전북 전주시,전북,전주시,전북 전주시 덕진구 온고을로 259,1,0,0,063-212-5536
A0022637,라이크 GS,GS칼텍스,전북 전주시,전북,전주시,전북 전주시 덕진구 삼례로 72,1,0,0,063-213-5189
A0022643,장춘주유소,HD현대오일뱅크,전북 익산시,전북,익산시,전북 익산시 춘포면 궁성로 104,0,0,0,063-291-3344
A0022651,광명주유소,GS칼텍스,전북 전주시,전북,전주시,전북 전주시 덕진구 삼례로 153 (화전동),1,0,0,063-214-1465
A0022652,남양주유소,GS칼텍스,전북 전주시,전북,전주시,전북 전주시 덕진구  반룡2길 8 (팔복동2가),0,0,0,063-211-4169
A0022653,㈜한영 동부지점,HD현대오일뱅크,전북 전주시,전북,전주시,전북 전주시 덕진구 과학로 198 (전미동1가),1,0,0,063-277-1515
A0022659,승희주유소,S-OIL,전북 무주군,전북,무주군,전북 무주군 안성면 안성로 446,0,0,0,063-323-3333
A0022663,상리주유소,SK에너지,전북 전주시,전북,전주시,전북 전주시 덕진구 상리2길 67,1,0,0,063-214-8651
A0022665,전주서린self주유소,SK에너지,전북 전주시,전북,전주시,전북 전주시 덕진구 백제대로 600,1,0,1,063-278-7609
A0022666,역전셀프주유소,알뜰주유소,전북 전주시,전북,전주시,전북 전주시 덕진구  동부대로 748 (우아동3가),1,1,1,063-245-5189
A0022669,명품주유소,HD현대오일뱅크,전북 전주시,전북,전주시,전북 전주시 덕진구 삼례로 97,1,0,0,063-212-6578
A0022671,(유)해뜰날주유소,GS칼텍스,전북 전주시,전북,전주시,전북 전주시 덕진구 초포다리로 70,1,0,0,063-251-3509
A0022674,용머리주유소,알뜰주유소,전북 전주시,전북,전주시,전북 전주시 완산구 용머리로 268 (서완산동1가),1,0,1,063-287-5100
A0022695,강남주유소,GS칼텍스,전북 전주시,전북,전주시,전북 전주시 덕진구 동부대로 1556,1,0,1,063-211-2255
A0022699,싼2주유소 주식회사,HD현대오일뱅크,전북 전주시,전북,전주시,전북 전주시 덕진구  동부대로 1167 (송천동2가),1,0,0,063-213-5151
A0022701,전주농협모악주유소,NH-OIL,전북 전주시,전북,전주시,전라북도 전주시 완산구  천잠로 16,1,0,1,063-237-4335
A0022711,오일스타㈜동부지점,자가상표,전북 전주시,전북,전주시,전북 전주시 덕진구 온고을로 256,1,0,0,063-212-2224
A0022715,(유)오송주유소,GS칼텍스,전북 전주시,전북,전주시,전북 전주시 덕진구 동부대로 1256,1,0,0,063-275-5145
A0022717,백석주유소,GS칼텍스,전북 전주시,전북,전주시,전북 전주시 덕진구 전미로 186 (전미동2가),1,0,0,063-253-3333
A0022718,브이아이피 셀프주유소,SK에너지,전북 전주시,전북,전주시,전북 전주시 덕진구 온고을로 541,1,0,0,063-904-3777
A0022721,백운농협성수지점주유소,NH-OIL,전북 진안군,전북,진안군,전북 진안군 성수면 관진로 804,0,0,1,063-433-5735
A0022739,(유)황금물류주유소,SK에너지,전북 전주시,전북,전주시,전북 전주시 덕진구 삼례로 168 (고랑동),0,0,1,063-212-4170
A0022745,(유)스마트주유소,GS칼텍스,전북 전주시,전북,전주시,전북 전주시 덕진구 동부대로 786,1,0,1,063-247-5898
A0022747,고객사랑주유소,HD현대오일뱅크,전북 전주시,전북,전주시,전북 전주시 덕진구 초포다리로 21,1,0,0,063-253-5661
A0022748,전주현대주유소,SK에너지,전북 전주시,전북,전주시,전북 전주시 덕진구  안덕원로 60,1,0,0,063-251-3114
A0022750,전주농협주유소,NH-OIL,전북 전주시,전북,전주시,전북 전주시 덕진구 완주로 55 (호성동2가),1,0,1,063-253-9691
A0022751,(주)한영 전주지점,HD현대오일뱅크,전북 전주시,전북,전주시,전북 전주시 덕진구 번영로 480 (반월동),1,0,0,063-213-7773
A0022755,조양주유소,SK에너지,대구 중구,대구,중구,대구 중구 달구벌대로 2194 (남산동),1,0,0,053-427-5151
A0022762,한일주유소,SK에너지,대구 수성구,대구,수성구,대구 수성구 청수로 162 (지산동),1,0,0,053-766-2966
A0022763,분도주유소,SK에너지,경북 의성군,경북,의성군,경북 의성군 봉양면 평기길 29-23,1,0,0,054-833-7775
A0022770,현풍하이패스주유소,S-OIL,대구 달성군,대구,달성군,대구 달성군 현풍면 비슬로 732,0,0,0,053-616-5188
A0022780,한대동부주유소,GS칼텍스,대구 동구,대구,동구,대구 동구 동촌로 445 (용계동),1,0,0,053-964-2211
A0022781,KK㈜ 중앙주유소,SK에너지,대구 중구,대구,중구,대구 중구 국채보상로 642 (동인동2가),1,0,1,053-422-8010
A0022783,㈜태산이엔엘 감영셀프주유소,HD현대오일뱅크,대구 중구,대구,중구,대구 중구 태평로 130 (태평로2가),1,0,1,053-219-0051
A0022785,KK㈜ 유성주유소,SK에너지,대구 중구,대구,중구,대구 중구 동덕로 6 (대봉동),1,0,1,053-424-5775
A0022789,문화주유소,알뜰주유소,대구 수성구,대구,수성구,대구 수성구 청호로 93 (지산동),1,1,1,053-782-3300
A0022792,독도사랑주유소16,자가상표,대구 동구,대구,동구,대구 동구 팔공산로 1188,1,0,0,070-7767-8000
A0022793,가든주유소,GS칼텍스,대구 수성구,대구,수성구,대구 수성구 청호로 417 (범어동),0,0,0,053-741-5152
A0022797,경상주유소,SK에너지,경북 경산시,경북,경산시,경북 경산시 와촌면 금송로 341,0,0,0,053-851-0590
A0022798,대한주유소,S-OIL,대구 동구,대구,동구,대구 동구 팔공로 329 (봉무동),1,0,0,053-984-5551
A0022810,(주)미니에너지 직영주유소,알뜰주유소,대구 동구,대구,동구,대구 동구 화랑로 484,1,0,1,053-963-0051
A0022823,대성산업(주)대영대성주유소,GS칼텍스,대구 달서구,대구,달서구,대구 달서구 달서대로 84 (유천동),1,0,1,053-716-7227
A0022828,효목주유소,GS칼텍스,대구 동구,대구,동구,대구 동구 동부로 211,0,0,0,053-745-3900
A0022836,동촌self주유소,HD현대오일뱅크,대구 동구,대구,동구,대구 동구 동촌로 86,1,0,0,053-721-8053
A0022837,노변주유소,SK에너지,대구 수성구,대구,수성구,대구 수성구 달구벌대로 3142,1,0,0,053-791-5493
A0022838,조암주유소,HD현대오일뱅크,대구 달서구,대구,달서구,대구 달서구 조암로 84 (월성동),1,0,0,053-638-1501
A0022840,민들레주유소,HD현대오일뱅크,경남 거제시,경남,거제시,경남 거제시 거제중앙로 1619,0,0,0,055-636-7900
A0022841,하양주유소,S-OIL,경북 경산시,경북,경산시,경북 경산시 하양읍 대경로 616,1,0,0,053-000-000
A0022842,극동주유소,S-OIL,대구 동구,대구,동구,대구 동구 동부로 80 (신천동),1,0,0,053-752-2220
A0022846,동북주유소,HD현대오일뱅크,대구 동구,대구,동구,대구 동구 파계로 220,0,0,0,053-981-6332
A0022849,샛별주유소,GS칼텍스,대구 수성구,대구,수성구,대구 수성구 무열로 73 (만촌동),1,0,0,053-742-9666
A0022851,서재셀프주유소,S-OIL,대구 달성군,대구,달성군,대구 달성군 다사읍 서재로 39,1,0,0,053-593-1241
A0022857,대원주유소,GS칼텍스,대구 동구,대구,동구,대구 동구 효동로 66 (효목동),0,0,0,053-942-5000
A0022858,의성제일주유소,알뜰주유소,경북 의성군,경북,의성군,경북 의성군 의성읍 경북대로 5752,0,0,0,054-834-9933
A0022859,백천주유소,HD현대오일뱅크,경남 함양군,경남,함양군,경남 함양군 함양읍 고운로 453,0,0,0,055-963-2660
A0022864,서문주유소,HD현대오일뱅크,경북 포항시,경북,포항시,경북 포항시 남구 오천읍 해병로 221,1,0,0,054-291-1885
A0022868,원주유소,SK에너지,울산 울주군,울산,울주군,울산 울주군 두동면 두동로 832,0,0,0,052-262-8601
A0022874,이칠주유소,SK에너지,대구 남구,대구,남구,대구 남구 중앙대로 237,1,0,0,053-656-4427
A0022875,메트로팔레스주유소,HD현대오일뱅크,대구 수성구,대구,수성구,대구 수성구 화랑로 20 (만촌동),1,0,0,053-755-8833
A0022881,지에스칼텍스(주) 황금기름창고주유소,GS칼텍스,대구 수성구,대구,수성구,대구 수성구 청수로 87 (황금동),1,0,1,053-766-5151
A0022895,에스제이주유소,S-OIL,대구 수성구,대구,수성구,대구 수성구 달구벌대로 2650 (만촌동),0,0,1,053-751-5151
A0022904,화성제일주유소,SK에너지,대구 서구,대구,서구,대구 서구 국채보상로 355-1,1,0,0,053-523-5100
A0022907,문화주유소,GS칼텍스,대구 동구,대구,동구,대구 동구 동부로30길 90 (신천동),1,0,0,053-751-2550
A0022913,㈜송라오일뱅크 공항점,HD현대오일뱅크,대구 동구,대구,동구,대구 동구 공항로 259,1,0,0,053-983-5600
A0022929,대림주유소,GS칼텍스,대구 수성구,대구,수성구,대구 수성구 용학로 244 (지산동),0,0,1,053-781-5151
A0022930,만남주유소,S-OIL,대구 동구,대구,동구,대구 동구 파계로 392 (중대동),1,0,0,053-985-1112
A0022933,파동주유소,HD현대오일뱅크,대구 수성구,대구,수성구,대구 수성구 파동로 71,0,0,0,053-768-8182
A0022942,국가대표제2주유소,SK에너지,대구 동구,대구,동구,대구 동구 화랑로 377,1,0,0,053-986-5100
A0022953,율하주유소,S-OIL,대구 동구,대구,동구,대구 동구 반야월로 104 (율하동),1,0,0,053-962-5184
A0022955,팔공산IC주유소,S-OIL,대구 동구,대구,동구,대구 동구 공항로 247,1,0,1,053-982-0934
A0022959,㈜HC에너지 HC주유소,S-OIL,대구 수성구,대구,수성구,대구 수성구 달구벌대로 2457 (범어2동),1,0,0,053-743-3382
A0022969,사랑가득주유소,GS칼텍스,대구 수성구,대구,수성구,대구 수성구 동대구로 221 (황금동),1,0,1,053-767-1010
A0022977,동원주유소,GS칼텍스,대구 동구,대구,동구,대구 동구 팔공로 192 (봉무동),0,0,0,053-983-1222
A0022980,수성현대셀프주유소,HD현대오일뱅크,대구 수성구,대구,수성구,대구 수성구 동대구로 74 (지산동),1,0,1,053-767-5142
A0022990,대한주유소,S-OIL,대구 수성구,대구,수성구,대구 수성구 달구벌대로 3322 (신매동),0,0,0,053-795-0088
A0022999,동신주유소,S-OIL,대구 수성구,대구,수성구,대구 수성구 청수로 94,1,0,0,053-768-8383
A0023001,버디클럽오일뱅크,HD현대오일뱅크,대구 수성구,대구,수성구,대구 수성구 무학로 12 (상동),0,0,0,053-768-2600
A0023006,수성못주유소,S-OIL,대구 수성구,대구,수성구,대구 수성구 지범로 50,1,0,0,053-783-2966
A0023007,글로벌주유소,S-OIL,대구 남구,대구,남구,대구 남구 두류공원로 35 (대명동),1,0,0,053-651-6400
A0023018,태영주유소,HD현대오일뱅크,대구 수성구,대구,수성구,대구 수성구 국채보상로 964,1,0,0,0
A0023027,방촌주유소,S-OIL,대구 동구,대구,동구,대구 동구 동촌로 320 (방촌동),1,0,0,053-985-5599
A0023031,반야월주유소,S-OIL,대구 동구,대구,동구,대구 동구 반야월로 199 (동호동),0,0,0,053-962-0120
A0023032,구도일주유소 무열로,S-OIL,대구 수성구,대구,수성구,대구 수성구 무열로 181 (만촌동),0,0,0,053-754-5915
A0023035,지에스칼텍스(주)화남주유소,GS칼텍스,대구 수성구,대구,수성구,대구 수성구 달구벌대로 3063,0,0,1,053-791-8900
A0023036,동도주유소,S-OIL,대구 동구,대구,동구,대구 동구 용계동 안심로 30,0,0,0,053-964-5550
A0023037,효동로주유소,SK에너지,대구 동구,대구,동구,대구광역시 동구 효동로 77,0,0,0,053-944-4567
A0023040,안심주유소,GS칼텍스,대구 동구,대구,동구,대구 동구 안심로 484,1,0,0,053-962-5052
A0023043,팔공산IC제2주유소,S-OIL,대구 동구,대구,동구,대구 동구 공항로 254 (지저동),1,0,1,053-981-8484
A0023051,대성산업(주)강촌대성주유소,GS칼텍스,대구 동구,대구,동구,대구 동구  화랑로 481,1,0,1,053-985-4222
A0023054,강변주유소,S-OIL,대구 동구,대구,동구,대구 동구 해동로 171 (검사동),1,0,0,053-000-0000
A0023055,신암로주유소,S-OIL,대구 동구,대구,동구,대구 동구 신암로 117,1,0,1,053-953-5144
A0023058,동대구고속주유소,SK에너지,대구 동구,대구,동구,대구 동구 동촌로 358 (용계동),1,0,0,053-984-9991
A0023059,동대구주유소,알뜰주유소,대구 동구,대구,동구,대구 동구 안심로 503 (괴전동),1,1,1,053-961-8998
A0023060,기분좋은주유소,GS칼텍스,대구 수성구,대구,수성구,대구 수성구 희망로 101-1,0,0,0,053-761-6051
A0023061,독도사랑주유소연합회㈜ 독도사랑주유소28,자가상표,대구 동구,대구,동구,대구 동구  파계로 308,1,0,0,0
A0023065,우성주유소,HD현대오일뱅크,대구 동구,대구,동구,대구 동구 안심로 244 (서호동),1,0,0,053-962-8989
A0023078,자인주유소,S-OIL,경북 경산시,경북,경산시,경북 경산시 자인면 일연로 41,0,0,0,053-857-7474
A0023086,(주)담티주유소,S-OIL,대구 수성구,대구,수성구,대구 수성구 달구벌대로 2689 (만촌동),1,0,0,053-745-5189
A0023089,(주)에스제이에너지,GS칼텍스,대구 동구,대구,동구,대구 동구 공항로 136 (불로동),1,0,0,053-984-5500
A0023094,흥구석유(주)만촌주유소,GS칼텍스,대구 수성구,대구,수성구,대구 수성구 화랑로 170 (만촌동),1,0,0,053-743-3514
A0023098,대원석유(주)직영대신,SK에너지,대구 동구,대구,동구,대구 동구 안심로 421 (신서동),0,0,1,053-963-2229
A0023099,KK㈜ 중앙2주유소,SK에너지,대구 수성구,대구,수성구,대구 수성구 화랑로 138,1,0,1,053-745-0049
A0023104,HD현대오일뱅크㈜직영 동진주유소,HD현대오일뱅크,대구 동구,대구,동구,대구 동구 동촌로 355,0,0,1,053-984-7700
A0023112,한국광유(주)남부주유소,SK에너지,대구 수성구,대구,수성구,대구 수성구 달구벌대로 2626 (만촌동),1,0,1,053-754-4451
A0023114,한국광유(주)청기와주유소,SK에너지,대구 수성구,대구,수성구,대구 수성구 화랑로 222 (만촌동),1,0,1,053-941-4422
A0023116,삼보주유소,알뜰주유소,대구 수성구,대구,수성구,대구 수성구 무학로 61 (상동),1,1,1,053-764-3551
A0023126,대성산업(주) 대경주유소,GS칼텍스,대구 수성구,대구,수성구,대구 수성구 달구벌대로 3219,1,0,1,053-792-0612
A0023127,동대구터미널주유소,S-OIL,대구 동구,대구,동구,대구 동구 화랑로 584 (용계동),0,0,0,053-965-5759
A0023133,삼원주유소,SK에너지,대구 동구,대구,동구,대구 동구 공항로 241,1,0,0,053-982-5154
A0023138,㈜HC에너지 해안주유소,S-OIL,대구 동구,대구,동구,대구 동구 팔공로 157 (불로동),1,0,0,053-985-6001
A0023143,도원주유소,S-OIL,대구 남구,대구,남구,대구 남구 명덕로 154 (대명동),1,0,1,053-624-6601
A0023144,행복제1주유소,S-OIL,대구 서구,대구,서구,대구 서구 고성로 104 (원대동1가),1,0,0,053-356-1951
A0023147,무궁화주유소,GS칼텍스,경북 의성군,경북,의성군,경북 의성군 봉양면 경북대로 5029,0,0,0,054-833-0080
A0023151,(주)진양에너지,HD현대오일뱅크,대구 북구,대구,북구,대구 북구 노원로 3 (노원동3가),1,0,0,053-351-4500
A0023156,쌍림주유소,HD현대오일뱅크,경북 고령군,경북,고령군,경북 고령군 쌍림면 대가야로 900,0,0,0,054-955-0021
A0023158,하나고속주유소,S-OIL,경북 영천시,경북,영천시,경북 영천시 고경면 호국로 1150,0,0,0,054-336-0120
A0023161,덕곡주유소,S-OIL,경북 고령군,경북,고령군,경북 고령군 덕곡면 덕운로 569,1,0,0,054-956-3322
A0023164,계명주유소,S-OIL,대구 달서구,대구,달서구,대구 달서구 달구벌대로 1150 (신당동),1,0,0,053-585-1515
A0023167,금암고속주유소,S-OIL,경북 칠곡군,경북,칠곡군,경북 칠곡군 동명면 경북대로 519,1,0,0,054-976-6765
A0023171,미래주유소,SK에너지,경북 경산시,경북,경산시,경북 경산시 원효로 148,0,0,0,053-801-0051
A0023173,㈜상동주유소,S-OIL,대구 수성구,대구,수성구,대구 수성구 신천동로 85,1,0,0,053-767-5182
A0023175,가야주유소(SK),SK에너지,경북 고령군,경북,고령군,경북 고령군 쌍림면 쌍쌍로 810,0,0,0,054-955-3033
A0023179,아리랑주유소,GS칼텍스,대구 달서구,대구,달서구,대구 달서구 달서대로 696 (신당동),1,0,0,053-583-5151
A0023190,제일주유소,SK에너지,경남 창녕군,경남,창녕군,경남 창녕군 영산면 온천로 29,0,0,0,055-536-5858
A0023191,덕영주유소,S-OIL,대구 북구,대구,북구,대구 북구 매천로 290 (태전동),0,0,0,053-314-0051
A0023195,덕영에너지 가산 Ic주유소,SK에너지,경북 칠곡군,경북,칠곡군,경북 칠곡군 가산면 경북대로 1420,1,0,0,054-972-8251
A0023199,신광주유소,SK에너지,대구 서구,대구,서구,대구 서구 와룡로 349 (상중이동),1,0,0,053-000-0000
A0023201,단양사랑주유소,S-OIL,충북 단양군,충북,단양군,충북 단양군 매포읍 단양로 2478,1,0,0,043-421-5199
A0023207,선진주유소,GS칼텍스,대구 북구,대구,북구,대구 북구 연암로 119 (산격동),1,0,0,053-955-6647
A0023210,제이엠오일랜드 제1주유소,S-OIL,경북 칠곡군,경북,칠곡군,경북 칠곡군 가산면 경북대로 1482,1,0,0,070-4006-0970
A0023215,상주이룸self주유소,SK에너지,경북 상주시,경북,상주시,경북 상주시 영남제일로 1273,1,0,0,054-907-5885
A0023217,합천주유소,SK에너지,대구 서구,대구,서구,대구 서구 염색공단천로 78 (비산동),0,0,0,053-356-1010
A0023220,새방골주유소,SK에너지,대구 서구,대구,서구,대구 서구 국채보상로 43 (이현동),0,0,0,053-573-5511
A0023223,우성셀프주유소,S-OIL,경북 구미시,경북,구미시,경북 구미시 야은로 487 (도량동),1,0,0,054-444-5151
A0023230,기분좋은주유소,S-OIL,경북 칠곡군,경북,칠곡군,경북 칠곡군 왜관읍 칠곡대로 1888,1,0,0,054-972-5141
A0023232,서대구터미널주유소,S-OIL,대구 서구,대구,서구,대구 서구 북비산로 49 (이현동),1,0,0,053-527-5151
A0023236,옥포고속주유소,HD현대오일뱅크,대구 달성군,대구,달성군,대구 달성군 비슬로 2190,1,0,0,053-614-7855
A0023240,가나주유소,S-OIL,대구 서구,대구,서구,대구 서구 와룡로 358,1,0,0,053-565-5770
A0023245,평리동양주유소,SK에너지,대구 서구,대구,서구,대구 서구 북비산로 241 (평리동),1,0,0,053-525-5995
A0023270,아름다운주유소,알뜰주유소,대구 서구,대구,서구,대구 서구 달서로 67 (비산동),1,1,1,053-557-0900
A0023271,서대구주유소,GS칼텍스,대구 서구,대구,서구,대구 서구 북비산로 41,1,0,0,053-525-7277
A0023280,공단주유소,GS칼텍스,경북 구미시,경북,구미시,경북 구미시 수출대로 106,0,0,0,054-463-3335
A0023285,영남주유소,HD현대오일뱅크,경북 고령군,경북,고령군,경북 고령군 성산면 성산로 808,1,0,0,054-956-0351
A0023286,해원주유소,SK에너지,대구 달서구,대구,달서구,대구 달서구 구마로 79,1,0,0,053-521-6342
A0023288,㈜HC에너지 본리주유소,S-OIL,대구 달서구,대구,달서구,대구 달서구 와룡로 76,1,0,1,053-527-6972
A0023299,대가야주유소,SK에너지,경북 고령군,경북,고령군,경북 고령군 대가야읍 대가야로 1503,0,0,0,054-955-2800
A0023317,아화주유소,S-OIL,대구 달서구,대구,달서구,대구 달서구 와룡로 283,1,0,0,053-000-0000
A0023325,태하셀프주유소,HD현대오일뱅크,경북 고령군,경북,고령군,경북 고령군 다산면 다산로 692,1,0,0,054-954-0016
A0023330,영신제2주유소,알뜰주유소,대구 서구,대구,서구,대구 서구 서대구로 207 (평리동),1,1,1,053-553-5511
A0023333,(주)에스엔에스주유소,S-OIL,대구 서구,대구,서구,대구 서구 달구벌대로 1833 (내당동),1,0,0,0
A0023335,국가대표주유소,SK에너지,대구 달서구,대구,달서구,대구 달서구 당산로 104,1,0,0,053-626-8778
A0023338,금계주유소,S-OIL,경북 고령군,경북,고령군,경북 고령군 대가야읍 대가야로 1062,1,0,0,054-956-3355
A0023339,도항주유소,S-OIL,경남 함안군,경남,함안군,경남 함안군 가야읍 함마대로 1530,1,0,0,055-582-5189
A0023340,㈜창진에너지,S-OIL,대구 달서구,대구,달서구,대구 달서구 성서동로 184,1,0,0,053-588-5181
A0023347,삼흥주유소,알뜰주유소,경북 고령군,경북,고령군,경북 고령군 성산면 성산로 1004-1,1,0,1,054-955-8979
A0023349,동고령주유소,S-OIL,경북 고령군,경북,고령군,경북 고령군 성산면 동고령로 565,1,0,0,0
A0023353,달서주유소,S-OIL,대구 서구,대구,서구,대구 서구 달서천로 176,0,0,0,053-352-4001
A0023354,광명2주유소,S-OIL,대구 서구,대구,서구,대구 서구 서대구로 170,1,0,0,053-622-5182
A0023360,(주)윤담공단주유소,SK에너지,경북 고령군,경북,고령군,경북 고령군 다산면 다산산단로 7,1,0,1,054-955-4178
A0023361,대광주유소,S-OIL,경북 고령군,경북,고령군,경북 고령군 다산면 다산로 717,0,0,0,054-955-7744
A0023362,㈜다원컴퍼니,HD현대오일뱅크,대구 서구,대구,서구,대구 서구 국채보상로 122 (중리동),1,0,1,053-571-8251
A0023363,태양주유소,HD현대오일뱅크,대구 서구,대구,서구,대구 서구 국채보상로 372,1,0,0,053-573-8303
A0023364,조광주유소,HD현대오일뱅크,대구 서구,대구,서구,대구 서구 북비산로 36(이현동),1,0,0,053-552-3900
A0023366,고령주유소,SK에너지,경북 고령군,경북,고령군,경북 고령군 대가야읍 중앙로 61,0,0,0,054-954-3366
A0023368,㈜HC에너지 개진주유소,S-OIL,경북 고령군,경북,고령군,경북 고령군 개진면 우곡로 1353,0,0,0,054-956-1177
A0023369,베스트오일㈜직영참주유소,S-OIL,경북 칠곡군,경북,칠곡군,경북 칠곡군 가산면 인동가산로 827,1,0,0,054-971-7404
A0023371,송곡셀프주유소,HD현대오일뱅크,경북 고령군,경북,고령군,경북 고령군 다산면 성암로 700,1,0,0,054-956-0051
A0023372,송산주유소,S-OIL,경북 고령군,경북,고령군,경북 고령군 다산면 성암로 817,0,0,0,054-956-0505
A0023373,세진주유소,GS칼텍스,경북 고령군,경북,고령군,경북 고령군 영서로 3341,0,0,0,054-955-1155
A0023374,금산,S-OIL,경북 고령군,경북,고령군,경북 고령군 개진면 성산로 283,0,0,0,054-956-1331
A0023375,성산주유소,S-OIL,경북 고령군,경북,고령군,경북 고령군 성산면 성산로 970,1,0,0,054-954-4032
A0023380,이현IC주유소,S-OIL,대구 서구,대구,서구,대구 서구 북비산로 183 (평리동),0,0,0,053-564-1112
A0023383,예천주유소,S-OIL,경북 예천군,경북,예천군,경북 예천군 감천면 예영로 1068,1,0,0,054-655-5185
A0023386,동승주유소,S-OIL,대구 달서구,대구,달서구,대구 달서구 구마로 35,1,0,0,053-522-1133
A0023387,별빛주유소,알뜰주유소,경북 영천시,경북,영천시,경북 영천시 천문로 165,1,0,1,070-4006-0970
A0023389,제로주유소,GS칼텍스,대구 서구,대구,서구,대구 서구 북비산로 177 (평리동),0,0,0,053-567-0177
A0023397,효령주유소,SK에너지,대구 군위군,대구,군위군,대구 군위군 효령면 경북대로 2164,1,0,0,054-382-9988
A0023399,믿음주유소,S-OIL,경북 영덕군,경북,영덕군,경북 영덕군 강구면 동해대로 4499,1,0,0,054-734-7020
A0023400,현주유소,HD현대오일뱅크,충북 제천시,충북,제천시,충북 제천시 봉양읍 북부로5길 16-67,0,0,0,043-645-0448
A0023406,기분좋은주유소,GS칼텍스,대구 서구,대구,서구,대구 서구 와룡로 420,1,0,0,053-563-2222
A0023419,다산농협주유소,NH-OIL,경북 고령군,경북,고령군,경북 고령군 다산면 다산로 705,0,1,1,054-950-0820
A0023421,고령농협클린주유소,NH-OIL,경북 고령군,경북,고령군,경북 고령군 대가야읍 대가야로 1387,0,0,1,054-954-3237
A0023422,이현공단주유소,GS칼텍스,대구 서구,대구,서구,대구 서구 국채보상로 181 (평리동),1,0,0,053-565-0889
A0023426,흥구석유(주)장기주유소,GS칼텍스,대구 달서구,대구,달서구,대구 달서구 달구벌대로 1374 (장기동),1,0,0,053-584-8034
A0023428,흥구석유(주)용산주유소,GS칼텍스,대구 달서구,대구,달서구,대구 달서구 평리로 78,1,0,0,053-556-5252
A0023430,KK㈜ 성서고속주유소,SK에너지,대구 달서구,대구,달서구,대구 달서구 달구벌대로 1154,1,0,1,053-585-6051
A0023433,덕영에너지송현주유소,HD현대오일뱅크,대구 달서구,대구,달서구,대구 달서구 구마로 219 (성당동),1,0,0,053-623-1329
A0023434,한국광유㈜ 신세계주유소,SK에너지,대구 달서구,대구,달서구,대구 달서구 이곡공원로 28 (이곡동),1,0,1,053-588-5145
A0023435,브라보주유소,GS칼텍스,대구 서구,대구,서구,대구 서구 북비산로 95,1,0,0,053-551-8851
A0023436,HD현대오일뱅크㈜직영 공단제일주유소,HD현대오일뱅크,대구 달서구,대구,달서구,대구 달서구 달서대로 455 (호산동),0,0,1,053-593-5180
A0023439,이현대원주유소,SK에너지,대구 서구,대구,서구,대구 서구 북비산로 107 (이현동),1,0,1,053-525-5182
A0023457,대성산업(주)대성유니드주유소,GS칼텍스,대구 달서구,대구,달서구,대구 달서구 와룡로 248 (죽전동),1,0,1,053-526-5151
A0023458,대성산업(주)구마고속주유소,GS칼텍스,대구 달서구,대구,달서구,대구 달서구 구마로 67 (본리동),1,0,1,053-521-1236
A0023465,에버그린주유소,S-OIL,대구 달서구,대구,달서구,대구 달서구 새방로 87,1,0,0,053-573-5656
A0023470,신라주유소,자가상표,대구 서구,대구,서구,대구 서구 서대구로 105,1,0,0,053-551-8113
A0023471,웰컴주유소,HD현대오일뱅크,대구 달서구,대구,달서구,대구 달서구 달구벌대로 1536,1,0,1,0
A0023473,세이브에너지,HD현대오일뱅크,대구 서구,대구,서구,대구 서구 북비산로 154,1,0,0,053-568-8882
A0023475,대영셀프주유소,S-OIL,대구 서구,대구,서구,대구 서구 팔달로 78 (비산동),1,0,0,053-357-0089
A0023476,드림1주유소,HD현대오일뱅크,경북 구미시,경북,구미시,경북 구미시 고아읍 선산대로 261,1,0,0,054-451-9966
A0023478,남대구고속주유소,S-OIL,대구 달서구,대구,달서구,대구 달서구 성서공단로 379,1,0,0,0
A0023479,구도일주유소구미,S-OIL,경북 구미시,경북,구미시,경북 구미시 수출대로 6 (광평동),1,0,0,054-463-2525
A0023480,광명주유소,GS칼텍스,대구 서구,대구,서구,대구광역시 서구  서대구로 201 (평리동),0,0,0,053-555-5563
A0023483,삼공단주유소,S-OIL,경북 칠곡군,경북,칠곡군,경북 칠곡군 석적읍 석적로 977,1,0,0,054-971-9797
A0023484,수정주유소,HD현대오일뱅크,경북 상주시,경북,상주시,경북 상주시 경상대로 2737,1,0,1,054-535-9006
A0023487,세천주유소,알뜰주유소,대구 달성군,대구,달성군,대구 달성군 다사읍 세천북로 32,1,1,1,053-585-0671
A0023490,행운주유소,SK에너지,대구 달성군,대구,달성군,대구 달성군 가창면 가창로 1045,1,0,0,053-768-0891
A0023493,대림주유소,S-OIL,대구 동구,대구,동구,대구 동구 안심로 586 (대림동),1,0,0,053-963-5182
A0023494,대현주유소,HD현대오일뱅크,대구 북구,대구,북구,대구 북구 대학로 16 (산격동),0,0,0,053-956-6370
A0023501,대원주유소,S-OIL,경북 칠곡군,경북,칠곡군,경북 칠곡군 기산면 칠곡대로 1281,0,0,0,054-973-5151
A0023503,복성주유소,SK에너지,경북 칠곡군,경북,칠곡군,경북 칠곡군 약목면 칠곡대로 564,0,0,0,054-975-1155
A0023504,포산주유소,S-OIL,대구 달성군,대구,달성군,대구 달성군 현풍면 비슬로 577,0,0,0,053-617-8582
A0023507,강남고속주유소,SK에너지,대구 북구,대구,북구,대구 북구 노원로 216 (침산동),1,0,0,053-355-6115
A0023512,리더스셀프주유소,HD현대오일뱅크,대구 북구,대구,북구,대구 북구 호국로 814 (학정동),1,0,0,053-325-3131
A0023513,용대주유소,S-OIL,전북 김제시,전북,김제시,전북 김제시 청하면 청하로 396,0,0,0,063-545-5181
A0023518,장동주유소,GS칼텍스,대구 달서구,대구,달서구,대구 달서구 성서동로 208,0,0,1,053-593-5151
A0023523,미리내주유소,HD현대오일뱅크,대구 서구,대구,서구,대구 서구 새방로 101 (상리동),1,0,0,053-566-5182
A0023527,(주)북대구IC주유소,S-OIL,대구 북구,대구,북구,대구 북구 동북로 113 (산격동),1,0,0,053-381-0030
A0023528,망양주유소,SK에너지,경북 울진군,경북,울진군,경북 울진군 매화면 망양북로 32,0,0,0,054-782-7779
A0023531,산동주유소,SK에너지,대구 북구,대구,북구,대구 북구 노원로 28 (노원동3가),1,0,0,053-358-2381
A0023533,한영주유소,알뜰주유소,대구 북구,대구,북구,대구 북구 공항로 73 (복현동),0,1,1,053-382-5182
A0023541,(주)휴먼 대륙주유소,HD현대오일뱅크,경북 경주시,경북,경주시,경북 경주시 안강읍 호국로 2399,0,0,0,054-762-5151
A0023548,㈜진량공단주유소,SK에너지,경북 경산시,경북,경산시,경북 경산시 진량읍 다문로 61,1,0,0,053-856-8251
A0023551,평리주유소,HD현대오일뱅크,대구 서구,대구,서구,대구 서구 서대구로 227 (평리동),1,0,0,053-526-2828
A0023552,장현주유소,S-OIL,경북 포항시,경북,포항시,경북 포항시 북구 삼호로 340 (두호동),1,0,0,054-252-5189
A0023554,대광주유소,HD현대오일뱅크,경북 성주군,경북,성주군,경북 성주군 성주읍 성주로 2871,0,0,0,054-931-4455
A0023556,명조주유소,S-OIL,대구 서구,대구,서구,대구 서구 평리로 156,0,0,0,053-555-6688
A0023569,(주)대영에너지,S-OIL,경북 포항시,경북,포항시,경북 포항시 남구 동해안로 5978,0,0,0,054-293-5189
A0023572,까치주유소,GS칼텍스,대구 북구,대구,북구,대구 북구 호국로 322 (서변동),1,0,0,053-943-0035
A0023577,무지개주유소,알뜰주유소,대구 북구,대구,북구,대구 북구 연암로 198 (산격동),1,0,1,053-384-5104
A0023578,㈜효성에너지,HD현대오일뱅크,대구 북구,대구,북구,대구 북구 대학로 45 (산격동),1,0,0,053-939-5189
A0023581,칠곡제일주유소,알뜰주유소,대구 북구,대구,북구,대구 북구 구리로 161 (국우동),1,1,1,053-321-0082
A0023585,칠곡중앙셀프주유소,S-OIL,대구 북구,대구,북구,대구 북구 칠곡중앙대로 603 (읍내동),1,0,0,053-215-7951
A0023592,(주)영신에너지,HD현대오일뱅크,대구 북구,대구,북구,대구 북구 노원로 164 (노원동3가),1,0,0,053-356-5551
A0023598,문화self주유소,SK에너지,경북 구미시,경북,구미시,경북 구미시 수출대로 541,1,0,0,054-473-8851
A0023603,인평주유소,S-OIL,경북 칠곡군,경북,칠곡군,경북 칠곡군 북삼읍 금오대로 213,1,0,0,054-972-6262
A0023604,창신주유소,HD현대오일뱅크,경북 칠곡군,경북,칠곡군,경북 칠곡군 왜관읍 공단로 132,1,0,0,054-971-6899
A0023606,오일월드주유소,GS칼텍스,대구 북구,대구,북구,대구 북구 칠곡중앙대로 25 (팔달동),1,0,0,053-325-0051
A0023607,행운주유소,SK에너지,대구 중구,대구,중구,대구 중구 태평로 105 (태평로3가),1,0,0,053-421-5145
A0023616,체육관주유소,GS칼텍스,대구 북구,대구,북구,대구 북구 산격로 45,1,0,0,053-957-5151
A0023617,태백산가산톨게이트주유소,SK에너지,경북 칠곡군,경북,칠곡군,경북 칠곡군 가산면 송신로 11,1,0,0,054-975-6667
A0023626,소원주유소,GS칼텍스,대구 북구,대구,북구,대구 북구 칠곡중앙대로 641,0,0,1,053-322-0011
A0023630,공명주유소,GS칼텍스,대구 북구,대구,북구,대구 북구 침산남로 43 (노원동1가),1,0,0,053-341-0051
A0023641,경북주유소,S-OIL,경북 칠곡군,경북,칠곡군,경북 칠곡군 왜관읍 중앙로 171,0,0,0,054-971-0900
A0023647,금산주유소,알뜰주유소,경북 칠곡군,경북,칠곡군,경북 칠곡군 왜관읍 공단로 61,0,0,1,054-974-2335
A0023649,대왕주유소,HD현대오일뱅크,대구 북구,대구,북구,대구 북구 칠곡중앙대로 624,1,0,1,053-324-5189
A0023650,왜관주유소,GS칼텍스,경북 칠곡군,경북,칠곡군,경북 칠곡군 왜관읍 칠곡대로 1738,0,0,0,054-972-0878
A0023656,기분좋은주유소,S-OIL,대구 북구,대구,북구,대구 북구 칠곡중앙대로 290,1,0,0,053-314-8816
A0023657,연초주유소,S-OIL,경남 거제시,경남,거제시,경남 거제시 연초면 거제대로 4264,1,0,1,055-636-6565
A0023659,주식회사 동천주유소,SK에너지,대구 북구,대구,북구,대구광역시 북구  팔거천동로 197 (동천동),1,0,0,053-313-0413
A0023660,동인셀프주유소,HD현대오일뱅크,대구 중구,대구,중구,대구 중구 태평로 257,1,0,0,053-431-7011
A0023661,대성산업(주)대성화물터미널2주유소,GS칼텍스,대구 북구,대구,북구,대구 북구 서재로 540,0,0,1,053-716-8859
A0023662,가산성주유소,HD현대오일뱅크,경북 칠곡군,경북,칠곡군,경북 칠곡군 가산면 경북대로 1329,1,0,0,054-971-1484
A0023664,대광셀프주유소,알뜰주유소,경북 칠곡군,경북,칠곡군,경북 칠곡군 동명면 경북대로 158,1,1,1,054-976-2323
A0023666,석적주유소,S-OIL,경북 칠곡군,경북,칠곡군,경북 칠곡군 석적읍 석적로 128,1,0,1,054-974-7900
A0023674,동서변주유소,알뜰주유소,대구 북구,대구,북구,대구 북구 호국로 141,1,1,1,053-951-5141
A0023675,화성제2주유소,S-OIL,대구 북구,대구,북구,대구 북구 사수로 523,0,0,0,053-323-5155
A0023679,대보주유소,S-OIL,대구 북구,대구,북구,대구 북구 호국로 721 (학정동),1,0,0,053-325-3131
A0023681,서대구IC주유소,SK에너지,대구 서구,대구,서구,대구 서구 북비산로 48,1,0,0,053-525-9398
A0023688,대훈남주유소,GS칼텍스,대구 북구,대구,북구,대구 북구 칠곡중앙대로 174,1,0,0,053-311-4981
A0023689,정다운주유소,HD현대오일뱅크,대구 북구,대구,북구,대구 북구 구암로 232 (구암동),1,0,1,053-000-0000
A0023690,지에스칼텍스㈜ 구암주유소,GS칼텍스,대구 북구,대구,북구,대구 북구 구암로 340,1,0,1,053-321-5185
A0023691,대성산업(주)복현대성주유소,GS칼텍스,대구 북구,대구,북구,대구 북구 검단로 12 (복현동),1,0,1,053-383-5150
A0023692,아스트로주유소,알뜰주유소,대구 북구,대구,북구,대구 북구 팔달로 215,1,1,1,053-351-8500
A0023693,팔달41주유소,HD현대오일뱅크,대구 북구,대구,북구,대구 북구 팔달로 41 (노원동3가),1,0,0,053-341-8251
A0023694,대명주유소,GS칼텍스,대구 중구,대구,중구,대구 중구 명덕로 79,1,0,0,053-255-3415
A0023696,메디파크홀딩스주유소,S-OIL,대구 달서구,대구,달서구,대구 달서구 월배로 8,1,0,1,053-000-0000
A0023697,호원대입구주유소,HD현대오일뱅크,전북 군산시,전북,군산시,전북 군산시 대야면 번영로 1238,0,0,0,063-451-6359
A0023702,칠곡(부산)주유소/충전소,알뜰(ex),경북 칠곡군,경북,칠곡군,경북 칠곡군 왜관읍 경부고속도로 159,1,1,1,054-975-1734
A0023709,흥구석유(주)원대주유소,GS칼텍스,대구 북구,대구,북구,대구 북구 팔달로 67,0,0,0,053-357-8220
A0023713,KK㈜ 침산주유소,SK에너지,대구 북구,대구,북구,대구 북구 노원로 255 (침산동),1,0,1,053-352-7272
A0023714,흥구석유(주) 산격주유소,GS칼텍스,대구 북구,대구,북구,대구 북구 동북로 39 (산격동),1,0,0,053-381-3950
A0023718,HD현대오일뱅크㈜직영 대구현대,HD현대오일뱅크,대구 북구,대구,북구,대구 북구 유통단지로13길 38 (산격동),0,0,1,053-383-0051
A0023719,HD현대오일뱅크㈜직영 유통단지주유소,HD현대오일뱅크,대구 북구,대구,북구,대구 북구 검단로 93,0,0,1,053-381-6562
A0023724,HD현대오일뱅크㈜직영 칠곡주유소,HD현대오일뱅크,대구 북구,대구,북구,대구 북구 칠곡중앙대로 482,0,0,1,053-324-0414
A0023727,해바라기self주유소,SK에너지,대구 북구,대구,북구,대구 북구 대현로 81,1,0,1,053-941-4289
A0023728,중앙주유소,HD현대오일뱅크,대구 북구,대구,북구,대구 북구 동북로 315 (복현동),1,0,0,053-283-5060
A0023729,KK㈜ 침산2주유소,SK에너지,대구 북구,대구,북구,대구 북구 동북로 21,1,0,1,053-381-6051
A0023730,한국광유㈜ 한일주유소,SK에너지,대구 북구,대구,북구,대구 북구 칠곡중앙대로 315 (태전동),1,0,1,053-313-2100
A0023731,대망주유소,HD현대오일뱅크,대구 북구,대구,북구,대구 북구 중앙대로 601 (침산동),1,0,0,053-353-5182
A0023733,신흥주유소,SK에너지,대구 북구,대구,북구,대구 북구 동북로 65-2,1,0,0,053-263-0811
A0023737,북대구고속주유소 ㈜아이에스피스퀘어,SK에너지,대구 북구,대구,북구,대구 북구 호국로 303,1,0,0,053-956-2231
A0023740,칠곡중앙대로주유소,S-OIL,대구 북구,대구,북구,대구 북구 칠곡중앙대로 120 (매천동),1,0,0,053-311-5191
A0023742,한국광유㈜ 칠곡IC주유소,SK에너지,대구 북구,대구,북구,대구 북구 관음로 141 (관음동),0,0,1,053-322-4411
A0023746,흥구석유(주)동인주유소,GS칼텍스,대구 중구,대구,중구,대구 중구 동덕로38길 5,0,0,0,053-424-3398
A0023753,대성산업(주)대성주유소,GS칼텍스,대구 북구,대구,북구,대구 북구 칠성로1길 19,1,0,1,053-358-7922
A0023757,한국광유(주) 칠곡매천주유소,SK에너지,대구 북구,대구,북구,대구 북구 매천로 149 (매천동),0,0,1,053-313-1810
A0023765,경북주유소,SK에너지,경북 영천시,경북,영천시,경북 영천시 금호읍 대경로 1278,0,0,0,054-336-5500
A0023772,천군주유소,GS칼텍스,경북 경주시,경북,경주시,경북 경주시  경감로 631 (천군동),0,0,0,054-745-9600
A0023775,경주주유소,S-OIL,경북 경주시,경북,경주시,경북 경주시 원화로 232-1,1,0,0,000-000-0000
A0023776,영천주유소,S-OIL,경북 영천시,경북,영천시,경북 영천시 최무선로 125,1,0,0,054-333-3300
A0023778,금호주유소,HD현대오일뱅크,경북 영천시,경북,영천시,경북 영천시 화남면 천문로 1806,0,0,0,054-337-6566
A0023786,양북주유소,HD현대오일뱅크,경북 경주시,경북,경주시,경북 경주시 문무대왕면 감은로 23,0,0,0,054-744-2103
A0023791,경주고속주유소,S-OIL,경북 경주시,경북,경주시,경북 경주시 강동면 산업로 5333,1,0,0,054-776-4270
A0023795,와읍주유소,SK에너지,경북 경주시,경북,경주시,경북 경주시 문무대왕면 경감로 2314,0,0,0,054-744-9909
A0023801,장수주유소,SK에너지,경북 영천시,경북,영천시,경북 영천시 금호읍 금호로 38,0,0,0,054-332-5424
A0023804,해동주유소,HD현대오일뱅크,경북 경주시,경북,경주시,경북 경주시 양남면 양남로 283,0,0,0,054-744-1007
A0023807,만불주유소,GS칼텍스,경북 영천시,경북,영천시,경북 영천시 북안면 내서로 139-6,0,0,0,0
A0023810,(주)에너지영신,알뜰주유소,대구 북구,대구,북구,대구 북구  호국로 729 (학정동),1,1,1,053-325-7450
A0023811,동양주유소,S-OIL,경북 경주시,경북,경주시,경북 경주시 외동읍 산업로 2094,1,0,0,054-742-8866
A0023817,삼일주유소,HD현대오일뱅크,경북 영천시,경북,영천시,경북 영천시 고경면 호국로 685,0,0,0,054-335-8610
A0023820,해동주유소,HD현대오일뱅크,경북 경주시,경북,경주시,경북 경주시 금성로 395 (성건동),0,0,0,054-742-6100
A0023827,나정주유소,S-OIL,경북 경주시,경북,경주시,경북 경주시 포석로 840,0,0,0,054-777-3923
A0023830,감포셀프주유소,GS칼텍스,경북 경주시,경북,경주시,경북 경주시 감포읍 경감로 2779,1,0,0,054-775-5152
A0023831,동서울주유소 ㈜그린에너지,SK에너지,경기 하남시,경기,하남시,경기 하남시 서하남로 372,1,0,0,031-796-4336
A0023833,산대주유소,S-OIL,경북 경주시,경북,경주시,경상북도 경주시 안강읍 구부랑길 35,0,0,0,054-763-5555
A0023837,평화주유소,GS칼텍스,경북 경주시,경북,경주시,경북 경주시 알천남로 206 (성동동),1,0,0,054-774-7900
A0023839,북안주유소,HD현대오일뱅크,경북 영천시,경북,영천시,경상북도 영천시 북안면 운북로 2027,0,0,0,054-333-6815
A0023842,보성셀프주유소,HD현대오일뱅크,경북 경주시,경북,경주시,경북 경주시 강동면 산업로 5762,1,0,0,054-762-5252
A0023845,영천제일주유소,GS칼텍스,경북 영천시,경북,영천시,경북 영천시 영천아이시로 99 (봉동),0,0,1,054-335-4000
A0023846,남강주유소,HD현대오일뱅크,경북 경주시,경북,경주시,경북 경주시 태종로 126 (효현동),1,0,0,054-748-5180
A0023849,천마산주유소,S-OIL,경북 상주시,경북,상주시,경북 상주시 외서면 경상대로 3913,1,0,0,054-541-0890
A0023851,모화주유소,S-OIL,경북 경주시,경북,경주시,경북 경주시 외동읍 산업로 1788,0,0,1,054-773-5801
A0023856,충효주유소(SK),SK에너지,경북 경주시,경북,경주시,경북 경주시 태종로 464 (충효동),1,0,0,054-773-0303
A0023860,삼포주유소,SK에너지,경북 경주시,경북,경주시,경북 경주시 산내면 단석로 695,1,0,0,054-751-8088
A0023864,울진사랑주유소,S-OIL,경북 울진군,경북,울진군,경상북도 울진군 울진읍 동해대로 4188,1,0,0,054-783-8900
A0023869,임고주유소,SK에너지,경북 영천시,경북,영천시,경북 영천시 임고면 포은로 396,0,0,0,054-336-3344
A0023874,재포주유소,HD현대오일뱅크,경북 경주시,경북,경주시,경북 경주시 산내면 문복로 430,0,0,0,054-751-8994
A0023876,㈜MH 만남지점,HD현대오일뱅크,경북 경주시,경북,경주시,경북 경주시 산업로 4384 (용강동),1,0,0,054-748-9500
A0023877,(주)협신로지스,SK에너지,경북 경주시,경북,경주시,경북 경주시 유림로5번길 85-4 (황성동),0,0,0,054-776-5050
A0023879,금강주유소,HD현대오일뱅크,경북 경주시,경북,경주시,경북 경주시 안강읍 안현로 825,0,0,0,054-762-5140
A0023881,한마음주유소,GS칼텍스,경북 영천시,경북,영천시,경북 영천시 영천아이시로 78 (봉동),0,0,0,054-336-7300
A0023883,동영천ic주유소,SK에너지,경북 영천시,경북,영천시,경북 영천시 호국로 224,1,0,0,054-336-1122
A0023886,흥부주유소,SK에너지,경북 경주시,경북,경주시,경북 경주시 외동읍 내외로 519,0,0,0,054-746-0107
A0023889,한국주유소,HD현대오일뱅크,경북 영천시,경북,영천시,경북 영천시 고경면 거곡로 14-1,0,0,0,054-335-4030
A0023892,제일주유소,SK에너지,경북 경주시,경북,경주시,경북 경주시 안강읍 안강중앙로 264,0,0,0,054-761-7070
A0023898,KK㈜ KK금호주유소,SK에너지,경북 영천시,경북,영천시,경북 영천시 북안면 대경로 2166-33,1,0,1,054-336-0901
A0023900,㈜MH 희망주유소,HD현대오일뱅크,경북 경주시,경북,경주시,경북 경주시 알천남로 194 (성동동),1,0,0,054-777-5100
A0023904,안심주유소,GS칼텍스,경북 영천시,경북,영천시,경북 영천시 장수로 259,0,0,0,054-337-4900
A0023905,㈜마니에셋 독도사랑주유소13,자가상표,경북 성주군,경북,성주군,경북 성주군 월항면 월항로 101,0,0,0,054-931-6051
A0023906,새한주유소,S-OIL,경북 경주시,경북,경주시,경북 경주시 내남면 반구대로 2865,1,0,0,054-748-0045
A0023907,옥산주유소,S-OIL,경북 경주시,경북,경주시,경북 경주시 안강읍 호국로 2818,0,0,0,054-761-7888
A0023908,삼성주유소,SK에너지,경북 경주시,경북,경주시,경북 경주시 안강읍 호국로 2119,0,0,0,054-762-9077
A0023909,대창주유소,S-OIL,경북 영천시,경북,영천시,경북 영천시 대창면 금창로 667,0,0,0,054-335-6555
A0023918,청수주유소,HD현대오일뱅크,경북 영천시,경북,영천시,경북 영천시 한방로 53,0,0,0,054-336-0202
A0023924,태양주유소,HD현대오일뱅크,경북 영천시,경북,영천시,경북 영천시 금호읍 금창로 229,0,0,0,054-331-5110
A0023928,대우주유소,S-OIL,경북 경주시,경북,경주시,경북 경주시 신당길 14,0,0,0,054-776-4951
A0023929,고경주유소,HD현대오일뱅크,경북 영천시,경북,영천시,경북 영천시 고경면 호국로 1428,1,0,0,054-000-0000
A0023945,(주)기분좋은주유소,GS칼텍스,경북 경주시,경북,경주시,경북 경주시 태종로 269,1,0,0,054-772-0900
A0023949,안강 I.C 셀프주유소,SK에너지,경북 경주시,경북,경주시,경북 경주시 안강읍 안강중앙로 300,1,0,0,054-761-8666
A0023951,세원주유소,S-OIL,경북 경주시,경북,경주시,경북 경주시 서면 내서로 395,0,0,0,054-751-3666
A0023952,본촌주유소,GS칼텍스,경북 영천시,경북,영천시,경상북도 영천시 산업단지로 177,0,0,0,054-336-0050
A0023957,도동IC주유소,HD현대오일뱅크,경북 영천시,경북,영천시,경북 영천시 대경로 1849 (도동),0,0,0,054-333-5282
A0023961,서문주유소,S-OIL,경북 영천시,경북,영천시,경북 영천시 장수로 106 (화룡동),1,0,0,054-333-8316
A0023963,신원주유소,SK에너지,경북 영천시,경북,영천시,경북 영천시 외머리로 45,0,0,0,054-334-8333
A0023966,천북주유소,SK에너지,경북 경주시,경북,경주시,경북 경주시 천북면 천북로 307,0,0,1,054-775-8283
A0023969,누리1주유소,S-OIL,경북 영천시,경북,영천시,경북 영천시 금호읍 금호로 393,1,0,0,054-332-5189
A0023971,복현셀프주유소,S-OIL,대구 북구,대구,북구,대구 북구 동북로 256,1,0,0,053-952-0919
A0023974,동일주유소,S-OIL,경북 경주시,경북,경주시,경북 경주시 건천읍 내서로 1170,1,0,0,054-748-0161
A0023975,(주)천년애주유소,GS칼텍스,경북 경주시,경북,경주시,경북 경주시 산업로 4534 (용강동),1,0,0,0
A0023976,서라벌셀프주유소,HD현대오일뱅크,경북 경주시,경북,경주시,경북 경주시 산업로 3533,1,0,0,054-748-1177
A0023979,율동주유소,S-OIL,경북 경주시,경북,경주시,경북 경주시 대경로 4657 (율동),1,0,0,054-777-4157
A0023981,현곡주유소,S-OIL,경북 경주시,경북,경주시,경북 경주시 현곡면 용담로 511,0,0,0,054-745-3083
A0023982,동부주유소,SK에너지,경북 영천시,경북,영천시,경북 영천시 호국로 101 (망정동),0,0,0,054-334-5100
A0023983,대경제1self주유소,알뜰주유소,경북 영천시,경북,영천시,경북 영천시 영천아이시로 10 (작산동),1,0,1,054-337-5189
A0023989,수정주유소,S-OIL,경북 영천시,경북,영천시,경북 영천시 영화로 365 (망정동),0,0,0,054-337-8078
A0023990,국제주유소,S-OIL,경북 경주시,경북,경주시,경북 경주시 불국로 87 (구정동),0,0,0,054-746-0026
A0023995,동해농협주유소,NH-OIL,경북 포항시,경북,포항시,경북 포항시 남구 동해면 일월로 113,1,1,1,054-286-1199
A0024002,도원주유소,S-OIL,경북 경주시,경북,경주시,경북 경주시 외동읍 산업로 2677,1,0,1,054-771-0654
A0024003,동천주유소,S-OIL,경북 경주시,경북,경주시,경북 경주시 양정로 187,1,0,0,054-775-7600
A0024004,도림주유소,GS칼텍스,경북 영천시,경북,영천시,경북 영천시 천문로 918 (도림동),1,0,0,054-335-4724
A0024005,신경주IC주유소,S-OIL,경북 경주시,경북,경주시,경북 경주시 건천읍 단석로 1855,1,0,0,054-751-7717
A0024016,녹동주유소,SK에너지,경북 경주시,경북,경주시,경북 경주시 외동읍 관문로 875,1,0,0,054-771-4471
A0024025,영천대성주유소,S-OIL,경북 영천시,경북,영천시,경북 영천시 고경면 호국로 1524,1,0,0,054-337-7131
A0024026,영신주유소,HD현대오일뱅크,경북 영천시,경북,영천시,경북 영천시 신녕면 장수로 1672,0,0,0,054-332-0026
A0024028,수현주유소,S-OIL,경북 경주시,경북,경주시,경북 경주시 건천읍 내서로 909,1,0,0,054-751-4354
A0024034,용덕주유소,GS칼텍스,경북 포항시,경북,포항시,경북 포항시 남구 오천읍 정몽주로 624,1,0,0,054-292-2223
A0024038,대신주유소,HD현대오일뱅크,경북 경주시,경북,경주시,경북 경주시 감포읍 동해안로 1764,0,0,0,054-771-5117
A0024043,화북주유소,S-OIL,경북 영천시,경북,영천시,경북 영천시 화북면 천문로 2255,0,0,0,054-337-0622
A0024048,한국광유㈜ 영천스타주유소,SK에너지,경북 영천시,경북,영천시,경북 영천시 천문로 568 (대전동),1,0,1,054-337-5185
A0024054,동방1주유소,S-OIL,경북 경주시,경북,경주시,경북 경주시 산업로 3496,1,0,0,054-748-8840
A0024058,대동셀프주유소,HD현대오일뱅크,경북 경주시,경북,경주시,경북 경주시 진현신계길 5 (진현동),1,0,0,054-771-5189
A0024060,불국에너지㈜ 남산지점,HD현대오일뱅크,경북 경주시,경북,경주시,경북 경주시 반구대로 3740,1,0,0,070-7507-2212
A0024061,재인에너지㈜ 동국고속주유소,S-OIL,경북 경주시,경북,경주시,경북 경주시 천북면 산업로 4965,1,0,0,054-776-4270
A0024069,아리랑주유소,GS칼텍스,경북 경주시,경북,경주시,경북 경주시 외동읍 산업로 2414,1,0,0,054-776-8882
A0024076,흥구본리동주유소,GS칼텍스,대구 달서구,대구,달서구,대구 달서구 구마로 110,1,0,1,053-558-5534
A0024080,만남의셀프주유소,S-OIL,경북 경주시,경북,경주시,경북 경주시 안강읍 호국로 2170,1,0,0,070-4006-0970
A0024093,울산주유소,HD현대오일뱅크,경북 경주시,경북,경주시,경북 경주시 외동읍 산업로 2168,0,0,0,054-746-8794
A0024097,㈜하이테크화학 경주주유소,HD현대오일뱅크,경북 경주시,경북,경주시,경북 경주시 안강읍 호국로 2145,1,0,0,054-762-5189
A0024100,(주)대동주유소,S-OIL,경북 경주시,경북,경주시,경북 경주시 건천읍 대경로 3537,1,0,0,054-751-9191
A0024102,시선㈜ 경주지점,알뜰주유소,경북 경주시,경북,경주시,경북 경주시 산업로 3585,1,0,1,054-776-5189
A0024105,태백산주남들주유소,S-OIL,경북 영천시,경북,영천시,경북 영천시 영화로 58,1,0,0,054-335-3362
A0024113,산업로주유소,SK에너지,경북 경주시,경북,경주시,경북 경주시 외동읍 산업로 2015,1,0,0,054-701-2252
A0024116,문화주유소,S-OIL,경북 경주시,경북,경주시,경북 경주시 원화로 401 (황성동),1,0,0,054-622-9885
A0024117,대림주유소,S-OIL,경북 영천시,경북,영천시,경북 영천시 장수로 1396 (화산면),0,0,0,054-335-5599
A0024118,세양주유소,SK에너지,경북 경주시,경북,경주시,경북 경주시 비학로 132,0,0,0,054-762-7088
A0024125,우주주유소,S-OIL,경북 경주시,경북,경주시,경북 경주시 원화로 390,1,0,0,054-774-8080
A0024126,희망가득9주유소,S-OIL,경북 경주시,경북,경주시,경북 경주시 산업로 3619,1,0,1,054-745-2573
A0024128,상방주유소,S-OIL,경북 경산시,경북,경산시,경상북도 경산시 경안로 28,0,0,0,053-811-8000
A0024129,북안IC주유소,HD현대오일뱅크,경북 경주시,경북,경주시,경북 경주시 서면 대경로 3189,1,0,0,054-753-1116
A0024132,제이엠11주유소,알뜰주유소,경북 경주시,경북,경주시,경북 경주시 강동면 산업로 5406,1,0,1,054-705-5189
A0024138,태정주유소,HD현대오일뱅크,경북 영천시,경북,영천시,경북 영천시 천문로 131 (금노동),1,0,0,054-334-5151
A0024139,창신주유소,SK에너지,경북 영천시,경북,영천시,경북 영천시 청통면 청통로 322,0,0,0,054-331-5744
A0024149,일호self주유소,SK에너지,대구 동구,대구,동구,대구 동구 화랑로 103,1,0,1,053-754-1515
A0024155,북영천IC주유소,HD현대오일뱅크,경북 영천시,경북,영천시,경북 영천시 천문로 923,1,0,0,054-338-5189
A0024156,북부주유소,HD현대오일뱅크,경북 경주시,경북,경주시,경상북도 경주시 안강읍 안현로 1830,0,0,0,054-763-2121
A0024158,프라우드주유소,S-OIL,경북 경주시,경북,경주시,경북 경주시 외동읍 산업로 2474,1,0,0,054-741-1434
A0024162,(주)태산이앤엘 호반셀프주유소,알뜰주유소,경북 경주시,경북,경주시,경북 경주시 안강읍 호국로 2191,1,1,1,054-762-6335
A0024172,영안,S-OIL,경북 경주시,경북,경주시,경북 경주시 감포읍 동해안로 2059,0,0,0,054-744-3028
A0024175,안강센트럴주유소,S-OIL,경북 경주시,경북,경주시,경상북도 경주시 안강읍 안강중앙로 115 (안강읍),1,0,1,054-762-5155
A0024176,베스트원주유소,S-OIL,경북 경주시,경북,경주시,경북 경주시 태종로 260 (충효동),1,0,0,070-2208-1747
A0024181,노당주유소,S-OIL,경북 경주시,경북,경주시,경북 경주시 안강읍 안현로 2003,0,0,0,054-762-9555
A0024184,형산주유소,SK에너지,경북 경주시,경북,경주시,경북 경주시 산업로 3398 (도지동),1,0,0,054-772-5189
A0024185,삼일주유소,SK에너지,경북 경주시,경북,경주시,경북 경주시 천북면 산업로 4866,1,0,0,054-745-4231
A0024186,우리들주유소,S-OIL,경북 경산시,경북,경산시,경북 경산시 진량읍 공단로 165,1,0,0,053-854-8200
A0024187,연본주유소,SK에너지,경북 경주시,경북,경주시,경북 경주시 안강읍 안현로 1627,0,0,0,054-762-3080
A0024190,천리주유소,SK에너지,경북 경주시,경북,경주시,경북 경주시 양남면 동해안로 470,0,0,0,054-774-5628
A0024194,우리셀프주유소,S-OIL,경북 영천시,경북,영천시,경북 영천시 천문로 398 (문내동),1,0,0,054-338-7741
A0024198,제이엠 제5주유소,S-OIL,경북 영천시,경북,영천시,경북 영천시 고경면 호국로 1645,1,0,0,0
A0024201,청령주유소,SK에너지,경북 경주시,경북,경주시,경북 경주시 안강읍 안현로 676,0,0,0,054-762-3131
A0024203,태양주유소,S-OIL,경북 문경시,경북,문경시,경북 문경시 농암면 청화로 1123,1,0,0,054-571-3700
A0024204,남부,S-OIL,경북 경주시,경북,경주시,경북 경주시 안강읍 안현로 1377,1,0,0,054-762-3900
A0024206,건천주유소,SK에너지,경북 경주시,경북,경주시,경북 경주시 건천읍 내서로 1080,1,0,0,054-753-1313
A0024207,송암주유소,S-OIL,경북 경주시,경북,경주시,경북 경주시 양남면 동해안로 29,0,0,0,054-774-2922
A0024208,태평주유소,GS칼텍스,경북 경주시,경북,경주시,경북 경주시 천북면 산업로 4782,1,0,0,054-774-7741
A0024209,서면주유소,SK에너지,경북 경주시,경북,경주시,경북 경주시 서면 내서로 434,0,0,0,054-751-1054
A0024210,동해주유소,SK에너지,경북 경주시,경북,경주시,경북 경주시 문무대왕면 경감로 1946,0,0,0,054-774-2121
A0024211,양남주유소,SK에너지,경북 경주시,경북,경주시,경북 경주시 양남면 동해안로 612,0,0,0,054-744-0415
A0024213,무산주유소,알뜰주유소,경북 경주시,경북,경주시,경북 경주시 건천읍 단석로 1955,1,0,0,054-751-6288
A0024214,동방주유소,S-OIL,경북 경주시,경북,경주시,경북 경주시 산내면 단석로 840,0,0,0,054-751-5547
A0024215,계림주유소,GS칼텍스,경북 경주시,경북,경주시,경북 경주시 용담로 54,1,0,0,070-7725-6067
A0024216,대성주유소,S-OIL,울산 울주군,울산,울주군,울산 울주군 온양읍 남창로 950,1,0,0,052-238-2735
A0024222,내남주유소,GS칼텍스,경북 경주시,경북,경주시,경북 경주시 내남면 반구대로 2992,0,0,0,054-748-2231
A0024225,(주)관문 유금주유소,GS칼텍스,경북 경주시,경북,경주시,경북 경주시 강동면 동해대로 178,1,0,0,-
A0024227,덕영에너지IC주유소,S-OIL,경북 영천시,경북,영천시,경북 영천시 영천아이시로 29 (봉동),1,0,0,054-335-5151
A0024228,덕영에너지 영천주유소,S-OIL,경북 영천시,경북,영천시,경북 영천시 영천아이시로 40 (봉동),1,0,0,054-337-5656
A0024232,㈜가온신금호주유소,S-OIL,경북 영천시,경북,영천시,경북 영천시 금호읍 대경로 1248,1,0,0,054-337-5101
A0024233,화산주유소,GS칼텍스,경북 영천시,경북,영천시,경북 영천시 화산면 장수로 1062,0,0,0,054-335-5662
A0024234,㈜드림오일 청통IC주유소,S-OIL,경북 영천시,경북,영천시,경북 영천시 청통면 금송로 734,1,0,0,054-335-9070
A0024235,신일주유소,S-OIL,경북 영천시,경북,영천시,경북 영천시 신녕면 장수로 1632,0,0,0,054-332-0333
A0024236,삼창주유소,SK에너지,경북 영천시,경북,영천시,경북 영천시 화남면 천문로 1529-4,0,0,0,054-337-1480
A0024238,경동주유소,GS칼텍스,경북 영천시,경북,영천시,경북 영천시 고경면 호국로 1315,0,0,0,054-336-3120
A0024240,고지,S-OIL,경북 영천시,경북,영천시,경북 영천시 북안면 운북로 1947,0,0,0,054-336-2733
A0024248,경주IC휴게소직영점,S-OIL,경북 경주시,경북,경주시,경북 경주시 서라벌대로 420,1,0,0,054-743-1661
A0024249,(주)인동주유소,GS칼텍스,경북 경주시,경북,경주시,경북 경주시 강동면 산업로 5927,1,0,0,054-763-7676
A0024250,㈜삼현석유 천일주유소,S-OIL,부산 동구,부산,동구,부산 동구 중앙대로 168 (초량동),0,0,0,051-466-1001
A0024254,(주)구도일주유소 경주,S-OIL,경북 경주시,경북,경주시,경북 경주시 서라벌대로 408 (율동),1,0,0,054-749-5145
A0024256,불국에너지(주)선덕지점,HD현대오일뱅크,경북 경주시,경북,경주시,경북 경주시 산업로 3667,1,0,0,054-771-4336
A0024257,불국에너지(주),HD현대오일뱅크,경북 경주시,경북,경주시,경북 경주시 산업로 2987(시래동),1,0,0,054-748-4334
A0024258,영천셀프주유소,SK에너지,경북 영천시,경북,영천시,경북 영천시 금호읍 금창로 97,1,0,0,054-337-3112
A0024261,(주)진성에너지,GS칼텍스,경북 경주시,경북,경주시,경북 경주시  태종로 278 (충효동),1,0,0,054-772-0900
A0024262,현곡농협클린주유소,NH-OIL,경북 경주시,경북,경주시,경북 경주시 현곡면 용담로 502,0,1,1,054-745-9114
A0024263,불국사농협주유소,NH-OIL,경북 경주시,경북,경주시,경북 경주시 산업로 2906,1,1,1,054-745-7851
A0024264,외동농협주유소,NH-OIL,경북 경주시,경북,경주시,경북 경주시 외동읍 산업로 2460,1,1,1,054-775-5189
A0024265,경주농협주유소,NH-OIL,경북 경주시,경북,경주시,경북 경주시 태종로 707 (노서동),0,0,1,054-748-9503
A0024266,안강농협주유소,NH-OIL,경북 경주시,경북,경주시,경북 경주시 안강읍 안현로 1586,1,0,1,054-763-5100
A0024267,금호농협클린주유소,NH-OIL,경북 영천시,경북,영천시,경북 영천시 금호읍 금창로 76,0,1,1,054-338-9180
A0024270,KK㈜ 보문주유소,SK에너지,경북 경주시,경북,경주시,경북 경주시 경감로 585 (천군동),1,0,1,054-745-6651
A0024276,석계주유소,S-OIL,경북 영천시,경북,영천시,경북 영천시 고경면 호국로 1441,1,0,1,054-337-1232
A0024278,새화랑주유소,HD현대오일뱅크,경북 경주시,경북,경주시,경북 경주시 초당길 103 (동천동),0,0,0,054-741-0051
A0024287,씨앤에스에너지(주)영천(포항방향)주유소,알뜰(ex),경북 영천시,경북,영천시,경북 영천시 임고면 운주로 777,1,1,1,054-338-9135
A0024288,씨앤에스에너지㈜영천(대구방향)주유소/충전소,알뜰(ex),경북 영천시,경북,영천시,경북 영천시 임고면 운주로 791,1,1,1,054-338-9301
A0024290,대양석유(주)건천경마장주유소,SK에너지,경북 경주시,경북,경주시,경북 경주시 대경로 3241,1,0,1,054-751-8070
A0024292,(주)휴먼테크 황성주유소,SK에너지,경북 경주시,경북,경주시,경북 경주시 용담로 96 (황성동),0,0,0,054-775-4020
A0024295,대양석유(주)아화만남주유소,SK에너지,경북 경주시,경북,경주시,경북 경주시 서면 대경로 3004,1,0,1,054-751-8030
A0024296,대보유통㈜ 청통(대구)주유소/충전소,알뜰(ex),경북 영천시,경북,영천시,경북 영천시 청통면 청통로 334-42,1,1,1,054-337-5074
A0024298,대양석유㈜심곡주유소,SK에너지,경북 경주시,경북,경주시,경북 경주시 서면 대경로 3196,0,0,1,054-753-0055
A0024308,㈜HC에너지 북안주유소,S-OIL,경북 영천시,경북,영천시,경북 영천시 북안면 임포역길 37,0,0,0,054-338-5182
A0024309,㈜금아리무진 행복주유소/충전소,S-OIL,경북 경주시,경북,경주시,경북 경주시 태종로 315,1,0,0,054-742-9595
A0024313,KK㈜ 경포주유소,SK에너지,경북 경주시,경북,경주시,경북 경주시 산업로 4266,0,0,1,054-773-0237
A0024320,경주대성주유소,GS칼텍스,경북 경주시,경북,경주시,경북 경주시 유림로13번길 166,1,0,1,054-749-4436
A0024333,㈜경인석유 건천(상)주유소,알뜰(ex),경북 경주시,경북,경주시,경북 경주시 건천읍 경부고속도로 76-1,1,0,1,054-751-8256
A0024337,남경주IC주유소,알뜰주유소,경북 경주시,경북,경주시,경북 경주시 산업로 2536,1,0,1,054-776-9012
A0024338,(주)우양네트웍스 기업도시주유소,S-OIL,경북 경주시,경북,경주시,경북 경주시 천북면 건포산업로 2310,1,0,0,054-771-0722
A0024339,독도사랑주유소1,자가상표,경북 경주시,경북,경주시,경북 경주시 감포읍 동해안로 2453,0,0,0,0
A0024342,독도사랑주유소20,자가상표,경북 경주시,경북,경주시,경북 경주시 서라벌대로 417 (율동),0,0,0,0
A0024343,송선주유소,GS칼텍스,경북 경주시,경북,경주시,경북 경주시 건천읍 단석로 1631-12,0,0,0,0
A0024344,㈜MH 소망지점,HD현대오일뱅크,경북 경주시,경북,경주시,경북 경주시 용담로 14,1,0,0,054-777-5189
A0024346,제이엠 제4주유소,GS칼텍스,경북 경주시,경북,경주시,경북 경주시 산업로 3277 (조양동),1,0,0,0
A0024349,청진주유소,GS칼텍스,경북 포항시,경북,포항시,경북 포항시 북구 청하면 해안로 2004,0,0,0,054-262-1868
A0024351,양덕IC주유소,SK에너지,경북 포항시,경북,포항시,경북 포항시 북구 삼흥로 425 (양덕동),1,0,0,054-272-8221
A0024355,화진주유소,GS칼텍스,경북 포항시,경북,포항시,경북 포항시 북구 송라면 보경로 18,0,0,0,054-275-5182
A0024356,장기농협주유소,NH-OIL,경북 포항시,경북,포항시,경북 포항시 남구 장기면 읍내길 86-1,0,0,1,054-276-0013
A0024359,양덕스마일주유소,SK에너지,경북 포항시,경북,포항시,경북 포항시 북구 삼흥로 327,1,0,1,054-256-0051
A0024364,동아주유소,S-OIL,경북 포항시,경북,포항시,경북 포항시 남구 정몽주로 856 (청림동),1,0,0,054-293-1100
A0024365,아름다운주유소,HD현대오일뱅크,경북 포항시,경북,포항시,경북 포항시 남구 냉천로 54,1,0,0,054-249-5151
A0024368,독도사랑주유소15,자가상표,경북 포항시,경북,포항시,경북 포항시 남구 서동로 144,0,0,0,0
A0024369,정천주유소,SK에너지,경북 포항시,경북,포항시,경북 포항시 남구 장기면 장기로 1264,0,0,0,054-293-2323
A0024373,이마트앞셀프주유소,HD현대오일뱅크,경북 포항시,경북,포항시,경북 포항시 남구 이동로 22,1,0,0,054-281-5181
A0024374,펜타시티 주유소,S-OIL,경북 포항시,경북,포항시,경북 포항시 북구 흥해읍 동해대로 915,1,0,0,054-262-0600
A0024382,청명주유소,HD현대오일뱅크,경북 영천시,경북,영천시,경북 영천시 고경면 호국로 1529,1,0,0,054-000-0000
A0024384,태경주유소,S-OIL,경북 포항시,경북,포항시,경북 포항시 남구  포스코대로 63 (이동),1,0,0,054-273-9854
A0024386,흥해주유소,S-OIL,경북 포항시,경북,포항시,경북 포항시 북구 흥해읍 동해대로 1585,0,0,0,054-261-2222
A0024396,성화주유소,SK에너지,경북 포항시,경북,포항시,경북 포항시 북구 청하면 청하로 14 (청하면),0,0,0,054-232-4242
A0024401,(주)경산OK주유소,S-OIL,경북 경산시,경북,경산시,경북 경산시 진량읍 금박로 658,1,0,0,053-853-5133
A0024402,㈜은혜물산,S-OIL,경북 포항시,경북,포항시,경북 포항시 북구 청하면 동해대로 2262,1,0,1,054-247-5155
A0024407,명가주유소,S-OIL,경북 포항시,경북,포항시,경북 포항시 남구 대송면 철강로 246,0,0,0,054-285-5191
A0024411,불국에너지㈜ 포항지점,HD현대오일뱅크,경북 포항시,경북,포항시,경북 포항시 남구 연일로 60,1,0,0,054-277-5151
A0024416,㈜오션이에스,HD현대오일뱅크,경북 포항시,경북,포항시,경북 포항시 북구 흥해읍 동해대로 1879,0,0,0,054-262-5188
A0024421,용강고속주유소,S-OIL,경북 경주시,경북,경주시,경북 경주시 산업로 4484 (용강동),1,0,0,054-773-9955
A0024428,서포항농협기북주유소,NH-OIL,경북 포항시,경북,포항시,경북 포항시 북구 기북면 기북로 420,0,0,1,054-243-2044
A0024429,미소주유소,SK에너지,경북 포항시,경북,포항시,경북 포항시 남구 중앙로 52,1,0,0,054-278-6051
A0024432,세명주유소,HD현대오일뱅크,경북 포항시,경북,포항시,경북 포항시 남구 희망대로 426,1,0,0,054-272-5182
A0024433,스마일주유소,S-OIL,경북 포항시,경북,포항시,경북 포항시 북구 송라면 동해대로 3077,1,0,0,054-252-6604
A0024437,동명self주유소,GS칼텍스,경북 포항시,경북,포항시,경북 포항시 남구 희망대로 871 (해도동),1,0,0,054-278-8085
A0024438,구포주유소,S-OIL,경북 포항시,경북,포항시,경북 포항시 남구 구룡포읍 동해안로 4131,0,0,0,054-284-7345
A0024439,경복셀프주유소,GS칼텍스,경기 남양주시,경기,남양주시,경기 남양주시 진접읍 경복대로 400,1,0,0,031-571-7088
A0024440,동해안주유소,SK에너지,경북 포항시,경북,포항시,경북 포항시 북구 흥해읍 동해대로 880,0,0,0,054-262-2212
A0024450,비학산 주유소,SK에너지,경북 포항시,경북,포항시,경북 포항시 북구 신광면 신흥로 221,1,0,0,054-243-0110
A0024452,늘푸른주유소,HD현대오일뱅크,경북 포항시,경북,포항시,경북 포항시 남구 연일읍 동해대로 534,1,0,0,054-278-5179
A0024455,북포항주유소,SK에너지,경북 포항시,경북,포항시,경북 포항시 북구 청하면 동해대로 2123,1,0,0,054-244-0051
A0024456,태성self주유소,SK에너지,경북 포항시,경북,포항시,경북 포항시 남구 포스코대로 407 (해도동),1,0,0,054-276-4279
A0024459,흥환주유소,S-OIL,경북 포항시,경북,포항시,경북 포항시 남구 동해면 호미로 2451,0,0,0,054-292-5182
A0024465,천마고속주유소,HD현대오일뱅크,경북 포항시,경북,포항시,경북 포항시 북구 송라면 동해대로 3098,1,0,1,054-251-3960
A0024469,영덕울진축협주유소,NH-OIL,경북 영덕군,경북,영덕군,경북 영덕군 축산면 동해대로 5937,1,0,1,054-733-7134
A0024473,별마루주유소,HD현대오일뱅크,경북 포항시,경북,포항시,경북 포항시 남구 상공로 224 (해도동),0,0,0,054-278-5223
A0024477,대진주유소,GS칼텍스,경북 포항시,경북,포항시,경북 포항시 남구 장기면 동해안로 3892,0,0,0,054-284-3007
A0024478,대후주유소,SK에너지,경북 포항시,경북,포항시,경북 포항시 북구 용흥로 22 (용흥동),1,0,0,054-272-9111
A0024480,대경3주유소,SK에너지,경북 포항시,경북,포항시,경북 포항시 남구 오천읍 장기로 1623,1,0,0,054-293-5155
A0024482,동보주유소,HD현대오일뱅크,경북 포항시,경북,포항시,경북 포항시 북구 용흥로 255 (용흥동),1,0,0,054-254-0123
A0024492,강변self주유소,알뜰주유소,경북 포항시,경북,포항시,경북 포항시 남구 희망대로 971,1,1,1,054-282-5188
A0024493,경화주유소,SK에너지,경북 포항시,경북,포항시,경북 포항시 북구 새천년대로 514,1,0,0,054-272-8637
A0024495,영남제2주유소,S-OIL,경북 포항시,경북,포항시,경북 포항시 남구 구룡포읍 구룡포길 7,0,0,0,054-276-9030
A0024502,해뜨는주유소,SK에너지,경북 포항시,경북,포항시,경북 포항시 북구 용흥로 288 (용흥동),0,0,0,054-255-5151
A0024506,해동주유소,S-OIL,경북 경주시,경북,경주시,경북 경주시 안강읍 안강중앙로 18,1,0,0,054-763-4157
A0024510,(주)대운 우리주유소,GS칼텍스,경북 포항시,경북,포항시,경북 포항시 남구 동해안로 5916,0,0,0,054-286-3200
A0024512,해파랑주유소,HD현대오일뱅크,경북 포항시,경북,포항시,경북 포항시 북구 흥해읍 동해대로 1119,1,0,0,054-261-6928
A0024517,(주)금호이엔지주유소,SK에너지,경북 포항시,경북,포항시,경북 포항시 남구 상공로 270,0,0,0,054-272-5220
A0024518,양학장현주유소,S-OIL,경북 포항시,경북,포항시,경북 포항시 북구 양학로 101,1,0,0,054-274-5155
A0024521,(주)효문에너지 효문주유소,S-OIL,경북 포항시,경북,포항시,경북 포항시 남구 새천년대로 206,1,0,0,054-253-5188
A0024527,창지주유소,SK에너지,경북 포항시,경북,포항시,경북 포항시 남구 장기면 장기로 771,0,0,0,054-274-5182
A0024530,청하self주유소,알뜰주유소,경북 포항시,경북,포항시,경북 포항시 북구 청하면 동해대로 2405,1,0,1,070-4006-0970
A0024533,포항연합주유소,GS칼텍스,경북 포항시,경북,포항시,경북 포항시 북구 소티재로 163,1,0,0,070-4006-0970
A0024535,송도주유소,HD현대오일뱅크,경북 포항시,경북,포항시,경북 포항시 남구 송림로 1,0,0,0,054-272-5189
A0024537,희망가득5주유소,S-OIL,경북 포항시,경북,포항시,경북 포항시 남구 동해안로 5794 (일월동),1,0,1,054-277-5187
A0024542,동해주유소,SK에너지,경북 포항시,경북,포항시,경북 포항시 남구 연일읍 철강로 1,0,0,0,054-285-6987
A0024544,나들목주유소 에이치디오티서비스㈜,HD현대오일뱅크,경북 포항시,경북,포항시,경북 포항시 북구 흥해읍 삼흥로 448,1,0,1,054-243-7000
A0024547,CJ대한통운㈜ 양덕주유소,S-OIL,경북 포항시,경북,포항시,경북 포항시 북구 삼흥로 356,1,0,0,054-256-9551
A0024549,독도주유소,GS칼텍스,경북 울릉군,경북,울릉군,경북 울릉군 서면 태하리 울릉순환로 2150,0,0,0,054-791-5155
A0024557,미래주유소,GS칼텍스,경북 포항시,경북,포항시,경북 포항시 남구 구룡포읍 용주로 25,0,0,0,054-284-5502
A0024560,구도일주유소 대송햇살,S-OIL,경북 포항시,경북,포항시,경북 포항시 남구 대송로 23,0,0,0,054-274-5189
A0024564,영남주유소,SK에너지,경북 포항시,경북,포항시,경북 포항시 남구 정몽주로 769,0,0,0,054-291-0095
A0024570,포항유업주유소,S-OIL,경북 포항시,경북,포항시,경북 포항시 북구 소티재로 70 (우현동),0,0,0,054-255-5172
A0024578,태화주유소,S-OIL,경북 포항시,경북,포항시,경북 포항시 남구 희망대로 741,1,0,0,054-281-8282
A0024580,마음속의 주유소,SK에너지,경북 포항시,경북,포항시,경북 포항시 남구 포스코대로 75,1,0,0,054-277-0051
A0024586,덕산Self주유소,알뜰주유소,경북 포항시,경북,포항시,경북 포항시 북구 용당로 161,1,0,1,054-242-6667
A0024587,대련주유소,HD현대오일뱅크,경북 포항시,경북,포항시,경북 포항시 남구 동해대로 649,0,0,0,054-278-3336
A0024590,지에스칼텍스㈜ 우현주유소,GS칼텍스,경북 포항시,경북,포항시,경북 포항시 북구 새천년대로 918,1,0,1,054-244-0808
A0024591,메트로시티 주유소,알뜰주유소,경북 포항시,경북,포항시,경상북도 포항시 남구 포스코대로 54,1,0,1,054-277-5149
A0024598,오천인덕주유소,HD현대오일뱅크,경북 포항시,경북,포항시,경북 포항시 남구 오천읍 정몽주로 789,0,0,0,054-293-8200
A0024602,삼안주유소,GS칼텍스,경북 포항시,경북,포항시,경북 포항시 남구 연일읍 철강로 81,1,0,0,054-286-0080
A0024621,태산주유소,S-OIL,경북 포항시,경북,포항시,경북 포항시 북구 기계면 기계로 459,0,0,0,054-000-0000
A0024623,효자주유소,S-OIL,경북 포항시,경북,포항시,경북 포항시 남구 새천년대로 343,1,0,0,054-283-5182
A0024624,포항주유소,알뜰주유소,경북 포항시,경북,포항시,경북 포항시 북구 소티재로 59,1,0,1,054-253-9854
A0024625,명작토탈(주),S-OIL,경북 포항시,경북,포항시,경북 포항시 남구 동해면 동해안로 5095,1,0,0,054-291-5180
A0024635,의창주유소,GS칼텍스,경북 포항시,경북,포항시,경북 포항시 북구 흥해읍 동해대로 1555,0,0,0,054-262-5151
A0024637,죽장주유소,S-OIL,경북 포항시,경북,포항시,경북 포항시 북구 죽장면 새마을로 3094,0,0,0,054-262-4560
A0024639,고현주유소,HD현대오일뱅크,경북 포항시,경북,포항시,경북 포항시 북구 청하면 동해대로 2151,1,0,0,054-232-0101
A0024640,양포주유소,HD현대오일뱅크,경북 포항시,경북,포항시,경북 포항시 남구 장기면 장기로 103,1,0,0,054-284-8111
A0024641,서진주유소,SK에너지,경북 포항시,경북,포항시,경북 포항시 북구 기계면 기계로 594,0,0,0,054-243-5656
A0024643,용산주유소,GS칼텍스,경북 포항시,경북,포항시,경북 포항시 남구 오천읍 정몽주로 189,0,0,0,054-292-8851
A0024647,두원주유소,SK에너지,경북 포항시,경북,포항시,경북 포항시 남구 장기면 동해안로 2801,0,0,1,054-293-3366
A0024648,세계주유소,S-OIL,경북 포항시,경북,포항시,경북 포항시 남구 오천읍 장기로 1551,0,0,0,054-292-5151
A0024651,울릉주유소,S-OIL,경북 울릉군,경북,울릉군,경북 울릉군 울릉읍 울릉순환로 296,0,0,0,054-791-1234
A0024660,(주)영일주유소,SK에너지,경북 포항시,경북,포항시,경북 포항시 남구 호동로 126,0,0,0,054-283-2311
A0024663,(주)신항만주유소,HD현대오일뱅크,경북 포항시,경북,포항시,경북 포항시 남구 신항로 99-98,0,0,0,054-278-8411
A0024666,(주)미광에너지,GS칼텍스,경북 포항시,경북,포항시,경북 포항시 남구 오천읍 냉천로 544,0,0,0,054-291-9700
A0024669,(주)하성에너지,S-OIL,경북 포항시,경북,포항시,경북 포항시 북구 용당로 25,1,0,0,054-283-2009
A0024676,(주)기계주유소,HD현대오일뱅크,경북 포항시,경북,포항시,경북 포항시 북구 기계면 새마을로 1406,1,0,0,054-243-8822
A0024679,비봉주유소 (주)자연에너지,HD현대오일뱅크,경기 안성시,경기,안성시,경기 안성시 죽산면 서동대로 6617,1,0,1,031-671-1443
A0024681,(주)송라오일뱅크,HD현대오일뱅크,경북 포항시,경북,포항시,경북 포항시 북구 동해대로 2941,1,0,0,054-277-0222
A0024683,지에스칼텍스㈜ 대송IC주유소,GS칼텍스,경북 포항시,경북,포항시,경북 포항시 남구 대송면 장흥로 14,1,0,1,054-275-5145
A0024686,(주)한일주유소,SK에너지,경북 포항시,경북,포항시,경북 포항시 북구 청하면 동해대로 2630,1,0,0,054-232-4466
A0024688,철강공단주유소/충전소,GS칼텍스,경북 포항시,경북,포항시,경북 포항시 남구 철강로 380 (호동),0,0,0,054-289-5352
A0024690,서포항농협죽장지점,NH-OIL,경북 포항시,경북,포항시,경북 포항시 북구 죽장면 새마을로 3604,0,0,1,054-243-3214
A0024691,서포항농협상옥지점,NH-OIL,경북 포항시,경북,포항시,경북 포항시 북구 죽장면 죽장로 1834,0,0,1,054-262-8301
A0024692,흥해농협남부지점,SK에너지,경북 포항시,경북,포항시,경북 포항시 북구 흥해읍 동해대로 1486,0,0,1,054-261-5007
A0024693,신포항농협신광지점주유소,NH-OIL,경북 포항시,경북,포항시,경북 포항시 북구 신광면 비학로 803,0,0,1,054-243-0951
A0024694,신포항농협송라지점,NH-OIL,경북 포항시,경북,포항시,경북 포항시 북구 송라면 보경로 70-38,0,0,1,054-243-5552
A0024695,포항농협주유소,NH-OIL,경북 포항시,경북,포항시,경북 포항시 북구 중앙로 426 (우현동),0,0,1,054-244-8822
A0024697,서포항농협주유소,NH-OIL,경북 포항시,경북,포항시,경북 포항시 북구 기계면 기계로 57번길 22,0,0,1,054-243-7171
A0024698,울릉수협주유소,SK에너지,경북 울릉군,경북,울릉군,경북 울릉군 울릉읍 울릉순환로 352,0,0,0,054-791-5151
A0024703,KK㈜ 단지주유소,SK에너지,경북 포항시,경북,포항시,경북 포항시 남구 대송로 290,1,0,1,054-272-2365
A0024711,HD현대오일뱅크㈜직영 대한주유소,HD현대오일뱅크,경북 포항시,경북,포항시,경북 포항시 남구 중앙로 9,0,0,1,054-272-1312
A0024719,포항셀프주유소,HD현대오일뱅크,경북 포항시,경북,포항시,경북 포항시 남구 새천년대로 410,1,0,0,054-286-7301
A0024721,㈜지앤유에너지 가온셀프주유소,HD현대오일뱅크,경북 포항시,경북,포항시,경북 포항시 남구 희망대로 658,1,0,0,054-275-6565
A0024724,HD현대오일뱅크㈜직영 열린주유소,HD현대오일뱅크,경북 포항시,경북,포항시,경북 포항시 남구 연일읍 연일로 168,0,0,1,054-285-6112
A0024728,한국광유(주)포항고속주유소,SK에너지,경북 포항시,경북,포항시,경북 포항시 남구 새천년대로 315,1,0,1,054-272-8274
A0024729,한국광유(주)항구주유소,SK에너지,경북 포항시,경북,포항시,경상북도 포항시 북구  삼호로 118,0,0,1,054-242-4451
A0024735,인덕주유소,HD현대오일뱅크,경북 포항시,경북,포항시,경북 포항시 남구 냉천로 66,0,0,0,054-278-5161
A0024736,독도사랑주유소12,자가상표,경북 포항시,경북,포항시,경북 포항시 남구 동해안로 5802 (청림동),0,0,0,0
A0024737,대원석유(주)직영포항대원주유소,SK에너지,경북 포항시,경북,포항시,경북 포항시 북구 새천년대로 1189 (장성동),0,0,1,054-246-5189
A0024739,㈜송라오일뱅크 우현점,HD현대오일뱅크,경북 포항시,경북,포항시,경북 포항시 북구 새천년대로 877 (우현동),1,0,0,054-254-5600
A0024741,대원석유(주)직영청솔주유소,SK에너지,경북 포항시,경북,포항시,경북 포항시 북구  새마을로 134 (용흥동),0,0,1,054-255-5189
A0024750,대성산업(주)연일공단주유소,GS칼텍스,경북 포항시,경북,포항시,경북 포항시 남구 연일읍 철강로 105,1,0,1,054-285-2012
A0024752,남도주유소,GS칼텍스,경북 포항시,경북,포항시,경북 포항시 북구 새천년대로 564 (용흥동),1,0,1,054-272-4774
A0024753,대성산업(주)대성주유소,GS칼텍스,경북 포항시,경북,포항시,경북 포항시 북구 용당로 77 (대흥동),1,0,1,054-273-3165
A0024754,해도주유소,GS칼텍스,경북 포항시,경북,포항시,경북 포항시 남구 중앙로 53 (해도동),1,0,1,054-272-3980
A0024759,HD현대오일뱅크㈜직영 포항현대주유소,HD현대오일뱅크,경북 포항시,경북,포항시,경북 포항시 남구 대송면 철강로 158,0,0,1,054-272-3937
A0024761,엘케이주유소,S-OIL,경북 영천시,경북,영천시,경북 영천시 천문로 66,1,0,0,054-336-5155
A0024762,포항IC주유소 ㈜신일,GS칼텍스,경북 포항시,경북,포항시,경북 포항시 북구 흥해읍 새마을로 362,1,0,0,054-261-5115
A0024764,에이치디오티서비스㈜ 법원앞셀프주유소,HD현대오일뱅크,경북 포항시,경북,포항시,경북 포항시 북구 신덕로 257,1,0,1,054-248-5189
A0024765,HD현대오일뱅크㈜직영 장량셀프,HD현대오일뱅크,경북 포항시,경북,포항시,경북 포항시 북구 새천년대로 1242-20,1,0,1,054-247-7151
A0024767,홍익주유소,GS칼텍스,경북 포항시,경북,포항시,경북 포항시 북구 용당로 26,1,0,0,054-277-2789
A0024769,(주)삼일물류터미널주유소,SK에너지,경북 포항시,경북,포항시,경북 포항시 남구 대송면 송덕로 125-15,1,0,0,054-244-3151
A0024770,KK㈜ KK우현중앙주유소,SK에너지,경북 포항시,경북,포항시,경북 포항시 북구 소티재로 11,1,0,1,054-241-5189
A0024771,(주)관문주유소,GS칼텍스,경북 포항시,경북,포항시,경북 포항시 남구 새천년대로 226 (효자동),1,0,0,054-277-9991
A0024774,후포고속주유소,SK에너지,경북 울진군,경북,울진군,경북 울진군 후포면 후포삼율로 22,0,0,0,054-788-3410
A0024779,고래불주유소,GS칼텍스,경북 영덕군,경북,영덕군,경북 영덕군 병곡면 동해대로 7801,0,0,0,054-733-8118
A0024783,부산주유소,S-OIL,경북 영덕군,경북,영덕군,경북 영덕군 지품면 경동로 6715,0,0,0,054-733-2522
A0024786,부구주유소,GS칼텍스,경북 울진군,경북,울진군,경북 울진군 북면 울진북로 2092,1,0,0,054-783-0345
A0024789,금강주유소,SK에너지,강원 태백시,강원,태백시,강원 태백시 태백로 2124 (장성동),0,0,0,033-581-5200
A0024791,신일주유소,GS칼텍스,경북 울진군,경북,울진군,경북 울진군 후포면 후포삼율로 162,0,0,0,054-788-2214
A0024795,모두랑주유소,SK에너지,경북 포항시,경북,포항시,경북 포항시 북구 양학로10번길 42 (용흥동),0,0,0,054-277-2008
A0024796,기성주유소,S-OIL,경북 울진군,경북,울진군,경북 울진군 기성면 기성로 633,1,0,0,054-787-7551
A0024797,영동주유소,SK에너지,경북 울진군,경북,울진군,경북 울진군 죽변북로 119,0,0,0,054-781-3221
A0024801,울진고속주유소,SK에너지,경북 울진군,경북,울진군,경북 울진군 죽변면 동해대로 5071,1,0,0,054-782-2803
A0024804,평강주유소,SK에너지,경북 영덕군,경북,영덕군,경북 영덕군 강구면 동해대로 4467,0,0,0,054-733-4159
A0024806,유창주유소,GS칼텍스,경북 영덕군,경북,영덕군,경북 영덕군 강구면 동해대로 4361,1,0,0,054-733-3688
A0024809,백암온천주유소,GS칼텍스,경북 울진군,경북,울진군,경북 울진군 온정면 온정로 1280,0,0,0,054-787-3576
A0024816,㈜유원 매화주유소,HD현대오일뱅크,경북 울진군,경북,울진군,경북 울진군 매화면 동해대로 2827,1,0,0,054-000-0000
A0024819,해맞이주유소,SK에너지,경북 영덕군,경북,영덕군,경북 영덕군 영덕읍 동해대로 5354,0,0,0,054-732-5145
A0024829,울진현대주유소,HD현대오일뱅크,경북 울진군,경북,울진군,경북 울진군 근남면 동해대로 3816,1,0,0,054-783-0051
A0024833,영해대성주유소,S-OIL,경북 영덕군,경북,영덕군,경북 영덕군 영해면 영덕로 1831,0,0,0,054-734-2300
A0024836,울진주유소,HD현대오일뱅크,경북 울진군,경북,울진군,경북 울진군 죽변면 동해대로 5067,0,0,0,054-783-5185
A0024849,서광평해주유소,GS칼텍스,경북 울진군,경북,울진군,경북 울진군 평해읍 월송정로 145,1,0,0,054-787-8000
A0024850,대원주유소,HD현대오일뱅크,경북 울진군,경북,울진군,경북 울진군 후포면 후포삼율로 256,0,0,0,054-788-6000
A0024851,백암금천주유소,HD현대오일뱅크,경북 울진군,경북,울진군,경북 울진군 온정면 백암온천로 1583,0,0,0,054-787-6988
A0024852,성류굴주유소,SK에너지,경북 울진군,경북,울진군,경북 울진군 울진북로 111,0,0,0,054-782-4056
A0024853,우리주유소,S-OIL,경북 울진군,경북,울진군,경북 울진군 울진읍 동해대로 4191,1,0,1,054-783-0707
A0024854,㈜에스에스 월변주유소,GS칼텍스,경북 울진군,경북,울진군,경북 울진군 울진중앙로 33,1,0,0,0
A0024856,봉평주유소,HD현대오일뱅크,경북 울진군,경북,울진군,경북 울진군 죽변면 울진북로 1181,0,0,0,054-783-7429
A0024860,(주)서광 해맞이휴게주유소/충전소,S-OIL,경북 영덕군,경북,영덕군,경북 영덕군 병곡면 동해대로 7918,1,0,0,054-734-8200
A0024861,(주)서광충전소/주유소,S-OIL,경북 울진군,경북,울진군,경북 울진군 후포면 동해대로 323,1,0,0,054-788-8000
A0024863,㈜미래레미콘금사주유소,GS칼텍스,경북 영덕군,경북,영덕군,경북 영덕군 영덕읍 영덕로 447,0,0,0,054-734-0900
A0024866,매정주유소(주),S-OIL,경북 영덕군,경북,영덕군,경북 영덕군 영덕읍 영덕로 720,0,0,0,054-733-9760
A0024870,북영덕농협연평주유소,NH-OIL,경북 영덕군,경북,영덕군,경북 영덕군 영해면 영덕로 1940,0,0,1,054-732-0478
A0024872,북면농협주유소,NH-OIL,경북 울진군,경북,울진군,경북 울진군 북면 울진북로 1730,1,0,1,054-781-5144
A0024875,강구농협남정지점주유소,NH-OIL,경북 영덕군,경북,영덕군,경북 영덕군 남정면 산정로 7,0,0,1,054-732-4539
A0024876,북영덕농협휴게주유소,NH-OIL,경북 영덕군,경북,영덕군,경북 영덕군 영해면 동해대로 6568,1,0,1,054-734-5981
A0024877,영덕농협주유소,NH-OIL,경북 영덕군,경북,영덕군,경북 영덕군 영덕읍 영덕로 220,0,1,1,054-734-1414
A0024879,강구농협주유소,NH-OIL,경북 영덕군,경북,영덕군,경북 영덕군 강구면 강구시장길 40-6,0,0,1,054-734-6571
A0024880,울진농협주유소/충전소,NH-OIL,경북 울진군,경북,울진군,경북 울진군 울진읍 울진북로 684,0,1,1,054-783-1098
A0024889,영천나들목주유소,S-OIL,경북 영천시,경북,영천시,경북 영천시  천문로 21,1,0,1,054-335-5155
A0024897,현대주유소,GS칼텍스,경북 의성군,경북,의성군,경북 의성군 의성읍 홍술로 199,0,0,0,054-834-6300
A0024900,삼거리주유소,SK에너지,경북 의성군,경북,의성군,경북 의성군 의성읍 홍술로 133,1,0,0,054-833-6889
A0024905,강남주유소,SK에너지,경북 안동시,경북,안동시,경북 안동시 경북대로 145,0,0,1,054-858-2345
A0024906,행복주유소,SK에너지,경북 청송군,경북,청송군,경북 청송군 부남면 청송로 4001,0,0,0,054-874-1004
A0024908,공단주유소,S-OIL,경북 의성군,경북,의성군,경북 의성군 안계면 서부로 1785,0,0,0,054-862-6000
A0024910,우리주유소,S-OIL,경북 안동시,경북,안동시,경북 안동시 임하면 경동로 2055,0,0,0,054-822-5224
A0024911,세웅주유소,GS칼텍스,경북 안동시,경북,안동시,경북 안동시 와룡면 퇴계로 935,0,0,0,054-855-0444
A0024913,중리현대오일뱅크,HD현대오일뱅크,경북 칠곡군,경북,칠곡군,경북 칠곡군 석적읍 북중리3길 17,1,0,0,054-976-3211
A0024915,중앙주유소,SK에너지,경북 의성군,경북,의성군,경북 의성군 의성읍 중앙길 5,0,0,0,054-832-7800
A0024917,영남주유소,GS칼텍스,경북 청송군,경북,청송군,경북 청송군 현서면 청송로 1665,1,0,0,054-872-8998
A0024920,일월주유소,GS칼텍스,경북 의성군,경북,의성군,경북 의성군 단북면 서부로 2004,1,0,0,054-862-6200
A0024924,덕계주유소,SK에너지,경북 청송군,경북,청송군,경북 청송군 현서면 청송로 1406,0,0,0,054-872-9925
A0024930,주왕산주유소,GS칼텍스,경북 청송군,경북,청송군,경북 청송군 진보면 경동로 4872,1,0,1,054-873-6000
A0024934,오로주유소,GS칼텍스,경북 의성군,경북,의성군,경북 의성군 의성읍 구봉길 51,0,0,0,054-834-4936
A0024943,동부주유소,SK에너지,대구 군위군,대구,군위군,대구광역시 군위군 군위읍 군청로 15,0,0,0,054-382-4200
A0024944,동남물류주유소,HD현대오일뱅크,울산 울주군,울산,울주군,울산 울주군 온산로 698,0,0,0,052-267-6590
A0024947,행운주유소,S-OIL,경북 의성군,경북,의성군,경북 의성군 봉양면 경북대로 5347,0,0,0,000-000-0000
A0024950,강변주유소,SK에너지,경북 안동시,경북,안동시,경북 안동시 하이마로 247 (옥동),0,0,0,054-841-5182
A0024955,법흥주유소,SK에너지,경북 안동시,경북,안동시,경북 안동시 경동로 741,0,0,0,054-853-8881
A0024956,현서농협주유소,NH-OIL,경북 청송군,경북,청송군,경북 청송군 현서면 청송로 1155,0,0,1,054-872-9333
A0024957,영풍주유소,SK에너지,경북 안동시,경북,안동시,경북 안동시 경북대로 543,1,0,0,054-855-3673
A0024958,청용주유소,S-OIL,경북 안동시,경북,안동시,경북 안동시 경동로 1017,0,0,0,054-821-5185
A0024959,(주)신풍주유소,HD현대오일뱅크,경북 안동시,경북,안동시,경북 안동시 강남로 163 (정하동),0,0,0,054-858-5178
A0024962,광천주유소,S-OIL,경북 김천시,경북,김천시,경북 김천시 봉산면 영남대로 60,1,0,0,054-435-5135
A0024964,온양주유소,S-OIL,경북 울진군,경북,울진군,경북 울진군 울진읍 울진북로 836,1,0,0,054-783-9500
A0024965,진보주유소,S-OIL,경북 청송군,경북,청송군,경북 청송군 진보면 경동로 4495,1,0,0,054-874-9400
A0024967,안계현대주유소,HD현대오일뱅크,경북 의성군,경북,의성군,경북 의성군 안계면 서부로 1750,0,0,1,054-861-4001
A0024971,의성쌍용주유소,S-OIL,경북 의성군,경북,의성군,경북 의성군 봉양면 경북대로 4899,1,0,0,054-834-1488
A0024979,한티재주유소,S-OIL,경북 영양군,경북,영양군,경북 영양군 수비면 한티로 406,1,0,0,054-682-8383
A0024988,용두주유소,GS칼텍스,경북 안동시,경북,안동시,경북 안동시 남후면 경북대로 8002,1,0,0,054-854-5252
A0024993,남안동주유소,S-OIL,경북 안동시,경북,안동시,경북 안동시 일직면 풍일로 2349,1,0,0,054-843-5133
A0025003,마뜰주유소,GS칼텍스,경북 안동시,경북,안동시,경북 안동시 경동로 1034,0,0,0,054-823-2188
A0025004,아리랑주유소,GS칼텍스,경북 안동시,경북,안동시,경북 안동시 태화중앙로 90,0,0,0,054-841-5151
A0025005,현동주유소,SK에너지,경북 청송군,경북,청송군,경북 청송군 현동면 새마을로 4916,0,0,1,054-873-1506
A0025014,서안동고속주유소,SK에너지,경북 안동시,경북,안동시,경북 안동시 풍산읍 경서로 4248,1,0,1,054-842-5149
A0025017,광평주유소,알뜰주유소,경북 안동시,경북,안동시,경북 안동시 서후면 북평로 424-3,0,0,0,054-841-3555
A0025027,봉정주유소,HD현대오일뱅크,경북 안동시,경북,안동시,경북 안동시 서후면 경북대로 1423,1,0,0,054-853-5189
A0025028,서의성농협주유소,NH-OIL,경북 의성군,경북,의성군,경북 의성군 단밀면 도안로 1639,0,0,1,054-862-3636
A0025032,의성문소주유소,SK에너지,경북 의성군,경북,의성군,경북 의성군 의성읍 북부길 202,0,0,0,054-834-8080
A0025035,동부주유소,S-OIL,경북 안동시,경북,안동시,경북 안동시 경동로 754 (법흥동),0,0,0,054-843-0855
A0025036,옹천주유소,SK에너지,경북 안동시,경북,안동시,경북 안동시 북후면 경북대로 2043,1,0,0,054-858-6916
A0025060,팔공주유소,HD현대오일뱅크,대구 군위군,대구,군위군,대구광역시 군위군 의흥면 465-1,0,0,0,054-383-8878
A0025061,도리원주유소,SK에너지,경북 의성군,경북,의성군,경북 의성군 봉양면 경북대로 4552,0,0,0,054-834-8333
A0025062,대신주유소,S-OIL,경북 안동시,경북,안동시,경북 안동시 서후면 경북대로 1222,0,0,0,054-855-1133
A0025064,우보주유소,S-OIL,대구 군위군,대구,군위군,대구광역시 군위군 우보면 이화길 118-1,0,0,0,054-382-2244
A0025066,제비원주유소,GS칼텍스,경북 안동시,경북,안동시,경북 안동시 제비원로 501,0,0,0,054-855-4545
A0025068,명품주유소,HD현대오일뱅크,경북 안동시,경북,안동시,경북 안동시 경동로 1099,0,0,0,054-822-8800
A0025072,무성주유소,HD현대오일뱅크,대구 군위군,대구,군위군,대구광역시 군위군 군위읍 경북대로 3169,0,0,0,054-382-2679
A0025074,청송애플주유소,S-OIL,경북 청송군,경북,청송군,경북 청송군 안덕면 청송로 1864,1,0,0,054-874-5155
A0025077,삼거리주유소,자가상표,경북 청송군,경북,청송군,경북 청송군 진보면 영양로 10,0,0,1,054-872-5389
A0025078,의성농민주유소,SK에너지,경북 의성군,경북,의성군,경북 의성군 의성읍 경북대로 5682,1,0,0,054-834-1919
A0025079,㈜진영에너지 착한VIP주유소,HD현대오일뱅크,경북 안동시,경북,안동시,경북 안동시 경동로 962,1,0,0,054-821-1005
A0025080,안동주유소,S-OIL,경북 안동시,경북,안동시,경북 안동시 강남로 154,1,0,0,054-858-6451
A0025082,대림주유소,HD현대오일뱅크,대구 군위군,대구,군위군,대구광역시 군위군 부계면 치산효령로 1274,0,0,0,054-383-5090
A0025083,태양주유소,HD현대오일뱅크,경북 안동시,경북,안동시,경북 안동시 경북대로 170,1,0,0,054-841-0112
A0025085,행복주유소,S-OIL,대구 군위군,대구,군위군,대구광역시 군위군 군위읍 경북대로 3091,1,0,0,054-383-3399
A0025086,화평주유소,SK에너지,대구 군위군,대구,군위군,대구 군위군 군위읍 경북대로 3111 (군위읍),0,0,0,054-383-5133
A0025090,장수고속주유소,SK에너지,경북 영주시,경북,영주시,경북 영주시 장수면 장수로 131,0,0,0,054-632-3498
A0025091,현대주유소,SK에너지,경북 안동시,경북,안동시,경북 안동시 제비원로 243 (안기동),0,0,1,054-852-2815
A0025095,사랑주유소,HD현대오일뱅크,경북 안동시,경북,안동시,경상북도 안동시 와룡면 퇴계로 554,1,0,0,054-859-8112
A0025096,예안주유소,SK에너지,경북 안동시,경북,안동시,경북 안동시 도산면 선성중앙길 13,0,0,0,054-856-0233
A0025099,금호주유소,SK에너지,경북 안동시,경북,안동시,경북 안동시 강남로 75-1 (수상동),0,0,1,054-859-2092
A0025100,양지주유소,HD현대오일뱅크,경북 안동시,경북,안동시,경북 안동시 임동면 경동로 3159,0,0,0,054-822-8945
A0025101,안동나들목주유소,SK에너지,경북 안동시,경북,안동시,경북 안동시 풍일로 2325,0,0,0,054-859-0075
A0025104,세진주유소,SK에너지,경북 영양군,경북,영양군,경상북도 영양군 영양읍 영양로 1610,0,0,0,054-682-0051
A0025105,영양주유소,GS칼텍스,경북 영양군,경북,영양군,경북 영양군 영양읍 중앙로 78,0,0,1,054-682-1818
A0025107,대림주유소,SK에너지,경북 영양군,경북,영양군,경북 영양군 석보면 석보로 515,0,0,0,054-682-8257
A0025108,일월주유소,S-OIL,경북 영양군,경북,영양군,경북 영양군 일월면 영양로 2362,0,0,0,054-682-2517
A0025110,대성주유소,GS칼텍스,경북 청송군,경북,청송군,경북 청송군 청송읍 중앙로 206,0,0,1,054-873-2388
A0025112,화목주유소,SK에너지,경북 청송군,경북,청송군,경북 청송군 현서면 청송로 1090,0,0,0,054-872-5588
A0025115,현대주유소,SK에너지,경북 청송군,경북,청송군,경북 청송군 진보면 경동로 4416,0,0,1,054-874-4714
A0025121,산호주유소,S-OIL,경북 안동시,경북,안동시,경상북도 안동시 경북대로 245 (옥동),1,0,0,054-821-5151
A0025126,㈜서안동주유소,S-OIL,경북 안동시,경북,안동시,경북 안동시 경동로 244,0,0,0,054-843-7733
A0025128,안동와룡농협 영농지원센터 주유소,NH-OIL,경북 안동시,경북,안동시,경북 안동시 와룡면 퇴계로 839-1,0,0,1,054-855-0764
A0025131,청송농협주유소,NH-OIL,경북 청송군,경북,청송군,경북 청송군 청송읍 중앙로 240,0,0,1,054-872-7036
A0025132,청송농협 주왕산주유소,NH-OIL,경북 청송군,경북,청송군,경북 청송군 주왕산면 주왕산로 1264,0,0,1,054-874-5151
A0025135,청송농협부남주유소,NH-OIL,경북 청송군,경북,청송군,경북 청송군 부남면 대전로 156,0,0,1,054-872-3522
A0025139,남영양농협 석보지점주유소,NH-OIL,경북 영양군,경북,영양군,경북 영양군 석보면 가구길 3,0,0,1,054-682-7603
A0025141,안동와룡농협월곡주유소,NH-OIL,경북 안동시,경북,안동시,경북 안동시 예안면 오리실길 3,0,0,1,054-822-0005
A0025142,서안동농협풍산점주유소,SK에너지,경북 안동시,경북,안동시,경북 안동시 풍산읍 풍산중앙길 6-1,0,0,1,054-858-6000
A0025143,안동와룡농협도산주유소,NH-OIL,경북 안동시,경북,안동시,경북 안동시 도산면 퇴계로 2572,0,0,1,054-855-8270
A0025145,청송농협진보지점주유소,NH-OIL,경북 청송군,경북,청송군,경북 청송군 진보면 진안로 13,0,0,1,054-874-2285
A0025146,안동농협주유소,NH-OIL,경북 안동시,경북,안동시,경북 안동시 경동로 173,0,1,1,054-857-0099
A0025147,의성농협 안평지점주유소,NH-OIL,경북 의성군,경북,의성군,경북 의성군 안평면 봉호로 879,0,0,1,054-832-3356
A0025148,북안동농협 녹전지점,NH-OIL,경북 안동시,경북,안동시,경북 안동시 녹전면 녹전로 712,0,0,1,054-856-2292
A0025149,서안동농협풍천지점,NH-OIL,경북 안동시,경북,안동시,경북 안동시 풍천면 지풍로 1485,0,0,1,054-853-9232
A0025151,안동농협용상주유소,NH-OIL,경북 안동시,경북,안동시,경북 안동시 경동로 1014,1,1,1,054-823-5182
A0025152,안동농협서후주유소,SK에너지,경북 안동시,경북,안동시,경북 안동시 서후면 서후중앙길 3,0,0,1,054-859-9494
A0025153,동안동농협주유소,NH-OIL,경북 안동시,경북,안동시,경북 안동시 길안면 충효로 2262,0,0,1,054-822-2432
A0025154,동안동농협임하주유소,NH-OIL,경북 안동시,경북,안동시,경북 안동시 임하면 금소길 484,0,0,1,054-822-3832
A0025155,농협경제지주군위주유소,NH-OIL,대구 군위군,대구,군위군,대구 군위군 효령면 경북대로 2185-1,1,0,1,054-520-7744
A0025156,남청송농협주유소,NH-OIL,경북 청송군,경북,청송군,경북 청송군 현동면 도평관길 7,0,0,1,054-872-8624
A0025157,영양농협주유소,NH-OIL,경북 영양군,경북,영양군,경북 영양군 영양읍 영양창수로 136-7,0,1,1,054-683-2002
A0025158,북안동농협주유소,NH-OIL,경북 안동시,경북,안동시,경북 안동시 북후면 북평로 979,0,0,1,054-859-6866
A0025160,동안동농협임동주유소,NH-OIL,경북 안동시,경북,안동시,경북 안동시 임동면 경동로 2640,0,0,1,054-822-8866
A0025162,남영양농협주유소,NH-OIL,경북 영양군,경북,영양군,경북 영양군 입암면 입암로 42,0,0,1,054-682-4444
A0025163,군위농협클린주유소,NH-OIL,대구 군위군,대구,군위군,대구광역시 군위군 군위읍 중앙길 146,0,1,1,054-383-5189
A0025164,남안동농협주유소,NH-OIL,경북 안동시,경북,안동시,경북 안동시 남후면 경북대로 7889,1,0,1,054-855-5185
A0025168,남청송농협안덕지점,NH-OIL,경북 청송군,경북,청송군,경북 청송군 안덕면 안덕로 50,0,0,1,054-872-7333
A0025169,㈜광동유통 안동(부산방향)주유소/충전소,알뜰(ex),경북 안동시,경북,안동시,경북 안동시 풍산읍 풍산태사로 1903-17,1,1,1,054-853-9758
A0025175,KK㈜ 안동중앙주유소,SK에너지,경북 안동시,경북,안동시,경북 안동시 경동로 355,1,0,1,054-853-0440
A0025176,군위(부산)주유소/충전소,알뜰(ex),대구 군위군,대구,군위군,대구광역시 군위군 군위읍 경북대로 4084,1,1,1,054-383-6116
A0025177,군위(춘천)주유소/충전소,알뜰(ex),대구 군위군,대구,군위군,대구광역시 군위군 군위읍 경북대로 4082,1,1,1,054-383-6117
A0025179,대원석유(주)대원주유소,SK에너지,경북 안동시,경북,안동시,경북 안동시 강남로 293 (정하동),0,0,1,054-841-0051
A0025181,대원제일주유소,SK에너지,경북 안동시,경북,안동시,경북 안동시 경동로 170 (송현동),0,0,1,054-841-6600
A0025188,대성산업(주)낙동강주유소,GS칼텍스,경북 안동시,경북,안동시,경북 안동시 경동로 823 (용상동),1,0,1,054-821-2728
A0025189,안동대성주유소,GS칼텍스,경북 안동시,경북,안동시,경북 안동시 경북대로 350 (옥동),1,0,1,054-842-5151
A0025194,대원석유(주)직영 명륜주유소,SK에너지,경북 안동시,경북,안동시,경북 안동시 퇴계로 134 (명륜동),0,0,1,054-859-8251
A0025195,희망주유소,SK에너지,경북 의성군,경북,의성군,경북 의성군 단밀면 낙동대로 3962,0,0,1,054-861-1566
A0025199,동화주유소,HD현대오일뱅크,경북 영덕군,경북,영덕군,경북 영덕군 축산면 축산항길 6,0,0,0,054-733-2711
A0025202,교동,S-OIL,경북 의성군,경북,의성군,경북 의성군 의성읍 경북대로 5763,0,0,0,054-833-7779
A0025203,새의성농협단촌주유소,NH-OIL,경북 의성군,경북,의성군,경북 의성군 단촌면 경북대로 6344,1,0,1,054-833-1890
A0025205,크로바주유소,알뜰주유소,경북 의성군,경북,의성군,경북 의성군 의성읍 경북대로 5607,0,0,1,054-833-0789
A0025206,동아주유소,GS칼텍스,경북 의성군,경북,의성군,경북 의성군 북부길 340,0,0,0,054-834-5145
A0025209,금성주유소,SK에너지,경북 의성군,경북,의성군,경북 의성군 금성면 동부로 2308,0,0,0,054-834-0808
A0025212,구안고속주유소,S-OIL,경북 의성군,경북,의성군,경북 의성군 안계면 서부로 1425,0,0,0,054-861-6333
A0025213,형제주유소,SK에너지,경북 의성군,경북,의성군,경북 의성군 다인면 서릉길 59,0,0,0,054-861-5085
A0025214,동양주유소,SK에너지,경북 의성군,경북,의성군,경북 의성군 안계면 서부로 1503,0,0,0,054-861-3500
A0025216,구암주유소,SK에너지,경북 의성군,경북,의성군,경북 의성군 점곡면 의성길안로 629,0,0,0,054-833-8365
A0025217,삼천리주유소,HD현대오일뱅크,경북 의성군,경북,의성군,경북 의성군 비안면 강변길 419,0,0,0,054-861-6270
A0025218,쌍용주유소,S-OIL,경북 의성군,경북,의성군,경북 의성군 비안면 서부로 1015,1,0,0,054-861-6861
A0025219,신감고속주유소,SK에너지,경북 의성군,경북,의성군,경북 의성군 사곡면 의성사곡로 764,0,0,0,054-832-3844
A0025221,군위주유소,SK에너지,대구 군위군,대구,군위군,대구광역시 군위군 군위읍 경북대로 3987,0,0,0,054-382-1236
A0025222,백령주유소,GS칼텍스,대구 군위군,대구,군위군,대구광역시 군위군 군위읍 경북대로 3986,0,0,0,054-383-0303
A0025223,(주)세교주유소,S-OIL,대구 군위군,대구,군위군,대구광역시 군위군 군위읍 경북대로 3335,1,0,0,054-382-2797
A0025224,대보3주유소,SK에너지,경북 칠곡군,경북,칠곡군,경북 칠곡군 동명면 경북대로 594,1,0,0,054-000-0000
A0025226,신건천IC주유소,SK에너지,경북 경주시,경북,경주시,경상북도 경주시 건천읍 단석로 1826-3,0,0,0,054-751-6521
A0025227,이화주유소,GS칼텍스,대구 군위군,대구,군위군,대구광역시 군위군 우보면 동부로 1616,0,0,0,054-382-6464
A0025228,중부주유소,S-OIL,대구 군위군,대구,군위군,대구광역시 군위군 효령면 경북대로 2656-11,1,0,0,054-382-8500
A0025230,화수주유소,S-OIL,대구 군위군,대구,군위군,대구 군위군 삼국유사면 동부로 305,1,0,0,054-383-5122
A0025231,군위연계주유소,HD현대오일뱅크,대구 군위군,대구,군위군,대구광역시 군위군 의흥면 동부로 788,1,0,1,054-382-5568
A0025232,강변주유소,GS칼텍스,대구 군위군,대구,군위군,대구광역시 군위군 의흥면 동부로 1270,0,0,0,054-382-9456
A0025233,오천주유소,HD현대오일뱅크,대구 군위군,대구,군위군,대구광역시 군위군 효령면 효우로 309,0,0,0,054-382-7701
A0025237,새의성농협주유소,NH-OIL,경북 의성군,경북,의성군,경북 의성군 점곡면 의성길안로 1198,0,0,1,054-834-9200
A0025238,의성농협주유소,NH-OIL,경북 의성군,경북,의성군,경북 의성군 봉양면 도리원3길 46,0,0,1,054-833-7714
A0025239,다인농협주유소,NH-OIL,경북 의성군,경북,의성군,경북 의성군 다인면 서부로 2809,0,0,1,054-830-2310
A0025240,군위농협소보주유소,NH-OIL,대구 군위군,대구,군위군,대구 군위군 소보면 송원3길 18,0,0,1,054-383-1710
A0025241,군위농협고로지점,NH-OIL,대구 군위군,대구,군위군,대구 군위군 삼국유사면 삼국유사로 452,0,0,1,054-382-1188
A0025244,채움주유소,S-OIL,경북 포항시,경북,포항시,경북 포항시 북구 새마을로 57 (용흥동),1,0,0,054-255-6660
A0025245,감문주유소,S-OIL,경북 김천시,경북,김천시,경북 김천시 감문면 감문로 1071,0,0,0,054-430-5160
A0025252,청기와주유소,S-OIL,경북 성주군,경북,성주군,경북 성주군 성주읍 상성로 1393,1,0,0,054-933-5149
A0025254,어모주유소,SK에너지,경북 김천시,경북,김천시,경북 김천시 어모면 어모로 496,0,0,0,054-433-8470
A0025264,덕천주유소,GS칼텍스,경북 김천시,경북,김천시,경북 김천시 봉산면 영남대로 953,0,0,1,054-436-4777
A0025275,남면주유소,HD현대오일뱅크,경북 김천시,경북,김천시,경북 김천시 남면 아포대로 345,0,0,0,054-436-8951
A0025277,감천주유소,GS칼텍스,경북 김천시,경북,김천시,경북 김천시 감천면 무안로 6,0,0,0,054-430-6100
A0025281,전광주유소,GS칼텍스,경북 김천시,경북,김천시,경북 김천시 환경로 106,0,0,1,054-439-9005
A0025282,증산주유소,S-OIL,경북 김천시,경북,김천시,경북 김천시 증산면 증산로 1039,0,0,0,054-437-0065
A0025283,대신주유소,GS칼텍스,경북 김천시,경북,김천시,경북 김천시 아포읍 아포대로 623,1,0,0,054-436-7771
A0025287,고평주유소,HD현대오일뱅크,경북 성주군,경북,성주군,경북 성주군 초전면 주천로 1305,0,0,0,054-931-9560
A0025288,영풍주유소,알뜰주유소,경북 김천시,경북,김천시,경북 김천시 용암로 40 (용두동),1,1,1,054-435-5659
A0025293,감로화주유소,SK에너지,경북 김천시,경북,김천시,경북 김천시 봉산면 영남대로 776,0,0,0,054-436-7881
A0025301,감포주유소,SK에너지,경북 김천시,경북,김천시,경북 김천시 감문면 김선로 697,1,0,0,054-433-3384
A0025302,성원주유소,SK에너지,경북 성주군,경북,성주군,경북 성주군 월항면 월항로 407,0,0,0,054-933-7233
A0025304,독도사랑주유소31,자가상표,경북 김천시,경북,김천시,경북 김천시 개령면 감문로 241,0,0,0,054-431-1329
A0025307,나들목주유소,GS칼텍스,경북 김천시,경북,김천시,경북 김천시 영남대로 1475,1,0,0,054-436-5151
A0025312,㈜HC에너지 죽전주유소,S-OIL,대구 달서구,대구,달서구,대구 달서구 와룡로 150,1,0,1,053-561-5185
A0025320,광성주유소,GS칼텍스,경북 김천시,경북,김천시,경북 김천시 시청로 239 (응명동),1,0,0,054-434-5188
A0025324,아포셀프주유소,SK에너지,경북 김천시,경북,김천시,경북 김천시 아포읍 아포대로 982,1,0,0,054-432-9011
A0025327,교동주유소,SK에너지,경북 김천시,경북,김천시,경북 김천시 대학로 49 (교동),1,0,0,054-430-2288
A0025334,서울주유소,S-OIL,경북 김천시,경북,김천시,경북 김천시 영남대로 1840 (지좌동),0,0,0,054-434-4300
A0025338,태왕주유소,HD현대오일뱅크,대구 북구,대구,북구,대구 북구 동북로 9 (산격동),1,0,0,053-384-4431
A0025342,참별주유소,SK에너지,경북 성주군,경북,성주군,경북 성주군 대가면 참별로 1818,0,0,0,054-931-0467
A0025361,황금주유소,SK에너지,경북 김천시,경북,김천시,경북 김천시 양금로 115 (양천동),0,0,0,054-434-3266
A0025362,지에스칼텍스(주)달구벌대로주유소,GS칼텍스,대구 서구,대구,서구,대구 서구 달구벌대로 1845,1,0,1,053-556-5151
A0025364,동김천IC주유소,SK에너지,경북 김천시,경북,김천시,경북 김천시 개령면 김선로 39,1,0,0,054-437-5466
A0025366,코리아주유소,SK에너지,경북 김천시,경북,김천시,경북 김천시 영남대로 1258 (다수동),1,0,0,054-432-5000
A0025367,한마음주유소,S-OIL,경북 김천시,경북,김천시,경북 김천시 영남대로 2033 (덕곡동),1,0,0,054-434-5227
A0025372,유래주유소,HD현대오일뱅크,경북 김천시,경북,김천시,경상북도 김천시 아포대로 41(덕곡동),0,0,0,054-439-9900
A0025373,이비티에스주유소7,SK에너지,경북 김천시,경북,김천시,경북 김천시 아포대로 1295,1,0,0,054-435-7760
A0025378,제이엠12주유소,GS칼텍스,경북 김천시,경북,김천시,경북 김천시 영남대로 1394,1,0,0,054-430-5183
A0025379,㈜스마트주유소,S-OIL,경북 김천시,경북,김천시,경북 김천시 시청로 16 (신음동),1,0,0,054-435-5042
A0025381,성주관광주유소,HD현대오일뱅크,경북 성주군,경북,성주군,경상북도 성주군 성주로 3468(성원리),0,0,0,054-933-0003
A0025383,그린주유소,SK에너지,경북 김천시,경북,김천시,경북 김천시 아포읍 포아로 103,0,0,0,054-435-0908
A0025384,김천공단주유소,SK에너지,경북 김천시,경북,김천시,경북 김천시 공단로 264 (응명동),1,0,0,054-432-5189
A0025391,김천주유소,SK에너지,경북 김천시,경북,김천시,경북 김천시 황산로 48 (지좌동),1,0,0,054-436-8240
A0025402,송죽주유소,SK에너지,경북 김천시,경북,김천시,경북 김천시 구성면 남김천대로 2608-15,0,0,0,054-435-0229
A0025403,양금주유소,S-OIL,경북 김천시,경북,김천시,경북 김천시  양금로 48 (양천동),0,0,0,054-439-8285
A0025405,명품주유소,SK에너지,경북 김천시,경북,김천시,경북 김천시 자산로 169 (평화동),1,0,0,054-434-2511
A0025410,성주관문주유소,GS칼텍스,경북 성주군,경북,성주군,경북 성주군 선남면 성주로 4003,1,0,0,054-933-4525
A0025412,대원주유소,SK에너지,경북 김천시,경북,김천시,경북 김천시 아포읍 아포대로 763,1,0,0,054-437-5189
A0025414,동행주유소,S-OIL,경북 성주군,경북,성주군,경북 성주군 선남면 나선로 1003,0,0,0,054-931-8802
A0025416,행운주유소,SK에너지,경북 김천시,경북,김천시,경북 김천시 영남대로 1500 (부곡동),1,0,0,054-430-6202
A0025417,반가운주유소,GS칼텍스,경북 김천시,경북,김천시,경북 김천시 남면 영남대로 3529,1,0,1,054-435-7711
A0025420,새마을주유소,GS칼텍스,경북 김천시,경북,김천시,경북 김천시 남김천대로 3449 (양천동),0,0,0,054-434-6746
A0025426,영남에너지충전소/영남주유소,S-OIL,경북 성주군,경북,성주군,경북 성주군 성주읍 성주로 3292,0,0,0,054-933-3838
A0025428,대운주유소,HD현대오일뱅크,경북 성주군,경북,성주군,경북 성주군 성주읍 심산로 65,1,0,0,054-933-2263
A0025429,한일주유소,GS칼텍스,경북 성주군,경북,성주군,경북 성주군 성주읍 주천로 133,1,0,1,054-931-7000
A0025430,서부농협주유소,NH-OIL,경북 성주군,경북,성주군,경북 성주군 가천면 가천로 29,0,1,1,054-932-4209
A0025431,수륜주유소,HD현대오일뱅크,경북 성주군,경북,성주군,경북 성주군 수륜면 참별로 380,0,0,0,054-931-7008
A0025432,현대주유소,S-OIL,경북 성주군,경북,성주군,경북 성주군 선남면 성주로 3573,0,0,0,054-931-7175
A0025439,세아주유소,SK에너지,경북 성주군,경북,성주군,경북 성주군 대장길 72,0,0,0,054-932-8866
A0025440,일성주유소,HD현대오일뱅크,경북 성주군,경북,성주군,경북 성주군 월항면 주산로 354,0,0,0,054-932-9404
A0025441,강변공원주유소,알뜰주유소,경북 김천시,경북,김천시,경북 김천시 영남대로 1530,1,1,1,054-436-3800
A0025443,수재주유소,HD현대오일뱅크,충북 충주시,충북,충주시,충북 충주시 갱고개로 74 (교현동),1,0,0,043-846-5777
A0025444,송곡,S-OIL,경북 김천시,경북,김천시,경북 김천시 남면 농남로 721,0,0,0,054-437-8322
A0025446,동마 제1주유소,알뜰주유소,대구 달서구,대구,달서구,대구 달서구 달구벌대로 1196 (신당동),1,1,1,053-586-8868
A0025447,남산주유소,HD현대오일뱅크,경북 김천시,경북,김천시,경북 김천시 어모면 어모로 21,0,0,1,054-439-2020
A0025448,직지주유소,S-OIL,경북 김천시,경북,김천시,경북 김천시 봉산면 영남대로 846-6,1,0,0,054-436-3288
A0025449,봉산주유소,GS칼텍스,경북 김천시,경북,김천시,경북 김천시 봉산로 325,0,0,0,054-433-5376
A0025450,태광주유소,SK에너지,경북 김천시,경북,김천시,경북 김천시 지례면 남김천대로 1725,0,0,0,054-434-9800
A0025451,대덕주유소,GS칼텍스,경북 김천시,경북,김천시,경북 김천시 대덕면 남김천대로 752,1,0,1,054-435-1201
A0025452,삼덕주유소,HD현대오일뱅크,경북 김천시,경북,김천시,경북 김천시 대덕면 남김천대로 1264,0,0,1,054-434-1984
A0025460,(주)지성주유소,HD현대오일뱅크,경북 김천시,경북,김천시,경북 김천시 농소면 농남로 351,0,0,0,054-435-8251
A0025464,용암농협주유소,NH-OIL,경북 성주군,경북,성주군,경북 성주군 용암면 상언3길 3,0,0,1,054-931-2196
A0025467,벽진농협주유소,NH-OIL,경북 성주군,경북,성주군,경북 성주군 벽진면 수촌길 16,0,0,1,054-932-7195
A0025469,김천농협주유소,SK에너지,경북 김천시,경북,김천시,경북 김천시 영남대로 2002 (덕곡동),1,0,1,054-435-9400
A0025471,아포농협주유소,HD현대오일뱅크,경북 김천시,경북,김천시,경북 김천시 아포읍 국사길 33,1,0,1,054-420-8844
A0025472,성주농협주유소,NH-OIL,경북 성주군,경북,성주군,경북 성주군 성주읍 성주읍1길 1,0,1,1,054-933-2075
A0025473,새김천농협주유소,GS칼텍스,경북 김천시,경북,김천시,경북 김천시 개령면 동부길 106-42,1,0,1,054-436-5002
A0025474,김천농협클린주유소,NH-OIL,경북 김천시,경북,김천시,경북 김천시 영남대로 1315,1,0,1,054-432-5104
A0025482,"이케이주유소㈜ 추풍령(부산)주유소,충전소",알뜰(ex),경북 김천시,경북,김천시,경북 김천시 봉산면 경부고속도로 213-1,1,1,1,054-430-0502
A0025491,㈜파리크라상 김천(서울방향)주유소,알뜰(ex),경북 김천시,경북,김천시,경북 김천시 농소면 경부고속도로 194-2,1,1,1,054-431-4477
A0025492,(주)파리크라상 남성주참외(양평방향)주유소,알뜰(ex),경북 성주군,경북,성주군,경북 성주군 용암면 중부내륙고속도로 76-1,1,1,1,054-931-5149
A0025493,"이케이에너지(주) 추풍령(서울)주유소,충전소",알뜰(ex),경북 김천시,경북,김천시,경북 김천시 봉산면 경부고속도로 214-2,1,1,1,054-430-0503
A0025494,(주)파리크라상 남성주참외(창원방향)주유소,알뜰(ex),경북 성주군,경북,성주군,경북 성주군 선남면 중부내륙고속도로 77-1,1,1,1,054-932-0031
A0025495,㈜파리크라상 김천(부산방향)주유소,알뜰(ex),경북 김천시,경북,김천시,경북 김천시 농소면 경부고속도로 193-2,1,0,1,054-435-0266
A0025496,내트럭(주)김천사업소,SK에너지,경북 김천시,경북,김천시,경북 김천시 시청로 218,0,0,1,054-430-8955
A0025498,㈜금성정화주유소,GS칼텍스,경북 김천시,경북,김천시,경북 김천시 새실길 5,1,0,0,054-435-5189
A0025500,㈜상영 신도시주유소,SK에너지,경북 김천시,경북,김천시,경북 김천시 시청로 21 (신음동),1,0,0,054-439-8251
A0025501,(주)씨에스에너지 샛별주유소,SK에너지,경북 김천시,경북,김천시,경북 김천시 아포읍 아포대로 696,1,0,1,054-430-5151
A0025503,순흥주유소,SK에너지,경북 상주시,경북,상주시,경북 상주시 함창읍 무운로 1556,0,0,0,054-541-5177
A0025505,삼흥주유소,S-OIL,경북 상주시,경북,상주시,경북 상주시 왕산로 287 (서성동),0,0,1,054-535-0607
A0025507,장암주유소,SK에너지,경북 상주시,경북,상주시,경북 상주시 화북면 문장로 2011,0,0,0,054-532-2289
A0025509,평화주유소,S-OIL,경북 상주시,경북,상주시,경북 상주시 화서면 영남제일로 4112,1,0,1,054-533-0013
A0025514,모서주유소,HD현대오일뱅크,경북 상주시,경북,상주시,경북 상주시 모서면 백화로 1489,0,0,0,054-533-5152
A0025515,금강주유소,GS칼텍스,경북 문경시,경북,문경시,경북 문경시 산양면 추산로 1,0,0,0,054-553-0051
A0025517,고향주유소,SK에너지,경북 상주시,경북,상주시,경북 상주시 모동면 중화로 571,0,0,0,054-533-4068
A0025522,남이주유소,HD현대오일뱅크,경북 상주시,경북,상주시,경북 상주시 북상주로 331 (부원동),0,0,0,054-531-1478
A0025523,한국광유(주) 낙양주유소,SK에너지,경북 상주시,경북,상주시,경북 상주시 경상대로 2968 (낙양동),0,0,1,054-535-5351
A0025526,남부주유소,SK에너지,경북 상주시,경북,상주시,경북 상주시 선상서로 2693,0,0,0,054-533-6500
A0025528,평산주유소,GS칼텍스,경북 상주시,경북,상주시,경북 상주시 경상대로 2474 (지천동),1,0,0,054-531-1004
A0025533,문경주유소,HD현대오일뱅크,경북 문경시,경북,문경시,경상북도 문경시 문경읍 새재로 355 (문경읍),1,0,1,054-572-0089
A0025538,화남셀프주유소,SK에너지,경북 상주시,경북,상주시,경북 상주시 화남면 영남제일로 4872,1,0,0,054-532-8006
A0025539,착한셀프주유소,GS칼텍스,경북 예천군,경북,예천군,경북 예천군 유천면 경서로 1988,1,0,1,054-653-8851
A0025541,상촌주유소,GS칼텍스,경북 상주시,경북,상주시,경북 상주시 낙동면 영남제일로 594,0,0,0,054-534-9454
A0025542,문희주유소,S-OIL,경북 문경시,경북,문경시,경북 문경시 문경읍 청운로 47,1,0,0,054-571-5182
A0025544,새재주유소,GS칼텍스,경북 문경시,경북,문경시,경북 문경시 문경읍 문경대로 2403,1,0,0,054-571-5151
A0025545,아리랑주유소,SK에너지,경북 상주시,경북,상주시,경북 상주시 아리랑로 129 (계산동),0,0,1,054-535-8100
A0025546,대보주유소,HD현대오일뱅크,경기 광주시,경기,광주시,경기 광주시 도척면 도척로 200,0,0,0,031-798-2521
A0025550,제이엠9주유소,S-OIL,경북 상주시,경북,상주시,경북 상주시 북상주로 3 (만산동),1,0,0,054-534-1551
A0025553,무양주유소,알뜰주유소,경북 상주시,경북,상주시,경북 상주시 경상대로 3070 (무양동),1,0,1,054-535-5320
A0025554,동문경농협 산북주유소,NH-OIL,경북 문경시,경북,문경시,경북 문경시 산북면 금천로 695,1,0,1,054-553-8521
A0025559,새재IC주유소,SK에너지,경북 문경시,경북,문경시,경북 문경시 마성면 봉명길 83,0,0,0,054-572-3051
A0025560,점촌셀프주유소,SK에너지,경북 문경시,경북,문경시,경북 문경시 당교로 159,1,0,1,054-556-5182
A0025562,화북주유소,SK에너지,경북 상주시,경북,상주시,경북 상주시 화북면 문장로 1744,0,0,0,054-531-2777
A0025563,제일셀프주유소,S-OIL,경북 상주시,경북,상주시,경북 상주시 함창읍 함창로 512,1,0,0,054-541-6130
A0025564,삼거리주유소,HD현대오일뱅크,경북 상주시,경북,상주시,경북 상주시 이안면 함창로 217,0,0,0,054-541-6070
A0025566,서울주유소,GS칼텍스,경북 문경시,경북,문경시,경북 문경시 당교로 163 (모전동),1,0,0,054-552-5000
A0025567,화동주유소,SK에너지,경북 상주시,경북,상주시,경북 상주시 화동면 이소3길 45,0,0,0,054-533-9254
A0025568,상산주유소,S-OIL,경북 상주시,경북,상주시,경북 상주시 영남제일로 1339 (외답동),1,0,0,054-532-3800
A0025569,행복주유소,S-OIL,경북 예천군,경북,예천군,경북 예천군 용궁면 경서로 1219,0,0,0,054-655-3313
A0025572,미래주유소,SK에너지,경북 문경시,경북,문경시,경북 문경시 산양면 경서로 456,0,0,0,054-554-1500
A0025577,중앙주유소,GS칼텍스,경북 문경시,경북,문경시,경북 문경시 문경읍 새재로 444,1,0,0,054-571-5151
A0025584,삼백주유소,S-OIL,경북 상주시,경북,상주시,경상북도 상주시 경상대로 2834 (신봉동),1,0,1,054-536-7444
A0025587,새문경주유소,S-OIL,경북 문경시,경북,문경시,경북 문경시 유곡불정로 78 (유곡동),1,0,0,054-553-5553
A0025589,늘푸른주유소,GS칼텍스,경북 상주시,경북,상주시,경북 상주시 영남제일로 1314 (외답동),0,0,0,054-533-8251
A0025591,매봉주유소,SK에너지,경북 문경시,경북,문경시,경북 문경시 매봉로 100 (모전동),1,0,0,054-553-3400
A0025597,문경새재IC주유소,GS칼텍스,경북 문경시,경북,문경시,경북 문경시 문경읍 문경대로 2094,0,0,0,054-571-5502
A0025603,양지셀프주유소,SK에너지,경북 문경시,경북,문경시,경북 문경시 당교로 162 (모전동),1,0,1,054-556-8251
A0025617,아리랑주유소,GS칼텍스,경북 문경시,경북,문경시,경북 문경시 매봉로 101 (모전동),0,0,0,054-554-0988
A0025618,매호주유소,SK에너지,경북 상주시,경북,상주시,경북 상주시 사벌면 상풍로 1001,0,0,0,054-534-0051
A0025621,동상주IC주유소,S-OIL,경북 상주시,경북,상주시,경북 상주시 낙동면 낙동대로 4547,1,0,0,054-535-5188
A0025623,옥산주유소,GS칼텍스,경북 상주시,경북,상주시,경북 상주시 공성면 공성중앙로 66,0,0,0,054-532-4010
A0025625,외답주유소,S-OIL,경북 상주시,경북,상주시,경북 상주시 영남제일로 1356 (외답동),1,0,0,054-534-3334
A0025626,경천주유소,SK에너지,경북 상주시,경북,상주시,경북 상주시 사벌면 상풍로 403,0,0,0,054-533-7766
A0025629,남산주유소,GS칼텍스,경북 상주시,경북,상주시,경북 상주시 경상대로 2895 (낙양동),1,0,0,054-536-2555
A0025631,붕붕주유소,S-OIL,경북 문경시,경북,문경시,경북 문경시 산양면 경서로 589,0,0,0,054-554-1007
A0025632,명품셀프주유소,S-OIL,경북 문경시,경북,문경시,경북 문경시 매봉로 1 (모전동),1,0,1,054-556-3100
A0025634,문장대주유소,HD현대오일뱅크,경북 상주시,경북,상주시,경북 상주시 화서면 문장로 16,0,0,0,054-531-3791
A0025635,태광셀프주유소,S-OIL,경북 문경시,경북,문경시,경북 문경시 중앙로 293 (흥덕동),1,0,0,054-554-1961
A0025636,경동주유소,S-OIL,경북 문경시,경북,문경시,경북 문경시 신기로 249,0,0,0,054-552-9393
A0025639,농민주유소,SK에너지,경북 상주시,경북,상주시,경북 상주시 영남제일로 2176,0,0,0,054-532-4535
A0025641,일광주유소,SK에너지,경북 문경시,경북,문경시,경북 문경시 경서로 119(점촌동),0,0,1,054-554-1435
A0025643,㈜마니에셋 독도사랑주유소24,GS칼텍스,경북 문경시,경북,문경시,경북 문경시 매봉로 112,0,0,0,0
A0025644,불정주유소,S-OIL,경북 문경시,경북,문경시,경북 문경시 문경대로 949,1,0,0,054-554-0033
A0025646,서보셀프주유소,알뜰주유소,경북 상주시,경북,상주시,경북 상주시 영남제일로 1956,1,0,1,054-533-4463
A0025647,신흥주유소,SK에너지,경북 상주시,경북,상주시,경북 상주시 북상주로 427 (남적동),0,0,0,054-534-8360
A0025650,가은주유소,SK에너지,경북 문경시,경북,문경시,경북 문경시 가은읍 대야로 2407,0,0,0,054-572-2288
A0025651,대동주유소,SK에너지,경북 상주시,경북,상주시,경북 상주시 화남면 문장로 758,0,0,0,054-535-7702
A0025652,독도사랑주유소22,자가상표,경북 상주시,경북,상주시,경북 상주시 낙동면 영남제일로 992,0,0,0,054-535-0645
A0025654,경북주유소,HD현대오일뱅크,경북 상주시,경북,상주시,경북 상주시 경상대로 3253,0,0,0,054-532-5108
A0025655,서곡주유소,GS칼텍스,경북 상주시,경북,상주시,경북 상주시 식산로 169 (서곡동),1,0,0,054-533-2556
A0025656,상주주유소,S-OIL,경북 상주시,경북,상주시,경북 상주시 영남제일로 1925 (연원동),0,0,0,054-532-3117
A0025657,관광주유소,HD현대오일뱅크,경북 문경시,경북,문경시,경북 문경시 공평로 98 (공평동),1,0,1,054-556-9990
A0025658,능암주유소,S-OIL,경북 상주시,경북,상주시,경북 상주시 내서면 능암2길 2,0,0,0,054-536-1369
A0025659,강변주유소,SK에너지,경북 문경시,경북,문경시,경북 문경시 호계면 별암윗길 3,0,0,0,054-553-9950
A0025661,진남주유소,HD현대오일뱅크,경북 문경시,경북,문경시,경북 문경시 마성면 문경대로 1356,0,0,0,054-572-1912
A0025663,금성주유소,S-OIL,경북 문경시,경북,문경시,경북 문경시 상신로 70 (모전동),1,0,0,054-555-2911
A0025665,마성주유소,SK에너지,경북 문경시,경북,문경시,경북 문경시 마성면 문경대로 1716,0,0,0,054-571-1356
A0025670,(유)승춘에너지주유소/충전소,S-OIL,경북 상주시,경북,상주시,경북 상주시 함창읍 함창로 581,1,0,0,054-553-0845
A0025671,알뜰성일주유소,알뜰주유소,경북 문경시,경북,문경시,경북 문경시 중앙2길 24,1,0,1,054-555-2354
A0025674,남상주농협외남지점주유소,NH-OIL,경북 상주시,경북,상주시,경북 상주시 외남면 신상송지길 12,0,0,1,054-534-9091
A0025677,은척농협주유소,NH-OIL,경북 상주시,경북,상주시,경북 상주시 은척면 성주로 754,0,0,1,054-541-6122
A0025678,동문경농협 동로지점주유소,NH-OIL,경북 문경시,경북,문경시,경북 문경시 동로면 노은1길 25,0,0,1,054-552-8117
A0025681,중화농협화북지점주유소,NH-OIL,경북 상주시,경북,상주시,경북 상주시 화북면 문장로 1725,0,0,1,054-531-1448
A0025682,서문경농업협동조합,NH-OIL,경북 문경시,경북,문경시,경북 문경시 농암면 농암길 62,0,0,1,054-571-7883
A0025683,공성농협주유소,NH-OIL,경북 상주시,경북,상주시,경북 상주시 공성면 남상주로 275,0,1,1,054-534-8210
A0025684,모서농협주유소,NH-OIL,경북 상주시,경북,상주시,경북 상주시 모서면 백화로 1433,0,0,1,054-531-2100
A0025685,한국도로공사 문경(양평방향)주유소/충전소,알뜰(ex),경북 문경시,경북,문경시,경북 문경시 중부내륙고속도로 174-1,1,1,1,054-554-1614
A0025686,상주원예농협주유소,NH-OIL,경북 상주시,경북,상주시,경북 상주시 아리랑로 55,0,1,1,054-531-1941
A0025687,중화농협주유소,NH-OIL,경북 상주시,경북,상주시,경북 상주시 화서면 화령로 80,0,1,1,054-533-0250
A0025688,낙동농협클린주유소,NH-OIL,경북 상주시,경북,상주시,경북 상주시 낙동면 상촌1길 47,0,0,1,054-532-5056
A0025689,서상주농협화동지점주유소,NH-OIL,경북 상주시,경북,상주시,경북 상주시 화동면 중화로 1470,1,0,1,054-533-9856
A0025690,남상주농협주유소,NH-OIL,경북 상주시,경북,상주시,경북 상주시 청리면 남상주로 1044,0,0,1,054-531-0816
A0025692,영강셀프주유소,SK에너지,경북 문경시,경북,문경시,경북 문경시 산양면 중앙로 358,1,0,1,054-552-2030
A0025694,(주)서원문경(하)주유소/충전소,알뜰(ex),경북 문경시,경북,문경시,경북 문경시 중부내륙고속도로 173-1,1,1,1,054-554-1659
A0025702,석포주유소,SK에너지,경북 봉화군,경북,봉화군,경북 봉화군 석포면 석포로 121,0,0,0,054-672-6128
A0025704,산택주유소,GS칼텍스,경북 예천군,경북,예천군,경북 예천군 용궁면 경서로 1082,0,0,0,054-652-8818
A0025706,반가운주유소,HD현대오일뱅크,경북 예천군,경북,예천군,경북 예천군 감천면 예영로 1063,0,0,0,054-652-5189
A0025709,영주주유소,알뜰주유소,경북 영주시,경북,영주시,경북 영주시 선비로 197 (영주동),1,0,1,054-631-1211
A0025722,적동주유소,S-OIL,경북 영주시,경북,영주시,경북 영주시 문수면 간운로 22,0,0,0,054-638-5189
A0025729,황금주유소,S-OIL,경북 예천군,경북,예천군,경북 예천군 예천읍 효자로 68,0,0,1,054-654-3302
A0025730,춘봉주유소,S-OIL,경북 봉화군,경북,봉화군,경북 봉화군 법전면 다덕로 1096,0,0,1,054-673-0133
A0025731,호남주유소,GS칼텍스,경북 영주시,경북,영주시,경북 영주시 구성로 296 6 (휴천동),1,0,0,054-000-0000
A0025732,새길주유소,S-OIL,경북 문경시,경북,문경시,경상북도 문경시 산양면 경서로 873 (산양면),1,0,0,054-552-7005
A0025736,코아주유소,SK에너지,경북 영주시,경북,영주시,경북 영주시 원당로 268,1,0,0,054-637-5189
A0025738,평화주유소,GS칼텍스,경북 영주시,경북,영주시,경북 영주시 풍기읍 풍기로 33,0,0,0,054-636-2409
A0025740,대원주유소,GS칼텍스,경북 봉화군,경북,봉화군,경북 봉화군 봉화로 1153-1,0,0,0,054-673-2048
A0025743,사벌주유소,S-OIL,경북 상주시,경북,상주시,경북 상주시 사벌면 상풍로 383,1,0,0,054-531-1123
A0025745,본점주유소,S-OIL,경북 영주시,경북,영주시,경북 영주시 서원로 93,1,0,0,054-638-4747
A0025747,보리골주유소,S-OIL,경북 예천군,경북,예천군,경북 예천군 감천면 충효로 1582,0,0,0,054-652-4345
A0025748,한일주유소,SK에너지,경북 봉화군,경북,봉화군,경북 봉화군 봉화읍 내성로 125,0,0,0,054-673-2103
A0025750,고선주유소,SK에너지,경북 봉화군,경북,봉화군,경북 봉화군 소천면 청옥로 220,0,0,0,054-673-9955
A0025752,통명주유소,S-OIL,경북 예천군,경북,예천군,경북 예천군 예천읍 보문로 61-9,0,0,0,054-654-6116
A0025756,일성주유소,S-OIL,경북 예천군,경북,예천군,경북 예천군 예천읍 양궁로 160,0,0,0,054-655-1234
A0025757,남산주유소,SK에너지,경북 영주시,경북,영주시,경북 영주시 구성로 109 (조암동),1,0,0,054-633-6700
A0025759,중앙주유소,S-OIL,경북 김천시,경북,김천시,경북 김천시 시청로 140,1,0,0,054-430-0106
A0025760,중앙고속주유소,HD현대오일뱅크,경북 영주시,경북,영주시,경북 영주시 장수로 307 (문정동),0,0,0,054-637-5161
A0025762,서울주유소,SK에너지,경북 예천군,경북,예천군,경북 예천군 개포면 예지로 1257,0,0,0,054-652-8951
A0025763,성산주유소,GS칼텍스,경북 예천군,경북,예천군,경북 예천군 감천면 충효로 1086,0,0,0,054-654-0600
A0025765,현대주유소,HD현대오일뱅크,경북 영주시,경북,영주시,경북 영주시 가흥로 63 (문정동),1,0,0,054-638-8558
A0025767,목현주유소,GS칼텍스,경북 영주시,경북,영주시,경북 영주시 신재로 78 (가흥동),0,0,1,054-635-4871
A0025768,쌍봉주유소,SK에너지,경북 봉화군,경북,봉화군,경북 봉화군 봉성면 봉명로 602,1,0,0,054-672-9996
A0025769,부석주유소,GS칼텍스,경북 영주시,경북,영주시,경북 영주시 의상로 1753,0,0,0,054-633-4433
A0025770,단산주유소,자가상표,경북 영주시,경북,영주시,경북 영주시 단산면 옥대로 25,0,0,0,054-632-0684
A0025773,홀인원주유소,SK에너지,경남 김해시,경남,김해시,경남 김해시 생림면 인제로 621,1,0,0,055-331-5151
A0025774,두리주유소,SK에너지,경북 영주시,경북,영주시,경북 영주시 평은면 예봉로 433,0,0,0,054-636-2992
A0025775,서부주유소,HD현대오일뱅크,경북 영주시,경북,영주시,경북 영주시 신재로 3,1,0,0,054-633-1238
A0025776,달주유소,HD현대오일뱅크,경북 영주시,경북,영주시,경북 영주시 풍기읍 소백로 1877,1,0,0,054-636-8022
A0025779,가래골주유소,S-OIL,경북 봉화군,경북,봉화군,경북 봉화군 봉화읍 내성로 22,1,0,1,054-673-9559
A0025781,춘양농협주유소,NH-OIL,경북 봉화군,경북,봉화군,경북 봉화군 춘양면 소천로 36,1,1,1,054-672-3395
A0025784,장수주유소,S-OIL,경북 영주시,경북,영주시,경북 영주시 장수면 장수로 55,0,0,0,054-637-6057
A0025786,무지개주유소,S-OIL,경북 영주시,경북,영주시,경북 영주시 신재로 529,1,0,0,054-634-7444
A0025788,명호주유소,S-OIL,경북 봉화군,경북,봉화군,경북 봉화군 명호면 청량로 1245,1,0,0,054-673-6886
A0025791,신영주주유소,SK에너지,경북 영주시,경북,영주시,경북 영주시 선비로 143,1,0,0,054-633-2500
A0025794,우성주유소,SK에너지,경북 영주시,경북,영주시,경북 영주시 원당로 389,1,0,0,054-633-6351
A0025798,신정주유소,S-OIL,경북 영주시,경북,영주시,경북 영주시 풍기읍 소백로 1895,0,0,0,054-636-4045
A0025799,형제주유소,GS칼텍스,경북 영주시,경북,영주시,경북 영주시 풍기읍 죽령로 1236,0,0,1,054-636-1707
A0025805,한국주유소,SK에너지,경북 영주시,경북,영주시,경북 영주시 단산면 소백로 3220,0,0,0,054-632-2662
A0025807,남부주유소,SK에너지,경북 영주시,경북,영주시,경북 영주시 가흥로 43 (문정동),0,0,0,054-631-2068
A0025808,영주제일주유소,GS칼텍스,경북 영주시,경북,영주시,경북 영주시 구성로 209,1,0,0,054-632-8003
A0025811,쌍용주유소,SK에너지,경북 영주시,경북,영주시,경북 영주시 구성로 400 (영주동),1,0,0,054-638-1888
A0025812,동진주유소,GS칼텍스,경북 영주시,경북,영주시,경북 영주시 원당로 262-1 (상망동),1,0,0,054-632-6646
A0025813,송평주유소,S-OIL,경북 예천군,경북,예천군,경북 예천군 지보면 예지로 589,0,0,0,054-655-0484
A0025816,봉화송이주유소,S-OIL,경북 봉화군,경북,봉화군,경북 봉화군 법전면 파인토피아로 2137,1,0,1,054-674-3901
A0025819,풍기주유소,S-OIL,경북 영주시,경북,영주시,경북 영주시 봉현면 신재로 860,1,0,0,054-636-9762
A0025821,새로운주유소,S-OIL,경북 영주시,경북,영주시,경북 영주시 선비로 24,1,0,0,054-637-9700
A0025824,부래주유소,SK에너지,경북 봉화군,경북,봉화군,경북 봉화군 석포면 청옥로 1762,0,0,0,054-673-3433
A0025825,조암주유소,SK에너지,경북 영주시,경북,영주시,경북 영주시  구성로 125 (조암동),1,0,0,054-635-5133
A0025832,수목원주유소,SK에너지,경북 봉화군,경북,봉화군,경북 봉화군 춘양면 춘양로 1437,0,0,0,054-673-0098
A0025836,감천주유소,SK에너지,경북 예천군,경북,예천군,경북 예천군 감천면 충효로 1422,0,0,1,054-654-8251
A0025844,삼일주유소,S-OIL,경북 영주시,경북,영주시,경북 영주시 원당로 223 (하망동),1,0,0,054-632-3131
A0025851,청복주유소,SK에너지,경북 예천군,경북,예천군,경북 예천군 예천읍 양궁로 110,1,0,0,054-654-8897
A0025853,청량주유소,S-OIL,경북 영주시,경북,영주시,경북 영주시  원당로 410,1,0,0,054-632-9696
A0025854,송리원주유소,GS칼텍스,경북 영주시,경북,영주시,경북 영주시 이산면 경북대로 2932,1,0,1,054-633-1273
A0025857,서부공항주유소,S-OIL,경북 예천군,경북,예천군,경상북도 예천군 예천읍 예성로 894,0,0,0,054-654-4345
A0025858,삼성주유소,SK에너지,경북 영주시,경북,영주시,경북 영주시 안정면 신재로 640,0,0,0,054-000-0000
A0025859,대심주유소,HD현대오일뱅크,경북 예천군,경북,예천군,경북 예천군 예천읍 충효로 187,1,0,0,054-654-7146
A0025860,영주클린주유소,S-OIL,경북 영주시,경북,영주시,경북 영주시 영주로 25 (가흥동),1,0,0,054-634-0007
A0025861,풍기IC주유소,S-OIL,경북 영주시,경북,영주시,경북 영주시 봉현면 소백로 1657,1,0,0,054-637-5123
A0025862,봉화주유소,SK에너지,경북 봉화군,경북,봉화군,경북 봉화군 봉화로 1018,0,0,0,054-673-7337
A0025865,현동주유소,GS칼텍스,경북 봉화군,경북,봉화군,경북 봉화군 소천면 소천로 1251,1,0,0,054-672-7557
A0025866,문정주유소,S-OIL,경북 영주시,경북,영주시,경북 영주시 가흥로 89,1,0,1,054-632-5050
A0025868,제일주유소,GS칼텍스,경북 예천군,경북,예천군,경북 예천군 예천읍 양궁로 35,0,0,1,054-654-2062
A0025870,대창주유소 대원석유(주)직영,SK에너지,경북 예천군,경북,예천군,경북 예천군 예천읍 충효로 154,0,0,0,054-654-2085
A0025872,새마을주유소,S-OIL,경북 예천군,경북,예천군,경북 예천군 풍양면 상풍로 1323,0,0,0,054-653-7770
A0025877,로드파워주유소,HD현대오일뱅크,경북 봉화군,경북,봉화군,경북 봉화군 봉화읍 파인토피아로 217,1,0,0,054-674-2204
A0025878,(주)공항주유소,GS칼텍스,경북 예천군,경북,예천군,경북 예천군 유천면 경서로 2001,1,0,0,054-652-7666
A0025880,지보농협주유소,SK에너지,경북 예천군,경북,예천군,경북 예천군 지보면 지보로 199,0,0,1,054-653-5151
A0025882,물야농협주유소,NH-OIL,경북 봉화군,경북,봉화군,경북 봉화군 물야면 오록길 2,0,0,1,054-674-2184
A0025883,예천하리농협주유소,NH-OIL,경북 예천군,경북,예천군,경북 예천군 은풍면 도효자로 894,0,0,1,054-653-8184
A0025884,영주농협주유소,NH-OIL,경북 영주시,경북,영주시,경북 영주시 구성로 11 (조암동),1,1,1,054-638-5180
A0025885,유천주유소,S-OIL,경북 예천군,경북,예천군,경북 예천군 유천면 예성로 727,0,0,0,054-652-5188
A0025886,예천농협용문주유소,NH-OIL,경북 예천군,경북,예천군,경북 예천군 용문면 용문경천로 1247,0,0,1,054-655-9304
A0025887,영주농협부석지점주유소,NH-OIL,경북 영주시,경북,영주시,경북 영주시 부석면 소천로 29,0,0,1,054-633-4093
A0025888,안정농협주유소,NH-OIL,경북 영주시,경북,영주시,경북 영주시 안정면 신재로 548,1,0,1,054-634-0005
A0025890,풍기농협주유소,NH-OIL,경북 영주시,경북,영주시,경북 영주시 풍기읍 기주로 51,0,0,1,054-636-5182
A0025891,봉화농협재산지점주유소,NH-OIL,경북 봉화군,경북,봉화군,경북 봉화군 재산로 599,0,0,1,054-673-8382
A0025892,남예천용궁주유소,NH-OIL,경북 예천군,경북,예천군,경북 예천군 용궁면 용궁로 123,0,0,1,054-655-1515
A0025893,남예천농협주유소,NH-OIL,경북 예천군,경북,예천군,경북 예천군 풍양면 상풍로 1457,0,0,1,054-653-0166
A0025894,봉화농협주유소,NH-OIL,경북 봉화군,경북,봉화군,경북 봉화군 봉화읍 예봉로 2021,1,0,1,054-673-5788
A0025895,다온주유소,S-OIL,경북 봉화군,경북,봉화군,경북 봉화군 상운면 예봉로 1212,0,0,0,054-672-2508
A0025896,예천농협주유소,NH-OIL,경북 예천군,경북,예천군,경북 예천군 예천읍 충효로 272,0,1,1,054-653-5432
A0025900,청용2주유소,SK에너지,경북 봉화군,경북,봉화군,경북 봉화군 봉화읍 예봉로 1973,0,0,0,054-673-6988
A0025906,활주로주유소,SK에너지,경북 영주시,경북,영주시,경북 영주시 신재로 157 (상줄동),0,0,1,054-635-2155
A0025908,북구미IC주유소(주),GS칼텍스,경북 구미시,경북,구미시,경북 구미시 송선로 359 (선기동),1,0,0,054-442-5151
A0025909,인동명품주유소,HD현대오일뱅크,경북 구미시,경북,구미시,경북 구미시 검성로 9 (인의동),1,0,0,054-475-5101
A0025911,아리랑주유소,SK에너지,경북 구미시,경북,구미시,경북 구미시 금오대로 382 (오태동),1,0,0,054-465-0056
A0025912,혜성주유소,SK에너지,경북 구미시,경북,구미시,경북 구미시 선산읍 선상서로 322,0,0,0,054-482-2101
A0025917,신원셀프주유소,SK에너지,경북 구미시,경북,구미시,경북 구미시  야은로 713 (원평동),1,0,0,054-461-5160
A0025919,덕산주유소,HD현대오일뱅크,경북 구미시,경북,구미시,경북 구미시 왕산로 102 (임은동),1,0,0,054-462-5050
A0025925,HD현대오일뱅크㈜직영 한양현대주유소,HD현대오일뱅크,경기 안산시,경기,안산시,경기 안산시 단원구  화정천서로 507 (선부3동),0,0,1,031-413-5117
A0025931,신세기주유소,HD현대오일뱅크,경북 성주군,경북,성주군,경북 성주군 선남면 도성3길 18,1,0,0,054-933-4466
A0025933,대평주유소,S-OIL,경북 구미시,경북,구미시,경북 구미시 야은로 682 (지산동),1,0,0,054-457-5511
A0025944,동구미주유소,GS칼텍스,경북 구미시,경북,구미시,경북 구미시 3공단2로 311 (임수동),1,0,1,054-472-3342
A0025945,봉자self주유소,HD현대오일뱅크,경북 칠곡군,경북,칠곡군,경북 칠곡군 약목면 칠곡대로 825,1,0,0,054-975-5700
A0025947,혜원주유소,GS칼텍스,경북 칠곡군,경북,칠곡군,경북 칠곡군 북삼읍 금오대로 45,1,0,1,054-972-3774
A0025948,SK태성셀프주유소,SK에너지,경북 구미시,경북,구미시,경북 구미시 야은로 278 (봉곡동),1,0,0,054-452-2525
A0025956,대경제5주유소,SK에너지,경북 칠곡군,경북,칠곡군,경북 칠곡군 북삼읍 칠곡대로 254,1,0,0,054-971-5545
A0025961,북천주유소,SK에너지,경북 상주시,경북,상주시,경북 상주시 경상대로 3079,1,0,1,054-533-3311
A0025963,서부주유소,SK에너지,경북 구미시,경북,구미시,경북 구미시 선산읍 김선로 979,1,0,0,054-482-1196
A0025965,관호제2주유소,S-OIL,경북 칠곡군,경북,칠곡군,경북 칠곡군 약목면 칠곡대로 968,0,0,0,054-975-5189
A0025966,죽전주유소,SK에너지,경북 칠곡군,경북,칠곡군,경북 칠곡군 기산면 주산로 1224,0,0,0,054-973-0408
A0025967,지산주유소,SK에너지,경북 구미시,경북,구미시,경북 구미시 선산대로 27 (지산동),1,0,0,054-455-3377
A0025970,푸른주유소,HD현대오일뱅크,경북 구미시,경북,구미시,경북 구미시 고아읍 선산대로 751,1,0,0,054-457-4000
A0025977,황상동양셀프주유소,SK에너지,경북 구미시,경북,구미시,경북 구미시 수출대로 501,1,0,0,054-471-0916
A0025984,희승주유소 구미점,GS칼텍스,경북 구미시,경북,구미시,경북 구미시 인동52길 4 (구평동),1,0,0,054-472-8544
A0025986,광평세종주유소,HD현대오일뱅크,경북 구미시,경북,구미시,경상북도 구미시 박정희로 359 (광평동),1,0,1,054-455-9330
A0025988,비봉산,S-OIL,경북 구미시,경북,구미시,경북 구미시 선산읍 선산대로 1552,0,0,0,054-482-0223
A0025991,상모제일셀프주유소,SK에너지,경북 구미시,경북,구미시,경북 구미시 박정희로 164 (사곡동),1,0,0,054-464-8080
A0025992,우일주유소,S-OIL,경북 칠곡군,경북,칠곡군,경북 칠곡군 가산면 경북대로 1985,0,0,0,054-971-2660
A0025993,지천주유소,SK에너지,경북 칠곡군,경북,칠곡군,경북 칠곡군 지천면 신동로 109,0,0,0,054-973-1234
A0026001,성주제일주유소,HD현대오일뱅크,경북 성주군,경북,성주군,경북 성주군 성주읍 주천로 276,0,0,0,054-931-5104
A0026002,가산농협주유소,SK에너지,경북 칠곡군,경북,칠곡군,경북 칠곡군 가산면 경북대로 1365,1,0,1,054-971-4025
A0026009,대림주유소,S-OIL,경북 경산시,경북,경산시,경북 경산시 경안로 97 (삼남동),0,0,0,053-811-4954
A0026015,학상주유소,S-OIL,경북 칠곡군,경북,칠곡군,경북 칠곡군 가산면 인동가산로 882-6,1,0,1,054-971-2049
A0026016,우리주유소,HD현대오일뱅크,인천 부평구,인천,부평구,인천 부평구 서달로 308 (청천동),0,0,1,032-501-7319
A0026021,대덕주유소,SK에너지,경북 구미시,경북,구미시,경북 구미시 고아읍 선산대로 359,0,0,0,054-452-7424
A0026024,소망주유소,GS칼텍스,경북 구미시,경북,구미시,경북 구미시 고아읍 선산대로 486,1,0,0,054-452-5189
A0026026,해평농협협동조합,NH-OIL,경북 구미시,경북,구미시,경북 구미시 해평면 강동로 1613,1,0,1,054-474-0046
A0026027,산호대교주유소,S-OIL,경북 구미시,경북,구미시,경북 구미시 비산로 101 (비산동),1,0,0,054-464-0090
A0026029,공단중앙주유소,SK에너지,경북 칠곡군,경북,칠곡군,경북 칠곡군 왜관읍 공단로 206,1,0,1,054-972-5189
A0026032,독도사랑주유소2,자가상표,경북 구미시,경북,구미시,경북 구미시 장천면 강동로 231,0,0,0,054-471-5613
A0026033,문수주유소,HD현대오일뱅크,경북 구미시,경북,구미시,경북 구미시 강동로 640,0,0,0,054-471-3281
A0026043,천평주유소,GS칼텍스,경북 칠곡군,경북,칠곡군,경북 칠곡군 가산면 경북대로 1555,1,0,1,054-977-5189
A0026044,제이엠3주유소,S-OIL,경북 구미시,경북,구미시,경북 구미시 인동가산로 488,1,0,0,070-8802-7955
A0026046,푸른주유소,SK에너지,경북 칠곡군,경북,칠곡군,경북 칠곡군 왜관읍 공단로 79,0,0,0,054-971-8001
A0026047,화봉주유소,S-OIL,경기 안성시,경기,안성시,경기 안성시 일죽면 금일로 186,1,0,0,031-673-0051
A0026055,대신주유소,S-OIL,경북 칠곡군,경북,칠곡군,경북 칠곡군 가산면 경북대로 1287,0,0,0,054-976-5182
A0026057,에이원주유소,S-OIL,경북 구미시,경북,구미시,경북 구미시 야은로 191 (부곡동),1,0,0,054-451-2940
A0026058,월드주유소,GS칼텍스,경북 칠곡군,경북,칠곡군,경북 칠곡군 왜관읍 칠곡대로 1913,1,0,1,054-973-2265
A0026066,중동주유소,S-OIL,경북 칠곡군,경북,칠곡군,경북 칠곡군 석적읍 유학로 136,0,0,0,054-977-9933
A0026067,상록주유소,HD현대오일뱅크,경북 칠곡군,경북,칠곡군,경북 칠곡군 지천면 칠곡대로 2291,1,0,0,054-972-6001
A0026069,원남주유소,S-OIL,경북 구미시,경북,구미시,경북 구미시 원남로 135 (원평동),1,0,0,054-458-1114
A0026072,알뜰살뜰주유소,알뜰주유소,경북 구미시,경북,구미시,경북 구미시 산동면 옥계2공단로 568,1,0,1,054-473-9651
A0026076,일선교주유소,S-OIL,경북 구미시,경북,구미시,경북 구미시 해평면 강동로 2633,0,0,0,054-474-4601
A0026079,금오주유소,S-OIL,경북 칠곡군,경북,칠곡군,경북 칠곡군 북삼읍 금오대로 84,1,0,0,054-973-1515
A0026090,금남주유소,S-OIL,경북 칠곡군,경북,칠곡군,경북 칠곡군 왜관읍 강변대로 580,1,0,0,054-976-1215
A0026096,형제주유소,GS칼텍스,경북 구미시,경북,구미시,경북 구미시  금오대로432,1,0,0,054-465-0114
A0026098,창대셀프주유소,S-OIL,경북 구미시,경북,구미시,경북 구미시 비산동 낙동강변로 715,1,0,0,054-463-5199
A0026102,행운에너지,SK에너지,경북 칠곡군,경북,칠곡군,경북 칠곡군 약목면 칠곡대로 504,1,0,0,054-920-5189
A0026107,남구미행복주유소,SK에너지,경북 구미시,경북,구미시,경북 구미시 왕산로 196,1,0,1,054-464-0951
A0026112,미소가득주유소,GS칼텍스,경북 칠곡군,경북,칠곡군,경북 칠곡군 왜관읍 강변대로 830,1,0,1,054-971-5101
A0026113,연화주유소,SK에너지,경북 칠곡군,경북,칠곡군,경북 칠곡군 왜관읍 칠곡대로 1931,1,0,1,054-972-7900
A0026114,만남의주유소,알뜰주유소,경북 칠곡군,경북,칠곡군,경북 칠곡군 가산면 경북대로 1883,1,1,1,054-971-2025
A0026115,운동장주유소,SK에너지,경북 구미시,경북,구미시,경북 구미시 박정희로 314 (광평동),1,0,1,054-442-6500
A0026117,산동주유소,SK에너지,경북 구미시,경북,구미시,경북 구미시 산동면 강동로 962,1,0,0,054-473-5775
A0026118,구미고속self주유소,SK에너지,경북 구미시,경북,구미시,경북 구미시 인동가산로 562 (신동),1,0,1,054-472-5100
A0026119,대왕석유무역㈜ 대왕주유소,HD현대오일뱅크,경북 칠곡군,경북,칠곡군,경북 칠곡군 왜관읍 강변대로 700,0,0,1,054-972-8580
A0026121,투디주유소,S-OIL,경북 구미시,경북,구미시,경북 구미시 구미중앙로 302 (송정동),1,0,0,054-458-4720
A0026124,행복주유소,SK에너지,경북 구미시,경북,구미시,경북 구미시 송선로 507,1,0,0,054-458-4545
A0026126,양지주유소,S-OIL,경북 구미시,경북,구미시,경북 구미시 야은로 422 (도량동),1,0,0,054-458-5156
A0026127,㈜제이엠8주유소,S-OIL,경북 구미시,경북,구미시,경북 구미시 고아읍 선산대로 1198,1,0,0,0
A0026128,남대교주유소,알뜰주유소,경북 칠곡군,경북,칠곡군,경북 칠곡군 석적읍 남구미로 189,1,1,1,054-971-4700
A0026129,구포주유소,HD현대오일뱅크,경북 구미시,경북,구미시,경북 구미시 옥계2공단로 268 (구포동),1,0,0,054-475-0506
A0026130,파크주유소,HD현대오일뱅크,경북 구미시,경북,구미시,경북 구미시 송동로 203 (도량동),0,0,0,054-444-8251
A0026143,정품정량주유소,HD현대오일뱅크,경북 구미시,경북,구미시,경북 구미시 장천면 낙동대로 1042,1,0,1,054-474-6939
A0026147,오성주유소,SK에너지,경북 칠곡군,경북,칠곡군,경북 칠곡군 동명면 팔공산로 152,1,0,0,054-973-5153
A0026154,대덕주유소,S-OIL,경북 칠곡군,경북,칠곡군,경북 칠곡군 동명면 경북대로 730,0,0,0,054-976-5104
A0026161,대보1주유소,S-OIL,경북 칠곡군,경북,칠곡군,경북 칠곡군 동명면 경북대로 897,1,0,1,054-973-5163
A0026166,금화주유소,GS칼텍스,경북 칠곡군,경북,칠곡군,경북 칠곡군 가산면 경북대로 1368,1,0,0,054-975-5028
A0026176,무궁화주유소,알뜰주유소,경북 칠곡군,경북,칠곡군,경북 칠곡군 북삼읍 칠곡대로 287,0,1,1,054-972-0089
A0026183,대경주유소 (셀프),GS칼텍스,경북 구미시,경북,구미시,경북 구미시 고아읍 들성로 269,1,0,0,054-453-8080
A0026184,세창주유소,S-OIL,경북 구미시,경북,구미시,경북 구미시 산동면 산호대로 1372,1,0,0,054-472-5151
A0026189,칠곡현대주유소,HD현대오일뱅크,경북 칠곡군,경북,칠곡군,경북 칠곡군 기산면 칠곡대로 1312,1,0,0,054-974-8585
A0026194,도량새마을금고주유소,SK에너지,경북 구미시,경북,구미시,경북 구미시 송동로 210 (도량동),1,0,0,054-453-4901
A0026201,가현주유소,S-OIL,경북 칠곡군,경북,칠곡군,경북 칠곡군 가산면 낙동대로 234,1,0,0,054-976-5184
A0026202,서영주유소,S-OIL,경북 구미시,경북,구미시,경북 구미시 왕산로 65 (임은동),1,0,0,054-464-5425
A0026208,코끼리주유소,알뜰주유소,경북 구미시,경북,구미시,경북 구미시 야은로 322,1,1,1,054-442-1010
A0026219,북삼주유소,SK에너지,경북 칠곡군,경북,칠곡군,경북 칠곡군 북삼읍 인평중앙로 98,1,0,1,054-972-9007
A0026226,하나로Ⅱ주유소,S-OIL,대구 달서구,대구,달서구,대구 달서구 비슬로 2682 (대곡동),1,0,0,053-633-3330
A0026230,남구미IC주유소,S-OIL,경북 구미시,경북,구미시,경북 구미시 낙동강변로 12 (오태동),1,0,0,054-462-3355
A0026244,중앙고속주유소,S-OIL,경북 칠곡군,경북,칠곡군,경북 칠곡군 가산면 인동가산로 725,1,0,1,054-971-2580
A0026246,왜관공단주유소,S-OIL,경북 칠곡군,경북,칠곡군,경북 칠곡군 왜관읍 공단로 40,0,0,0,054-972-6433
A0026248,구미보주유소,HD현대오일뱅크,경북 구미시,경북,구미시,경북 구미시 낙동대로 2457,1,0,0,054-474-5189
A0026254,향이주유소,S-OIL,경북 구미시,경북,구미시,경북 구미시 도개면 낙동대로 3848,1,0,0,054-472-5126
A0026255,삼거리주유소,HD현대오일뱅크,경북 구미시,경북,구미시,경북 구미시 선상동로 177,0,0,0,054-481-6000
A0026259,비산이룸주유소,SK에너지,경북 구미시,경북,구미시,경북 구미시 낙동강변로 735 (비산동),1,0,0,054-463-5182
A0026262,즐거운주유소,GS칼텍스,경북 구미시,경북,구미시,경북 구미시 인동가산로 583 (신동),1,0,0,054-475-3900
A0026270,이비티에스주유소8,GS칼텍스,경북 구미시,경북,구미시,경북 구미시 송동로 198,0,0,0,054-442-1591
A0026271,고아주유소,S-OIL,경북 구미시,경북,구미시,경북 구미시 고아읍 선산대로 619,0,0,1,054-451-0550
A0026275,아리랑관광주유소,SK에너지,경북 구미시,경북,구미시,경북 구미시 고아읍 선산대로 948,1,0,0,054-481-5189
A0026276,홀인원주유소,GS칼텍스,경북 칠곡군,경북,칠곡군,경북 칠곡군 왜관읍 봉계로 35,0,0,0,054-973-1110
A0026280,산들주유소,SK에너지,경북 칠곡군,경북,칠곡군,경북 칠곡군 동명면 팔공산로 46,1,0,0,054-973-0710
A0026282,강나루주유소,GS칼텍스,경북 칠곡군,경북,칠곡군,경북 칠곡군 왜관읍 강변대로 853,1,0,1,054-976-5200
A0026288,승우주유소,SK에너지,경북 구미시,경북,구미시,경북 구미시 구미대로 128 (사곡동),1,0,0,054-461-3600
A0026291,행운주유소,SK에너지,경북 칠곡군,경북,칠곡군,경북 칠곡군 동명면 경북대로 784,1,0,0,054-971-8899
A0026293,화성주유소,S-OIL,경북 칠곡군,경북,칠곡군,경북 칠곡군 동명면 경북대로 8,0,0,0,054-974-5155
A0026294,대광고속주유소,HD현대오일뱅크,경북 칠곡군,경북,칠곡군,경북 칠곡군 동명면 경북대로 253,0,0,0,054-976-5185
A0026303,금오만땅로또주유소,S-OIL,경북 칠곡군,경북,칠곡군,경북 칠곡군 북삼읍 금오대로 196,1,0,0,054-000-0000
A0026305,㈜대호에너지 희망가득11주유소,S-OIL,경북 칠곡군,경북,칠곡군,경북 칠곡군 약목면 칠곡대로 713,1,0,1,054-973-5105
A0026307,옥성주유소,S-OIL,경북 구미시,경북,구미시,경북 구미시 옥성면 선상동로 609,1,0,0,054-481-5151
A0026308,김가네주유소,SK에너지,경북 구미시,경북,구미시,경상북도 구미시  인동가산로 453 (인동동),1,0,0,054-472-3847
A0026312,명문셀프주유소,GS칼텍스,경북 구미시,경북,구미시,경북 구미시 고아읍 선산대로 1075,1,0,0,054-481-3100
A0026315,햇살주유소,알뜰주유소,경북 구미시,경북,구미시,경북 구미시 문장로 146 (도량동),1,1,1,054-451-0909
A0026316,대원주유소,SK에너지,경북 구미시,경북,구미시,경북 구미시 고아읍 선산대로 503,1,0,0,054-444-2277
A0026317,㈜영진레미콘 칠곡지점,HD현대오일뱅크,경북 칠곡군,경북,칠곡군,경북 칠곡군 동명면 경북대로 22,0,0,0,053-326-2005
A0026319,희망가득7주유소,S-OIL,경북 구미시,경북,구미시,경북 구미시 인동가산로 395 (구평동),1,0,0,054-714-1901
A0026321,배원에너지,알뜰주유소,경북 구미시,경북,구미시,경북 구미시 금오대로 373 (오태동),1,1,1,054-465-5182
A0026326,구복주유소,자가상표,경북 구미시,경북,구미시,경북 구미시 비산로 55,0,0,0,054-000-0000
A0026332,㈜아이케이오일 왜관고속주유소,S-OIL,경북 칠곡군,경북,칠곡군,경북 칠곡군 왜관읍 칠곡대로 1895,1,0,0,0
A0026341,북상주IC주유소/충전소,S-OIL,경북 상주시,경북,상주시,경북 상주시 공검면 경상대로 4155,1,0,0,054-541-2575
A0026348,㈜미성에너지 녹색주유소,SK에너지,경북 구미시,경북,구미시,경북 구미시 장천면 산호대로 1394,1,0,0,054-471-5900
A0026351,(주)서한주유소,S-OIL,경북 구미시,경북,구미시,경북 구미시 여헌로 18 (인의동),0,0,0,054-473-5200
A0026353,(주)삼창운수주유소,GS칼텍스,경북 칠곡군,경북,칠곡군,경북 칠곡군 약목면 칠곡대로 1153,1,0,0,054-975-8828
A0026356,무을농협주유소,NH-OIL,경북 구미시,경북,구미시,경북 구미시 무을면 문화마을길 5,1,0,1,054-481-1606
A0026360,선산농협주유소,NH-OIL,경북 구미시,경북,구미시,경북 구미시 선산대로 1432,1,0,1,054-482-6226
A0026362,인동농협주유소,NH-OIL,경북 구미시,경북,구미시,경북 구미시 인동가산로 396 (구평동),0,0,1,054-475-5149
A0026363,해평농협도개지점 경제사업장,NH-OIL,경북 구미시,경북,구미시,경북 구미시 도개면 낙동대로 3330,1,0,1,054-476-8701
A0026364,동구미농협 장천주유소,NH-OIL,경북 구미시,경북,구미시,경북 구미시 장천면 강동로 301,0,0,1,054-471-5959
A0026369,가온주유소,SK에너지,경북 구미시,경북,구미시,경북 구미시 야은로 382 (도량동),1,0,0,054-442-3428
A0026372,(주)더웨이유통 선산(창원방향)주유소,알뜰(ex),경북 구미시,경북,구미시,경북 구미시 옥성면 중부내륙고속도로 129,1,1,1,054-482-6034
A0026373,(주)더웨이유통 선산(양평방향)주유소,알뜰(ex),경북 구미시,경북,구미시, 경상북도 구미시 옥성면 중부내륙고속도로 128-1,1,1,1,054-482-6014
A0026376,HD현대오일뱅크㈜직영 하이웨이셀프주유소,HD현대오일뱅크,경북 구미시,경북,구미시,경북 구미시 낙동강변로 29,1,0,1,054-464-2400
A0026377,㈜한진 구미롯데마트주유소,S-OIL,경북 구미시,경북,구미시,경북 구미시 구미대로 296,1,0,1,054-465-6085
A0026384,에너지DY가산IC주유소,HD현대오일뱅크,경북 칠곡군,경북,칠곡군,경북 칠곡군 가산면 송신로 113,1,0,0,054-976-6051
A0026389,한국광유(주)왜관IC주유소,SK에너지,경북 칠곡군,경북,칠곡군,경북 칠곡군 왜관읍 칠곡대로 1756,0,0,1,054-971-9600
A0026390,(주)삼일주유소,S-OIL,경북 칠곡군,경북,칠곡군,경북 칠곡군 왜관읍 강변대로 868,1,0,0,054-971-2077
A0026393,㈜에스엔디유통 동명(춘천)주유소/충전소,알뜰(ex),경북 칠곡군,경북,칠곡군,경북 칠곡군 동명면 중앙고속도로 122,1,0,0,054-977-6941
A0026394,㈜에스엔디유통 동명(부산)주유소/충전소,알뜰(ex),경북 칠곡군,경북,칠곡군,경북 칠곡군 동명면 중앙고속도로 123,1,0,0,054-977-6934
A0026398,지에스칼텍스㈜ 이마트주유소구미점,GS칼텍스,경북 구미시,경북,구미시,경북 구미시 구미대로18길 18,1,0,1,054-465-5123
A0026399,예스구미주유소,SK에너지,경북 구미시,경북,구미시,경북 구미시 비산로 121 (공단동),1,0,1,054-462-1002
A0026403,(주)태산이앤엘 강변주유소,알뜰주유소,경북 칠곡군,경북,칠곡군,경상북도 칠곡군 칠곡대로 1146,1,1,1,054-974-4457
A0026405,㈜미성에너지 녹색일심주유소,SK에너지,경북 구미시,경북,구미시,경북 구미시 장천면 학신로 211,1,0,0,054-473-4002
A0026406,(주)태산이앤엘제3강변주유소,SK에너지,경북 칠곡군,경북,칠곡군,경북 칠곡군 왜관읍 닥실길 1,1,0,1,054-977-6338
A0026408,㈜태산이앤엘 아름셀프주유소,HD현대오일뱅크,경북 칠곡군,경북,칠곡군,경북 칠곡군 북삼읍 금오대로 108,1,0,1,054-920-2211
A0026409,(주)제이엠제7주유소지점,알뜰주유소,경북 칠곡군,경북,칠곡군,경북 칠곡군 왜관읍 강변대로 852,1,0,1,070-4006-0970
A0026415,㈜굿에너지 대왕주유소,HD현대오일뱅크,경북 포항시,경북,포항시,경북 포항시 북구 중앙로 406,1,0,1,054-247-0055
A0026419,삼선주유소,S-OIL,서울 성북구,서울,성북구,서울 성북구 창경궁로 324,1,0,1,02-766-5105
A0026426,오페라주유소,GS칼텍스,대구 북구,대구,북구,대구 북구 중앙대로 580 (침산동),1,0,0,053-424-2524
A0026427,신대봉주유소,SK에너지,대구 남구,대구,남구,대구 남구 대봉로 112 (이천동),1,0,0,053-474-2936
A0026431,(셀프)엘지주유소,GS칼텍스,대구 남구,대구,남구,대구 남구 앞산순환로 323,1,0,0,053-651-1124
A0026434,쌍용옥포주유소,S-OIL,대구 달성군,대구,달성군,대구 달성군 옥포면 옥포로 80,1,0,0,053-615-8808
A0026436,고려제일주유소,HD현대오일뱅크,대구 달서구,대구,달서구,대구 달서구 성서공단로54길 8 (월암동),0,0,0,053-582-5215
A0026450,다사왕선주유소,GS칼텍스,대구 달성군,대구,달성군,대구 달성군 다사읍 다사로 11,1,0,1,053-591-0368
A0026451,스타주유소,S-OIL,경북 포항시,경북,포항시,경북 포항시 남구 오천읍 정몽주로 720,0,0,0,054-292-4144
A0026452,도촌주유소,S-OIL,대구 남구,대구,남구,대구 남구 두류공원로 58 (대명동),0,0,0,053-655-2222
A0026453,경안주유소,S-OIL,경북 안동시,경북,안동시,경북 안동시 제비원로 224 (안기동),1,0,0,054-842-0051
A0026457,이로운주유소,SK에너지,대구 남구,대구,남구,대구 남구 대명남로 30 (대명동),1,0,0,053-653-5145
A0026458,옥산주유소,SK에너지,경북 경산시,경북,경산시,경북 경산시 옥산로 92,1,0,0,053-811-5189
A0026463,㈜영빈 그린에너지프라자주유소/충전소,SK에너지,대구 달성군,대구,달성군,대구 달성군 논공읍 비슬로 1705,0,0,0,053-616-8008
A0026471,구좌주유소,S-OIL,제주 제주시,제주,제주시,제주 제주시 구좌읍 일주동로 3243,1,0,1,064-783-5188
A0026486,홍토주유소/충전소,S-OIL,대구 달성군,대구,달성군,대구 달성군 논공읍 비슬로 1065,0,0,0,053-616-3800
A0026487,다원주유소,S-OIL,대구 달성군,대구,달성군,대구 달성군 화원읍 사문진로 285,1,0,0,053-644-5188
A0026488,명종주유소,GS칼텍스,대구 달서구,대구,달서구,대구 달서구 월곡로 134-1 (상인동),0,0,0,053-636-2222
A0026490,남양주유소,SK에너지,대구 남구,대구,남구,대구 남구 봉덕로 54,0,0,0,053-474-6060
A0026495,상인현대Self주유소,HD현대오일뱅크,대구 달서구,대구,달서구,대구 달서구  월배로 255 (상인동),1,0,1,053-632-1100
A0026501,본동문화주유소,알뜰주유소,대구 달서구,대구,달서구,대구 달서구 와룡로 6,1,0,1,053-527-5011
A0026509,서대구고속주유소 ㈜아이에스피글로벌,SK에너지,대구 달서구,대구,달서구,대구 달서구 월배로 200 (상인동),1,0,0,053-632-2231
A0026512,논공공단주유소,알뜰주유소,대구 달성군,대구,달성군,대구 달성군 논공읍 비슬로 1052,0,0,0,053-615-5005
A0026520,용두주유소,SK에너지,대구 달성군,대구,달성군,대구 달성군 다사읍 달구벌대로 355,1,0,0,053-583-5199
A0026533,달성주유소,S-OIL,대구 달성군,대구,달성군,대구광역시 달성군 현풍읍 논공로 66,1,0,0,053-616-7770
A0026536,영원주유소,SK에너지,대구 달서구,대구,달서구,대구 달서구 달서대로 46,1,0,0,053-642-5104
A0026540,청도농협주유소,NH-OIL,경북 청도군,경북,청도군,경상북도 청도군 화양읍 청화로 19,1,0,1,054-373-7330
A0026541,월성주유소,GS칼텍스,대구 달서구,대구,달서구,대구 달서구 송현로 176,0,0,0,053-629-2727
A0026542,동화주유소,GS칼텍스,대구 달성군,대구,달성군,대구 달성군 현풍읍 국가산단북로 356,0,0,0,053-614-2300
A0026546,동양주유소,SK에너지,대구 달서구,대구,달서구,대구 달서구 월곡로 149,1,0,0,053-641-5885
A0026549,부성주유소,S-OIL,대구 달성군,대구,달성군,대구 달성군 옥포면 비슬로 1901,1,0,0,053-615-7722
A0026552,하빈대교주유소,GS칼텍스,대구 달성군,대구,달성군,대구 달성군 하빈면 하빈남로 600,0,0,0,053-584-3304
A0026557,구상주유소,GS칼텍스,대구 달서구,대구,달서구,대구 달서구 성서4차첨단로 180,1,0,1,053-586-5182
A0026559,영남이공대앞주유소,SK에너지,대구 남구,대구,남구,대구 남구 현충로 187,1,0,0,053-655-1151
A0026560,수목원주유소,SK에너지,대구 달서구,대구,달서구,대구 달서구 상화로 99,1,0,0,053-524-5182
A0026564,대경주유소,S-OIL,대구 달서구,대구,달서구,대구 달서구 앞산순환로 181(송현동),1,0,0,053-629-9191
A0026565,화원유원지주유소,HD현대오일뱅크,대구 달성군,대구,달성군,대구 달성군 화원읍 사문진로 346,1,0,0,0
A0026566,원 주유소,GS칼텍스,대구 달성군,대구,달성군,대구 달성군 현풍읍 국가산단북로 474,1,0,0,053-614-8999
A0026567,명성주유소,GS칼텍스,경북 경산시,경북,경산시,경북 경산시 원효로 210,1,0,0,053-801-5114
A0026573,지에스칼텍스㈜ 유천IC주유소,GS칼텍스,대구 달성군,대구,달성군,대구 달성군 화원읍 성천로 66,1,0,1,053-631-6886
A0026575,더진솔한주유소,HD현대오일뱅크,대구 달서구,대구,달서구,대구 달서구 용산로 8 (본리동),0,0,0,053-525-8382
A0026586,봄봄봄주유소/충전소,HD현대오일뱅크,대구 달성군,대구,달성군,대구 달성군 구지면 달성2차로 159,0,0,1,053-615-5188
A0026588,용마주유소,S-OIL,대구 달성군,대구,달성군,대구 달성군 가창면 가창로 1001,0,0,0,053-767-5333
A0026593,구지주유소,S-OIL,대구 달성군,대구,달성군,대구 달성군 현풍면 국가산단북로 368,0,0,0,053-614-2700
A0026597,구도일주유소 대구,S-OIL,대구 북구,대구,북구,대구 북구 매천로 153 (매천동),1,0,0,053-321-1555
A0026607,평화주유소,S-OIL,대구 남구,대구,남구,대구 남구 이천로 97 (봉덕동),1,0,0,053-472-6600
A0026611,가람주유소,S-OIL,대구 달성군,대구,달성군,대구 달성군 현풍면 비슬로 799,0,0,0,053-616-5182
A0026625,지에스칼텍스(주)대곡주유소,GS칼텍스,대구 달서구,대구,달서구,대구 달서구 상화로 302 (도원동),1,0,1,053-639-5149
A0026626,㈜굿에너지 대명주유소,HD현대오일뱅크,대구 남구,대구,남구,대구 남구 성당로 156 (대명동),1,0,1,053-654-6630
A0026635,논공농협주유소,NH-OIL,대구 달성군,대구,달성군,대구 달성군 논공읍 비슬로 314길 57,1,0,1,053-616-5142
A0026642,㈜진천주유소,S-OIL,대구 달서구,대구,달서구,대구 달서구 월배로 94 (진천동),0,0,0,053-631-5182
A0026643,참빛주유소,HD현대오일뱅크,대구 달성군,대구,달성군,대구 달성군 논공읍 논공로 199,1,0,0,053-617-2468
A0026645,대천주유소,GS칼텍스,대구 달서구,대구,달서구,대구 달서구 진천로 112 (대천동),1,0,0,053-632-6711
A0026646,우광주유소,SK에너지,대구 달서구,대구,달서구,대구 달서구 진천로 87 (대천동),0,0,0,053-642-5151
A0026647,늘푸른주유소,SK에너지,대구 달성군,대구,달성군,대구 달성군 옥포면 비슬로 2165,1,0,0,053-615-5181
A0026651,아리랑제2주유소,SK에너지,대구 달성군,대구,달성군,대구 달성군 다사읍 서재본길 81,1,0,0,053-587-5151
A0026655,국민주유소,SK에너지,대구 달성군,대구,달성군,대구 달성군 화원읍 사문진로 339,1,0,0,053-636-7001
A0026657,(주)한국에너지,알뜰주유소,대구 남구,대구,남구,대구 남구 두류공원로 103,0,0,1,053-657-2712
A0026658,주식회사 구름주유소,S-OIL,대구 달성군,대구,달성군,대구 달성군 가창면 가창로 169,1,0,0,053-768-2939
A0026660,대곡알뜰주유소,알뜰주유소,대구 달서구,대구,달서구,대구 달서구 명천로 28,1,1,1,053-634-5180
A0026661,달성보주유소,S-OIL,대구 달성군,대구,달성군,대구 달성군 논공읍 비슬로 1096,1,0,0,0
A0026663,냉천주유소,알뜰주유소,대구 달성군,대구,달성군,대구 달성군 가창면 가창로 672,1,1,1,053-767-2465
A0026665,보성주유소,알뜰주유소,대구 달성군,대구,달성군,대구 달성군 논공읍 비슬로 1380,1,0,1,053-616-9000
A0026667,용연사주유소,SK에너지,대구 달성군,대구,달성군,대구 달성군 옥포면 옥포로 429,1,0,0,053-616-8181
A0026669,대동주유소,SK에너지,대구 달성군,대구,달성군,대구 달성군 현풍면 과학북로 388,1,0,0,053-614-1240
A0026672,한정주유소,GS칼텍스,대구 달성군,대구,달성군,대구 달성군 구지면 비슬로 167,0,0,0,053-615-5522
A0026676,부광주유소,S-OIL,경북 영천시,경북,영천시,경북 영천시 천문로 714 (오미동),0,0,0,054-332-2439
A0026677,은장지곡주유소,S-OIL,경남 함양군,경남,함양군,경남 함양군 지곡면 함양로 1750,1,0,0,055-964-0113
A0026682,계명성서관리공단주유소,S-OIL,대구 달서구,대구,달서구,대구 달서구 성서로35길 3,1,0,0,053-588-2323
A0026687,SK성당주유소,SK에너지,대구 남구,대구,남구,대구 남구 성당로 280,0,0,0,053-219-6200
A0026688,(주)은장 양촌주유소/충전소,S-OIL,경남 산청군,경남,산청군,경남 산청군 오부면 산청대로 2293,1,0,0,055-974-0081
A0026689,(주)조광주유소,GS칼텍스,대구 달성군,대구,달성군,대구 달성군 다사읍 세천로 98,1,0,1,053-584-8996
A0026692,그린에너지 직영주유소,GS칼텍스,대구 남구,대구,남구,대구 남구 대명로 277 (대명동),1,0,0,053-652-6001
A0026694,(주)우리주유소 하나로지점,S-OIL,대구 달성군,대구,달성군,대구 달성군 화원읍 화암로 3,1,0,0,053-642-5182
A0026697,우리주유소,S-OIL,대구 달성군,대구,달성군,대구 달성군 화원읍 성화로 107,0,0,0,053-631-9708
A0026702,가창농협주유소,NH-OIL,대구 달성군,대구,달성군,대구 달성군 가창면 가창로 1124,0,0,1,053-768-6507
A0026703,화원농협주유소,SK에너지,대구 달성군,대구,달성군,대구 달성군 화원읍 사문진로 420,0,0,1,053-635-9340
A0026704,하빈농협 클린주유소,NH-OIL,대구 달성군,대구,달성군,대구 달성군 하빈면 하빈로 380,0,1,1,053-582-6619
A0026705,옥포농협클린주유소,NH-OIL,대구 달성군,대구,달성군,대구 달성군 옥포면 비슬로 2259,0,1,1,053-615-9977
A0026706,다사농협클린주유소,NH-OIL,대구 달성군,대구,달성군,대구 달성군 다사읍 서재로 83,0,1,1,053-581-7799
A0026707,현풍농협주유소,NH-OIL,대구 달성군,대구,달성군,대구 달성군 현풍면 테크노북로 87,0,1,1,053-614-0995
A0026708,㈜대청 현풍(대구)주유소/충전소,알뜰(ex),대구 달성군,대구,달성군,대구 달성군 현풍읍 비슬로 741,1,1,1,053-614-2508
A0026711,흥구석유(주)달성공단주유소,GS칼텍스,대구 달성군,대구,달성군,대구 달성군 논공읍 논공중앙로33길 21,0,0,0,053-614-1452
A0026719,논공현대주유소,HD현대오일뱅크,대구 달성군,대구,달성군,대구 달성군 논공읍 비슬로 1764,1,0,0,053-616-5600
A0026725,신명주유소,알뜰주유소,대구 남구,대구,남구,대구 남구 대명로 226 (대명동),1,1,1,053-623-6767
A0026726,에너지DY남대구IC주유소,HD현대오일뱅크,대구 달서구,대구,달서구,대구 달서구 성서공단로 372,1,0,0,053-582-5361
A0026734,흥구석유㈜ 현풍고속주유소,GS칼텍스,대구 달성군,대구,달성군,대구 달성군 현풍읍 국가산단북로 531,1,0,0,053-614-5189
A0026740,대성산업(주)화물터미널주유소,GS칼텍스,대구 달서구,대구,달서구,대구 달서구 성서공단로 346,1,0,1,053-593-5182
A0026745,성진주유소,SK에너지,대구 달성군,대구,달성군,대구 달성군 구지면 국가산단남로 688,1,0,0,053-617-4848
A0026752,(주)미니에너지,알뜰주유소,경북 경산시,경북,경산시,경북 경산시 압량면 대학로 754,1,0,0,053-817-1472
A0026754,양원주유소,SK에너지,경북 청도군,경북,청도군,경북 청도군 이서면 양원길 37,1,0,0,054-371-1777
A0026755,구룡주유소,S-OIL,경북 경산시,경북,경산시,경북 경산시 용성면 운용로 1076,0,0,0,053-853-1302
A0026757,상평주유소,HD현대오일뱅크,경북 청도군,경북,청도군,경북 청도군 매전면 청려로 3117,0,0,0,054-372-5339
A0026759,화양주유소,S-OIL,경북 청도군,경북,청도군,경북 청도군 화양읍 청려로 1806,0,0,0,054-371-1555
A0026761,무림주유소,HD현대오일뱅크,경북 칠곡군,경북,칠곡군,경북 칠곡군 약목면 칠곡대로 820,0,0,0,054-977-5511
A0026762,경동주유소,SK에너지,경북 경산시,경북,경산시,경북 경산시 남산면 설총로 577,0,0,0,053-851-9057
A0026767,영남주유소,S-OIL,경북 경산시,경북,경산시,경북 경산시 원효로 338,0,0,0,053-813-7070
A0026768,극동주유소,GS칼텍스,대구 달서구,대구,달서구,대구 달서구 야외음악당로 83,1,0,0,053-625-4001
A0026769,오리셀프주유소,S-OIL,경북 청도군,경북,청도군,경북 청도군 각북면 헐티로 1240,1,0,0,054-373-7515
A0026771,신교주유소,GS칼텍스,경북 경산시,경북,경산시,경북 경산시 남매로 31 (신교동),0,0,0,053-812-5147
A0026772,신명주유소,S-OIL,경북 청도군,경북,청도군,경북 청도군 각북면 헐티로 549,0,0,0,054-371-1633
A0026774,그린주유소,알뜰주유소,대구 수성구,대구,수성구,대구 수성구  달구벌대로 2899 (연호동),1,1,1,053-792-0891
A0026775,대진주유소,S-OIL,대구 동구,대구,동구,대구광역시 동구  동촌로 155 (동촌동),1,0,1,0
A0026777,대동주유소,GS칼텍스,경북 포항시,경북,포항시,경북 포항시 남구 동해면 일월로 322,0,0,0,054-285-8982
A0026786,KK㈜ KK별빛주유소,SK에너지,경북 영천시,경북,영천시,경북 영천시 천문로 43 (도동),1,0,1,054-331-5182
A0026790,하양농협주유소,NH-OIL,경북 경산시,경북,경산시,경북 경산시 하양읍 금송로 139,0,0,1,053-853-6090
A0026791,대동주유소,HD현대오일뱅크,경북 경산시,경북,경산시,경북 경산시 하양읍 하양로 163,0,0,0,053-851-2593
A0026792,계양주유소,S-OIL,경북 경산시,경북,경산시,경북 경산시  원효로 130 (계양동),0,0,0,053-802-7001
A0026794,글로벌네트웍스㈜경산지점,S-OIL,경북 경산시,경북,경산시,경북 경산시 원효로 108,1,0,0,053-285-6484
A0026798,희망가득주유소,S-OIL,경북 칠곡군,경북,칠곡군,경북 칠곡군 왜관읍 현대로 59,1,0,1,054-972-5104
A0026800,굿모닝주유소,HD현대오일뱅크,경북 경산시,경북,경산시,경북 경산시 공단로 595,0,0,0,053-853-0022
A0026805,경산제일주유소/충전소,SK에너지,경북 경산시,경북,경산시,경북 경산시 삼성현로 196,1,0,0,053-812-0666
A0026809,하양우성주유소,HD현대오일뱅크,경북 경산시,경북,경산시,경북 경산시 하양읍 대경로 838,1,0,0,053-856-5189
A0026811,흥국주유소,HD현대오일뱅크,경북 경산시,경북,경산시,경북 경산시 와촌면 금송로 377,1,0,0,053-851-7131
A0026817,이서주유소2호점,HD현대오일뱅크,경북 청도군,경북,청도군,경북 청도군 이서면 이서로 353,1,0,1,054-372-4232
A0026818,샬롬주유소,알뜰주유소,대구 달서구,대구,달서구,대구 달서구 달서대로 58,1,1,1,053-000-0000
A0026819,와촌IC주유소,알뜰주유소,경북 경산시,경북,경산시,경북 경산시 와촌면 금송로 430,1,1,1,053-851-0051
A0026824,대상주유소,HD현대오일뱅크,경북 청도군,경북,청도군,경북 청도군 운문면 청려로 4687,0,0,0,054-371-1137
A0026825,남천주유소,SK에너지,경북 경산시,경북,경산시,경북 경산시 남천면 남천로 453,0,0,0,053-812-6798
A0026829,동서주유소,HD현대오일뱅크,경북 경산시,경북,경산시,경북 경산시 하양읍 대경로 895,1,0,0,053-853-3002
A0026832,아이러브대성주유소,GS칼텍스,경북 경산시,경북,경산시,경북 경산시 진량읍 공단로 532,1,0,0,053-853-5155
A0026835,독도사랑주유소27,자가상표,경북 경산시,경북,경산시,경북 경산시 자인면 일연로 356,0,0,0,0
A0026837,청산주유소,S-OIL,경북 경산시,경북,경산시,경북 경산시 와촌면 팔공로 282,0,0,0,053-853-8999
A0026839,금천주유소,S-OIL,경북 청도군,경북,청도군,경북 청도군 금천면 금천로 85,0,0,1,054-372-3991
A0026840,경산동양주유소,SK에너지,경북 경산시,경북,경산시,경북 경산시 진량읍 일연로 674,1,0,0,053-851-7661
A0026847,자인공단주유소,GS칼텍스,경북 경산시,경북,경산시,경북 경산시 자인면 공단로 70,1,0,0,053-854-5151
A0026852,종점주유소,S-OIL,경북 경산시,경북,경산시,경북 경산시 자인면 설총로 904,1,0,0,053-857-5184
A0026853,삼주주유소,GS칼텍스,경북 경산시,경북,경산시,경북 경산시 진량읍 공단로 569,1,0,1,053-854-7777
A0026858,신공단주유소,SK에너지,경북 경산시,경북,경산시,경북 경산시 진량읍 공단로 299,1,0,0,053-853-5188
A0026862,무지개셀프주유소,알뜰주유소,경북 경산시,경북,경산시,경북 경산시 자인면 일연로 200,1,0,1,053-853-8833
A0026870,한양주유소,SK에너지,경북 청도군,경북,청도군,경북 청도군 청도읍 청화로 93,0,0,0,054-371-6500
A0026872,남산주유소,HD현대오일뱅크,경북 경산시,경북,경산시,경북 경산시 남산면 설총로 118,0,0,1,053-856-0797
A0026873,서방주유소,GS칼텍스,경북 경산시,경북,경산시,경북 경산시 남산면 원효로 624,0,0,0,053-857-4545
A0026875,삼보주유소,알뜰주유소,경북 경산시,경북,경산시,경북 경산시 남매로 185 (중방동),1,0,1,053-801-0507
A0026877,경산농협주유소,NH-OIL,경북 경산시,경북,경산시,경북 경산시 대학로 204 (계양동),1,0,1,053-812-5151
A0026880,대평주유소,GS칼텍스,경북 경산시,경북,경산시,경북 경산시 경안로 431,1,0,0,053-812-7779
A0026881,남성현주유소,GS칼텍스,경북 청도군,경북,청도군,경북 청도군 화양읍 남성현로 528,0,0,0,054-371-5000
A0026884,기분좋은주유소,HD현대오일뱅크,경북 경산시,경북,경산시,경북 경산시 압량면 대학로 362,1,0,0,053-816-5151
A0026885,팔공제일주유소,자가상표,경북 경산시,경북,경산시,경북 경산시 와촌면 새터길 99,0,0,0,053-851-4388
A0026886,새청도농협풍각주유소,NH-OIL,경북 청도군,경북,청도군,경북 청도군 풍각면 송서5길 21,0,0,1,054-373-7505
A0026889,합천탑주유소,S-OIL,경남 합천군,경남,합천군,경남 합천군 용주면 합천호수로 855,0,0,0,055-933-3511
A0026900,패밀리주유소,GS칼텍스,대구 북구,대구,북구,대구 북구 칠곡중앙대로 146,1,0,0,053-311-5155
A0026904,대림self주유소,HD현대오일뱅크,경북 경산시,경북,경산시,경북 경산시 원효로 316,1,0,0,053-811-8885
A0026906,상춘에너지,S-OIL,경북 의성군,경북,의성군,경북 의성군 단촌면 경북대로 6910,1,0,1,054-832-0809
A0026913,천마고속주유소,S-OIL,경북 경산시,경북,경산시,경북 경산시 압량면 대학로 496,1,0,0,053-801-3330
A0026914,삼원주유소,알뜰주유소,경북 경산시,경북,경산시,경북 경산시 남천면 경청로 290,0,0,0,053-814-7188
A0026919,오케이(OK)주유소,S-OIL,경북 경산시,경북,경산시,경북 경산시 진량읍 대학로 966,0,0,0,053-853-0009
A0026922,은빈셀프주유소,GS칼텍스,경북 청도군,경북,청도군,경북 청도군 화양읍 청려로 1892,1,0,0,054-373-9944
A0026924,중산SKY주유소,HD현대오일뱅크,경북 경산시,경북,경산시,경북 경산시 삼성현로 34,1,0,0,0
A0026926,새마을주유소,HD현대오일뱅크,경북 청도군,경북,청도군,경북 청도군 청도읍 새마을로 674,0,0,0,054-371-5189
A0026928,태양주유소,HD현대오일뱅크,경북 경산시,경북,경산시,경북 경산시 와촌면 대경로 940,0,0,0,053-852-2342
A0026929,㈜천일에너지 천일주유소,HD현대오일뱅크,경북 경산시,경북,경산시,경북 경산시 원효로 355,1,0,0,053-719-0528
A0026930,황제주유소,HD현대오일뱅크,경북 경산시,경북,경산시,경북 경산시 진량읍 황제1길 100,0,0,0,053-853-8426
A0026931,지에스칼텍스㈜ 세왕주유소,GS칼텍스,경북 경산시,경북,경산시,경북 경산시 대학로 132 (중방동),1,0,1,053-814-1414
A0026932,㈜HC에너지 성암산주유소,S-OIL,경북 경산시,경북,경산시,경북 경산시 삼성현로 194,1,0,0,053-813-3382
A0026935,대경6주유소,S-OIL,경북 경산시,경북,경산시,경북 경산시 하양읍 대경로 98,1,0,0,053-851-5144
A0026938,경청로주유소,S-OIL,경북 경산시,경북,경산시,경북 경산시 남천면 경청로 623,1,0,0,053-812-5189
A0026939,역전주유소,S-OIL,경북 경산시,경북,경산시,경북 경산시 중앙로 20 (사정동),0,0,1,053-815-0045
A0026940,청도고속주유소,S-OIL,경북 청도군,경북,청도군,경북 청도군 청도읍 새마을로 1354,1,0,0,054-373-8000
A0026945,강변오케이주유소,S-OIL,경북 경산시,경북,경산시,경북 경산시 와촌면 하양로 411,0,0,0,053-851-8101
A0026946,주식회사 동강주유소,S-OIL,경북 경산시,경북,경산시,경북 경산시 금송로 497,1,0,0,053-853-8251
A0026947,㈜HC에너지 와촌주유소,S-OIL,경북 경산시,경북,경산시,경북 경산시 와촌면 대경로 1013,1,0,0,053-852-6650
A0026948,용성주유소,S-OIL,경북 경산시,경북,경산시,경북 경산시 용성면 원효로 1369,0,0,0,053-853-5647
A0026949,㈜남촌주유소,S-OIL,경북 경산시,경북,경산시,경북 경산시 자인면 일연로 199,1,0,0,053-857-5182
A0026951,SK동호주유소,SK에너지,대구 동구,대구,동구,대구 동구 안심로 352 (동호동),1,0,0,053-964-0066
A0026953,가야주유소,SK에너지,경북 경산시,경북,경산시,경북 경산시 진량읍 일연로 476,0,0,0,053-853-5189
A0026961,경산I.C주유소,S-OIL,경북 경산시,경북,경산시,경북 경산시 진량읍 봉회길 22,0,0,0,053-854-8282
A0026965,새각남주유소,SK에너지,경북 청도군,경북,청도군,경북 청도군 각남면 각남로 333,0,0,0,054-373-3737
A0026969,대성주유소,SK에너지,경북 청도군,경북,청도군,경북 청도군 청도읍 새마을로 1110,1,0,0,054-373-5159
A0026975,(주)한라석유 평사주유소,알뜰(ex),경북 경산시,경북,경산시,경북 경산시 진량읍 경부고속도로 105,1,1,1,053-851-6110
A0026977,진량셀프주유소,S-OIL,경북 경산시,경북,경산시,경북 경산시 진량읍 공단2로 66,1,0,0,053-856-5159
A0026980,신성주유소,알뜰주유소,경북 경산시,경북,경산시,경북 경산시 진량읍 대학로 951,1,0,1,053-857-7766
A0026985,KK㈜ KK신라Self주유소,SK에너지,경북 경산시,경북,경산시, 경북 경산시 자인면 원효로 747,1,0,1,053-857-6663
A0026986,(주)동명주유소,SK에너지,경북 경산시,경북,경산시,경북 경산시 화랑로 194 (갑제동),0,0,0,053-801-7971
A0026988,새청도농협각남주유소,NH-OIL,경북 청도군,경북,청도군,경북 청도군 각남면 예리3길 5,0,0,1,054-372-2816
A0026990,서청도농협각북점주유소,NH-OIL,경북 청도군,경북,청도군,경북 청도군 각북면 헐티로 821,0,0,1,054-372-7664
A0026991,매전농협주유소,NH-OIL,경북 청도군,경북,청도군,경북 청도군 매전면 청려로 3763,0,0,1,054-371-5675
A0026992,서청도농협주유소 양원점,NH-OIL,경북 청도군,경북,청도군,경북 청도군 이서면 양원길 74,0,0,1,054-371-4200
A0026993,진량농협클린주유소,NH-OIL,경북 경산시,경북,경산시,경북 경산시 진량읍 다문로 31,0,1,1,053-859-5556
A0026994,진량농협서부주유소,NH-OIL,경북 경산시,경북,경산시,경북 경산시 진량읍 대학로 946,0,1,1,053-854-2296
A0026995,부림새마을금고주유소,HD현대오일뱅크,경북 경산시,경북,경산시,경북 경산시 진량읍 대학로 1385,1,0,0,053-854-3038
A0026998,HD현대오일뱅크㈜직영 경산현대주유소,HD현대오일뱅크,경북 경산시,경북,경산시,경북 경산시 경안로 63,1,0,1,053-815-1300
A0027000,명가주유소,GS칼텍스,경북 경산시,경북,경산시,경북 경산시 하양읍 대경로 874,1,0,0,053-856-3993
A0027003,진량대학로주유소,S-OIL,경북 경산시,경북,경산시,경북 경산시 진량읍 대학로 1021,1,0,1,053-857-5144
A0027005,㈜케이알산업 청도(하)주유소/충전소,SK에너지,경북 청도군,경북,청도군,경북 청도군 청도읍 하지길 59-49,1,0,0,054-372-0070
A0027007,㈜케이알산업 청도(상)주유소/충전소,SK에너지,경북 청도군,경북,청도군,경북 청도군 청도읍 하지길 59-50,1,0,0,054-371-5103
A0027009,대보유통㈜ 와촌(포항)주유소/충전소,알뜰(ex),경북 경산시,경북,경산시,경북 경산시 와촌면 강학길 103,1,1,1,053-853-1082
A0027022,착한셀프주유소,SK에너지,경북 경산시,경북,경산시,경북 경산시 자인면 공단로 146,1,0,0,053-852-6300
A0027023,(주)태산이앤엘 제2강변주유소,알뜰주유소,경북 경산시,경북,경산시,경북 경산시 대경로 559,1,0,1,053-852-8864
A0027025,경산대성주유소,GS칼텍스,경북 경산시,경북,경산시,경북 경산시 압량면 대학로 445,1,0,1,053-818-7272
A0027026,㈜나이스디앤에스 경산(서울방향)주유소/충전,알뜰(ex),경북 경산시,경북,경산시,경북 경산시 진량읍 대학로 1089,1,1,1,053-851-7025
A0027027,청도주유소,알뜰주유소,경북 청도군,경북,청도군,경북 청도군 청도읍 새마을로 1308,0,0,1,054-371-3434
A0027036,새동창주유소,SK에너지,부산 사상구,부산,사상구,부산 사상구 낙동대로 920 (감전동),0,0,0,051-324-1117
A0027038,채비㈜ 사천주유소,HD현대오일뱅크,경남 사천시,경남,사천시,경남 사천시 사천대로 732,1,0,0,055-833-6288
A0027039,고려주유소,SK에너지,부산 중구,부산,중구,부산 중구 대청로 153 (중앙동5가),0,0,0,051-469-1288
A0027041,남항주유소,SK에너지,부산 영도구,부산,영도구,부산 영도구 남항서로 96(남항동2가),0,0,0,051-416-0904
A0027042,퍼시픽㈜영선주유소,알뜰주유소,부산 영도구,부산,영도구,부산 영도구 영선대로 63 (영선동3가),1,0,1,051-418-0042
A0027044,㈜서인에너지,HD현대오일뱅크,경북 영천시,경북,영천시,경북 영천시 북안면 개미곡길 47-35,1,0,0,054-331-2470
A0027045,태종대온천주유소,SK에너지,부산 영도구,부산,영도구,부산 영도구 태종로 806-1,0,0,0,051-405-2530
A0027046,코스모스주유소,S-OIL,전북 익산시,전북,익산시,전북 익산시 인북로66길 2,1,0,0,063-853-5185
A0027054,태종에너지청학주유소,SK에너지,부산 영도구,부산,영도구,부산 영도구 태종로 376 (청학동),1,0,0,051-414-7279
A0027055,SK에너지(주)직영 태종로주유소,SK에너지,부산 영도구,부산,영도구,부산 영도구 태종로 290 (청학동),1,0,1,051-412-5155
A0027058,덕암주유소,HD현대오일뱅크,경북 경산시,경북,경산시,경북 경산시 진량읍 공단로 519,1,0,0,053-852-4456
A0027061,원남주유소,SK에너지,충북 보은군,충북,보은군,충북 보은군 삼승면 원남로 8,0,0,0,043-542-6662
A0027063,신세계주유소,S-OIL,경북 구미시,경북,구미시,경북 구미시 금오대로 470 (임은동),1,0,0,070-7163-6805
A0027066,새석대주유소,S-OIL,부산 금정구,부산,금정구,부산 금정구 반송로 463 (금사동),0,0,0,051-527-5142
A0027086,우양피앤엘㈜ 대성주유소,S-OIL,부산 영도구,부산,영도구,부산 영도구 해양로 128 (청학동),0,0,0,051-412-5189
A0027087,(주)나부코직영 우원주유소,SK에너지,부산 영도구,부산,영도구,부산 영도구 태종로 181 (봉래동4가),0,0,0,051-418-7600
A0027089,해양특구주유소,GS칼텍스,부산 영도구,부산,영도구,부산 영도구 해양로 270,1,0,0,051-404-5189
A0027097,대창제1주유소,SK에너지,부산 사하구,부산,사하구,부산 사하구 을숙도대로 821,1,0,0,051-266-7788
A0027109,선경주유소,자가상표,부산 사하구,부산,사하구,부산 사하구 을숙도대로 728,1,0,0,051-000-0000
A0027113,CJ대한통운㈜ 골든베이송도 P-OIL,S-OIL,부산 서구,부산,서구,부산 서구 감천로 227,1,0,1,051-231-1614
A0027116,대호주유소,S-OIL,부산 사하구,부산,사하구,부산 사하구 하신중앙로 55 (신평동),0,0,0,051-204-8200
A0027121,남부주유소 (송도아랫길),GS칼텍스,부산 서구,부산,서구,부산 서구 충무대로 150 (남부민동),1,0,0,051-255-9528
A0027127,신영주유소,SK에너지,부산 수영구,부산,수영구,부산 수영구 과정로 23,1,0,0,051-756-4518
A0027144,서부산농협주유소,NH-OIL,부산 사하구,부산,사하구,부산 사하구 장평로 177 (장림동),1,0,1,051-262-0072
A0027145,회화에너지,S-OIL,부산 사하구,부산,사하구,부산 사하구 사하로 150,1,0,0,051-293-7601
A0027150,해운대주유소,S-OIL,부산 해운대구,부산,해운대구,부산 해운대구 좌동순환로 375,1,0,0,051-747-2526
A0027151,신평주유소,SK에너지,부산 사하구,부산,사하구,부산 사하구 하신중앙로 166 (신평동),0,0,0,051-203-4277
A0027154,남항대교주유소,SK에너지,부산 서구,부산,서구,부산 서구 충무대로 108 (암남동),1,0,0,051-231-5145
A0027158,토성셀프주유소,SK에너지,부산 사하구,부산,사하구,부산 사하구 다대로 581 (다대동),1,0,0,051-261-5145
A0027160,주식회사 금양티에스,HD현대오일뱅크,부산 사하구,부산,사하구,부산 사하구 감천항로 20,1,0,0,051-988-1817
A0027162,충무대로 셀프주유소 와이케이에너지㈜,GS칼텍스,부산 서구,부산,서구,부산 서구 충무대로 126,1,0,0,051-242-5189
A0027164,항도주유소,GS칼텍스,부산 부산진구,부산,부산진구,부산 부산진구 신암로 14,1,0,0,051-632-5189
A0027171,남성주유소,HD현대오일뱅크,부산 사하구,부산,사하구,부산 사하구 하신중앙로 240,1,0,1,051-205-4631
A0027175,낙동대로주유소,S-OIL,부산 사하구,부산,사하구,부산 사하구 낙동대로 312 (괴정동),1,0,1,051-291-5189
A0027177,광신홀딩스㈜ 직영 을숙도대로주유소,SK에너지,부산 사하구,부산,사하구,부산 사하구 을숙도대로 530 (신평동),1,0,0,051-205-8800
A0027181,(주)삼보부림SELF주유소,GS칼텍스,부산 북구,부산,북구,부산 북구 만덕대로 343 (만덕동),1,0,1,051-338-5156
A0027190,(주)디시에너지 운동장,HD현대오일뱅크,부산 서구,부산,서구,부산 서구 보수대로 220 (동대신제3동),1,0,0,051-243-0444
A0027191,비에스에너지㈜메가오션주유소,S-OIL,부산 사하구,부산,사하구,부산 사하구 감천항로 225,1,0,1,0
A0027198,극동유화(주) 부산주유소,S-OIL,부산 사하구,부산,사하구,부산 사하구 하신중앙로 165,1,0,1,051-293-5451
A0027204,장림주유소,HD현대오일뱅크,부산 사하구,부산,사하구,부산 사하구 장림로 287 (장림동),1,0,1,051-261-3773
A0027205,대양석유(주) SK괴정주유소,SK에너지,부산 사하구,부산,사하구,부산광역시 사하구  사하로 129,1,0,1,051-206-7446
A0027206,장림대흥주유소,SK에너지,부산 사하구,부산,사하구,부산 사하구 다대로 292 (장림동),1,0,0,051-262-5189
A0027207,SK에너지(주)국영,SK에너지,부산 사하구,부산,사하구,부산 사하구 장림번영로 7 (장림동),1,0,1,051-262-8866
A0027215,다대로주유소,HD현대오일뱅크,부산 사하구,부산,사하구,부산 사하구 을숙도대로 712,1,0,0,051-000-0000
A0027217,고려주유소 대신점,S-OIL,부산 서구,부산,서구,부산 서구 대영로 88,1,0,1,051-912-7555
A0027232,스타2주유소,GS칼텍스,부산 서구,부산,서구,부산 서구 원양로 260,0,0,0,051-243-6661
A0027233,신일주유소,SK에너지,부산 서구,부산,서구,부산 서구 구덕로 273 (서대신동1가),1,0,0,051-256-3929
A0027235,에스씨(주) 감천주유소,GS칼텍스,부산 사하구,부산,사하구,부산 사하구 감천로 79 (감천동),1,0,1,051-291-9700
A0027236,(주)디시에너지 대신지점,HD현대오일뱅크,부산 서구,부산,서구,부산 서구 대영로 91,1,0,0,051-242-8144
A0027237,동현주유소,SK에너지,부산 영도구,부산,영도구,부산 영도구 해양로 212,1,0,0,051-405-5170
A0027238,칠원주유소,S-OIL,경남 함안군,경남,함안군,경남 함안군 칠원읍 함의로 73,0,0,0,055-587-6644
A0027241,독도사랑주유소14,자가상표,경북 경주시,경북,경주시,경북 경주시 산업로 3241,1,0,0,054-000-0000
A0027242,시민주유소,HD현대오일뱅크,경남 밀양시,경남,밀양시,경남 밀양시 밀양대로 2168,1,0,0,055-354-1889
A0027248,(주)대양씨앤씨직영주유소,GS칼텍스,부산 동구,부산,동구,부산 동구 성남로 74 (범일동),1,0,0,051-646-5563
A0027256,장목주유소,SK에너지,경남 거제시,경남,거제시,경남 거제시 장목면 거제북로 1179,1,0,0,055-633-1026
A0027257,아산주유소,S-OIL,경남 하동군,경남,하동군,경남 하동군 하동읍 섬진강대로 2692,0,0,1,055-884-5189
A0027264,우양피앤엘㈜ 고성IC주유소,S-OIL,경남 고성군,경남,고성군,경남 고성군 고성읍 남해안대로 2234,1,0,0,055-673-8112
A0027266,우리주유소 (주)시블링스,알뜰주유소,부산 사상구,부산,사상구,부산 사상구 백양대로 701 (덕포동),1,0,1,051-304-3654
A0027272,직동토탈주유소,GS칼텍스,울산 울주군,울산,울주군,울산 울주군 언양읍 반구대로 964,1,0,0,052-262-5189
A0027278,서부산IC주유소,SK에너지,부산 사상구,부산,사상구,부산 사상구 학감대로 170,1,0,0,051-328-5189
A0027296,대명주유소,S-OIL,부산 부산진구,부산,부산진구,부산 부산진구 가야대로 523 (가야동),1,0,0,051-896-5105
A0027299,청구주유소,SK에너지,부산 동구,부산,동구,부산 동구 충장대로 281,1,0,0,051-635-9698
A0027301,구도일주유소 부산진,S-OIL,부산 동구,부산,동구,부산 동구 중앙대로 414 (좌천동),1,0,0,051-644-6200
A0027303,문현주유소,HD현대오일뱅크,부산 남구,부산,남구,부산 남구 우암로 374 (문현동),1,0,0,051-635-5103
A0027306,럭키주유소,SK에너지,부산 부산진구,부산,부산진구,부산 부산진구 새싹로 230,1,0,0,051-808-5113
A0027309,지에스칼텍스㈜케이제이주유소,GS칼텍스,부산 부산진구,부산,부산진구,부산광역시 부산진구  전포대로 178 (전포제3동),1,0,1,051-817-7832
A0027311,한일주유소,SK에너지,부산 부산진구,부산,부산진구,부산 부산진구 백양순환로110번길 19 (부암동),1,0,0,051-809-1542
A0027312,백양주유소,SK에너지,부산 부산진구,부산,부산진구,부산 부산진구  백양대로 234 (개금동),0,0,1,051-894-6622
A0027319,지에스칼텍스㈜ 율하신도시주유소,GS칼텍스,경남 김해시,경남,김해시,경남 김해시 율하로 293,1,0,1,055-338-5107
A0027320,대양주유소,알뜰주유소,부산 부산진구,부산,부산진구,부산 부산진구 새싹로 61-1 (부암동),1,1,1,051-818-6161
A0027325,진성주유소,S-OIL,부산 부산진구,부산,부산진구,부산 부산진구 백양대로 242,1,0,0,051-896-4500
A0027326,성도주유소,S-OIL,부산 북구,부산,북구,부산 북구 낙동대로 1642,1,0,0,051-333-3351
A0027327,월드주유소,자가상표,부산 기장군,부산,기장군,부산 기장군 기장읍 반송로 1559,1,0,1,051-723-3461
A0027329,중앙주유소,HD현대오일뱅크,부산 사상구,부산,사상구,부산 사상구 낙동대로 1316,1,0,0,051-305-0629
A0027333,삼성주유소,HD현대오일뱅크,경기 수원시,경기,수원시,경기 수원시 영통구 매영로 248 (원천동),1,0,0,031-216-3001
A0027336,동해주유소,SK에너지,부산 해운대구,부산,해운대구,부산 해운대구 재반로 163 (재송동),1,0,0,051-783-8660
A0027337,반도주유소,S-OIL,부산 남구,부산,남구,부산 남구 신선로 442 (용당동),1,0,1,051-626-6828
A0027339,sc(주)센텀주유소,GS칼텍스,부산 해운대구,부산,해운대구,부산 해운대구 수영강변대로 504 (반여동),1,0,1,051-527-4144
A0027343,금강주유소,HD현대오일뱅크,경남 거제시,경남,거제시,경남 거제시 거제면 거제남서로 3239,1,0,0,055-632-8998
A0027348,㈜진 해룡주유소,GS칼텍스,전남광주 순천시,전남광주,순천시,전남광주통합특별시 순천시 해룡면 여순로 1084,0,0,0,061-727-1919
A0027349,동방석유(주)황령산주유소,SK에너지,부산 부산진구,부산,부산진구,부산 부산진구 황령대로 66 (전포동),1,0,1,051-803-5151
A0027351,동방석유(주)sk전포주유소,SK에너지,부산 부산진구,부산,부산진구,부산 부산진구 동천로 10 (전포동),1,0,1,051-804-5152
A0027353,동방석유(주)초량주유소,SK에너지,부산 동구,부산,동구,부산 동구  중앙대로 302 (초량동),1,0,1,051-469-5181
A0027354,SK에너지(주) 연지오토self,SK에너지,부산 부산진구,부산,부산진구,부산 부산진구 동평로 239 (연지동),1,0,1,051-805-9285
A0027356,가야주유소,SK에너지,부산 부산진구,부산,부산진구,부산 부산진구 가야대로552번길 39,1,0,0,051-896-6300
A0027357,동방석유(주)형제주유소,SK에너지,부산 동구,부산,동구,부산광역시 동구  자성로 127 (범일2동),1,0,1,051-646-5471
A0027359,광신석유(주)직영 양정주유소,SK에너지,부산 부산진구,부산,부산진구,부산 부산진구 동평로 361 (양정동),1,0,0,051-862-7063
A0027360,대양대박주유소,GS칼텍스,부산 동구,부산,동구,부산 동구 성남로 42 (좌천동),0,0,1,051-634-5252
A0027368,진성3주유소,HD현대오일뱅크,부산 부산진구,부산,부산진구,부산 부산진구 백양대로 78 (당감동),1,0,0,051-891-1881
A0027373,(주)주공에너지,알뜰주유소,부산 부산진구,부산,부산진구,부산 부산진구 백양대로 231,1,1,1,051-898-0809
A0027379,영우에너지 부전주유소,S-OIL,부산 부산진구,부산,부산진구,부산 부산진구 신천대로 132,1,0,1,051-802-5593
A0027380,(주)태화주유소,SK에너지,부산 부산진구,부산,부산진구,부산 부산진구 가야대로 402,1,0,0,051-896-6147
A0027382,시원석유㈜해수부주유소,HD현대오일뱅크,부산 동구,부산,동구,부산 동구 중앙대로 352,1,0,0,051-466-1449
A0027385,중동주유소,자가상표,경남 거창군,경남,거창군,경남 거창군 거창읍 거창대로 4,0,0,0,055-944-7640
A0027391,금산주유소,S-OIL,경남 양산시,경남,양산시,경남 양산시 동면 양산대로 410,1,0,0,055-364-4022
A0027394,부성셀프주유소,HD현대오일뱅크,경남 김해시,경남,김해시,경남 김해시 삼안로 6 (지내동),1,0,0,055-326-4536
A0027395,초산주유소,GS칼텍스,경남 양산시,경남,양산시,경남 양산시 하북면 양산대로 2501,0,0,0,055-381-5182
A0027398,금정산주유소,SK에너지,부산 금정구,부산,금정구,부산 금정구 금샘로 399 (구서동),0,0,0,051-517-5472
A0027403,이왕주유소,HD현대오일뱅크,부산 강서구,부산,강서구,부산 강서구 공항로 1423 (대저1동),1,0,0,051-972-9007
A0027406,한라주유소,SK에너지,부산 사상구,부산,사상구,부산 사상구 학장로 107,1,0,0,051-326-9399
A0027413,명지농협주유소,NH-OIL,부산 강서구,부산,강서구,부산 강서구 르노삼성대로 572 (명지동),1,0,1,051-294-8528
A0027418,가야셀프주유소,HD현대오일뱅크,경남 김해시,경남,김해시,경남 김해시 해반천로 268 (삼계동),1,0,0,055-314-5158
A0027421,경동주유소,HD현대오일뱅크,부산 사상구,부산,사상구,부산 사상구 백양대로 386 (주례동),1,0,0,051-311-6114
A0027422,흥일주유소 주식회사,GS칼텍스,부산 사상구,부산,사상구,부산 사상구 낙동대로 1520 (삼락동),0,0,0,051-302-6244
A0027428,보배산주유소,S-OIL,경남 창원시,경남,창원시,경남 창원시 진해구 진해대로 2170,1,0,1,055-551-0098
A0027429,동양주유소,HD현대오일뱅크,부산 금정구,부산,금정구,부산 금정구  반송로 391 (서동),1,0,0,051-523-1214
A0027433,오봉주유소,SK에너지,부산 강서구,부산,강서구,부산 강서구 호계로 1 (죽림동),0,0,0,051-972-5177
A0027435,화명주유소,HD현대오일뱅크,경남 창녕군,경남,창녕군,경남 창녕군 온천로 1173,1,0,0,055-536-5667
A0027436,용마주유소,알뜰주유소,부산 사상구,부산,사상구,부산 사상구 가야대로 329,1,0,1,051-311-3653
A0027439,오일필드㈜김해부원지점,자가상표,경남 김해시,경남,김해시,경남 김해시 호계로 272,1,0,0,055-322-5189
A0027446,산업주유소,SK에너지,부산 사상구,부산,사상구,부산 사상구 낙동대로 879 (감전동),1,0,0,051-311-4305
A0027448,아산주유소,S-OIL,부산 사상구,부산,사상구,부산 사상구 새벽로 1 (학장동),1,0,0,051-312-0051
A0027453,(주)젤코바,HD현대오일뱅크,부산 사상구,부산,사상구,부산 사상구 가야대로 63,1,0,0,051-323-6621
A0027462,성경주유소,SK에너지,부산 사상구,부산,사상구,부산 사상구 모덕로 69 (모라동),0,0,0,051-304-5100
A0027464,우양피앤엘㈜ 공항주유소,S-OIL,부산 강서구,부산,강서구,부산 강서구 공항로 469,0,0,0,051-941-7237
A0027467,무지개주유소,HD현대오일뱅크,부산 북구,부산,북구,부산 북구 금곡대로 692,0,0,0,051-335-4330
A0027470,부영석유(주)도매주유소,GS칼텍스,부산 사상구,부산,사상구,부산 사상구 가야대로 10 (감전동),1,0,0,051-315-1117
A0027479,가락타운주유소,SK에너지,부산 사상구,부산,사상구,부산 사상구 낙동대로 730 (엄궁동),1,0,0,051-325-1200
A0027480,제일주유소,GS칼텍스,부산 강서구,부산,강서구,부산 강서구 가락대로 1417,0,0,0,051-971-2727
A0027482,더케이주유소,S-OIL,울산 북구,울산,북구,울산 북구 매곡로 164,1,0,0,052-900-3600
A0027485,(주)경인에너지,S-OIL,부산 강서구,부산,강서구,부산 강서구 생곡로 40 (녹산동),0,0,0,051-971-5013
A0027491,SY삼계셀프주유소,GS칼텍스,경남 김해시,경남,김해시,경남 김해시 김해대로 1604,1,0,0,055-346-0368
A0027495,화명신도시주유소,알뜰주유소,부산 북구,부산,북구,부산 북구 금곡대로 203,0,0,1,051-365-0711
A0027502,스마트주유소,HD현대오일뱅크,부산 사상구,부산,사상구,부산 사상구 가야대로 377,1,0,0,051-314-5151
A0027506,(주)좋은기름나라새사상셀프주유소지점,S-OIL,부산 사상구,부산,사상구,부산 사상구 새벽로 154,1,0,0,051-328-2270
A0027511,센텀타이거주유소,알뜰주유소,부산 수영구,부산,수영구,부산 수영구 민락본동로 30,1,0,1,051-751-2281
A0027522,㈜덕양에너지직영 굿모닝주유소,SK에너지,부산 사상구,부산,사상구,부산 사상구 학감대로 70,1,0,1,051-323-2123
A0027524,세원주유소,알뜰주유소,부산 사상구,부산,사상구,부산 사상구 학감대로 178,1,0,0,051-328-5311
A0027531,가금 주유소,자가상표,부산 사상구,부산,사상구,부산 사상구 백양대로 349 (주례동),1,0,0,051-000-0000
A0027534,녹산화물터미널주유소,GS칼텍스,부산 강서구,부산,강서구,부산 강서구 녹산산업북로 119 (송정동),0,0,0,051-941-3015
A0027540,㈜구룡 구룡주유소,HD현대오일뱅크,부산 사상구,부산,사상구,부산 사상구 가야대로 150,1,0,0,051-316-4360
A0027543,지에스칼텍스(주)구영주유소,GS칼텍스,울산 울주군,울산,울주군,울산 울주군 범서읍 구영로 206,1,0,1,052-244-8835
A0027546,녹산주유소,S-OIL,부산 강서구,부산,강서구,부산 강서구 낙동남로 700,1,0,0,051-832-7560
A0027550,엄궁주유소,SK에너지,부산 사상구,부산,사상구,부산 사상구 낙동대로 681,1,0,0,051-316-4202
A0027551,명품주유소,HD현대오일뱅크,부산 강서구,부산,강서구,부산 강서구 대저로 235,0,0,0,051-941-0052
A0027564,우리2주유소,알뜰주유소,부산 강서구,부산,강서구,부산 강서구 낙동북로 142,1,0,1,051-971-5585
A0027568,지에스칼텍스(주)서부주유소,GS칼텍스,부산 사상구,부산,사상구,부산 사상구 낙동대로 1380,1,0,1,051-304-8873
A0027582,삼보주유소/충전소,GS칼텍스,부산 북구,부산,북구,부산 북구 만덕대로 331 (만덕동),1,0,0,051-336-2002
A0027589,부영주유소,S-OIL,부산 사상구,부산,사상구,부산 사상구 낙동대로 994,1,0,0,051-317-0296
A0027592,(주)호림에너지 호림주유소,HD현대오일뱅크,부산 사상구,부산,사상구,부산 사상구 낙동대로 669 (엄궁동),0,0,0,051-317-5187
A0027597,부산축산업협동조합 농협주유소,NH-OIL,부산 강서구,부산,강서구,부산 강서구  낙동남로 448 (녹산동),0,0,1,051-973-8141
A0027598,북부산셀프주유소,HD현대오일뱅크,부산 북구,부산,북구,부산 북구 금곡대로 37,1,0,0,051-341-0151
A0027607,HD현대오일뱅크㈜직영 감전주유소,HD현대오일뱅크,부산 사상구,부산,사상구,부산 사상구 낙동대로 978 (감전동),0,0,1,051-315-6362
A0027613,CJ대한통운㈜ 사상 P-OIL,S-OIL,부산 사상구,부산,사상구,부산 사상구 낙동대로 1274,1,0,0,051-305-9551
A0027614,서강주유소,SK에너지,부산 강서구,부산,강서구,부산 강서구 낙동북로 42 (강동동),1,0,0,051-971-8484
A0027618,대양석유㈜두꺼비주유소,SK에너지,부산 북구,부산,북구,부산 북구 금곡대로 362,1,0,1,051-362-5555
A0027619,대양석유㈜신광주유소,SK에너지,부산 북구,부산,북구,부산 북구 덕천로 275 (만덕동),1,0,1,051-336-9911
A0027625,은마석유(주)직영 강서주유소,HD현대오일뱅크,부산 강서구,부산,강서구,부산 강서구 공항로 483,1,0,1,051-973-5104
A0027628,(주)우양네트웍스 구도일주유소 삼광,S-OIL,부산 강서구,부산,강서구,부산 강서구 공항로 799 (대저2동),1,0,0,051-941-5188
A0027632,만선주유소,HD현대오일뱅크,부산 강서구,부산,강서구,부산 강서구 가락대로210번길 102,0,0,0,051-831-9171
A0027633,새한가스㈜명품주유소,HD현대오일뱅크,부산 북구,부산,북구,부산 북구 금곡대로 113,1,0,1,051-343-3003
A0027637,구랑주유소,GS칼텍스,부산 강서구,부산,강서구,부산 강서구 가락대로 546 (구랑동),1,0,0,051-972-1571
A0027641,광신석유(주)직영 가야대로주유소,SK에너지,부산 사상구,부산,사상구,부산 사상구 가야대로 395,1,0,0,070-4788-8153
A0027642,(주)소모 과학셀프주유소,GS칼텍스,부산 강서구,부산,강서구,부산 강서구 과학산단로 297 (지사동),1,0,1,051-973-5153
A0027643,은마석유 경기장주유소,GS칼텍스,부산 강서구,부산,강서구,부산 강서구 낙동북로 364,1,0,1,051-971-7956
A0027645,은마석유(주)신호주유소,HD현대오일뱅크,부산 강서구,부산,강서구,부산 강서구  낙동남로 514,1,0,1,051-971-6331
A0027651,지에스칼텍스(주)자이언트주유소,GS칼텍스,부산 사상구,부산,사상구,부산 사상구 강변대로 458 (엄궁동),1,0,1,051-315-4027
A0027652,대양석유(주)한마음주유소,SK에너지,부산 강서구,부산,강서구,부산 강서구 르노삼성대로 604 (명지동),1,0,1,051-271-2452
A0027658,지에스칼텍스(주)강변주유소,GS칼텍스,부산 사상구,부산,사상구,부산 사상구 강변대로 412 (엄궁동),1,0,1,051-323-4027
A0027662,맥도주유소,GS칼텍스,부산 강서구,부산,강서구,부산 강서구 공항로 381 (대저2동),1,0,1,051-973-5735
A0027668,광신석유(주)직영 백양대로주유소,SK에너지,부산 북구,부산,북구,부산 북구 백양대로 995 (구포동),1,0,0,051-337-3100
A0027672,대양산업(주)대양가덕주유소,GS칼텍스,부산 강서구,부산,강서구,부산 강서구 거가대로 2571,1,0,1,051-715-2201
A0027673,광신석유(주)직영 명지주유소,SK에너지,부산 강서구,부산,강서구,부산 강서구 르노삼성대로 372,1,0,0,051-271-4405
A0027674,(주)덕양에너지 직영 구덕산주유소,SK에너지,부산 사상구,부산,사상구,부산 사상구 학감대로 98 (학장동),1,0,1,051-323-9890
A0027682,㈜성민주유소,S-OIL,부산 강서구,부산,강서구,부산 강서구 가락대로 389,0,0,1,051-832-1611
A0027686,한솔유화㈜ 금곡주유소,SK에너지,부산 북구,부산,북구,부산 북구 금곡대로 604,1,0,1,051-334-7771
A0027694,해안주유소,SK에너지,부산 강서구,부산,강서구,부산 강서구 낙동남로 432,1,0,0,070-8894-3569
A0027695,신항만주유소,HD현대오일뱅크,부산 강서구,부산,강서구,부산 강서구 가락대로1243번길 68,1,0,0,051-973-0935
A0027698,에스씨(주) 새문주유소,GS칼텍스,부산 사상구,부산,사상구,부산 사상구 학감대로 30 (학장동),1,0,1,051-324-3502
A0027699,지에스칼텍스(주)구포셀프주유소,GS칼텍스,부산 북구,부산,북구,부산 북구 사상로 619 (구포동),1,0,1,051-338-5189
A0027700,대경산업㈜ 금곡대로주유소,GS칼텍스,부산 북구,부산,북구,부산 북구 금곡대로 712,1,0,1,051-365-4830
A0027702,㈜제이와이비젼 명성주유소,GS칼텍스,부산 사상구,부산,사상구,부산 사상구 학감대로 220 (감전동),1,0,1,051-324-5085
A0027703,(주)시큐 대저고속주유소,GS칼텍스,부산 강서구,부산,강서구,부산 강서구 체육공원로 66 (대저1동),0,0,1,051-941-5151
A0027705,대선석유㈜ 학장점,HD현대오일뱅크,부산 사상구,부산,사상구,부산 사상구 학감대로 73,1,0,0,051-327-7548
A0027706,정무에너지㈜ 만덕주유소,S-OIL,부산 북구,부산,북구,부산 북구 만덕대로 170,1,0,1,051-343-5155
A0027708,대림주유소,S-OIL,부산 사상구,부산,사상구,부산 사상구 낙동대로 1320,1,0,0,051-000-0000
A0027711,에스알디㈜더리치주유소,HD현대오일뱅크,부산 사상구,부산,사상구,부산 사상구 낙동대로 753 (엄궁동),1,0,0,051-311-5025
A0027715,㈜더블유케이에너지,S-OIL,부산 사상구,부산,사상구,부산 사상구 백양대로 480,1,0,1,051-717-3381
A0027718,(주)범방주유소,SK에너지,부산 강서구,부산,강서구,부산 강서구 가락대로 963,1,0,1,051-971-3337
A0027724,빙그레주유소,SK에너지,경남 김해시,경남,김해시,경남 김해시 한림면 김해대로 926,1,0,0,055-345-8826
A0027730,성신주유소,GS칼텍스,울산 북구,울산,북구,울산 북구 동대로 6-1 (호계동),0,0,0,000-000-0000
A0027732,현성주유소,GS칼텍스,경남 김해시,경남,김해시,경남 김해시 김해대로 2648 (안동),0,0,0,055-321-6711
A0027747,대경주유소,HD현대오일뱅크,부산 동래구,부산,동래구,부산 동래구 반송로 185 (안락동),0,0,0,051-555-1177
A0027749,에스씨㈜ 우리주유소,GS칼텍스,부산 해운대구,부산,해운대구,부산 해운대구 수영강변대로 276,1,0,1,051-784-6298
A0027753,㈜영원석유 영원주유소,HD현대오일뱅크,부산 해운대구,부산,해운대구,부산 해운대구 해운대로 1178,1,0,0,051-702-7293
A0027755,한양주유소,SK에너지,부산 동래구,부산,동래구,부산 동래구  충렬대로 300 (낙민동),0,0,1,051-554-3363
A0027759,신화주유소,GS칼텍스,경남 양산시,경남,양산시,경남 양산시 상북면 와곡강변길 22,1,0,0,055-374-7733
A0027760,고모로주유소,S-OIL,경남 김해시,경남,김해시,경남 김해시 진례면 고모로 82,0,0,0,055-346-7001
A0027766,남부산고속주유소,S-OIL,부산 부산진구,부산,부산진구,부산 부산진구 거제대로 84 (양정동),1,0,0,051-867-2231
A0027768,농산물주유소,SK에너지,부산 사상구,부산,사상구,부산 사상구 농산물시장로25번길 94,0,0,0,051-327-0011
A0027777,밀양셀프주유소,GS칼텍스,경남 밀양시,경남,밀양시,경남 밀양시 밀양대로 1776,1,0,0,055-353-1391
A0027778,(주)대원에너지 대원주유소,S-OIL,부산 동래구,부산,동래구,부산 동래구 충렬대로 460  (안락동),1,0,0,051-852-6492
A0027780,대일주유소,알뜰주유소,부산 동래구,부산,동래구,부산 동래구 충렬대로 124,1,0,1,051-502-1155
A0027790,대원주유소,S-OIL,부산 동래구,부산,동래구,부산 동래구 미남로 38,1,0,0,051-502-0733
A0027794,한창주유소,HD현대오일뱅크,부산 동래구,부산,동래구,부산 동래구 우장춘로 56,1,0,0,051-583-5151
A0027796,㈜바이펙스 교대주유소,HD현대오일뱅크,부산 동래구,부산,동래구,부산 동래구 여고로 131,1,0,1,051-504-0636
A0027803,안락대흥주유소,SK에너지,부산 동래구,부산,동래구,부산 동래구 충렬대로 440,1,0,0,051-528-5189
A0027807,황금주유소,S-OIL,부산 연제구,부산,연제구,부산 연제구 온천천남로 86 (연산동),1,0,0,051-916-9888
A0027812,오케이(OK)주유소,HD현대오일뱅크,부산 동래구,부산,동래구,부산 동래구  충렬대로 400 (안락동),1,0,0,051-531-2535
A0027813,양산공단주유소,SK에너지,경남 양산시,경남,양산시,경남 양산시 충렬로 167 (유산동),0,0,0,055-385-5821
A0027816,SK에너지㈜직영 삼진셀프주유소,SK에너지,부산 북구,부산,북구,부산 북구 의성로53번길 5,1,0,1,051-342-3516
A0027822,명장주유소,알뜰주유소,부산 동래구,부산,동래구,부산 동래구 반송로 303 (명장동),1,0,0,051-522-3355
A0027837,(주)삼보명진주유소,GS칼텍스,부산 동래구,부산,동래구,부산 동래구 충렬대로 51 (온천동),1,0,1,051-553-3000
A0027846,㈜OS에너지 동호주유소,GS칼텍스,부산 동래구,부산,동래구,부산 동래구 반송로 245,1,0,0,051-526-9967
A0027847,동방석유(주)푸른주유소,SK에너지,부산 동래구,부산,동래구,부산 동래구 충렬대로 121 (온천동),1,0,1,051-555-3827
A0027851,현대오일뱅크(주)직영 부산현대주유소,HD현대오일뱅크,부산 연제구,부산,연제구,부산 연제구 아시아드대로 107 (거제동),0,0,1,051-502-9131
A0027854,광신석유(주)직영 충렬대로주유소,SK에너지,부산 동래구,부산,동래구,부산 동래구 충렬대로 95,1,0,0,051-555-3258
A0027858,대양석유(주)부흥주유소,SK에너지,부산 연제구,부산,연제구,부산 연제구 과정로 120 (연산동),1,0,1,051-758-1008
A0027859,현대오일뱅크㈜직영 연산셀프주유소,HD현대오일뱅크,부산 연제구,부산,연제구,부산 연제구 중앙대로 1179,1,0,1,051-867-6741
A0027867,자이주유소,GS칼텍스,부산 연제구,부산,연제구,부산 연제구 과정로 325,1,0,0,051-864-4244
A0027873,연안로주유소,알뜰주유소,부산 연제구,부산,연제구,부산 연제구 연안로 20,1,0,1,051-758-5351
A0027875,안락교차로주유소,GS칼텍스,부산 동래구,부산,동래구,부산 동래구 충렬대로 330 (안락동),0,0,0,051-552-6262
A0027878,연제주유소,S-OIL,부산 연제구,부산,연제구,부산 연제구 연수로 87,0,0,0,051-636-4356
A0027884,신흥주유소,S-OIL,경남 의령군,경남,의령군,경남 의령군 봉수면 대한로 1047,0,0,0,055-573-6500
A0027888,경남주유소,SK에너지,경남 함안군,경남,함안군,경남 함안군 칠원면 경남대로 1612,1,0,1,055-587-5150
A0027893,중앙주유소,GS칼텍스,경남 의령군,경남,의령군,경남 의령군 의령읍 백산로 4,1,0,0,055-573-2621
A0027902,큰길주유소,S-OIL,경남 의령군,경남,의령군,경남 의령군 정곡면 의합대로 1157,1,0,1,055-573-3212
A0027904,남강주유소,HD현대오일뱅크,경남 의령군,경남,의령군,경남 의령군 의령읍 남강로 761,0,0,0,055-572-1185
A0027905,우리주유소,GS칼텍스,경남 함안군,경남,함안군,경남 함안군 산인면 송산로 117,0,0,0,055-583-7070
A0027912,일삼주유소,HD현대오일뱅크,경남 함안군,경남,함안군,경남 함안군 대산면 함의로 735,0,0,0,055-582-4704
A0027916,청암주유소,S-OIL,경남 하동군,경남,하동군,경남 하동군 청암면 청학로 654,1,0,0,055-884-0407
A0027918,하얀100내서주유소,GS칼텍스,경남 창원시,경남,창원시,경남 창원시 마산회원구 내서읍 광려천서로 193,1,0,1,055-232-2008
A0027920,고암주유소,HD현대오일뱅크,경남 창녕군,경남,창녕군,경남 창녕군 고암면 창밀로 366,0,0,0,055-533-0888
A0027921,동강주유소,S-OIL,경남 창원시,경남,창원시,경남 창원시 마산합포구 가포로 628 (덕동동),1,0,0,055-221-3331
A0027922,강변주유소,S-OIL,경남 함안군,경남,함안군,경남 함안군 법수면 법정로 224,0,0,0,055-584-2331
A0027923,새천년주유소,S-OIL,경남 창원시,경남,창원시,경남 창원시 마산합포구 진동면 남해안대로 5422,1,0,0,055-271-7776
A0027928,아시아드주유소,GS칼텍스,부산 연제구,부산,연제구,부산 연제구  거제대로 130 (거제동),1,0,1,051-852-4144
A0027939,예곡,S-OIL,경남 함안군,경남,함안군,경남 함안군 칠원면 경남대로 1500,0,0,0,055-587-2941
A0027943,영남주유소,GS칼텍스,경남 창녕군,경남,창녕군,경남 창녕군 도천면 영산도천로 285,0,0,0,055-536-7799
A0027946,봉촌주유소,HD현대오일뱅크,경남 함안군,경남,함안군,경남 함안군 칠북면 온천로 187,0,0,0,055-586-3366
A0027959,만물주유소,S-OIL,경남 창녕군,경남,창녕군,경남 창녕군 창녕읍 창밀로 155,0,0,0,055-533-3336
A0027962,의령농협클린주유소,NH-OIL,경남 의령군,경남,의령군,경남 의령군 의령읍 의병로 171,1,0,1,055-573-8711
A0027967,마산주유소(SK),SK에너지,경남 창원시,경남,창원시,경남 창원시 마산회원구 북성로 522,1,0,0,055-232-0811
A0027968,한길주유소 양산점 한솔유화㈜,HD현대오일뱅크,경남 양산시,경남,양산시,경남 양산시 양산대로 1120,1,0,1,055-384-9475
A0027971,㈜칠서제일주유소,S-OIL,경남 함안군,경남,함안군,경남 함안군 칠서면 청계3길 1,1,0,0,055-587-0301
A0027972,고려주유소,S-OIL,경남 남해군,경남,남해군,경남 남해군 상주면 남해대로 678,1,0,0,055-863-4888
A0027979,극동유화㈜아바타2주유소,S-OIL,경남 창원시,경남,창원시,경남 창원시 마산합포구 해안대로 131 (월남동1가),1,0,1,055-241-0976
A0027982,세중주유소,SK에너지,경남 함안군,경남,함안군,경남 함안군 칠원면 삼칠로 7,0,0,0,055-587-6622
A0027983,남지농협고곡주유소,NH-OIL,경남 창녕군,경남,창녕군,경남 창녕군 남지읍 박진로 992,0,0,1,055-526-2126
A0027986,형제주유소,GS칼텍스,경남 함안군,경남,함안군,경남 함안군 가야읍 함안대로 779,0,0,0,055-583-8686
A0027990,고려주유소,SK에너지,경남 함안군,경남,함안군,경남 함안군 가야읍 함안대로 458,0,0,0,055-585-0051
A0027991,신반주유소,SK에너지,경남 의령군,경남,의령군,경남 의령군 부림면 대한로 1781,0,0,0,055-574-6007
A0027993,㈜용남에너지 새창녕,HD현대오일뱅크,경남 창녕군,경남,창녕군,경남 창녕군 도천면 경남대로 3268,1,0,0,055-536-9084
A0027996,지산주유소,SK에너지,경남 창원시,경남,창원시,경남 창원시 마산합포구 진북면 삼진의거대로 473,0,0,0,055-272-0828
A0027999,성운주유소,GS칼텍스,경남 창원시,경남,창원시,경남 창원시 마산합포구 천하장사로 44,1,0,1,055-223-8361
A0028000,삼진제일주유소,HD현대오일뱅크,경남 창원시,경남,창원시,경남 창원시 마산합포구 진전면 삼진의거대로 130,0,0,0,055-271-5656
A0028011,청룡휴게주유소,자가상표,경남 창녕군,경남,창녕군,경남 창녕군 창녕읍 경남대로 4233,0,0,0,055-532-3244
A0028019,지에스칼텍스㈜ 마산월드주유소,GS칼텍스,경남 창원시,경남,창원시,경남 창원시 마산합포구 해안대로 390,1,0,1,055-222-8148
A0028021,지에스칼텍스㈜ 희망주유소,GS칼텍스,경남 창원시,경남,창원시,경남 창원시 마산회원구 봉양로 179 (봉암동),1,0,1,055-256-5105
A0028033,지에스칼텍스(주)고속주유소,GS칼텍스,울산 남구,울산,남구,울산 남구 문수로 279,1,0,1,052-260-0929
A0028034,경성주유소,SK에너지,경남 창원시,경남,창원시,경남 창원시 마산합포구 밤밭고개로 157 (우산동),0,0,0,055-222-2800
A0028036,오일컴퍼니,S-OIL,경남 김해시,경남,김해시,경남 김해시 인제로 132 (어방동),1,0,0,0
A0028038,송림주유소,S-OIL,경남 창녕군,경남,창녕군,경남 창녕군 계성면 영산계성로 255,1,0,1,055-000-0000
A0028039,대영주유소,SK에너지,경남 창녕군,경남,창녕군,경남 창녕군 창녕읍 경남대로 4514,1,0,0,055-532-2339
A0028050,동영주유소,S-OIL,경남 창원시,경남,창원시,경남 창원시 마산회원구 함마대로 2910,0,0,0,055-232-8797
A0028055,광려천주유소,SK에너지,경남 창원시,경남,창원시,경남 창원시 마산회원구 내서읍 경남대로 828,1,0,0,055-231-7070
A0028060,대동주유소,S-OIL,경남 창녕군,경남,창녕군,경남 창녕군 계성면 영산장마로 660,0,0,0,055-536-3336
A0028062,백마주유소,S-OIL,경남 창원시,경남,창원시,경남 창원시 마산회원구 내서읍 중리공단로 114,1,0,1,055-231-8557
A0028065,대산주유소,S-OIL,경남 함안군,경남,함안군,경남 함안군 대산면 대산중앙로 243,0,0,1,055-582-8040
A0028067,두바이주유소,SK에너지,경남 김해시,경남,김해시,경남 김해시 진례면 서부로 914,1,0,0,055-342-2756
A0028070,CJ대한통운㈜ 창일주유소,GS칼텍스,경남 창원시,경남,창원시,경남 창원시 마산회원구 봉양로 164,1,0,1,055-253-0128
A0028073,SK화랑주유소,SK에너지,경남 창원시,경남,창원시,경남 창원시 마산합포구 진북면 삼진의거대로 424,1,0,0,055-271-5221
A0028075,대견주유소,HD현대오일뱅크,경남 창녕군,경남,창녕군,경남 창녕군 성산면 창한로 404,0,0,0,055-533-4764
A0028080,삼보주유소,S-OIL,경남 함안군,경남,함안군,경남 함안군 칠서면 함의로 217,0,0,0,055-587-8811
A0028090,동부주유소,GS칼텍스,경남 의령군,경남,의령군,경남 의령군 부림면 신번로 85,0,0,0,055-574-2123
A0028096,삼도주유소,HD현대오일뱅크,경남 함안군,경남,함안군,경남 함안군 법수면 법수로 599,0,0,0,055-584-4125
A0028102,함안주유소,SK에너지,경남 함안군,경남,함안군,경남 함안군 가야읍 가야로 64,1,0,0,055-583-2727
A0028103,행운주유소,S-OIL,경남 창녕군,경남,창녕군,경남 창녕군 부곡면 온천로 1070,0,0,0,055-521-8901
A0028104,판도라주유소,S-OIL,경남 창원시,경남,창원시,경남 창원시 마산회원구 무역로 163,1,0,0,055-255-5251
A0028106,청남주유소,GS칼텍스,경남 함안군,경남,함안군,경남 함안군 칠북면 단내로 49,1,0,0,055-587-8881
A0028109,봉암다리주유소,S-OIL,경남 창원시,경남,창원시,경남 창원시 마산회원구 봉양로 270 (봉암동),1,0,0,055-256-5028
A0028112,구성주유소,GS칼텍스,경남 함안군,경남,함안군,경남 함안군 칠원면 경남대로 1825,0,0,0,055-586-5133
A0028118,서마산IC주유소,GS칼텍스,경남 창원시,경남,창원시,경남 창원시 마산회원구 삼호로 248,1,0,1,055-256-5145
A0028126,부성주유소,GS칼텍스,경남 창원시,경남,창원시,경남 창원시 마산회원구 금강로 287 (구암동),1,0,0,055-298-5189
A0028127,칠북주유소,SK에너지,경남 함안군,경남,함안군,경남 함안군 칠북면 경남대로 2401,1,0,0,055-586-7519
A0028131,대창주유소,SK에너지,경남 창녕군,경남,창녕군,경남 창녕군 대합면 우포2로 850,0,0,0,055-533-1210
A0028132,합포주유소,S-OIL,경남 창원시,경남,창원시,경남 창원시 마산합포구 북성로 53 (상남동),1,0,0,055-247-7667
A0028143,유어주유소,GS칼텍스,경남 창녕군,경남,창녕군,경남 창녕군 유어면 우포1대로 510,0,0,0,055-532-8385
A0028151,조은주유소,HD현대오일뱅크,경남 창녕군,경남,창녕군,경남 창녕군 남지읍 남지중앙로 34,0,0,0,055-526-0051
A0028152,삼화주유소,GS칼텍스,경남 함안군,경남,함안군,경남 함안군 가야읍 말산로 100,0,0,0,055-585-0090
A0028153,(주)부강에너지,S-OIL,경남 창녕군,경남,창녕군,경남 창녕군 창녕읍 경남대로 4623,1,0,1,055-532-9122
A0028155,대초주유소,S-OIL,경남 창녕군,경남,창녕군,경남 창녕군 대지면 우포1대로 1185,0,0,0,055-532-9751
A0028160,대복주유소,S-OIL,경남 의령군,경남,의령군,경남 의령군 용덕면 의합대로 128,1,0,0,055-573-1550
A0028165,퇴천주유소,SK에너지,경남 창녕군,경남,창녕군,경남 창녕군 창녕읍 창녕대로 302,0,0,0,055-533-4141
A0028169,회원주유소,S-OIL,경남 창원시,경남,창원시,경남 창원시 마산회원구 회원동33길 13,1,0,0,055-224-0660
A0028170,고속주유소,GS칼텍스,경남 창원시,경남,창원시,경남 창원시 마산회원구 삼호로 274,1,0,0,055-255-0806
A0028181,하늘주유소,알뜰주유소,경남 창원시,경남,창원시,경남 창원시 마산회원구 북성로 373,1,1,1,055-295-7676
A0028185,새감천주유소,SK에너지,경남 창원시,경남,창원시,경남 창원시 마산회원구 내서읍 경남대로 509,1,0,0,055-231-1604
A0028201,성전주유소,S-OIL,경남 함안군,경남,함안군,경남 함안군 대산면 대법로 571,1,0,1,055-584-2251
A0028214,대길주유소,S-OIL,경남 함안군,경남,함안군,경남 함안군 칠원읍 운무로 107,1,0,1,055-586-1799
A0028224,신월주유소,SK에너지,경남 창원시,경남,창원시,경남 창원시 성산구 상남로230번길 1 (신월동),0,0,0,055-266-2551
A0028225,함안농업협동조합주유소,NH-OIL,경남 함안군,경남,함안군,경남 함안군 가야읍 함마대로 1600,1,0,1,055-583-6051
A0028230,유산주유소,S-OIL,경남 창원시,경남,창원시,경남 창원시 마산합포구 구산로 784,1,0,1,055-221-9910
A0028232,부영주유소,SK에너지,경남 창녕군,경남,창녕군,경남 창녕군 부곡면 온천로 663,0,0,0,055-521-5152
A0028233,극동유화㈜ 곰돌이주유소,S-OIL,경남 창원시,경남,창원시,경남 창원시 마산합포구 진동면 오산3길 125,1,0,1,055-271-0978
A0028237,(주)엔씨에너지,S-OIL,경남 창원시,경남,창원시,경남 창원시 마산회원구 내서읍 경남대로 783,1,0,0,055-232-1505
A0028240,공단주유소,HD현대오일뱅크,경남 창녕군,경남,창녕군,경남 창녕군 영산계성로 328,0,0,0,055-536-2100
A0028247,부곡알뜰주유소,자가상표,경남 창녕군,경남,창녕군,경남 창녕군 부곡면 온천로 692,1,0,0,055-521-4661
A0028265,대천주유소,GS칼텍스,경남 함안군,경남,함안군,경남 함안군 가야읍 함마대로 1338,1,0,0,055-583-5185
A0028266,함마대로주유소,알뜰주유소,경남 함안군,경남,함안군,경남 함안군 산인면 함마대로 2035,1,0,1,055-583-5200
A0028269,농산물주유소,HD현대오일뱅크,경남 창원시,경남,창원시,경남 창원시 마산회원구 유통단지로 33,1,0,0,055-255-8331
A0028273,남지IC주유소/충전소,GS칼텍스,경남 창녕군,경남,창녕군,경남 창녕군 남지읍 낙동로 579-4,0,0,0,055-521-1331
A0028274,(주)플러스에너지,자가상표,경남 함안군,경남,함안군,경상남도 함안군 법수면 법수로 418,0,0,0,055-583-1151
A0028275,삼거리주유소,S-OIL,경남 창녕군,경남,창녕군,경상남도 창녕군 도천면 낙동로 843 (도천면),0,0,0,055-526-0311
A0028278,대로주유소,GS칼텍스,경남 함안군,경남,함안군,경남 함안군 칠원읍 경남대로 1761,1,0,0,055-587-2098
A0028282,21세기주유소,HD현대오일뱅크,경남 창녕군,경남,창녕군,경남 창녕군 도천중앙로 1,0,0,0,055-536-4028
A0028283,㈜동남에너지,SK에너지,경남 함안군,경남,함안군,경남 함안군 산인면 함마대로 2367,1,0,0,055-584-2882
A0028285,(주)경상석유마창주유소,GS칼텍스,경남 창원시,경남,창원시,경남 창원시 마산회원구 팔용로 107 (합성동),1,0,0,055-295-7952
A0028294,태양주유소,SK에너지,경남 의령군,경남,의령군,경남 의령군 유곡면 함의로 2274,0,0,0,055-574-4490
A0028300,태진주유소,HD현대오일뱅크,경남 창원시,경남,창원시,경남 창원시 마산합포구 진전면 남해안대로 4434,1,0,0,055-271-6128
A0028303,울트라주유소,알뜰주유소,경남 창원시,경남,창원시,경남 창원시 마산합포구 무학로 398 (자산동),1,0,0,055-222-0069
A0028306,부곡주유소,자가상표,경남 창녕군,경남,창녕군,경남 창녕군 부곡면 부곡로 103,0,0,0,055-536-7800
A0028307,진등재주유소,HD현대오일뱅크,경남 의령군,경남,의령군,경남 의령군 용덕면 의합대로 496,0,0,0,055-574-5149
A0028308,동부셀프주유소,S-OIL,경남 창원시,경남,창원시,경남 창원시 마산회원구  팔용로 96 (합성동),1,0,0,055-299-9322
A0028309,칠서IC주유소,SK에너지,경남 함안군,경남,함안군,경남 함안군 칠서면 삼칠로 313,0,0,0,055-586-1515
A0028323,중리제일주유소 ㈜경남에너지판매,SK에너지,경남 창원시,경남,창원시,경남 창원시 마산회원구 내서읍 함마대로 2843,1,0,0,055-232-4558
A0028330,대박주우소 ㈜한려에너지산업,GS칼텍스,경남 함안군,경남,함안군,경남 함안군 산인면 함마대로 1834,1,0,0,055-583-5188
A0028331,낙동주유소,SK에너지,경남 함안군,경남,함안군,경남 함안군 칠서면 삼칠로 1165-13,0,0,0,055-587-1881
A0028334,중리공단주유소,S-OIL,경남 창원시,경남,창원시,경남 창원시 마산회원구 내서읍 광려천남로 1-6,1,0,0,055-232-2100
A0028335,성원주유소,S-OIL,경남 함안군,경남,함안군,경남 함안군 칠북면 단내로 18-6,0,0,0,055-587-1536
A0028337,반동주유소,HD현대오일뱅크,경남 창원시,경남,창원시,경남 창원시 마산합포구 구산면 해양관광로 1442,0,0,0,055-221-7354
A0028338,북마산주유소,HD현대오일뱅크,경남 창원시,경남,창원시,경남 창원시 마산회원구 무학로 617,1,0,0,055-247-0666
A0028339,상북주유소,HD현대오일뱅크,경남 창원시,경남,창원시,경남 창원시 마산합포구 진북면 진북산업로 327,0,0,0,055-271-8080
A0028341,동백제3주유소,GS칼텍스,경남 사천시,경남,사천시,경남 사천시 각산로 114,0,0,0,055-834-5153
A0028349,엔씨파크주유소,SK에너지,경남 창원시,경남,창원시,경남 창원시 마산회원구 봉양로 110,1,0,0,055-292-5151
A0028357,동남주유소,SK에너지,경남 창원시,경남,창원시,경남 창원시 마산회원구 무역로 129,1,0,0,055-255-2882
A0028358,동김해IC주유소 한솔유화㈜,S-OIL,경남 김해시,경남,김해시,경남 김해시 인제로 23,1,0,1,055-332-9559
A0028360,SK행복충전 경성에너지주유소/충전소,SK에너지,경남 창녕군,경남,창녕군,경남 창녕군 대합면 경남대로 5408,0,0,0,055-532-2557
A0028373,극동유화(주) 두바이주유소,S-OIL,경남 창원시,경남,창원시,경남 창원시 마산회원구 봉양로 151,1,0,1,055-296-5155
A0028376,장천주유소,SK에너지,경남 창녕군,경남,창녕군,경남 창녕군 이방면 이방대합로 255,0,0,0,055-532-8577
A0028379,(주)왕산주유소,SK에너지,경남 창녕군,경남,창녕군,경남 창녕군 대지면 경남대로 4975,1,0,0,055-532-0637
A0028380,하나주유소(SK),SK에너지,경남 함안군,경남,함안군,경남 함안군 법수면 함안대로 1022,0,0,0,055-585-1010
A0028381,희승주유소,GS칼텍스,경남 함안군,경남,함안군,경남 함안군 군북면 장백로 386,1,1,1,055-582-8881
A0028382,(주)신마산주유소,알뜰주유소,경남 창원시,경남,창원시,경남 창원시 마산합포구 밤밭고개로 390(월영동),1,1,1,055-222-5182
A0028385,(주)삼진에너지,SK에너지,경남 창원시,경남,창원시,경남 창원시 마산합포구 진동면 삼진의거대로 614,0,0,0,055-271-2866
A0028390,대산농협주유소,NH-OIL,경남 함안군,경남,함안군,경남 함안군 대산면 대산중앙로 172,0,0,1,055-582-7315
A0028392,동부농협주유소,NH-OIL,경남 의령군,경남,의령군,경남 의령군 지정면 함의로 1448번지,0,0,1,055-572-5890
A0028393,의령농협주유소,자가상표,경남 의령군,경남,의령군,경남 의령군 정곡면 법정로 932-13,0,0,1,055-570-0650
A0028395,창녕남부농협주유소,NH-OIL,경남 창녕군,경남,창녕군,경남 창녕군 길곡면 낙동로 1383,0,0,1,055-536-7773
A0028396,남지농협주유소,NH-OIL,경남 창녕군,경남,창녕군,경남 창녕군 남지읍 박진로 1719,0,0,1,055-526-2162
A0028397,군북농협주유소,NH-OIL,경남 함안군,경남,함안군,경남 함안군 군북면 중암4길 3,1,0,1,055-585-7226
A0028398,창원진동농협주유소,NH-OIL,경남 창원시,경남,창원시,경남 창원시 마산합포구 진동면 삼진의거대로 658,0,1,1,055-271-0220
A0028399,동함안농협주유소,NH-OIL,경남 함안군,경남,함안군,경남 함안군 칠원읍 삼칠로 129,0,0,1,055-586-3761
A0028400,함안농업협동조합 함읍지점,NH-OIL,경남 함안군,경남,함안군,경남 함안군 함안면 성산로 6,0,0,1,055-583-5786
A0028401,창녕농협주유소,NH-OIL,경남 창녕군,경남,창녕군,경남 창녕군 창녕읍 창녕대로 38,1,0,1,055-533-9751
A0028406,(주)가온에너지 힘대로주유소,HD현대오일뱅크,경남 창원시,경남,창원시,경남 창원시 마산합포구 해안대로 405,1,0,0,055-245-5104
A0028409,광신석유㈜ 무학주유소,SK에너지,경남 창원시,경남,창원시,경남 창원시 마산합포구 완월남8길 1,1,0,0,055-247-5149
A0028419,대양석유㈜SK삼계주유소,SK에너지,경남 창원시,경남,창원시,경남 창원시 마산회원구 내서읍 경남대로 941,1,0,1,055-232-6051
A0028425,웃음주유소,SK에너지,경남 창원시,경남,창원시,경남 창원시 마산합포구 3.15대로 294,1,0,0,055-223-0900
A0028427,대양석유㈜해운주유소,SK에너지,경남 창원시,경남,창원시,경남 창원시 마산합포구 해안대로 42,1,0,1,055-222-1930
A0028429,광신석유(주)직영 양덕주유소,SK에너지,경남 창원시,경남,창원시,경남 창원시 마산회원구  삼호로 119 (양덕동),1,0,0,055-256-5152
A0028434,(주)이엠석유 영산(하)주유소/충전소,알뜰(ex),경남 창녕군,경남,창녕군,경상남도 창녕군 영산면 장척호수길 56-110,1,1,1,055-521-3284
A0028437,YM21유통㈜ 칠서(양평)주유소/충전소,알뜰(ex),경남 함안군,경남,함안군,경남 함안군 칠서면 계룡로 122,1,1,1,055-587-1420
A0028438,우양피앤엘㈜ 동현주유소,S-OIL,경남 함안군,경남,함안군,경남 함안군 칠서면 삼칠로 789,0,0,0,055-587-1489
A0028443,㈜창통개발 호원주유소,S-OIL,경남 창원시,경남,창원시,경남 창원시 마산회원구 내서읍 호원로 415,1,0,1,055-232-7200
A0028445,광신직영(우성셀프),S-OIL,경남 창녕군,경남,창녕군,경남 창녕군 영산면 영산도천로 464,1,0,1,055-521-5888
A0028452,㈜유니콘에너지 황금주유소,S-OIL,경남 창원시,경남,창원시,경남 창원시 마산합포구 합포로 191,1,0,0,055-248-8889
A0028477,두척주유소,HD현대오일뱅크,경남 창원시,경남,창원시,경남 창원시 마산회원구 북성로 448,1,0,0,055-231-9966
A0028480,대보건설(주)함안(순천)주유소/충전소,알뜰(ex),경남 함안군,경남,함안군, 경상남도 함안군 군북면 현포로 205-1,1,1,1,055-582-6321
A0028481,남산주유소,SK에너지,경남 의령군,경남,의령군,경남 의령군 의령읍 의령대로 1649,0,0,0,055-573-4848
A0028482,비에스에너지㈜메가신성주유소,S-OIL,경남 함안군,경남,함안군,경남 함안군 칠서면 유성로 12,1,0,1,055-586-7891
A0028484,㈜미니E 직영주유소,알뜰주유소,경남 창원시,경남,창원시,경남 창원시 마산회원구 3.15대로 524,1,0,1,055-000-0000
A0028485,금성주유소,HD현대오일뱅크,경남 창원시,경남,창원시,경남 창원시 마산합포구 3.15대로 89,1,0,0,055-243-3855
A0028487,장지주유소,S-OIL,경남 함안군,경남,함안군,경남 함안군 군북면 장백로 340,1,0,0,0
A0028488,금강석유(주) 새창원주유소,HD현대오일뱅크,경남 창원시,경남,창원시,경남 창원시 마산회원구 삼호로 267 (회성동),1,0,0,055-297-0096
A0028490,㈜대양씨앤씨 NEW 청남주유소,GS칼텍스,경남 함안군,경남,함안군,경남 함안군 칠서면 삼칠로 306,1,0,0,055-587-8882
A0028491,주식회사 태화주유소,SK에너지,경남 함안군,경남,함안군,경남 함안군 군북면 함마대로 378,1,0,0,055-583-8816
A0028492,조은에너지(주),HD현대오일뱅크,경남 함안군,경남,함안군,경남 함안군 산인면 함마대로 2348,1,0,0,055-582-1192
A0028493,(유)동원주유소,SK에너지,경남 함안군,경남,함안군,경남 함안군 대산면 송산로 798,0,0,0,055-582-0500
A0028494,태영주유소,HD현대오일뱅크,경남 함안군,경남,함안군,경남 함안군 대산면 대부로 451,0,0,0,055-583-7277
A0028495,(주)의령주유소,SK에너지,경남 의령군,경남,의령군,경남 의령군 가례면 의령대로 1166,1,0,0,055-573-2067
A0028501,동면주유소,GS칼텍스,경남 창원시,경남,창원시,경남 창원시 의창구 동읍 동읍로 347,0,0,0,055-253-8900
A0028505,화심주유소,SK에너지,전북 완주군,전북,완주군,전북 완주군 소양면 전진로 1054,1,0,0,063-243-1064
A0028515,금강산주유소,자가상표,경남 창원시,경남,창원시,경남 창원시 마산회원구 금강로 204,1,0,1,055-252-0315
A0028516,명성주유소,GS칼텍스,충남 천안시,충남,천안시,충남 천안시 서북구 직산읍 상덕로 174,0,0,0,041-583-7078
A0028519,주남주유소,HD현대오일뱅크,경남 창원시,경남,창원시,경남 창원시 의창구 동읍 동읍로 733,0,0,0,055-299-5189
A0028520,송림주유소,S-OIL,경남 밀양시,경남,밀양시,경남 밀양시 산외면 상동로 38,1,0,1,055-355-6677
A0028524,(주)이손에너지 동남주유소,HD현대오일뱅크,경남 김해시,경남,김해시,경남 김해시 생림면 생림대로 693 (생림면),1,0,0,055-329-5775
A0028533,동양주유소,HD현대오일뱅크,전북 군산시,전북,군산시,전북 군산시 임피면 동군산로 843,1,0,0,063-453-5148
A0028538,동방석유(주) 불모2주유소,SK에너지,경남 창원시,경남,창원시,경남 창원시 성산구 창원대로 1302,1,0,1,055-263-6666
A0028540,남송주유소,GS칼텍스,경남 창원시,경남,창원시,경남 창원시 진해구 진해대로 2455 (용원동),1,0,0,055-552-5145
A0028543,마성셀프주유소,S-OIL,경남 진주시,경남,진주시,경남 진주시 순환로 508,1,0,1,055-746-0555
A0028554,일동주유소,GS칼텍스,경남 창원시,경남,창원시,경남 창원시 의창구 대산면 대산북로 539,0,0,0,055-291-4654
A0028557,정원주유소,SK에너지,경남 창원시,경남,창원시,경남 창원시 의창구 사화로 306,1,0,0,055-255-9323
A0028561,해안주유소,SK에너지,경남 창원시,경남,창원시,경남 창원시 진해구 가락대로 259,1,0,0,055-552-0041
A0028562,대호주유소,알뜰주유소,경남 창원시,경남,창원시,경남 창원시 진해구 안골로 242 (안골동),1,0,1,055-551-5435
A0028563,진해주유소,S-OIL,경남 창원시,경남,창원시,경남 창원시 진해구 천자로 361 (풍호동),0,0,0,055-552-5608
A0028566,창녕제일주유소,S-OIL,경남 창녕군,경남,창녕군,경남 창녕군 창녕읍 창녕대로 150,1,0,0,055-536-4522
A0028567,현대주유소,HD현대오일뱅크,경남 창원시,경남,창원시,경남 창원시 의창구  의안로 1,1,0,1,055-256-5189
A0028569,공단로주유소,S-OIL,경남 창원시,경남,창원시,경남 창원시 마산합포구 진북면 진북산업로 240,0,0,0,055-272-0025
A0028571,㈜마니에셋 독도사랑주유소10,자가상표,경남 창원시,경남,창원시,경남 창원시 마산합포구 해안대로 304,0,0,0,0
A0028572,협성주유소,SK에너지,경남 창원시,경남,창원시,경남 창원시 진해구 월남로 150,0,0,0,055-552-4442
A0028578,동부1,알뜰주유소,경남 창원시,경남,창원시,경남 창원시 진해구 진해대로 855 (석동),1,0,1,1811-9837
A0028582,석동주유소,HD현대오일뱅크,경남 창원시,경남,창원시,경남 창원시 진해구 진해대로 717 (석동),0,0,0,055-544-4433
A0028583,대광주유소,GS칼텍스,경남 창원시,경남,창원시,경남 창원시 진해구 태평로 40 (태평동),0,0,1,055-543-9090
A0028587,주식회사다예,S-OIL,경남 창원시,경남,창원시,경남 창원시 진해구 웅동로 86 (마천동),1,0,1,055-551-8355
A0028588,백석주유소,HD현대오일뱅크,충남 아산시,충남,아산시,충남 아산시 영인면 아산호로 318,0,0,0,041-544-5598
A0028590,도경주유소,SK에너지,경남 창원시,경남,창원시,경남 창원시 의창구 천주로56번길 1,1,0,0,055-296-2332
A0028591,(주)청조에너지 삼성주유소,HD현대오일뱅크,경남 창원시,경남,창원시,경남 창원시 진해구 태평로 56 (태평동),1,0,1,055-543-5133
A0028595,웰빙주유소,GS칼텍스,경남 창원시,경남,창원시,경남 창원시 의창구 평산로 108 (팔용동),1,0,0,055-295-0160
A0028600,금창주유소,HD현대오일뱅크,경남 창원시,경남,창원시,경남 창원시 진해구 진해대로 390,1,0,0,055-547-5149
A0028604,태광주유소,GS칼텍스,경남 창원시,경남,창원시,경남 창원시 성산구 창곡로 54 (신촌동),1,0,0,055-284-9551
A0028608,귀명주유소/충전소,S-OIL,경남 밀양시,경남,밀양시,경남 밀양시 하남읍 온천로 1842 (하남읍),1,0,0,055-391-4886
A0028610,기장대로 셀프주유소 와이케이에너지㈜,GS칼텍스,부산 기장군,부산,기장군,부산 기장군 기장읍 기장대로 343,1,0,0,051-723-5189
A0028621,무곡주유소,SK에너지,경남 창원시,경남,창원시,경남 창원시 의창구 북면 천주로 823,1,0,1,055-292-0166
A0028622,대경산업㈜ 성주주유소,GS칼텍스,경남 창원시,경남,창원시,경남 창원시 성산구 해원로 410,1,0,1,055-263-7677
A0028623,굴앞셀프,GS칼텍스,경남 창원시,경남,창원시,경남 창원시 성산구 창원대로 1310,1,0,0,055-261-5555
A0028643,중동주유소,HD현대오일뱅크,경남 의령군,경남,의령군,경남 의령군 부림면 대한로 1658,0,0,0,055-573-8808
A0028644,㈜역전주유소,S-OIL,경남 창원시,경남,창원시,경남 창원시 성산구 외동반림로 3,1,0,0,055-264-5253
A0028645,㈜천일에너지 천일주유소,HD현대오일뱅크,경남 창원시,경남,창원시,경남 창원시 진해구 진해대로 2221 (용원동),1,0,0,055-546-5153
A0028646,북창원I.C주유소,HD현대오일뱅크,경남 창원시,경남,창원시,경남 창원시 의창구 북면 정렬대로 410,1,0,0,055-294-3838
A0028649,마진주유소,GS칼텍스,경남 창원시,경남,창원시,경남 창원시 진해구 충장로 269 (경화동),1,0,1,055-543-3304
A0028650,무안점주유소,자가상표,경남 창원시,경남,창원시,경남 창원시 의창구 대산면 모산길 23,0,0,0,055-251-5772
A0028660,상남셀프주유소,GS칼텍스,경남 창원시,경남,창원시,경남 창원시 성산구 마디미로 74번길 14,1,0,1,055-286-9324
A0028662,대한주유소,SK에너지,경남 창원시,경남,창원시,경남 창원시 의창구 남산로9번길 16,0,0,0,070-8882-4014
A0028667,대림주유소,알뜰주유소,경남 창원시,경남,창원시,경남 창원시 의창구 팔용로 501 (팔용동),1,1,1,055-256-2024
A0028668,명곡셀프주유소,S-OIL,경남 창원시,경남,창원시,경남 창원시 의창구 태복산로 7 (도계동),1,0,0,055-237-5152
A0028669,신성주유소,GS칼텍스,경남 창원시,경남,창원시,경남 창원시 의창구 대산면 대산북로 663,0,0,0,055-291-5600
A0028673,경남주유소,HD현대오일뱅크,경남 창원시,경남,창원시,경남 창원시 성산구 반송로 60,0,0,0,055-276-4777
A0028674,정무에너지㈜ 양곡주유소,S-OIL,경남 창원시,경남,창원시,경남 창원시 성산구 진해대로 52,1,0,1,055-266-6092
A0028682,초원제2주유소,GS칼텍스,경남 창원시,경남,창원시,경남 창원시 의창구 대산면 진산대로 636,0,0,0,055-293-8600
A0028685,마금주유소,SK에너지,경남 창원시,경남,창원시,경남 창원시 의창구 북면 천주로 1097,0,0,0,055-298-0627
A0028689,우리주유소,GS칼텍스,경남 창원시,경남,창원시,경남 창원시 의창구 동읍 의창대로 741,1,0,0,055-291-3704
A0028690,남광석유직영용호주유소,SK에너지,경남 창원시,경남,창원시,경남 창원시 의창구  용지로 245,0,0,0,055-267-7388
A0028694,화양주유소,SK에너지,경남 창원시,경남,창원시,경남 창원시 의창구 동읍 백월로 539-1,0,0,0,055-253-8877
A0028696,주남그린주유소,HD현대오일뱅크,경남 창원시,경남,창원시,경남 창원시 의창구 동읍 동읍로 195,1,0,0,055-294-5189
A0028697,광진주유소 ㈜소명에너지스,S-OIL,경남 창원시,경남,창원시,경남 창원시 의창구 대산면 진산대로 296,1,0,1,055-299-8886
A0028703,남광석유직영 유남주유소,SK에너지,경남 창원시,경남,창원시,경남 창원시 의창구 창원대로 314,1,0,1,055-288-4141
A0028704,신성주유소,S-OIL,경남 함안군,경남,함안군,경남 함안군 군북면 장백로 361,1,0,0,055-585-8183
A0028705,성경주유소,알뜰주유소,경남 창원시,경남,창원시,경남 창원시 의창구 사화로10번길 33,1,0,1,055-293-0774
A0028706,동부2,알뜰주유소,경남 창원시,경남,창원시,경남 창원시 진해구 진해대로 732,1,0,1,055-547-5152
A0028707,동부3,알뜰주유소,경남 창원시,경남,창원시,경남 창원시 성산구 마디미로 73 (상남동),1,0,1,1811-9837
A0028712,용마주유소,S-OIL,경남 창원시,경남,창원시,경남 창원시 진해구 남의로 94 (두동),0,0,0,055-547-9347
A0028716,극동오일(주),GS칼텍스,경남 진주시,경남,진주시,경남 진주시 남강로 545 (신안동),0,0,0,055-753-5155
A0028721,동방석유(주)직영 불모1주유소,SK에너지,경남 창원시,경남,창원시,경상남도 창원시 성산구  창원대로 1298 (성주동),1,0,1,055-263-6666
A0028727,세강주유소,SK에너지,경남 창원시,경남,창원시,경남 창원시 의창구 읍성로 115 (소답동),1,0,0,055-292-8251
A0028731,(주)율선행복드림,HD현대오일뱅크,경남 창원시,경남,창원시,경남 창원시 성산구 공단로 820 (천선동),1,0,0,055-286-0065
A0028738,남창원농협주유소,NH-OIL,경남 창원시,경남,창원시,경남 창원시 성산구 가음로92번길 5 (가음동),1,0,1,055-286-5145
A0028742,공단주유소,SK에너지,경남 창원시,경남,창원시,경남 창원시 성산구 삼동로 130 (내동),1,0,1,055-282-3648
A0028746,대양석유(주)그린주유소,SK에너지,경남 창원시,경남,창원시,경남 창원시 진해구 여좌로 38 (여좌동),0,0,1,055-546-2832
A0028752,HD현대오일뱅크㈜직영 신상남주유소,HD현대오일뱅크,경남 창원시,경남,창원시,경남 창원시 성산구 동산로54번길 2 (상남동),0,0,1,055-267-5824
A0028756,금영오일㈜ 탑셀프주유소,HD현대오일뱅크,경남 창원시,경남,창원시,경남 창원시 의창구 우곡로 219 (명서동),1,0,1,055-288-5189
A0028760,서밀양IC주유소,GS칼텍스,경남 밀양시,경남,밀양시,경남 밀양시 무안면 무안로 345,1,0,0,055-355-7999
A0028763,광신석유(주)직영 진해대로주유소,SK에너지,경남 창원시,경남,창원시,경남 창원시 진해구 진해대로 2120 (두동),1,0,0,055-551-7012
A0028764,현대오일뱅크㈜직영 녹원주유소,HD현대오일뱅크,경남 창원시,경남,창원시,경남 창원시 진해구 용원로 91,0,0,1,055-544-6051
A0028767,SK에너지(주)자은셀프주유소,SK에너지,경남 창원시,경남,창원시,경남 창원시 진해구 진해대로 965 (자은동),1,0,1,055-543-6051
A0028783,남광석유직영대우주유소,SK에너지,경남 창원시,경남,창원시,경남 창원시 성산구 공단로 828,0,0,1,055-281-2525
A0028784,내트럭(주)부산신항사업소,SK에너지,경남 창원시,경남,창원시,경남 창원시 진해구 신항북로 320,0,0,1,055-543-9463
A0028787,광신직영(두대셀프),S-OIL,경남 창원시,경남,창원시,경남 창원시 성산구 창원대로 442(대원동),1,0,1,055-273-1515
A0028788,㈜유니시티주유소,S-OIL,경남 창원시,경남,창원시,경남 창원시 의창구 의창대로 396,1,0,1,055-237-2345
A0028791,광신직영(정일셀프),S-OIL,경남 창원시,경남,창원시,경남 창원시 의창구 창원대로18번길 6-8,1,0,1,070-4014-4441
A0028792,장복주유소,SK에너지,경남 창원시,경남,창원시,경남 창원시 진해구 진해대로 650 (경화동),1,0,1,055-544-1250
A0028793,(주)경상석유사파정주유소,S-OIL,경남 창원시,경남,창원시,경남 창원시 성산구  창이대로663번길 1 (사파동),1,0,0,055-263-6000
A0028794,(주)천주산주유소,GS칼텍스,경남 창원시,경남,창원시,경남 창원시 의창구 정렬대로 119,1,0,0,055-253-5600
A0028795,(주)천자봉주유소,S-OIL,경남 창원시,경남,창원시,경남 창원시 진해구 웅천로 97,0,0,0,055-545-4300
A0028797,(주)봉림주유소,GS칼텍스,경남 창원시,경남,창원시,경남 창원시 의창구 사림로 57 (사림동),1,0,0,055-262-5151
A0028798,넥스트엘앤이㈜ 넥스트주유소/충전소,S-OIL,경남 창원시,경남,창원시,경남 창원시 진해구 천자로 67 (이동),1,0,0,055-547-1217
A0028800,(주)온누리주유소,GS칼텍스,경남 창원시,경남,창원시,경남 창원시 의창구 무역로581번길 2,1,0,0,055-276-8383
A0028807,흥남주유소,SK에너지,울산 남구,울산,남구,울산 남구 봉월로 94 (신정동),0,0,0,052-272-5506
A0028813,우진주유소,GS칼텍스,울산 울주군,울산,울주군,울산 울주군 온양읍 남창로 905,1,0,0,052-237-3555
A0028816,대호주유소 ㈜대호에너지,GS칼텍스,울산 울주군,울산,울주군,울산 울주군 웅촌면 웅촌로 532,1,0,0,052-221-5901
A0028817,삼육주유소,SK에너지,서울 노원구,서울,노원구,서울 노원구 화랑로 822 (공릉동),1,0,0,02-949-3677
A0028820,가지산주유소,SK에너지,울산 울주군,울산,울주군,울산 울주군 상북면 찬물내기길 2,0,0,0,052-254-5179
A0028821,덕신주유소,GS칼텍스,울산 울주군,울산,울주군,울산 울주군 온산읍 덕신로 218,1,0,0,052-238-9500
A0028823,아천주유소,S-OIL,경북 김천시,경북,김천시,경북 김천시 어모면 어모로 415,0,0,0,054-430-2993
A0028826,(주)좋은기름나라연산주유소지점,S-OIL,부산 연제구,부산,연제구,부산 연제구 고분로 51 (연산동),1,0,0,051-851-5199
A0028829,동천강주유소,GS칼텍스,울산 북구,울산,북구,울산 북구 진장동 염포로 177,1,0,1,052-294-6800
A0028831,뉴타운주유소,HD현대오일뱅크,울산 북구,울산,북구,울산 북구 산업로 1432 (신천동),1,0,0,052-285-0494
A0028835,남창로주유소 ㈜젤코바에너지,알뜰주유소,울산 울주군,울산,울주군,울산광역시 울주군 온양읍 남창로 484,1,1,1,052-238-7463
A0028840,대한주유소,S-OIL,울산 울주군,울산,울주군,울산 울주군 청량면 청량천변로 513,0,0,0,052-268-7777
A0028847,(유)주유나라주유소,알뜰주유소,충북 청주시,충북,청주시,충북 청주시 청원구 율천북로 175 (율량동),1,1,1,043-216-0383
A0028853,이화주유소,HD현대오일뱅크,울산 북구,울산,북구,울산 북구 산업로 1645 (중산동),0,0,0,052-295-6601
A0028856,무지개대공원셀프주유소,SK에너지,울산 남구,울산,남구,울산 남구 남부순환도로 453 (옥동),1,0,0,052-260-4530
A0028859,염포무지개셀프주유소,SK에너지,울산 북구,울산,북구,울산 북구 방어진순환도로 1391,1,0,0,052-288-7100
A0028860,대양석유㈜남산주유소,SK에너지,울산 남구,울산,남구,울산 남구 남부순환도로 75 (옥동),1,0,1,052-224-3030
A0028866,진성주유소,GS칼텍스,울산 울주군,울산,울주군,울산 울주군 청량읍 남부순환도로 261,1,0,1,052-275-5100
A0028867,구동주유소,SK에너지,울산 울주군,울산,울주군,울산 울주군 서생면 천산로 229,0,0,0,052-239-0774
A0028869,래동주유소,SK에너지,울산 남구,울산,남구,울산 남구 산업로 156,1,0,0,052-260-0100
A0028870,신새벽주유소,SK에너지,울산 남구,울산,남구,울산 남구 수암로 269 (야음동),0,0,0,052-256-5149
A0028886,동해주유소,SK에너지,울산 남구,울산,남구,울산 남구 두왕로 38 (선암동),1,0,0,052-266-8887
A0028889,진하셀프주유소,S-OIL,울산 울주군,울산,울주군,울산 울주군 서생면 해맞이로 1584,1,0,0,052-238-0604
A0028890,현대주유소,HD현대오일뱅크,울산 울주군,울산,울주군,울산 울주군 언양읍 남천로 262,1,0,0,052-264-9100
A0028891,신촌주유소,S-OIL,울산 울주군,울산,울주군,울산 울주군 청량면 온산로 405,0,0,0,052-267-5151
A0028892,현대주유소,HD현대오일뱅크,울산 북구,울산,북구,울산 북구 산업로 1274 (창평동),1,0,0,052-201-3000
A0028899,남운주유소,SK에너지,울산 북구,울산,북구,울산 북구 동대로 90 (호계동),0,0,0,052-295-8863
A0028903,내동주유소,S-OIL,울산 울주군,울산,울주군,울산 울주군 범서읍 관문로 288,1,0,0,052-211-4700
A0028904,소나타주유소,HD현대오일뱅크,울산 동구,울산,동구,울산 동구 방어진순환도로 1280,1,0,0,052-232-6363
A0028909,청운주유소,SK에너지,울산 울주군,울산,울주군,울산 울주군 상북면 삽재로 72,0,0,0,052-264-0333
A0028912,세명셀프주유소,S-OIL,울산 울주군,울산,울주군,울산광역시 울주군 온산읍 온산로 298 (온산읍),1,0,0,052-238-3232
A0028914,즐거운주유소,SK에너지,울산 남구,울산,남구,울산 남구 월평로 229 (삼산동),1,0,0,052-269-2020
A0028915,우정주유소,S-OIL,울산 중구,울산,중구,울산 중구 중앙길 14 (성남동),1,0,1,052-242-0020
A0028919,율선주유소,GS칼텍스,울산 울주군,울산,울주군,울산 울주군 청량면 웅촌로 1035,1,0,0,052-249-5180
A0028920,완성주유소,GS칼텍스,울산 남구,울산,남구,울산 남구 온산로 839 (두왕동),0,0,0,052-269-3628
A0028923,온양주유소,GS칼텍스,울산 울주군,울산,울주군,울산 울주군 온양읍 남창로 366,1,0,0,052-239-2225
A0028932,한일주유소,GS칼텍스,울산 남구,울산,남구,울산 남구 온산로 820,1,0,0,052-227-1134
A0028933,웅촌주유소 ㈜소명에너지스,S-OIL,울산 울주군,울산,울주군,울산 울주군 웅촌면 웅촌로 724,1,0,1,052-221-6060
A0028934,햇살가득주유소,S-OIL,경북 경주시,경북,경주시,경북 경주시 산업로 3389 (도지동),1,0,1,054-777-5145
A0028937,율리셀프주유소,S-OIL,울산 울주군,울산,울주군,울산 울주군 청량면 웅촌로 1044,1,0,0,052-249-0051
A0028938,유한회사 뉴스마일주유소,S-OIL,경북 구미시,경북,구미시,경북 구미시 장천면 낙동대로 1058,1,0,0,054-474-5152
A0028940,행복주유소,HD현대오일뱅크,울산 울주군,울산,울주군,울산 울주군 청량면 온산로 352,1,0,0,052-260-5179
A0028948,아카데미주유소,GS칼텍스,울산 동구,울산,동구,울산 동구 방어진순환도로 486 (방어동),0,0,1,052-201-0774
A0028952,(주)안풍고속주유소,S-OIL,경북 안동시,경북,안동시,경북 안동시 풍산읍 상리길 125-1,0,0,0,054-858-7591
A0028953,동남주유소,S-OIL,울산 울주군,울산,울주군,울산 울주군 온양읍 광청로 305,1,0,0,052-237-1616
A0028957,천년에너지 광명주유소,HD현대오일뱅크,울산 울주군,울산,울주군,울산 울주군 웅촌면 웅촌로 567,0,0,0,052-222-9707
A0028960,으뜸주유소,SK에너지,울산 울주군,울산,울주군,울산 울주군 웅촌면 웅촌로 553,0,0,0,052-225-6566
A0028962,평송단월주유소,GS칼텍스,경기 양평군,경기,양평군,경기 양평군 단월면 경강로 3433,1,0,1,031-775-7068
A0028965,문화주유소,S-OIL,울산 남구,울산,남구,울산 남구 여천로 71,0,0,0,052-271-5189
A0028966,아름다운주유소,SK에너지,울산 남구,울산,남구,울산 남구 번영로 76 (달동),1,0,0,052-260-5151
A0028968,동원주유소,SK에너지,울산 남구,울산,남구,울산 남구 남부순환도로 5 (무거동),1,0,1,052-277-3030
A0028973,삼일주유소,S-OIL,울산 남구,울산,남구,울산 남구 대학로 41 (무거동),1,0,0,052-249-3131
A0028976,강변주유소,HD현대오일뱅크,울산 남구,울산,남구,울산 남구 남산로 17,1,0,0,052-222-4370
A0028977,망양제일주유소,SK에너지,울산 울주군,울산,울주군,울산 울주군 온양읍 남창로 840,1,0,0,052-239-3535
A0028978,남창셀프＆서비스주유소,GS칼텍스,울산 울주군,울산,울주군,울산 울주군 온양읍 남창로 439,1,0,0,052-238-4400
A0028979,대창주유소,GS칼텍스,울산 남구,울산,남구,울산 남구 산업로 617 (삼산동),1,0,1,052-268-0002
A0028985,명산로주유소,HD현대오일뱅크,울산 울주군,울산,울주군,울산 울주군 서생면 천산로 325,0,0,0,052-239-2008
A0028986,아이시디 햇살주유소,S-OIL,경남 양산시,경남,양산시,경남 양산시 물금읍 제방로 229,0,0,0,055-381-9001
A0028991,백경주유소,알뜰주유소,울산 울주군,울산,울주군,울산 울주군 온산읍 덕신로 478,1,1,1,052-238-5180
A0028992,두왕로셀프주유소,S-OIL,울산 남구,울산,남구,울산 남구 두왕로 59,1,0,0,052-256-5185
A0028993,(주)대들보에너지 울산지점,S-OIL,울산 울주군,울산,울주군,울산 울주군 온산읍 덕신로 56,0,0,0,052-237-0841
A0028999,신대동주유소,SK에너지,울산 남구,울산,남구,울산 남구 수암로 199 (야음동),1,0,0,052-227-9118
A0029005,청량주유소,GS칼텍스,울산 울주군,울산,울주군,울산 울주군 청량면 온산로 606,0,0,0,052-268-6861
A0029010,구도일주유소동운,S-OIL,울산 남구,울산,남구,울산 남구 화합로 202 (삼산동),1,0,0,052-268-0511
A0029012,웅촌구도일주유소,S-OIL,울산 울주군,울산,울주군,울산 울주군 웅촌면 웅촌로 504,1,0,0,052-225-5151
A0029014,차사랑주유소,S-OIL,울산 울주군,울산,울주군,울산 울주군 청량면 온산로 317,1,0,0,052-261-5163
A0029018,오성주유소,S-OIL,울산 남구,울산,남구,울산 남구 산업로 663,1,0,0,052-256-2656
A0029024,선암주유소,S-OIL,울산 남구,울산,남구,울산 남구 두왕로 74 (선암동),1,0,1,052-266-7565
A0029025,(주)흥연주유소,GS칼텍스,울산 울주군,울산,울주군,울산 울주군 웅촌면 웅촌로 377,1,1,1,052-225-5000
A0029034,제일주유소,SK에너지,울산 울주군,울산,울주군,울산 울주군 청량면 온산로 634,0,0,0,052-227-5145
A0029037,무지개주유소,SK에너지,울산 남구,울산,남구,울산 남구 산업로 515 (여천동),1,0,0,052-261-2222
A0029039,한마음주유소,HD현대오일뱅크,울산 울주군,울산,울주군,울산 울주군 웅촌면 웅촌로 464,1,0,1,052-225-7770
A0029042,당월주유소,S-OIL,울산 울주군,울산,울주군,울산 울주군 온산읍 우봉강양로 2,1,0,0,052-238-1128
A0029044,서진셀프주유소,S-OIL,울산 울주군,울산,울주군,울산 울주군 웅촌면 삼동로 1659,1,0,1,052-224-7878
A0029047,(주)대양씨앤씨 평창주유소,GS칼텍스,울산 남구,울산,남구,울산 남구 돋질로 297,1,0,0,052-261-5800
A0029048,지에스칼텍스㈜ 다운타운주유소,GS칼텍스,울산 남구,울산,남구,울산 남구 화합로 61,1,0,1,052-271-5145
A0029049,태이주유소,GS칼텍스,울산 울주군,울산,울주군,울산 울주군 웅촌면 웅촌로 81,1,0,0,052-225-5189
A0029051,㈜좋은기름나라 개운포역 주유소,S-OIL,울산 남구,울산,남구,울산 남구 산업로 107 (상개동),1,0,0,052-911-9051
A0029052,세일 온산주유소,S-OIL,울산 울주군,울산,울주군,울산 울주군 온산읍 공단로 33,0,0,0,052-238-0444
A0029053,합동주유소,S-OIL,울산 울주군,울산,울주군,울산 울주군 온양읍 온양로 108,0,0,0,052-237-5151
A0029054,동상주유소,HD현대오일뱅크,울산 울주군,울산,울주군,울산 울주군 온양읍 덕남로 275,0,0,0,052-238-9333
A0029057,맘모스주유소,HD현대오일뱅크,대전 대덕구,대전,대덕구,대전 대덕구 동서대로 1756,1,0,1,042-636-5151
A0029059,동린주유소,SK에너지,울산 남구,울산,남구,울산 남구 산업로 71,1,0,0,052-272-7200
A0029062,그린주유소 ㈜테라핀쉬핑,SK에너지,울산 울주군,울산,울주군,울산 울주군 온산읍 온산로 256,1,0,0,052-239-9600
A0029063,양운개발 구도일주유소 옥동,S-OIL,울산 남구,울산,남구,울산 남구 문수로 308 (옥동),1,0,0,052-276-4443
A0029065,(주)좋은기름나라 금강주유소지점,S-OIL,울산 남구,울산,남구,울산 남구 상개로 214 (상개동),1,0,0,052-272-5189
A0029066,언하주유소,GS칼텍스,경북 영천시,경북,영천시,경북 영천시 포은로 47,0,0,0,054-338-1566
A0029071,동부주유소,HD현대오일뱅크,울산 중구,울산,중구,울산 중구 염포로 52,1,0,0,052-292-7345
A0029072,(주)삼양주유소,HD현대오일뱅크,울산 남구,울산,남구,울산 남구 장생포로 79 (여천동),1,0,0,052-273-7488
A0029075,(주)경동에너지,HD현대오일뱅크,울산 북구,울산,북구,울산 북구 염포로 349,1,0,0,052-288-7770
A0029082,(주)티엔에프하이웨이주유소/충전소,GS칼텍스,경남 밀양시,경남,밀양시,경남 밀양시 산내면 밀양대로 4127,1,0,0,055-351-0685
A0029083,(주)투게더주유소,SK에너지,울산 남구,울산,남구,울산 남구 신화로 101 (야음동),1,0,0,052-258-5859
A0029084,에이치디오티서비스㈜ 용당주유소/충전소,HD현대오일뱅크,울산 울주군,울산,울주군,울산 울주군 웅촌면 웅촌로 22,1,0,1,052-225-6051
A0029091,온양농협주유소,NH-OIL,울산 울주군,울산,울주군,울산 울주군 온양읍 온양로 195,1,0,1,052-239-4222
A0029092,광신석유(주)직영 울산대교주유소,SK에너지,울산 남구,울산,남구,울산 남구 장생포로 240 (매암동),1,0,0,052-261-3127
A0029094,여천햇살주유소,S-OIL,울산 남구,울산,남구,울산 남구 장생포로 17,1,0,0,052-261-5189
A0029098,대양석유(주)남울산주유소,SK에너지,울산 남구,울산,남구,울산 남구 꽃대나리로 105 (삼산동),1,0,1,052-261-4337
A0029107,HD현대오일뱅크㈜직영 미포셀프주유소,HD현대오일뱅크,울산 북구,울산,북구,울산 북구 염포로 233 (효문동),1,0,1,052-287-9991
A0029108,천일주유소,HD현대오일뱅크,울산 북구,울산,북구,울산 북구 염포로 765,1,0,0,052-288-0855
A0029116,SK에너지(주)삼산제일주유소,SK에너지,울산 남구,울산,남구,울산 남구 화합로 228,1,0,1,052-258-6060
A0029118,(주)인연주유소,S-OIL,울산 북구,울산,북구,울산 북구 안기번득길 23 (화봉동),1,0,1,052-716-5183
A0029123,대양석유㈜월드컵주유소,SK에너지,울산 남구,울산,남구,울산 남구 문수로 93 (무거동),1,0,1,052-223-5145
A0029131,대양석유(주)풍차휴게주유소,SK에너지,울산 북구,울산,북구,울산 북구 산업로 1448-1 (신천동),1,0,1,052-295-6699
A0029135,(주)종하아이앤씨 문수로주유소,S-OIL,울산 남구,울산,남구,울산 남구 문수로 427 (신정동),1,0,0,052-261-5145
A0029143,동방석유(주) 호돌이주유소,SK에너지,울산 남구,울산,남구,울산 남구 용잠로 65 (부곡동),0,0,1,052-268-0906
A0029149,광천오일뱅크 엘에스특수㈜지점,HD현대오일뱅크,울산 남구,울산,남구,울산 남구 온산로 845 (두왕동),0,0,1,052-266-2332
A0029150,광신직영(흥부셀프),S-OIL,울산 남구,울산,남구,울산 남구 월평로 152,1,0,1,052-265-6777
A0029151,유명주유소,S-OIL,울산 남구,울산,남구,울산 남구 꽃대나리로 15 (달동),0,0,0,052-265-0015
A0029160,SK달동맥주유소,SK에너지,울산 남구,울산,남구,울산 남구 중앙로 126,1,0,1,052-256-5189
A0029167,창일주유소,S-OIL,울산 울주군,울산,울주군,울산 울주군 청량면 온산로 372,1,0,0,052-258-5188
A0029171,내트럭(주)울산사업소,SK에너지,울산 남구,울산,남구,울산 남구 산업로 100,0,0,1,052-257-8484
A0029175,씨앤에스유통(주) 구도일주유소 온산공단,S-OIL,울산 울주군,울산,울주군,울산 울주군 온산읍 산암로 35,0,0,0,052-238-3311
A0029177,온산셀프주유소,HD현대오일뱅크,울산 울주군,울산,울주군,울산 울주군 온산읍 덕신로 2,1,0,0,052-239-8051
A0029178,울산남구햇살주유소,S-OIL,울산 남구,울산,남구,울산 남구 산업로 138,1,0,0,052-258-5777
A0029181,봉월로주유소,HD현대오일뱅크,울산 남구,울산,남구,울산 남구 봉월로 82,1,0,0,070-4024-3234
A0029182,옹기마을셀프주유소,SK에너지,울산 울주군,울산,울주군,울산 울주군 온양읍 남창로 647,1,0,0,052-239-4046
A0029183,대양석유(주)돌고래주유소,SK에너지,울산 남구,울산,남구,울산 남구 돋질로 363,1,0,1,052-258-5181
A0029184,에이치디오티서비스㈜ 시청앞주유소,HD현대오일뱅크,울산 남구,울산,남구,울산광역시 남구  돋질로 117 (신정3동),1,0,1,052-256-7247
A0029185,㈜일광주유소,GS칼텍스,울산 남구,울산,남구,울산 남구 산업로 93,1,0,0,052-260-6860
A0029186,동신주유소,SK에너지,울산 남구,울산,남구,울산 남구 월평로 201 (삼산동),1,0,1,052-265-3142
A0029188,주식회사 동양주유소,HD현대오일뱅크,울산 울주군,울산,울주군,울산 울주군 남창로 1122,0,0,1,052-260-7333
A0029189,청량IC주유소,S-OIL,울산 울주군,울산,울주군,울산 울주군 청량면 남창로 1301,1,0,0,052-265-9946
A0029192,아림주유소,GS칼텍스,경남 거창군,경남,거창군,경남 거창군 거창읍 거열로4길 92,0,0,0,055-943-4994
A0029193,거창고속IC주유소,GS칼텍스,경남 거창군,경남,거창군,경남 거창군 거창읍 창동로 75,0,0,0,055-945-1195
A0029196,고령IC주유소,S-OIL,경북 고령군,경북,고령군,경북 고령군 쌍림면 대가야로 811,1,0,0,054-956-2585
A0029198,하신주유소(현대),HD현대오일뱅크,경남 합천군,경남,합천군,경남 합천군 쌍책면 쌍쌍로 26,1,0,0,055-933-0503
A0029203,덕유관광주유소,SK에너지,경남 함양군,경남,함양군,경남 함양군 서상면 서상로 269,0,0,0,055-963-0028
A0029205,(유)물레방아주유소,SK에너지,경남 함양군,경남,함양군,경남 함양군 함양읍 한들로 92,0,0,0,055-963-9999
A0029206,청덕주유소,HD현대오일뱅크,경남 합천군,경남,합천군,경남 합천군 청덕면 동부로 1751,0,0,0,055-932-8607
A0029207,휴천(유림)주유소(현대),HD현대오일뱅크,경남 함양군,경남,함양군,경남 함양군 휴천면 천왕봉로 2445,0,0,0,055-963-8977
A0029208,(주)알뜰함양주유소,알뜰주유소,경남 함양군,경남,함양군,경남 함양군 함양읍 함양로 804,1,1,1,055-963-2100
A0029211,농월정주유소,SK에너지,경남 함양군,경남,함양군,경남 함양군 안의면 육십령로 3145,0,0,0,055-962-0707
A0029212,대왕주유소,S-OIL,경남 함양군,경남,함양군,경남 함양군 함양읍 함양로 561,1,0,0,055-963-9377
A0029213,웅양주유소,S-OIL,경남 거창군,경남,거창군,경남 거창군 웅양면 웅양로 1475,0,0,0,055-943-1031
A0029214,새터주유소,HD현대오일뱅크,경남 합천군,경남,합천군,경남 합천군 삼가면 삼가로 139,0,0,0,055-931-6999
A0029215,코끼리주유소(SK),SK에너지,경남 거창군,경남,거창군,경남 거창군 거창읍 밤티재로 1275,1,0,0,055-945-3377
A0029216,위천중앙주유소,SK에너지,경남 거창군,경남,거창군,경남 거창군 위천면 원학길 294,0,0,0,055-943-0018
A0029218,원동주유소,S-OIL,경남 거창군,경남,거창군,경남 거창군 거창읍 주곡로 500,0,0,0,055-942-1855
A0029219,장모님셀프주유소,SK에너지,충남 천안시,충남,천안시,충남 천안시 동남구 서부대로 69,1,0,1,041-573-2277
A0029222,쌍용주유소,S-OIL,경남 합천군,경남,합천군,경남 합천군 율곡면 낙민1길 15,1,0,1,055-932-4999
A0029224,주상주유소,HD현대오일뱅크,경남 거창군,경남,거창군,경남 거창군 주상면 주곡로 634,0,0,0,055-943-0995
A0029229,상동주유소,GS칼텍스,경남 거창군,경남,거창군,경남 거창군 거창읍 거열로 84,1,0,0,055-943-3697
A0029230,묘산주유소,HD현대오일뱅크,경남 합천군,경남,합천군,경남 합천군 묘산면 영서로 1748,0,0,0,055-931-8545
A0029232,관동주유소,S-OIL,경남 산청군,경남,산청군,경남 산청군 생초면 산청대로 2675,1,0,0,055-972-5180
A0029236,경호주유소,GS칼텍스,경남 함양군,경남,함양군,경남 함양군 서하면 육십령로 2005,0,0,0,055-963-0555
A0029238,가북주유소,SK에너지,경남 거창군,경남,거창군,경남 거창군 가북면 용암로 10,0,0,0,055-942-4948
A0029240,본통주유소,GS칼텍스,경남 함양군,경남,함양군,경남 함양군 수동면 거함대로 136-11,1,0,1,055-963-7697
A0029246,화성주유소,HD현대오일뱅크,경남 거창군,경남,거창군,경남 거창군 거창읍 중앙로1길 99,0,0,0,055-945-0813
A0029257,한들주유소,S-OIL,경남 거창군,경남,거창군,경남 거창군 거창읍 거함대로5길 37,1,0,0,055-945-2700
A0029258,국농소주유소,GS칼텍스,경남 거창군,경남,거창군,경남 거창군 거창읍 밤티재로 1326,0,0,0,055-943-8451
A0029262,거창주유소,SK에너지,경남 거창군,경남,거창군,경남 거창군 거창읍 거열로 155,1,0,0,070-7507-2708
A0029266,숭산주유소,SK에너지,경남 합천군,경남,합천군,경남 합천군 가야면 가조가야로 2378-1,0,0,0,055-933-8483
A0029267,덕유산주유소,HD현대오일뱅크,경남 거창군,경남,거창군,경남 거창군 주상면 빼재로 1224,0,0,0,055-942-7143
A0029272,백운주유소,S-OIL,경남 함양군,경남,함양군,경남 함양군 병곡면 함양남서로 1932,0,0,0,055-963-8493
A0029282,개봉주유소,S-OIL,경남 함양군,경남,함양군,경남 함양군 지곡면 함양로 1808,1,0,1,055-962-4521
A0029286,거창대로주유소,SK에너지,경남 거창군,경남,거창군,경남 거창군 거창읍 거열로 198,1,0,0,055-944-8384
A0029290,동산주유소,HD현대오일뱅크,경남 합천군,경남,합천군,경남 합천군 초계면 동부로 1045,1,0,0,055-931-1153
A0029291,대경주유소,S-OIL,경남 합천군,경남,합천군,경남 합천군 대양면 동부로 3,0,0,0,055-933-3300
A0029294,㈜마니에셋 독도사랑주유소21,자가상표,경남 합천군,경남,합천군,경남 합천군 율곡면 동부로 191,0,0,0,0
A0029295,(주)케이엘페트로 포천지점,HD현대오일뱅크,경기 포천시,경기,포천시,경기 포천시 내촌면 금강로 2183,1,0,1,031-535-5189
A0029298,거창소만주유소,HD현대오일뱅크,경남 거창군,경남,거창군,경남 거창군 거창읍 창동로 180,1,0,0,055-945-5151
A0029302,금양주유소,SK에너지,경남 합천군,경남,합천군,경남 합천군 합천읍 대야로 1168,0,0,0,055-931-1533
A0029303,부경주유소,S-OIL,경남 합천군,경남,합천군,경남 합천군 쌍백면 쌍백중앙로 162-10,1,0,0,055-931-0503
A0029304,갑산주유소,GS칼텍스,경남 합천군,경남,합천군,경남 합천군 율곡면 동부로 552,1,0,1,055-931-8783
A0029305,합천성원주유소,GS칼텍스,경남 합천군,경남,합천군,경남 합천군 합천읍 대야로 975,1,0,0,055-934-0100
A0029306,남척주유소(함양),SK에너지,경남 함양군,경남,함양군,경남 함양군 함양읍 고운로 94,0,0,1,055-963-2325
A0029311,마천주유소,SK에너지,경남 함양군,경남,함양군,경남 함양군 마천면 군자길 19,0,0,0,055-962-5072
A0029313,금호주유소,SK에너지,경남 함양군,경남,함양군,경남 함양군 안의면 거함대로 1656,0,0,1,055-962-0033
A0029315,초계주유소,S-OIL,경남 합천군,경남,합천군,경남 합천군 초계면 초계중앙로 92,1,0,1,055-932-8999
A0029316,삼양주유소,S-OIL,경남 합천군,경남,합천군,경남 합천군 대병면 서부로 2030,0,0,0,055-933-7151
A0029317,가야산주유소,GS칼텍스,경남 합천군,경남,합천군,경남 합천군 야로면 가야산로 490,0,0,0,055-931-7661
A0029319,동일주유소,GS칼텍스,경남 합천군,경남,합천군,경남 합천군 묘산면 묘산로 189,1,0,1,055-932-6097
A0029322,대양주유소,S-OIL,경남 합천군,경남,합천군,경남 합천군 대양면 대야로 63,0,0,0,055-931-7458
A0029323,삼가주유소,GS칼텍스,경남 합천군,경남,합천군,경남 합천군 삼가면 삼가로 347,0,0,0,055-932-4526
A0029324,행복한주유소,SK에너지,경남 합천군,경남,합천군,경남 합천군 대양면 대야로 677,0,0,0,055-932-0356
A0029325,우성주유소,GS칼텍스,경남 합천군,경남,합천군,경남 합천군 쌍백면 합천대로 1108,1,0,0,055-931-0605
A0029327,우리영농조합법인 농민주유소,GS칼텍스,경남 거창군,경남,거창군,경남 거창군 마리면 거안로 886,0,0,0,055-943-9997
A0029330,(주)동성현대주유소,HD현대오일뱅크,경남 합천군,경남,합천군,경남 합천군 대양면 대야로 748,0,0,0,055-934-0091
A0029331,(주)서부주유소,SK에너지,경남 함양군,경남,함양군,경남 함양군 함양읍 함양로 1038,0,0,0,055-964-2348
A0029332,호남주유소,SK에너지,경남 함양군,경남,함양군,경남 함양군 함양읍 함양로 1175,0,0,0,055-963-1188
A0029334,수승대농협주유소,NH-OIL,경남 거창군,경남,거창군,경남 거창군 마리면 빼재로 19,0,1,1,055-942-5151
A0029335,동거창농협,NH-OIL,경남 거창군,경남,거창군,경남 거창군 가조면 가조가야로 1051,0,1,1,055-943-1040
A0029337,남거창농협주유소,NH-OIL,경남 거창군,경남,거창군,경남 거창군 남상면 수남로 1841,0,0,1,055-944-0040
A0029342,함양농협 유림주유소,NH-OIL,경남 함양군,경남,함양군,경남 함양군 유림면 화촌장항로 5,0,0,1,055-963-7997
A0029343,지곡농협주유소,NH-OIL,경남 함양군,경남,함양군,경남 함양군 지곡면 지곡창촌길 14,0,0,1,055-964-6400
A0029344,해인사농협주유소,NH-OIL,경남 합천군,경남,합천군,경남 합천군 가야면 가야시장로 27,1,0,1,055-931-5133
A0029347,북부농협 하성지소,NH-OIL,경남 거창군,경남,거창군,경남 거창군 웅양면 웅양로 2313,0,0,1,055-944-9901
A0029348,합천동부농협주유소,NH-OIL,경남 합천군,경남,합천군,경남 합천군 초계면 동부로 1155,0,0,1,055-932-1485
A0029355,합천새남부농협 쌍백지점주유소,NH-OIL,경남 합천군,경남,합천군,경남 합천군 쌍백면 청정로 3,0,0,1,055-930-2530
A0029356,합천새남부농협가회지점,NH-OIL,경남 합천군,경남,합천군,경남 합천군 가회면 황매산로 34,0,0,1,055-930-2511
A0029357,지리산새마을금고주유소,GS칼텍스,경남 함양군,경남,함양군,경남 함양군 함양읍 고운로 104,1,0,1,055-963-5260
A0029358,안의농협주유소,NH-OIL,경남 함양군,경남,함양군,경남 함양군 안의면 광풍로 82-6,0,0,1,055-964-0691
A0029359,거창농협주유소,NH-OIL,경남 거창군,경남,거창군,경남 거창군 거창읍 거함대로 3179,0,1,1,055-944-5104
A0029360,합천농협주유소,NH-OIL,경남 합천군,경남,합천군,경남 합천군 합천읍 대야로 904,0,1,1,055-933-8600
A0029361,거창사과원예농협주유소,NH-OIL,경남 거창군,경남,거창군,경남 거창군 거창읍 수남로 2245,1,1,1,055-945-5150
A0029362,해인사농협야로주유소,NH-OIL,경남 합천군,경남,합천군,경남 합천군 야로면 가야산로 680,1,0,1,055-931-5151
A0029363,합천호농협주유소,NH-OIL,경남 합천군,경남,합천군,경남 합천군 용주면 고품용덕길 6,0,0,1,055-933-5151
A0029368,시카프관광개발(주) 함양(통영)주유소,알뜰(ex),경남 함양군,경남,함양군,경남 함양군 지곡면 효산길 23-31,1,1,1,055-963-8762
A0029369,대한민국재향군인회 거창(대구)주유소,알뜰(ex),경남 거창군,경남,거창군,경남 거창군 가조면 가조가야로 1523,1,1,1,055-941-0863
A0029370,대한민국재향군인회 거창(광주)주유소/충전소,알뜰(ex),경남 거창군,경남,거창군,경남 거창군 가조면 가조가야로 1543-81,1,1,1,055-941-0863
A0029383,해동(통영),S-OIL,경남 통영시,경남,통영시,경남 통영시 중앙로 304,1,0,0,055-642-0004
A0029395,㈜용남에너지 용남주유소,HD현대오일뱅크,경남 통영시,경남,통영시,경남 통영시 용남면 남해안대로 332,0,0,0,055-648-8251
A0029396,사하주유소,S-OIL,부산 사하구,부산,사하구,부산 사하구 을숙도대로 583,1,0,0,051-293-5182
A0029399,양운개발 하이웨이주유소,S-OIL,경남 창원시,경남,창원시,경남 창원시 마산회원구 팔용로 287,1,0,0,055-297-5100
A0029401,지세포주유소,S-OIL,경남 거제시,경남,거제시,경남 거제시 일운면 거제대로 2509,1,0,0,055-682-5112
A0029402,호반주유소,SK에너지,경남 통영시,경남,통영시,경남 통영시 광도면 남해안대로 1309,1,0,0,055-641-6504
A0029404,거제주유소,SK에너지,경남 거제시,경남,거제시,경남 거제시 거제면 읍내로 75,0,0,0,055-633-2660
A0029413,새거제주유소,HD현대오일뱅크,경남 거제시,경남,거제시,경남 거제시 거제대로 5054,1,0,0,055-636-8541
A0029415,거류주유소,GS칼텍스,경남 고성군,경남,고성군,경남 고성군 거류면 동해로 690,0,0,0,055-672-2122
A0029416,대교주유소,GS칼텍스,경남 통영시,경남,통영시,경남 통영시 용남면 남해안대로 47,0,0,1,055-645-4354
A0029418,대진주유소,S-OIL,경남 고성군,경남,고성군,경남 고성군 상리면 상정대로 1782,1,0,0,055-672-8393
A0029422,지남주유소,GS칼텍스,경남 고성군,경남,고성군,경남 고성군 고성읍 남해안대로 2980,1,0,1,055-673-4306
A0029425,금강석유㈜ 삼락주유소,HD현대오일뱅크,경남 고성군,경남,고성군,경남 고성군 마암면 남해안대로 3388,1,0,0,055-673-3969
A0029433,통영축산농협주유소,NH-OIL,경남 통영시,경남,통영시,경남 통영시 용남면 남해안대로 246,1,1,1,055-642-5565
A0029437,옥수주유소,SK에너지,경남 고성군,경남,고성군,경남 고성군 회화면 남해안대로 4061,1,0,0,055-673-4477
A0029439,팔복주유소,SK에너지,경남 통영시,경남,통영시,경남 통영시 광도면 안정로 898,1,0,0,055-642-5161
A0029442,삼산주유소,GS칼텍스,경남 고성군,경남,고성군,경남 고성군 삼산면 공룡로 1557,0,0,0,055-673-7444
A0029445,인성주유소,S-OIL,경남 고성군,경남,고성군,경남 고성군 고성읍 송학고분로 275,1,0,0,055-674-6901
A0029447,대금산주유소,S-OIL,경남 거제시,경남,거제시,경남 거제시 연초면 거제북로 128,0,0,0,055-635-9553
A0029449,㈜마니에셋 독도사랑주유소26,자가상표,경남 거제시,경남,거제시,경남 거제시 장평3로 21 (장평동),0,0,0,0
A0029452,상동주유소,S-OIL,경남 거제시,경남,거제시,경남 거제시 거제중앙로 1725,1,0,1,055-636-8184
A0029453,적석산주유소,GS칼텍스,경남 창원시,경남,창원시,경남 창원시 마산합포구 진전면 남해안대로 4472,1,0,0,055-272-2221
A0029455,청룡셀프주유소,HD현대오일뱅크,충남 천안시,충남,천안시,충남 천안시 동남구 대흥로 22,1,0,0,0
A0029475,금강석유㈜ 푸른주유소,HD현대오일뱅크,경남 고성군,경남,고성군,경남 고성군 마암면 남해안대로 3471,1,0,0,055-673-7600
A0029482,케이티엑스주유소,SK에너지,경남 창원시,경남,창원시,경남 창원시 의창구 의창대로 51-3 (소계동),1,0,0,055-265-8300
A0029483,극동유화㈜두바이2주유소,S-OIL,경남 창원시,경남,창원시,경남 창원시 마산합포구 3.15대로 172 (중앙동2가),1,0,1,055-242-0976
A0029484,바다애 주유소,SK에너지,경남 거제시,경남,거제시,경남 거제시 일운면 거제대로 2802,0,0,0,055-681-5145
A0029485,오일플러스,SK에너지,경남 거제시,경남,거제시,경남 거제시 사등면 거제대로 5308,0,0,0,055-634-3600
A0029486,오성IC주유소,HD현대오일뱅크,경기 평택시,경기,평택시,경기 평택시 오성면 서동대로 2296,0,0,0,031-682-2281
A0029490,보성주유소,HD현대오일뱅크,경남 거제시,경남,거제시,경남 거제시 연초면 연하해안로 490,0,0,0,055-632-6969
A0029491,남부주유소,SK에너지,경남 고성군,경남,고성군,경남 고성군 고성읍 남해안대로 2719-26,0,0,0,055-674-4003
A0029495,봉현주유소,알뜰주유소,경남 고성군,경남,고성군,경남 고성군 하이면 삼상로 578,1,0,0,055-835-8585
A0029497,신월주유소,SK에너지,경남 고성군,경남,고성군,경남 고성군 고성읍 남해안대로 2463-7,0,0,0,055-673-5117
A0029502,제2장진주유소,S-OIL,경남 거제시,경남,거제시,경남 거제시 사등면 거제남서로 5252,0,0,0,055-635-7490
A0029511,챔피온주유소,GS칼텍스,경남 통영시,경남,통영시,경남 통영시 통영해안로 469,1,0,0,055-644-8285
A0029524,세인주유소,S-OIL,경남 통영시,경남,통영시,경남 통영시 통영해안로 532,1,0,0,055-646-0036
A0029525,부포주유소,HD현대오일뱅크,경남 고성군,경남,고성군,경남 고성군 상리면 상정대로 1005,0,0,0,055-674-4252
A0029530,계룡산주유소,S-OIL,경남 거제시,경남,거제시,경남 거제시 거제중앙로 1535 (문동동),0,0,0,055-638-5170
A0029531,부광주유소,HD현대오일뱅크,경남 통영시,경남,통영시,경남 통영시 용남면 남해안대로 369,0,0,0,055-646-1160
A0029536,동고성농협주유소,NH-OIL,경남 고성군,경남,고성군,경남 고성군 회화면 남해안대로 3768,1,0,1,055-673-2150
A0029537,오비주유소,GS칼텍스,경남 거제시,경남,거제시,경남 거제시 연초면 연하해안로 443,0,0,0,055-633-5175
A0029540,동해주유소,S-OIL,경남 고성군,경남,고성군,경남 고성군 동해면 동해로 961,0,0,1,055-673-4090
A0029542,대영주유소,SK에너지,경남 통영시,경남,통영시,경남 통영시 여황로 128 (도천동),1,0,0,055-990-5522
A0029547,㈜마니에셋 독도사랑주유소23,자가상표,경남 고성군,경남,고성군,경남 고성군 고성읍 남해안대로 2891,0,0,0,0
A0029552,참편한주유소,HD현대오일뱅크,경남 통영시,경남,통영시,경남 통영시 도산면 남해안대로 1442,1,0,0,055-646-0526
A0029556,텍사스주유소,S-OIL,경남 고성군,경남,고성군,경남 고성군 상리면 상정대로 1313,1,0,1,055-673-0533
A0029561,사등주유소,GS칼텍스,경남 거제시,경남,거제시,경남 거제시 사등면 거제대로 5486,1,0,1,055-632-3251
A0029563,제이엠 외동self주유소,S-OIL,경북 경주시,경북,경주시,경북 경주시 외동읍 산업로 2604,1,0,0,070-4006-0970
A0029564,장승포주유소,SK에너지,경남 거제시,경남,거제시,경남 거제시 일운면 거제대로 2528,1,0,0,055-682-5241
A0029565,학섬(법송)주유소,S-OIL,경남 통영시,경남,통영시,경남 통영시 도산면 남해안대로 1865,1,0,0,055-646-0047
A0029566,통영관광주유소,SK에너지,경남 통영시,경남,통영시,경남 통영시 용남면 남해안대로 325,0,0,0,055-646-6967
A0029567,아리랑주유소,HD현대오일뱅크,경남 거제시,경남,거제시,경남 거제시 연초면 거제대로 3916,0,0,0,055-637-8571
A0029568,해양셀프주유소,GS칼텍스,경남 통영시,경남,통영시,경남 통영시 용남면 남해안대로 48,1,0,1,055-648-5186
A0029571,오엘르주유소,S-OIL,경남 거제시,경남,거제시,경남 거제시 사등면 거제대로 5770,1,0,0,055-635-5189
A0029572,도남관광주유소,GS칼텍스,경남 통영시,경남,통영시,경남 통영시 도남로 78,1,0,1,055-643-2351
A0029573,미수주유소,SK에너지,경남 통영시,경남,통영시,경남 통영시 미수로 73,0,0,0,055-644-2333
A0029574,우리주유소,GS칼텍스,경남 거제시,경남,거제시,경남 거제시 연초면 거제북로 168,1,0,0,055-635-9393
A0029575,백산주유소,GS칼텍스,경남 통영시,경남,통영시,경남 통영시 용남면 견내량로 29,1,0,1,055-645-5149
A0029578,태양주유소,HD현대오일뱅크,경남 창원시,경남,창원시,경남 창원시 마산합포구 진동면 삼진의거대로 768,1,0,0,055-271-6600
A0029580,산양주유소,GS칼텍스,경남 통영시,경남,통영시,경남 통영시 산양읍 산양일주로 1692,1,0,0,055-641-7033
A0029581,해성주유소,S-OIL,경남 통영시,경남,통영시,경남 통영시 욕지면 욕지일주로 105,1,0,0,055-641-5555
A0029582,새시민주유소,SK에너지,경남 거제시,경남,거제시,경남 거제시 사등면 거제대로 5948,1,0,0,055-632-5154
A0029584,장진주유소,HD현대오일뱅크,경남 거제시,경남,거제시,경남 거제시 거제대로 4933,0,0,0,055-636-5119
A0029586,신진주유소,GS칼텍스,경남 거제시,경남,거제시,경남 거제시 고현로 154(고현동),0,0,1,055-635-5151
A0029588,송정주유소,SK에너지,경남 거제시,경남,거제시,경남 거제시 연초면 거제대로 4076,0,0,0,055-636-2508
A0029590,동부주유소,GS칼텍스,경남 거제시,경남,거제시,경남 거제시 동부면 거제남서로 3095,0,0,0,055-633-6674
A0029591,하청주유소,GS칼텍스,경남 거제시,경남,거제시,경남 거제시 하청면 연하해안로 1724,1,0,0,055-636-0014
A0029592,해금강주유소,SK에너지,경남 거제시,경남,거제시,경남 거제시 동부면 거제중앙로 659,0,0,0,055-634-5511
A0029594,새마당주유소 (주)지오에너지,알뜰주유소,부산 사하구,부산,사하구,부산 사하구 장평로 152 (장림동),1,0,0,051-791-2632
A0029595,영은주유소,GS칼텍스,경남 고성군,경남,고성군,경남 고성군 고성읍 동외로 117,0,0,0,055-674-4141
A0029596,율대주유소,SK에너지,경남 고성군,경남,고성군,경남 고성군 고성읍 남해안대로 2518,1,0,0,055-674-6787
A0029599,쌍발주유소,SK에너지,경남 고성군,경남,고성군,경남 고성군 하이면 공룡로 378,1,0,0,055-835-8884
A0029600,동남주유소,S-OIL,경남 거제시,경남,거제시,경남 거제시 동부면 거제남서로 3061,1,0,0,055-633-2626
A0029601,경인주유소,HD현대오일뱅크,경남 거제시,경남,거제시,경남 거제시 장승로 37 (장승포동),0,0,0,055-682-2277
A0029604,천오용주유소,HD현대오일뱅크,경남 거제시,경남,거제시,경남 거제시 거제면 거제남서로 3976,0,0,0,055-632-6293
A0029607,(주)한길,SK에너지,경남 거제시,경남,거제시,경남 거제시 거제대로 3714 (옥포동),1,0,1,055-687-3355
A0029609,통영종합버스터미널 직영주유소,SK에너지,경남 통영시,경남,통영시,경남 통영시 광도면 죽림4로 24,0,0,0,070-4366-3842
A0029612,대동주유소,GS칼텍스,경남 거제시,경남,거제시,경남 거제시 두모길 3-14,0,0,0,055-682-2792
A0029617,에이비비(ABB)조은주유소,HD현대오일뱅크,경남 거제시,경남,거제시,경남 거제시 사등면 거제대로 5989,1,0,0,055-632-2442
A0029624,한내주유소,SK에너지,경남 거제시,경남,거제시,경남 거제시 연초면 연하해안로 707,0,0,0,055-632-8401
A0029627,경인산업(주)거가대교주유소,SK에너지,경남 거제시,경남,거제시,경남 거제시 장목면 거제북로 2859,1,0,0,055-635-6882
A0029630,풍경주유소 ㈜풍경에너지,GS칼텍스,경남 통영시,경남,통영시,경남 통영시 도산면 남해안대로 2152,1,0,0,055-648-5181
A0029632,㈜통제영주유소,알뜰주유소,경남 통영시,경남,통영시,경남 통영시 여황로 290,1,0,1,055-643-8965
A0029634,터미널주유소,알뜰주유소,경남 고성군,경남,고성군,경남 고성군 고성읍 송학고분로 349,1,0,1,055-673-7900
A0029636,신나폴리(주) 주유소,GS칼텍스,경남 통영시,경남,통영시,경남 통영시 여황로 78 (당동),1,0,0,055-648-2511
A0029637,(주)옥창주유소,S-OIL,경남 거제시,경남,거제시,경남 거제시 옥포성안로 86 (옥포동),0,0,0,055-687-3379
A0029643,둔덕농협주유소,NH-OIL,경남 거제시,경남,거제시,경남 거제시 둔덕면 거제남서로 4576-6,0,1,1,055-634-5189
A0029646,고성동부농협주유소,NH-OIL,경남 고성군,경남,고성군,경남 고성군 동해면 봉암3길 3 동부농협주유소,1,0,1,055-672-5155
A0029647,장승포농협주유소,NH-OIL,경남 거제시,경남,거제시,경남 거제시 거제대로 3513,1,1,1,055-682-1570
A0029648,고성농협주유소,NH-OIL,경남 고성군,경남,고성군,경남 고성군 고성읍 송학로 110,1,0,1,055-673-4486
A0029649,풍해주유소,GS칼텍스,경남 통영시,경남,통영시,경남 통영시 도산면 남해안대로 2119,1,0,0,055-648-5182
A0029651,HD현대오일뱅크㈜직영 통영주유소,HD현대오일뱅크,경남 통영시,경남,통영시,경남 통영시 안개로 22 (무전동),0,0,1,055-643-4861
A0029655,금영오일(주)고현셀프주유소,HD현대오일뱅크,경남 거제시,경남,거제시,경남 거제시 고현로 177 (고현동),1,0,1,055-636-3355
A0029661,광신석유(주)직영 고성주유소,SK에너지,경남 고성군,경남,고성군,경남 고성군 마암면 곤기길 204,1,0,0,055-673-5174
A0029663,㈜천일에너지 천일주유소,HD현대오일뱅크,경남 거제시,경남,거제시,경남 거제시 거제대로 3417 (아주동),1,0,0,055-681-5141
A0029665,안국산업㈜고성공룡나라(통영)주유소,알뜰(ex),경남 고성군,경남,고성군,경남 고성군 대가면 통영대전고속도로 29,1,1,1,055-674-2062
A0029666,안국산업㈜고성공룡나라(대전)주유소,알뜰(ex),경남 고성군,경남,고성군,경남 고성군 대가면 통영대전고속도로 32,1,1,1,055-674-8062
A0029669,은마석유(주)거제대로주유소,GS칼텍스,경남 거제시,경남,거제시,경남 거제시 거제대로 3855-14,1,0,1,055-687-3378
A0029672,대양산업(주)대양거제주유소,GS칼텍스,경남 거제시,경남,거제시,경남 거제시 장목면 거가대로 1068,1,0,1,055-736-2201
A0029674,덕포주유소,GS칼텍스,경남 거제시,경남,거제시,경남 거제시 옥포대첩로 338,1,0,1,055-688-0147
A0029680,금강석유(주) 천일주유소,HD현대오일뱅크,경남 통영시,경남,통영시,경남 통영시 통영해안로 559 (무전동),1,0,0,055-649-0041
A0029682,대교주유소(진주),S-OIL,경남 진주시,경남,진주시,경남 진주시 대신로 113 (상평동),1,0,0,055-757-3800
A0029683,덕천강주유소(SK),SK에너지,경남 산청군,경남,산청군,경남 산청군 단성면 옥단로 1871,1,0,0,055-973-4222
A0029685,옥산주유소,GS칼텍스,경남 진주시,경남,진주시,경남 진주시 남강로 935,1,0,1,055-761-7990
A0029692,만남주유소,HD현대오일뱅크,경남 의령군,경남,의령군,경남 의령군 대의면 합천대로 228,0,0,0,055-573-5182
A0029698,석풍주유소,알뜰주유소,경남 산청군,경남,산청군,경남 산청군 신안면 산청대로 1169,1,0,0,055-973-8991
A0029699,삼일주유소,HD현대오일뱅크,경남 진주시,경남,진주시,경남 진주시 진성면 동부로 1574,0,0,0,055-758-4202
A0029700,한아름주유소,S-OIL,경남 진주시,경남,진주시,경남 진주시 금곡면 월아산로 413,1,0,0,055-758-9055
A0029707,한마음(진주)주유소,S-OIL,경남 진주시,경남,진주시,경남 진주시 미천면 진산로 1841,0,0,0,055-744-1188
A0029711,천왕봉주유소,S-OIL,경남 산청군,경남,산청군,경남 산청군 시천면 지리산대로 1270,1,0,1,055-973-6262
A0029717,부자주유소,HD현대오일뱅크,경남 진주시,경남,진주시,경남 진주시 망경로 223,1,0,0,055-753-4803
A0029718,(주)가온에너지 자이언츠주유소,HD현대오일뱅크,경남 김해시,경남,김해시,경남 김해시 칠산로 213 (이동),1,0,0,055-327-5104
A0029719,모다주유소,GS칼텍스,경남 진주시,경남,진주시,경남 진주시 정촌면 진주대로 257,1,0,1,055-763-5199
A0029721,하남주유소,SK에너지,경남 사천시,경남,사천시,경남 사천시 삼상로 279,1,0,0,055-835-5151
A0029725,남강셀프주유소,HD현대오일뱅크,경남 김해시,경남,김해시,경남 김해시 삼안로52번길 28,1,0,1,055-904-1119
A0029726,아남주유소,GS칼텍스,경남 사천시,경남,사천시,경남 사천시 삼천포대교로 736,1,0,0,055-833-8582
A0029727,금남주유소(현대),HD현대오일뱅크,경남 하동군,경남,하동군,경남 하동군 금남면 섬진강대로 669,0,0,0,055-883-7777
A0029734,푸른주유소,GS칼텍스,경남 사천시,경남,사천시,경남 사천시 사남면 진삼로 1188,1,0,0,055-854-3366
A0029736,새길주유소,GS칼텍스,경남 진주시,경남,진주시,경남 진주시 사봉면 진마대로 1754,0,0,0,055-754-6711
A0029739,새남해농협 고현주유소,NH-OIL,경남 남해군,경남,남해군,경남 남해군 고현면 남해대로 3294,0,0,1,055-863-2266
A0029740,삼광주유소,SK에너지,경남 사천시,경남,사천시,경남 사천시 서포면 서포로 214,0,0,0,055-855-1235
A0029742,다정주유소,GS칼텍스,경남 남해군,경남,남해군,경남 남해군 이동면 남해대로 2389,0,0,0,055-864-2022
A0029745,대양주유소,GS칼텍스,경남 진주시,경남,진주시,경남 진주시 망경로 272 (망경동),0,0,0,055-756-1588
A0029746,정암산업(주) 진주동부지점,HD현대오일뱅크,경남 진주시,경남,진주시,경남 진주시 진성면 동부로 1354,0,0,0,055-759-5151
A0029748,수정주유소,HD현대오일뱅크,경남 진주시,경남,진주시,경남 진주시 장대로 64,0,0,1,055-748-8188
A0029752,우진주유소,GS칼텍스,경남 진주시,경남,진주시,경남 진주시 지수면 용봉로 150,0,0,0,055-759-8940
A0029753,평사리주유소,HD현대오일뱅크,경남 하동군,경남,하동군,경남 하동군 악양면 섬진강대로 3428,1,0,0,055-884-1144
A0029758,한결(산청),S-OIL,경남 산청군,경남,산청군,경남 산청군 산청읍 친환경로2665번길 19-14,1,0,0,055-000-0000
A0029762,옥천주유소,SK에너지,경남 고성군,경남,고성군,경남 고성군 개천면 옥천로 1228,0,0,0,055-673-0215
A0029763,고속주유소,S-OIL,경남 산청군,경남,산청군,경남 산청군 금서면 친환경로 2582,1,0,1,055-973-5162
A0029773,경남주유소,HD현대오일뱅크,경남 산청군,경남,산청군,경남 산청군 산청읍 꽃봉산로 166,0,0,0,055-973-5144
A0029780,반성주유소,SK에너지,경남 진주시,경남,진주시,경남 진주시 이반성면 진마대로2498번길 2-91,0,0,0,055-758-8817
A0029787,홍정왕주유소,SK에너지,경남 진주시,경남,진주시,경남 진주시 금곡면 월아산로 620,0,0,0,055-758-4566
A0029795,천일주유소,SK에너지,경남 사천시,경남,사천시,경남 사천시 주공로 110 (용강동),0,0,0,055-833-1407
A0029796,(주)경남석유 신경남제2주유소,S-OIL,경남 진주시,경남,진주시,경남 진주시 진주대로 1429 (이현동),1,0,0,055-746-2990
A0029800,금성주유소,GS칼텍스,경남 진주시,경남,진주시,경남 진주시 월아산로 2049 (초전동),1,0,0,055-754-5103
A0029803,연암주유소,GS칼텍스,경남 진주시,경남,진주시,경남 진주시 진주대로 646,1,0,1,055-753-3341
A0029809,우리주유소,SK에너지,경남 남해군,경남,남해군,경남 남해군 이동면 무림로 9,0,0,0,055-863-0090
A0029812,판문현대주유소,HD현대오일뱅크,경남 진주시,경남,진주시,경남 진주시 진양호로 21,1,0,1,055-745-8851
A0029814,하동나들목주유소,HD현대오일뱅크,경남 하동군,경남,하동군,경남 하동군 금남면 섬진강대로 929,0,0,0,055-883-8282
A0029816,강남주유소,알뜰주유소,경남 진주시,경남,진주시,경남 진주시 진주대로 907 (강남동),0,0,0,055-746-4347
A0029817,(주)가호주유소,HD현대오일뱅크,경남 진주시,경남,진주시,경남 진주시 가호로 64 (호탄동),1,0,1,055-762-1015
A0029821,차탄셀프주유소,SK에너지,경남 산청군,경남,산청군,경남 산청군 산청읍 산청대로 2083,1,0,1,055-974-8000
A0029823,인산주유소,HD현대오일뱅크,경남 사천시,경남,사천시,경남 사천시 사천읍 사천대로 1851,1,0,0,055-852-5189
A0029829,나들목주유소,S-OIL,경남 진주시,경남,진주시,경남 진주시 문산읍 월아산로 1195,0,0,0,055-761-7797
A0029830,(주)케이씨직영사천공항주유소,SK에너지,경남 사천시,경남,사천시,경남 사천시 사천읍 사천대로 1997,1,0,1,055-853-4200
A0029838,동진주유소,SK에너지,경남 진주시,경남,진주시,경남 진주시 대신로 121,1,0,0,055-752-1133
A0029847,금성주유소,HD현대오일뱅크,경남 하동군,경남,하동군,경남 하동군 금성면 산업로 766,0,0,0,055-882-0805
A0029848,사봉현대주유소,HD현대오일뱅크,경남 진주시,경남,진주시,경남 진주시 사봉면 진마대로 1819,0,0,0,055-759-7711
A0029850,만두주유소,HD현대오일뱅크,경남 산청군,경남,산청군,경남 산청군 신안면 지리산대로 3683,0,0,1,055-973-6700
A0029851,돌다리주유소,GS칼텍스,경남 하동군,경남,하동군,경남 하동군 적량면 공설운동장로 240,0,0,0,055-884-0051
A0029855,성일주유소,HD현대오일뱅크,경남 사천시,경남,사천시,경남 사천시 축동면 서삼로 1468,1,0,0,055-855-6612
A0029857,삼천포주유소,GS칼텍스,경남 사천시,경남,사천시,경남 사천시 삼천포대교로 484,1,0,1,055-835-0707
A0029860,금산주유소,알뜰주유소,경남 남해군,경남,남해군,경남 남해군 이동면 남해대로 1974 (이동면),0,0,0,055-862-5400
A0029863,극동주유소,SK에너지,경남 진주시,경남,진주시,경남 진주시 대신로 461,1,0,0,055-763-2351
A0029864,대영주유소,SK에너지,경남 남해군,경남,남해군,경남 남해군 남해읍 남해대로 2662,0,0,0,055-863-0844
A0029867,삼거리주유소,HD현대오일뱅크,경남 산청군,경남,산청군,경남 산청군 생비량면 지리산대로 4761,0,0,0,055-973-9989
A0029871,동방주유소,SK에너지,경남 진주시,경남,진주시,경남 진주시 남강로 1233 (상평동),0,0,0,055-757-7750
A0029877,경서대로주유소,SK에너지,경남 사천시,경남,사천시,경남 사천시 곤명면 경서대로 3643,1,0,1,055-855-5005
A0029880,양보주유소,HD현대오일뱅크,경남 하동군,경남,하동군,경남 하동군 양보면 경서대로 1466,0,0,0,055-882-5149
A0029884,국가대표주유소,S-OIL,전남광주 광산구,전남광주,광산구,전남광주 광산구 영광로 3497,1,0,1,062-943-3663
A0029886,천마주유소,GS칼텍스,경남 진주시,경남,진주시,경남 진주시 진주대로 1424 (이현동),1,0,0,055-745-4848
A0029888,㈜경남석유 남해주유소,S-OIL,경남 남해군,경남,남해군,경남 남해군 남해읍 남해대로 2618,1,0,0,055-864-1415
A0029899,창성주유소,S-OIL,경남 하동군,경남,하동군,경남 하동군 금남면 산업로 938,1,0,0,0
A0029908,세계주유소,알뜰주유소,경남 진주시,경남,진주시,경남 진주시 진산로 163 (장재동),1,0,1,055-763-1303
A0029909,목화주유소,SK에너지,경남 남해군,경남,남해군,경남 남해군 창선면 동부대로 2684,0,0,0,055-867-8200
A0029914,봉곡주유소,GS칼텍스,경남 진주시,경남,진주시,경남 진주시 진주대로 1150 (봉곡동),0,0,0,055-747-8001
A0029916,송정주유소,S-OIL,경남 남해군,경남,남해군,경남 남해군 미조면 남해대로 214,0,0,0,055-867-3333
A0029920,경호주유소,자가상표,경남 산청군,경남,산청군,경남 산청군 산청읍 자신길 12,0,0,0,055-973-9926
A0029933,도동주유소,SK에너지,경남 진주시,경남,진주시,경남 진주시 대신로 374,1,0,1,055-752-1730
A0029934,축동주유소,SK에너지,경남 사천시,경남,사천시,경남 사천시 축동면 서삼로 1242,0,0,0,055-854-1951
A0029936,남척주유소(직영),SK에너지,경남 진주시,경남,진주시,경남 진주시 진주대로 837 (주약동),1,0,1,055-752-1768
A0029941,명신주유소,HD현대오일뱅크,경남 진주시,경남,진주시,경남 진주시 명석면 판문로 505,0,0,0,055-742-2262
A0029945,삼동주유소,S-OIL,경남 남해군,경남,남해군,경남 남해군 삼동면 삼이로 344,1,0,0,055-867-8111
A0029948,천수교주유소,HD현대오일뱅크,경남 진주시,경남,진주시,경남 진주시 천수로 238 (망경동),1,0,0,055-755-9190
A0029950,새한주유소,HD현대오일뱅크,경남 진주시,경남,진주시,경남 진주시 남강로 861,0,0,0,055-758-5333
A0029954,용마주유소,SK에너지,경남 진주시,경남,진주시,경남 진주시 신안로 10 (신안동),1,0,0,055-743-6051
A0029955,진달래주유소,HD현대오일뱅크,경남 산청군,경남,산청군,경남 산청군 신안면 산청대로 839,1,0,0,055-973-4747
A0029956,고속주유소,SK에너지,경남 사천시,경남,사천시,경남 사천시 서포면 서포로 746,1,0,0,055-853-5454
A0029959,㈜이손에너지 하동명품주유소,HD현대오일뱅크,경남 하동군,경남,하동군,경남 하동군 금성면 산업로 498,1,0,0,070-7758-9151
A0029960,만남주유소,HD현대오일뱅크,경남 산청군,경남,산청군,경남 산청군 산청읍 산청대로 2142,1,0,0,055-974-0772
A0029961,합동주유소,SK에너지,경남 사천시,경남,사천시,경남 사천시 삼상로 8,0,0,0,055-832-7799
A0029964,하동주유소,HD현대오일뱅크,경남 하동군,경남,하동군,경남 하동군 하동읍 섬진강대로 2128,0,0,0,055-883-5145
A0029967,남북주유소,S-OIL,경남 산청군,경남,산청군,경남 산청군 시천면 지리산대로 3825,1,0,0,055-973-5189
A0029974,명석주유소,HD현대오일뱅크,경남 진주시,경남,진주시,경남 진주시 나불로 150 (유곡동),1,0,0,055-743-6611
A0029975,사우디주유소,SK에너지,경남 진주시,경남,진주시,경남 진주시 천수로 122 (주약동),1,0,0,055-756-5145
A0029980,사천신흥주유소,HD현대오일뱅크,경남 사천시,경남,사천시,경남 사천시 용현면 진삼로 585,1,0,0,055-835-5189
A0029981,향촌주유소,S-OIL,경남 사천시,경남,사천시,경남 사천시 남일로 161 (향촌동),0,0,0,055-834-5155
A0029983,유천주유소,HD현대오일뱅크,경남 진주시,경남,진주시,경남 진주시 말티고개로 77,1,0,0,055-757-5143
A0029990,섬진강주유소,S-OIL,경남 하동군,경남,하동군,경남 하동군 화개면 섬진강대로 3911,1,0,0,055-882-1901
A0029996,웅석주유소,GS칼텍스,경남 산청군,경남,산청군,경남 산청군 산청읍 산청대로 1812,0,0,0,055-973-5166
A0030021,생초IC주유소,알뜰주유소,경남 산청군,경남,산청군,경남 산청군 생초면 경호로 553-3,1,0,0,055-973-0089
A0030022,믿음가득주유소,S-OIL,전남광주 순천시,전남광주,순천시,전남광주통합특별시 순천시 별량면 녹색로 563,1,0,0,061-742-6451
A0030024,새진주주유소,SK에너지,경남 진주시,경남,진주시,경남 진주시 진양호로 596,1,0,0,055-746-7603
A0030027,알프스주유소,GS칼텍스,경남 하동군,경남,하동군,경남 하동군 금남면 산업로 915,1,0,1,055-883-0990
A0030030,덕오주유소,HD현대오일뱅크,경남 진주시,경남,진주시,경남 진주시 집현면 남강로 2019,1,0,1,055-772-5885
A0030034,문산주유소,SK에너지,경남 진주시,경남,진주시,경남 진주시 문산읍 월아산로 1038,1,0,0,055-761-7331
A0030035,나인투㈜사천용현지점,자가상표,경남 사천시,경남,사천시,경남 사천시 용현면 사천대로 938,1,0,1,055-835-5150
A0030038,곤명주유소,S-OIL,경남 사천시,경남,사천시,경남 사천시 곤명면 경서대로 3630,0,0,0,055-852-2664
A0030039,초장주유소,S-OIL,경남 진주시,경남,진주시,경상남도 진주시 월아산로 2076,1,0,0,055-762-5182
A0030041,주식회사 경남에너지판매 목화주유소,SK에너지,경남 사천시,경남,사천시,경남 사천시 용현면 사천대로 916,1,0,1,055-834-1168
A0030043,서남해주유소,HD현대오일뱅크,경남 남해군,경남,남해군,경남 남해군 남해읍 남해대로 2905,0,0,0,055-862-0051
A0030045,진주대로 주유소,SK에너지,경남 진주시,경남,진주시,경상남도 진주시 진주대로 917 (강남동),1,0,1,055-752-2947
A0030047,용머리주유소,HD현대오일뱅크,경남 사천시,경남,사천시,경남 사천시 사천대로 1121,1,0,0,055-833-5189
A0030050,서진주유소,GS칼텍스,경남 남해군,경남,남해군,경남 남해군 남해읍 남해대로 2990,0,0,0,055-862-0001
A0030052,큰들주유소,S-OIL,경남 진주시,경남,진주시,경남 진주시 남강로 1111,1,0,0,055-761-7551
A0030053,장산주유소,SK에너지,경남 사천시,경남,사천시,경남 사천시 동문로 98,0,0,0,070-8994-0350
A0030056,섬진강포구 주유소,SK에너지,경남 하동군,경남,하동군,경남 하동군 적량면경서대로 628,1,0,1,055-884-0934
A0030057,금호주유소,알뜰주유소,경남 진주시,경남,진주시,경남 진주시 명석면 진주대로 1964,0,0,1,055-744-3535
A0030058,황금주유소,S-OIL,경남 진주시,경남,진주시,경남 진주시 대곡면 진의로 1052-1,0,0,0,055-748-5151
A0030059,신경남셀프주유소,S-OIL,경남 진주시,경남,진주시,경남 진주시 진주대로 1425 (이현동),1,0,0,055-746-2990
A0030060,우양피앤엘㈜ 서진주IC주유소,S-OIL,경남 진주시,경남,진주시,경남 진주시 진주대로 1314,1,0,0,055-748-5688
A0030061,정자주유소,HD현대오일뱅크,경남 진주시,경남,진주시,경남 진주시 금곡면 월아산로 697,0,0,0,055-755-5189
A0030062,하얀100사천주유소,GS칼텍스,경남 사천시,경남,사천시,경남 사천시 사천읍 사천대로 1986,1,0,1,055-854-0431
A0030066,OK주유소,SK에너지,경남 하동군,경남,하동군,경남 하동군 금남면 경충로 282,0,0,0,055-883-6023
A0030068,대원주유소,HD현대오일뱅크,경남 산청군,경남,산청군,경남 산청군 삼장면 평촌유평로 4,0,0,0,055-972-8200
A0030070,우리주유소,S-OIL,경남 하동군,경남,하동군,경남 하동군 금성면 산업로 560,1,0,0,055-884-8251
A0030071,진주KS주유소,SK에너지,경남 진주시,경남,진주시,경남 진주시 금산면 월아산로 1898,1,0,1,055-752-1025
A0030072,㈜행복주유소,SK에너지,경남 진주시,경남,진주시,경남 진주시 문산읍 진마대로 1056,1,0,0,055-761-7555
A0030074,신원주유소,SK에너지,경남 산청군,경남,산청군,경남 산청군 시천면 남명로 354,0,0,0,055-973-3956
A0030075,신세계주유소,SK에너지,경남 남해군,경남,남해군,경남 남해군 삼동면 동부대로 1867,1,0,0,055-867-0500
A0030076,남천주유소,S-OIL,경남 사천시,경남,사천시,경남 사천시 새고개길 18,0,0,0,055-000-0000
A0030077,동천주유소,S-OIL,경남 남해군,경남,남해군,경남 남해군 삼동면 동부대로 1241,1,0,0,055-867-7005
A0030078,촉석루주유소,HD현대오일뱅크,경남 진주시,경남,진주시,경남 진주시 동부로 123 (호탄동),1,0,0,055-752-4822
A0030080,(주)경남석유 상대주유소,S-OIL,경남 진주시,경남,진주시,경남 진주시 도동로 163 (하대동),1,0,0,055-758-0600
A0030081,정촌주유소,S-OIL,경남 진주시,경남,진주시,경남 진주시 정촌면 진주대로 62,0,0,0,055-754-8955
A0030085,삼거리주유소,SK에너지,경남 진주시,경남,진주시,경남 진주시 사봉면 지수로 1,1,0,0,055-758-9676
A0030087,사봉주유소,GS칼텍스,경남 진주시,경남,진주시,경남 진주시 사봉면 동부로 1747,0,0,0,055-756-0220
A0030089,경성주유소,GS칼텍스,경남 진주시,경남,진주시,경남 진주시 집현면 진산로 1164,0,0,0,055-745-3912
A0030093,강진주유소(현대),HD현대오일뱅크,경남 진주시,경남,진주시,경남 진주시 집현면 진산로 513,0,0,0,055-772-5545
A0030094,강성주유소,S-OIL,경남 산청군,경남,산청군,경남 산청군 단성면 지리산대로 3184,1,0,1,055-973-4445
A0030097,덕산주유소,알뜰주유소,경남 산청군,경남,산청군,경상남도 산청군 시천면 남명로 214 (시천면),1,0,1,055-972-9046
A0030099,단계주유소,HD현대오일뱅크,경남 산청군,경남,산청군,경남 산청군 신안면 신차로 481,1,0,0,055-972-3046
A0030101,금호주유소(생비량),GS칼텍스,경남 산청군,경남,산청군,경남 산청군 생비량면 지리산대로 4279,0,0,0,055-972-7399
A0030102,선학주유소,S-OIL,경남 진주시,경남,진주시,경남 진주시 모덕로 115 (상대동),1,0,1,055-752-5898
A0030105,대양주유소,S-OIL,경남 진주시,경남,진주시,경남 진주시 일반성면 동부로 2016,1,0,0,055-754-6116
A0030106,유공주유소,SK에너지,경남 진주시,경남,진주시,경남 진주시 큰들로 120 (상평동),1,0,0,055-759-4097
A0030108,지리산주유소,HD현대오일뱅크,경남 산청군,경남,산청군,경남 산청군 단성면 지리산대로 2336,1,0,0,055-973-8607
A0030113,GMS원당산업(주),HD현대오일뱅크,경남 진주시,경남,진주시,경남 진주시 남강로 718 (옥봉동),0,0,0,055-741-3956
A0030117,(주)하나주유소,HD현대오일뱅크,경남 사천시,경남,사천시,경남 사천시 삼천포대교로 692,1,0,0,055-835-4322
A0030119,㈜대교 산청(대전방향)주유소/충전소,알뜰(ex),경남 산청군,경남,산청군,경남 산청군 단성면 통영대전고속도로 76,1,1,1,055-973-6138
A0030123,(주)홍성주유소,SK에너지,경남 진주시,경남,진주시,경남 진주시 판문로 192,0,0,0,055-745-4721
A0030126,스카이셀프주유소,S-OIL,경남 사천시,경남,사천시,경남 사천시 사천읍 사천대로 1797,1,0,1,055-853-8888
A0030129,(주)신용에너지,SK에너지,경남 진주시,경남,진주시,경남 진주시 문산읍 동부로 334 (문산읍),1,0,0,055-761-2501
A0030131,㈜승일 배춘주유소,알뜰주유소,경남 사천시,경남,사천시,경남 사천시 축동면 두량로 66,0,0,1,055-853-9500
A0030134,(주)진남제2주유소,알뜰주유소,경남 하동군,경남,하동군,경남 하동군 경충로 1089,0,0,1,055-882-3023
A0030135,(주)한주에너지,알뜰주유소,경남 사천시,경남,사천시,경남 사천시 사천읍 진삼로 1293,1,0,1,055-853-3351
A0030137,(주)월성주유소,HD현대오일뱅크,경남 사천시,경남,사천시,경남 사천시 사남면사천대로 1654,1,0,0,055-852-4243
A0030138,(유)인창기업,GS칼텍스,경남 진주시,경남,진주시,경남 진주시 창렬로 65,1,0,0,055-747-3313
A0030139,세계화목도리주유소,HD현대오일뱅크,경남 하동군,경남,하동군,경남 하동군 하동읍 섬진강대로 1707,1,0,0,055-883-6464
A0030140,수곡농협,NH-OIL,경남 진주시,경남,진주시,경남 진주시 수곡면 곤수로 922,0,0,1,055-754-4404
A0030143,산청군농협금서주유소,NH-OIL,경남 산청군,경남,산청군,경남 산청군 금서면 친환경로 2540,0,0,1,055-970-2564
A0030144,산청군농협단성지소,NH-OIL,경남 산청군,경남,산청군,경남 산청군 단성면 목화로 954,0,0,1,055-970-2699
A0030147,곤명농협주유소,NH-OIL,경남 사천시,경남,사천시,경남 사천시 곤명면 경서대로 3395-1,0,0,1,055-853-2141
A0030148,진주금산농협주유소,NH-OIL,경남 진주시,경남,진주시,경남 진주시 금산면 금산순환로 26,0,0,1,055-762-7530
A0030149,진주문산농협주유소,NH-OIL,경남 진주시,경남,진주시,경남 진주시 문산읍 동부로 528,0,0,1,055-761-6629
A0030152,새남해농업협동조합설천주유소,NH-OIL,경남 남해군,경남,남해군,경남 남해군 설천면 설천로 128,0,0,1,055-863-4456
A0030153,새남해농협 금음주유소,NH-OIL,경남 남해군,경남,남해군,경남 남해군 설천면 설천로 647,0,0,1,055-863-4456
A0030154,새남해농업협동조합서면주유소,NH-OIL,경남 남해군,경남,남해군,경남 남해군 서면 스포츠로 679,0,0,1,055-862-1152
A0030155,새남해농협남상지점주유소,NH-OIL,경남 남해군,경남,남해군,경남 남해군 서면 남서대로 2215,0,0,1,055-862-1531
A0030157,금오농협주유소,NH-OIL,경남 하동군,경남,하동군,경남 하동군 양보면 진양로 739,0,0,1,055-882-7675
A0030158,하동금오농협 진교지점 주유소,NH-OIL,경남 하동군,경남,하동군,경남 하동군 진교면 경충로 1065,0,1,1,055-883-5182
A0030159,사남농협주유소,NH-OIL,경남 사천시,경남,사천시,경남 사천시 사남면 진삼로 1107,0,0,1,055-854-3322
A0030161,사천농협주유소,NH-OIL,경남 사천시,경남,사천시,경남 사천시 사천읍 무산로 8,0,0,1,055-851-8033
A0030162,진주중부농협주유소,NH-OIL,경남 진주시,경남,진주시,경남 진주시 집현면 진산로 627,1,0,1,055-772-6081
A0030164,곤명농협 곤양지점주유소,NH-OIL,경남 사천시,경남,사천시,경남 사천시 곤양면 남산로 75,0,0,1,055-854-4010
A0030165,진주동부농협주유소,NH-OIL,경남 진주시,경남,진주시,경남 진주시 진산로 230 (장재동),1,0,1,055-761-6770
A0030166,진주남부농협 내동주유소,NH-OIL,경남 진주시,경남,진주시,경남 진주시 내동면 순환로 367,1,0,1,055-759-0660
A0030167,진주서부농협클린주유소,NH-OIL,경남 진주시,경남,진주시,경남 진주시 서장대로 215,1,1,1,055-740-6220
A0030168,진주남부농협정촌주유소,NH-OIL,경남 진주시,경남,진주시,경남 진주시 정촌면 화개천로 120,1,0,1,055-755-8245
A0030169,진주진양농협주유소,NH-OIL,경남 진주시,경남,진주시,경남 진주시 사봉면 사군로 9,0,0,1,055-759-5000
A0030170,진주금곡농협주유소,NH-OIL,경남 진주시,경남,진주시,경남 진주시 금곡면 월아산로 113,0,0,1,055-758-6086
A0030172,지수농민주유소,GS칼텍스,경남 진주시,경남,진주시,경남 진주시 지수면 지수로 454,0,0,0,055-754-5722
A0030173,문산(순천)주유소,알뜰(ex),경남 진주시,경남,진주시,경남 진주시 문산읍 남해고속도로 195,1,1,1,055-762-2048
A0030179,SK에너지(주) 사천역사주유소,SK에너지,경남 사천시,경남,사천시,경남 사천시 사천읍 사천대로 1846,1,0,1,055-854-8809
A0030182,HD현대오일뱅크㈜직영 진주셀프주유소,HD현대오일뱅크,경남 진주시,경남,진주시,경남 진주시 진양호로 230,1,0,1,055-746-6051
A0030184,㈜대교 산청(통영방향)주유소/충전소,알뜰(ex),경남 산청군,경남,산청군,경남 산청군 단성면 통영대전고속도로 77,1,1,1,055-973-8902
A0030185,YM21유통 사천(상)주유소/충전소,알뜰(ex),경남 사천시,경남,사천시,경남 사천시 곤양면 묵실길 31-11,1,1,1,055-854-6732
A0030186,YM21유통 사천(하)주유소/충전소,알뜰(ex),경남 사천시,경남,사천시,경남 사천시 곤양면 서삼로 619,1,1,1,055-854-8622
A0030189,금산농민주유소,GS칼텍스,경남 진주시,경남,진주시,경남 진주시 금산면 월아산로 1900,1,0,0,055-752-5159
A0030201,대양석유(주)경대앞주유소,SK에너지,경남 진주시,경남,진주시,경남 진주시 진주대로 488,1,0,1,055-761-6055
A0030204,하얀100주유소,SK에너지,경남 진주시,경남,진주시,경남 진주시 서장대로 181,1,0,1,055-745-5103
A0030206,덕산주유소(현대),HD현대오일뱅크,경남 남해군,경남,남해군,경남 남해군 이동면 남해대로 2247,1,0,0,055-863-1051
A0030218,기성주유소,GS칼텍스,경남 하동군,경남,하동군,경남 하동군 횡천면 경서대로 1173,0,0,0,055-883-5171
A0030219,옥종주유소,HD현대오일뱅크,경남 하동군,경남,하동군,경남 하동군 옥종면 옥종중앙길 1,1,0,0,055-883-6934
A0030221,해룡주유소,GS칼텍스,경남 하동군,경남,하동군,경남 하동군 금남면 경충로 440,0,0,0,055-883-5920
A0030223,한진주유소,SK에너지,경남 하동군,경남,하동군,경남 하동군 옥종중앙길 104,0,0,0,055-882-8009
A0030226,(주)남해종합에너지,GS칼텍스,경남 남해군,경남,남해군,경남 남해군 남해읍 화전로 149,0,0,0,055-864-5680
A0030232,옥종농협주유소,NH-OIL,경남 하동군,경남,하동군,경남 하동군 옥종면 주포중앙길 28,0,0,1,055-883-8740
A0030233,창선농협주유소,NH-OIL,경남 남해군,경남,남해군,경남 남해군 창선면 창선로 38,0,0,1,055-867-7707
A0030234,동남해농업협동조합남면지소,NH-OIL,경남 남해군,경남,남해군,경남 남해군 남면 남서대로 810,0,0,1,055-862-9961
A0030235,화개악양농협 악양지점주유소,NH-OIL,경남 하동군,경남,하동군,경남 하동군 악양면 악양서로 342,0,0,1,055-884-6862
A0030238,범북고개주유소,S-OIL,경남 밀양시,경남,밀양시,경남 밀양시 밀양대로 2167,1,0,0,055-356-5189
A0030243,롯데주유소,HD현대오일뱅크,전북 군산시,전북,군산시,전북 군산시 공항로 579 (개사동),0,0,0,063-464-2525
A0030245,(주)제일주유소,S-OIL,경남 창녕군,경남,창녕군,경남 창녕군 남지읍 남지중앙로 132,1,0,0,055-526-0300
A0030248,장마주유소,S-OIL,경남 창녕군,경남,창녕군,경남 창녕군 장마면 영산장마로 112,0,0,0,055-536-8188
A0030251,평화주유소,GS칼텍스,경남 밀양시,경남,밀양시,경남 밀양시 밀양대로 2108 (교동),0,0,0,055-354-2456
A0030256,(주)대윤에너지 고성탑주유소,GS칼텍스,경남 고성군,경남,고성군,경남 고성군 거류면 거류로 608,1,0,0,055-673-4066
A0030259,약수정주유소,S-OIL,경남 밀양시,경남,밀양시,경남 밀양시 산내면 산내로 766,0,0,0,055-353-6559
A0030260,인산주유소,SK에너지,경남 밀양시,경남,밀양시,경남 밀양시 청도면 창밀로 2281,0,0,0,055-351-2626
A0030262,극동아바타주유소,S-OIL,경남 창원시,경남,창원시,경남 창원시 의창구 무역로 467,1,0,1,055-265-5155
A0030271,삼랑진농협주유소,NH-OIL,경남 밀양시,경남,밀양시,경남 밀양시 삼랑진읍 삼랑진로 186,0,0,1,055-352-5152
A0030275,대로셀프주유소,SK에너지,경남 김해시,경남,김해시,경남 김해시 진영읍 서부로 340,1,0,0,055-000-0000
A0030277,대경주유소,SK에너지,경남 김해시,경남,김해시,경남 김해시 상동면 상동로 449,0,0,0,055-327-5145
A0030278,㈜태화에너지 태성주유소,HD현대오일뱅크,경남 김해시,경남,김해시,경남 김해시 진례면 서부로401,0,0,0,055-345-6668
A0030280,전진알뜰주유소,알뜰주유소,부산 사하구,부산,사하구,부산 사하구 다대로 575 (다대동),1,0,1,051-937-0573
A0030281,남명주유소,S-OIL,경남 밀양시,경남,밀양시,경남 밀양시 산내면 산내로 1115,1,0,0,055-356-1401
A0030283,무척산주유소,알뜰주유소,경남 김해시,경남,김해시,경남 김해시 생림면 생림대로 1010,0,0,1,055-335-0306
A0030287,3교주유소,S-OIL,경남 거창군,경남,거창군,경남 거창군 거창읍 거열로 22,0,0,0,055-944-5656
A0030294,강변주유소,GS칼텍스,경남 밀양시,경남,밀양시,경남 밀양시 밀양대로 1719,0,0,0,055-353-5152
A0030295,청강주유소,GS칼텍스,경남 김해시,경남,김해시,경남 김해시 진례면 고모로 311,0,0,0,055-345-1272
A0030302,초원주유소,GS칼텍스,경남 김해시,경남,김해시,경남 김해시 진영읍 진산대로 96,0,0,0,055-343-6655
A0030304,차주유소,S-OIL,경남 김해시,경남,김해시,경남 김해시 장유면 장유로 71,1,0,0,055-323-5234
A0030306,봉림주유소,GS칼텍스,경남 김해시,경남,김해시,경남 김해시 생림면 생림대로 740,0,0,0,055-325-5169
A0030307,삼원주유소,S-OIL,경남 함안군,경남,함안군,경남 함안군 군북면 정주로 3,1,0,0,055-583-1045
A0030308,송진주유소,SK에너지,경남 김해시,경남,김해시,경남 김해시 한림면 김해대로 1567,0,0,0,055-343-0026
A0030318,동산주유소,GS칼텍스,경남 밀양시,경남,밀양시,경남 밀양시 무안면 창밀로 2405,0,0,0,055-352-9365
A0030319,신가산주유소,SK에너지,경남 밀양시,경남,밀양시,경남 밀양시 부북면 창밀로 3055,1,0,0,055-351-2080
A0030326,(주)제때 직영 스마일주유소(김해점),HD현대오일뱅크,경남 김해시,경남,김해시,경남 김해시 한림면 김해대로 1045,0,0,0,055-345-8801
A0030327,예진주유소,자가상표,경남 김해시,경남,김해시,경남 김해시 인제로 145,1,0,0,055-326-5192
A0030330,남밀양IC주유소,S-OIL,경남 밀양시,경남,밀양시,경남 밀양시 상남면 밀양대로 1373,1,0,1,055-355-6711
A0030331,신어산주유소,S-OIL,경남 김해시,경남,김해시,경남 김해시 김해대로 2757,1,0,0,055-335-4775
A0030333,창녕주유소,GS칼텍스,경남 창녕군,경남,창녕군,경남 창녕군 창녕읍 우포1대로 1585,1,0,1,055-533-7500
A0030334,CJ대한통운㈜ 단감 P-OIL,S-OIL,경남 김해시,경남,김해시,경남 김해시 진영읍 진산대로 243,1,0,0,055-345-9551
A0030335,퇴산주유소,HD현대오일뱅크,경남 창녕군,경남,창녕군,경남 창녕군 대합면 평지퇴산로 159,0,0,0,055-532-5400
A0030345,대박주유소,SK에너지,경남 김해시,경남,김해시,경남 김해시 생림면 생림대로 865,0,0,0,055-329-5177
A0030350,OK주유소,GS칼텍스,경남 김해시,경남,김해시,경남 김해시 금관대로 920 (풍유동),0,0,1,055-321-0070
A0030353,창성주유소,SK에너지,경남 창녕군,경남,창녕군,경남 창녕군 창녕읍 남창녕로 4,0,0,1,055-533-2222
A0030356,김해셀프주유소충전소,SK에너지,경남 김해시,경남,김해시,경남 김해시 주촌면 서부로 1598,1,0,0,055-337-7765
A0030360,금산주유소,GS칼텍스,경남 밀양시,경남,밀양시,경남 밀양시 상동면 상동로 472,0,0,0,055-353-1357
A0030362,술미주유소,HD현대오일뱅크,경남 김해시,경남,김해시,경남 김해시 한림면 한림로 686,0,0,0,055-346-5184
A0030363,신영주유소,S-OIL,경남 김해시,경남,김해시,경남 김해시 금관대로 994,1,0,0,055-335-0518
A0030366,사등농협주유소,NH-OIL,경남 거제시,경남,거제시,경남 거제시 사등면 거제대로 5733,0,1,1,055-633-5975
A0030368,경양주유소,S-OIL,경남 김해시,경남,김해시,경남 김해시 진영읍 김해대로 587,1,0,0,055-343-5641
A0030369,우리주유소,HD현대오일뱅크,경남 밀양시,경남,밀양시,경남 밀양시 밀양대로 1974 (내이동),0,0,0,055-356-0700
A0030370,대원주유소,SK에너지,경북 영주시,경북,영주시,경상북도 영주시  구성로 265 (휴천3동),0,0,0,054-631-5177
A0030371,김해농협서김해주유소,NH-OIL,경남 김해시,경남,김해시,경남 김해시 금관대로 1013 (풍유동),1,1,1,055-312-1622
A0030380,동산주유소,GS칼텍스,경남 김해시,경남,김해시,경남 김해시 생림면 생림대로 503,1,0,0,055-323-5180
A0030384,사계절주유소,S-OIL,경남 밀양시,경남,밀양시,경남 밀양시 산외면 표충로 9,0,0,0,055-353-3600
A0030386,한마음주유소,S-OIL,경남 밀양시,경남,밀양시,경남 밀양시 상남면 상남로 514,0,0,0,055-353-2087
A0030389,용전주유소,SK에너지,경남 밀양시,경남,밀양시,경남 밀양시 산내면 밀양대로 3666-40,0,0,0,055-353-7082
A0030392,도천주유소,SK에너지,경남 창녕군,경남,창녕군,경남 창녕군 도천면 영산도천로 338,0,0,0,055-536-0006
A0030393,청일주유소,S-OIL,경북 영천시,경북,영천시,경북 영천시 화남면 천문로 1161,1,0,0,054-332-3347
A0030396,대흥주유소,GS칼텍스,경남 김해시,경남,김해시,경남 김해시 진영읍 김해대로 606,1,0,0,055-342-4528
A0030397,동남주유소,HD현대오일뱅크,경남 밀양시,경남,밀양시,경남 밀양시 중앙로 246 (삼문동),0,0,0,055-352-0036
A0030400,영광주유소,S-OIL,경남 김해시,경남,김해시,경남 김해시 김해대로 1705,0,0,0,055-339-8282
A0030401,㈜한진 황제주유소,S-OIL,경남 김해시,경남,김해시,경남 김해시 진영읍 김해대로 684,1,0,1,0
A0030403,이방주유소,GS칼텍스,경남 창녕군,경남,창녕군,경남 창녕군 이방면 이방로 945,0,0,0,055-532-5070
A0030405,경남유성주유소,GS칼텍스,경남 김해시,경남,김해시,경남 김해시 진영읍 본산로 219,1,0,0,055-346-5189
A0030412,브레인시티주유소,SK에너지,경기 평택시,경기,평택시,경기 평택시 청원로 1374,1,0,0,031-666-8951
A0030417,해동주유소,SK에너지,경남 밀양시,경남,밀양시,경남 밀양시 무안면 사명로 147,0,0,0,055-352-7747
A0030419,남해주유소,HD현대오일뱅크,경남 하동군,경남,하동군,경남 하동군 진교면 민다리안길 9,1,0,1,055-884-0197
A0030421,주식회사 팔성,HD현대오일뱅크,부산 남구,부산,남구,부산 남구 유엔로 138,1,0,0,051-622-9985
A0030422,태평양주유소,SK에너지,경남 창녕군,경남,창녕군,경남 창녕군 계성면 영산장마로 638,0,0,0,055-536-0077
A0030423,대성,S-OIL,경남 창녕군,경남,창녕군,경남 창녕군 유어면 우포1대로 642,0,0,0,055-532-7049
A0030424,내동주유소(SK),SK에너지,경남 창녕군,경남,창녕군,경남 창녕군 이방면 이방로 648,0,0,0,055-532-8454
A0030426,길곡주유소,SK에너지,경남 창녕군,경남,창녕군,경남 창녕군 길곡면 길곡로 4,0,0,0,055-536-9942
A0030427,만포주유소,HD현대오일뱅크,경남 밀양시,경남,밀양시,경남 밀양시 삼랑진읍 삼랑진로 390,1,0,0,055-352-6436
A0030430,지에스칼텍스㈜ 남해주유소,GS칼텍스,경남 김해시,경남,김해시,경남 김해시 금관대로 1079,1,0,1,055-323-7511
A0030431,청운주유소,SK에너지,경남 김해시,경남,김해시,경남 김해시 장유면 계동로 172,1,0,0,055-312-9797
A0030435,천일주유소,SK에너지,경남 밀양시,경남,밀양시,경남 밀양시 석정로 79 (내일동),0,0,0,055-351-3033
A0030436,정다운주유소,알뜰주유소,경남 밀양시,경남,밀양시,경남 밀양시 상남면 상남로 650,0,0,0,055-352-2717
A0030443,㈜대양씨앤씨 NEW 상남주유소,GS칼텍스,경남 밀양시,경남,밀양시,경남 밀양시 상남면 밀양대로 669-1,1,0,0,055-716-0058
A0030446,대동IC주유소,SK에너지,경남 김해시,경남,김해시,경남 김해시 대동면 대동로 714,0,0,0,055-335-3730
A0030447,이동셀프주유소,알뜰주유소,경남 김해시,경남,김해시,경남 김해시 칠산로 223 (이동),1,0,1,055-338-5551
A0030451,㈜티지알 용덕주유소지점,GS칼텍스,경남 김해시,경남,김해시,경남 김해시 한림면 용덕로 236,0,0,0,055-343-5182
A0030457,선천셀프주유소,HD현대오일뱅크,경남 김해시,경남,김해시,경남 김해시 주촌면 서부로 1532,1,0,0,055-321-9217
A0030469,흥동스마트주유소,S-OIL,경남 김해시,경남,김해시,경남 김해시 전하로 223,1,0,0,055-328-5154
A0030472,화생주유소,GS칼텍스,경남 김해시,경남,김해시,경남 김해시 장유면 장유로 367,0,0,0,055-314-5111
A0030473,밀양주유소,HD현대오일뱅크,경남 밀양시,경남,밀양시,경남 밀양시 상남면 밀양대로 1481,0,0,0,055-354-6166
A0030474,행운 밀양점 주유소,S-OIL,경남 밀양시,경남,밀양시,경남 밀양시 부북면 밀양대로 1645,1,0,0,055-352-8901
A0030477,비케이주유소,GS칼텍스,경남 김해시,경남,김해시,경남 김해시 상동면 상동로 707,1,0,0,055-314-5191
A0030481,보성주유소,S-OIL,경남 김해시,경남,김해시,경남 김해시 진영읍 진영로 48,0,0,0,055-343-2492
A0030482,테크노밸리주유소,SK에너지,경남 김해시,경남,김해시,경남 김해시 진례면 고모로 534,1,0,0,055-343-1097
A0030488,한진주유소,GS칼텍스,경남 밀양시,경남,밀양시,경남 밀양시 상남면 상남로 997,0,0,1,055-355-0678
A0030492,초동공단주유소,GS칼텍스,경남 밀양시,경남,밀양시,경남 밀양시 초동면 온천로 1295,0,0,0,055-391-2200
A0030497,상동주유소,GS칼텍스,경남 밀양시,경남,밀양시,경남 밀양시 상동면 상동로 252,0,0,0,055-355-5777
A0030498,세은주유소,HD현대오일뱅크,경남 김해시,경남,김해시,경남 김해시 김해대로 2724 (지내동),1,0,0,055-327-5189
A0030502,리로리주유소 ㈜해광에너지,S-OIL,경남 김해시,경남,김해시,경남 김해시 금관대로 1140,1,0,0,055-328-1233
A0030511,부북농업협동조합주유소,NH-OIL,경남 밀양시,경남,밀양시,경남 밀양시 창밀로 3509 (내이동),0,0,1,055-354-7212
A0030514,대선석유㈜ 김해점,HD현대오일뱅크,경남 김해시,경남,김해시,경남 김해시 호계로 281,1,0,0,055-326-9911
A0030515,동남해주유소,SK에너지,경남 남해군,경남,남해군,경남 남해군 삼동면 삼이로 18-0,0,0,0,055-867-5151
A0030518,해안주유소,GS칼텍스,경남 김해시,경남,김해시,경남 김해시 금관대로 820-15,1,0,0,055-323-2200
A0030521,국민주유소,S-OIL,경남 김해시,경남,김해시,경남 김해시 생림면 나전로 320,0,0,0,055-323-9400
A0030524,삼랑진주유소,HD현대오일뱅크,경남 밀양시,경남,밀양시,경남 밀양시 삼랑진읍 천태로 94,0,0,0,055-353-8321
A0030533,독도사랑주유소4,자가상표,경남 김해시,경남,김해시,경남 김해시 분성로 664 (안동),0,0,0,055-325-8851
A0030538,한솔주유소,SK에너지,경남 밀양시,경남,밀양시,경남 밀양시 하남읍 초하로 646,0,0,0,055-391-6000
A0030540,주촌주유소 주식회사,GS칼텍스,경남 김해시,경남,김해시,경남 김해시 주촌면 서부로 1419,0,0,0,055-338-6323
A0030543,정무에너지㈜ 대영주유소,S-OIL,경남 김해시,경남,김해시,경남 김해시 전하로 229,1,0,1,055-335-5188
A0030545,덕암IC주유소,S-OIL,경남 김해시,경남,김해시,경남 김해시 주촌면 서부로1637번길 316,1,0,0,055-337-5182
A0030548,성원알뜰주유소,알뜰주유소,경남 김해시,경남,김해시,경남 김해시 진영읍 김해대로 134,1,0,1,055-345-0474
A0030553,청천주유소,S-OIL,경남 김해시,경남,김해시,경남 김해시 진례면 서부로 520,0,0,0,055-343-5270
A0030555,양지주유소,HD현대오일뱅크,경남 창원시,경남,창원시,경남 창원시 의창구 도계로 92,1,0,0,055-277-5151
A0030556,한림정주유소,S-OIL,경남 김해시,경남,김해시,경남 김해시 한림면 한림로 226,1,0,0,055-346-5126
A0030557,서부알뜰주유소,알뜰주유소,경남 김해시,경남,김해시,경남 김해시 전하로 171,1,0,1,055-334-6200
A0030563,송정주유소,S-OIL,경남 김해시,경남,김해시,경남 김해시 진례면 서부로 645,0,0,0,055-343-3663
A0030564,세명주유소,알뜰주유소,경남 김해시,경남,김해시,경남 김해시 진영읍 서부로 307,1,0,0,055-343-3655
A0030566,중앙주유소,S-OIL,경남 김해시,경남,김해시,경남 김해시 대동면 대동로 264,0,0,0,055-331-6060
A0030567,상남주유소,SK에너지,경남 밀양시,경남,밀양시,경남 밀양시 상남면 하남로 437,0,0,0,055-353-7782
A0030571,동양주유소,S-OIL,경남 김해시,경남,김해시,경남 김해시 생림대로 166 (삼계동),1,0,0,055-339-8141
A0030572,흥일주유소,GS칼텍스,경남 김해시,경남,김해시,경남 김해시 칠산로 457 (흥동),1,0,1,055-328-0077
A0030575,태양셀프주유소,HD현대오일뱅크,경남 김해시,경남,김해시,경남 김해시 전하로 224 (전하동),1,0,1,055-332-5155
A0030577,㈜서광운수 부국주유소,SK에너지,경남 김해시,경남,김해시,경남 김해시 진영읍 김해대로 701,0,0,0,055-343-8555
A0030581,부경에너지주유소,S-OIL,경남 밀양시,경남,밀양시,경남 밀양시 하남읍 밀양대로 630,0,0,0,055-391-5001
A0030582,장유주유소,알뜰주유소,경남 김해시,경남,김해시,경남 김해시 장유면 부곡로 63,1,0,1,0
A0030585,㈜현대,HD현대오일뱅크,경남 밀양시,경남,밀양시,경남 밀양시 무안면 사명로 272,1,0,0,055-000-0000
A0030589,신삼랑진주유소,S-OIL,경남 밀양시,경남,밀양시,경남 밀양시 삼랑진읍 상삼로 532,1,0,0,055-353-5133
A0030590,CJ대한통운㈜ 불모산 P-OIL,GS칼텍스,경남 김해시,경남,김해시,경남 김해시 금관대로 181,1,0,0,055-322-9551
A0030591,송백주유소,GS칼텍스,경남 밀양시,경남,밀양시,경남 밀양시 산내면 산내로 384,0,0,0,055-351-2665
A0030597,에이디에너지(주),알뜰주유소,경남 김해시,경남,김해시,경남 김해시 김해대로 2651 (안동),1,0,1,055-331-5189
A0030598,유림주유소 ㈜에스엘설린,GS칼텍스,경남 김해시,경남,김해시,경남 김해시 진영읍 서부로 127,1,0,0,055-342-0016
A0030603,도야주유소,S-OIL,경남 밀양시,경남,밀양시,경남 밀양시 하남읍 하남로 65,0,0,0,055-391-2001
A0030604,평화주유소,S-OIL,경남 김해시,경남,김해시,경남 김해시 가야로 500 (동상동),1,0,1,055-328-3434
A0030606,만땅주유소,S-OIL,경남 김해시,경남,김해시,경남 김해시 김해대로 1300,1,0,0,055-345-8863
A0030607,㈜경인에너지 구도일주유소 김해,S-OIL,경남 김해시,경남,김해시,경남 김해시 김해대로 2329 (부원동),1,0,0,055-339-0230
A0030616,청남주유소,GS칼텍스,경남 밀양시,경남,밀양시,경남 밀양시 산내면 밀양대로 3541,1,0,0,055-351-0120
A0030620,굿모닝주유소,SK에너지,경남 김해시,경남,김해시,경남 김해시 내외중앙로 99 (내동),1,0,1,055-000-0000
A0030628,용담주유소,SK에너지,경남 김해시,경남,김해시,경상남도 김해시 서부로38번길 6진영읍,0,0,0,055-346-1525
A0030630,대청주유소 ㈜해광에너지,S-OIL,경남 김해시,경남,김해시,경남 김해시 장유면 금관대로 328,1,0,0,055-312-5217
A0030631,대중주유소,GS칼텍스,경남 김해시,경남,김해시,경상남도 김해시 대동면 대동로 302-3,0,0,0,055-331-7557
A0030635,화영삼방셀프주유소,알뜰주유소,경남 김해시,경남,김해시,경남 김해시 삼안로 151 (삼방동),1,0,1,051-324-5566
A0030636,예림주유소,SK에너지,경남 밀양시,경남,밀양시,경남 밀양시 상남면 밀양대로 1473,0,0,0,055-355-5119
A0030639,좋은셀프주유소,SK에너지,경남 김해시,경남,김해시,경상남도 김해시  장유로 117,1,0,0,055-314-5152
A0030644,부성주유소,S-OIL,경남 김해시,경남,김해시,경남 김해시 상동면 상동로 799,1,0,0,055-321-0288
A0030649,스타주유소,GS칼텍스,경남 김해시,경남,김해시,경남 김해시 가야로 409,1,0,1,055-723-3407
A0030652,독도사랑주유소29,자가상표,경남 김해시,경남,김해시,경남 김해시 대동면 대동로 126,0,0,0,055-314-4774
A0030653,태경주유소,S-OIL,경남 김해시,경남,김해시,경남 김해시 진영읍 서부로 211,1,0,0,055-343-5186
A0030656,㈜하나로에프앤씨,SK에너지,경남 밀양시,경남,밀양시,경남 밀양시 밀양대로 1744,1,0,0,055-351-2668
A0030658,경민주유소,알뜰주유소,경남 밀양시,경남,밀양시,경남 밀양시 밀양대로 1900,1,1,1,055-353-1339
A0030659,김해제일주유소,SK에너지,경남 김해시,경남,김해시,경남 김해시  분성로 440 (삼정동),0,0,0,055-314-5184
A0030660,진영셀프주유소,GS칼텍스,경남 김해시,경남,김해시,경남 김해시 진영읍 김해대로 68,1,0,0,055-343-4708
A0030661,제일주유소,SK에너지,경남 밀양시,경남,밀양시,경남 밀양시 하남읍 명례로 72,0,0,0,055-391-7777
A0030662,㈜에프엠씨 신장유주유소,GS칼텍스,경남 김해시,경남,김해시,경남 김해시 반룡로 76,1,0,0,055-312-9591
A0030664,(주)대윤에너지 산본주유소,GS칼텍스,경남 김해시,경남,김해시,경남 김해시 진례면 고모로 109,1,0,0,0
A0030665,대윤주유소,HD현대오일뱅크,경남 김해시,경남,김해시,경남 김해시 진영읍 서부로 166,0,0,0,055-000-0000
A0030667,(주)가온에너지 힘이나주유소,HD현대오일뱅크,경남 김해시,경남,김해시,경남 김해시 생림면 생림대로 862,1,0,0,055-332-5151
A0030676,주식회사삼문주유소,S-OIL,경남 김해시,경남,김해시,경남 김해시 진례면 고모로 599,0,0,0,055-343-9937
A0030678,안하주유소,GS칼텍스,경남 김해시,경남,김해시,경남 김해시 한림면 안하로 75,0,0,0,055-342-5432
A0030679,주식회사 영원에너지,GS칼텍스,경남 김해시,경남,김해시,경남 김해시 호계로 459 (부원동),0,0,0,055-324-5146
A0030691,㈜표주주유소,자가상표,경남 김해시,경남,김해시,경남 김해시 상동면 동북로437번길 58-77,0,0,0,055-334-0252
A0030692,삼화주유소,S-OIL,경남 창녕군,경남,창녕군,경남 창녕군 도천면 온천로 202,0,0,0,055-521-2222
A0030693,정목에너지(주)오페주유소,S-OIL,경남 창원시,경남,창원시,경남 창원시 의창구 사화로 252 (팔용동),1,0,1,055-293-6700
A0030694,(주)천일에너지 천일주유소,GS칼텍스,부산 강서구,부산,강서구,부산 강서구 낙동북로 65 (강동동),1,0,0,051-973-5999
A0030695,(주)거명주유소,S-OIL,경남 김해시,경남,김해시,경남 김해시 가야로 222 (구산동),1,0,0,055-332-5300
A0030696,주식회사신화이엔엘,GS칼텍스,경남 김해시,경남,김해시,경남 김해시 진례면 고모로 350,0,0,0,055-345-6664
A0030697,(주)현대주유소,HD현대오일뱅크,경남 김해시,경남,김해시,경남 김해시 한림면 한림로 131,0,0,0,055-342-7900
A0030700,삼랑진농협임천주유소,NH-OIL,경남 밀양시,경남,밀양시,경남 밀양시 삼랑진읍 삼랑진로 1319,0,0,1,055-351-2978
A0030702,동밀양농협주유소,NH-OIL,경남 밀양시,경남,밀양시,경남 밀양시 산외면 산외로 435,0,0,1,055-351-0421
A0030704,청도농협주유소,NH-OIL,경남 밀양시,경남,밀양시,경남 밀양시 청도면 청도로 157,0,0,1,055-353-3337
A0030705,무안농협주유소,SK에너지,경남 밀양시,경남,밀양시,경남 밀양시 무안면 사명로 457,0,0,1,055-352-0756
A0030706,밀양농협주유소,NH-OIL,경남 밀양시,경남,밀양시,경남 밀양시 상남면 밀양대로 1472,0,0,1,055-355-7777
A0030707,남밀양농협주유소,자가상표,경남 밀양시,경남,밀양시,경남 밀양시 초동면 초동로 105,0,0,1,055-391-4040
A0030708,진례농협주유소농기계센터,NH-OIL,경남 김해시,경남,김해시,경남 김해시 진례면 서부로 558,1,0,1,055-342-3641
A0030709,영남원예농협 미소지점주유소,NH-OIL,경남 김해시,경남,김해시,경남 김해시  분성로 465 (활천동),1,1,1,055-337-0055
A0030710,김해농협주유소,NH-OIL,경남 김해시,경남,김해시,경남 김해 삼정동 김해대로 2476,1,1,1,055-314-6142
A0030711,장유농협주유소,NH-OIL,경남 김해시,경남,김해시,경남 김해시 장유로 415 (신문동),1,1,1,055-314-8815
A0030718,밀양현대주유소,HD현대오일뱅크,경남 밀양시,경남,밀양시,경남 밀양시 밀양대로 1811 (삼문동),1,0,1,055-356-8051
A0030721,광신석유(주)직영 김해대로주유소,SK에너지,경남 김해시,경남,김해시,경남 김해시 김해대로 1816,1,0,0,055-339-2245
A0030731,대양석유(주) 서김해셀프주유소,SK에너지,경남 김해시,경남,김해시,경남 김해시 금관대로 892 (풍유동),1,0,1,055-329-2400
A0030735,(주)소모 장유셀프주유소,GS칼텍스,경남 김해시,경남,김해시,경남 김해시 장유면 덕정로 103,1,0,1,055-312-7674
A0030738,삼계셀프주유소,자가상표,경남 김해시,경남,김해시,경남 김해시 김해대로 1711 (삼계동),1,0,0,055-333-5157
A0030743,(주)가온에너지 힘쎈주유소,HD현대오일뱅크,경남 김해시,경남,김해시,경남 김해시 장유면 장유로 378,1,0,0,055-328-5104
A0030744,한길주유소 인제대점 한솔유화㈜,HD현대오일뱅크,경남 김해시,경남,김해시,경남 김해시 인제로 29,1,0,1,055-338-7388
A0030747,해창석유(주)밀양강주유소,SK에너지,경남 밀양시,경남,밀양시,경남 밀양시 밀양대로 2255 (교동),0,0,0,055-354-3045
A0030751,삼부주유소,HD현대오일뱅크,경남 김해시,경남,김해시,경남 김해시 상동면 상동로 509,1,0,0,055-312-4243
A0030753,한길주유소 김해점 한솔유화㈜,SK에너지,경남 김해시,경남,김해시,경남 김해시 분성로 647,1,0,1,055-338-2346
A0030765,CJ대한통운㈜ 김해탑주유소,GS칼텍스,경남 김해시,경남,김해시,경남 김해시 가야로 524 (동상동),1,0,1,055-328-9953
A0030766,내룡주유소,GS칼텍스,경남 김해시,경남,김해시,경남 김해시 진영읍 서부로 60,0,0,0,055-342-4852
A0030768,무지개셀프주유소,SK에너지,경남 김해시,경남,김해시,경남 김해시 호계로 282 (부원동),1,0,0,055-339-5151
A0030770,㈜경인석유 진영(순천방향)주유소,알뜰(ex),경남 김해시,경남,김해시,경남 김해시 진영읍 하계로96번길 44-49,1,0,1,055-342-0878
A0030773,구산주유소,SK에너지,경남 김해시,경남,김해시,경남 김해시 가락로 323 (북부동),1,0,0,055-331-5172
A0030774,명문주유소,HD현대오일뱅크,경남 김해시,경남,김해시,경남 김해시 금관대로 936,1,0,0,055-329-2678
A0030776,다누리주유소 (주)해광에너지,S-OIL,경남 김해시,경남,김해시,경남 김해시 호계로 326,1,0,0,055-321-8877
A0030777,(주)에이원 동창원IC주유소,GS칼텍스,경남 김해시,경남,김해시,경남 김해시 진영읍 김해대로 139,1,0,0,055-343-6402
A0030779,(주)가온에너지 힘대로주유소,HD현대오일뱅크,경남 김해시,경남,김해시,경남 김해시 김해대로 1924 (구산동),1,0,0,055-326-5121
A0030780,태권브이주유소,S-OIL,경남 김해시,경남,김해시,경남 김해시 칠산로 341,1,0,0,055-323-4406
A0030781,(주)경일진영지점 세경주유소,S-OIL,경남 김해시,경남,김해시,경남 김해시 진영읍 김해대로 118,1,0,0,055-345-9607
A0030783,상신에너지(주) 생림공단주유소,HD현대오일뱅크,경남 김해시,경남,김해시,경남 김해시 생림면 생림대로 560,1,0,0,055-327-8998
A0030784,(주)가온에너지 힘찬주유소,HD현대오일뱅크,경남 김해시,경남,김해시,경남 김해시 김해대로 2773,1,0,0,055-338-5104
A0030786,조양주유소,SK에너지,경북 경주시,경북,경주시,경북 경주시 외동읍 산업로 1862,1,0,0,054-777-7995
A0030788,대한주유소,S-OIL,경남 김해시,경남,김해시,경남 김해시 진영읍 서부로 371,0,0,0,055-344-0051
A0030789,효천주유소,S-OIL,경남 김해시,경남,김해시,경남 김해시 생림면 생림대로 1037,1,0,0,055-333-9088
A0030790,(주)출광주유소,HD현대오일뱅크,경남 김해시,경남,김해시,경남 김해시 금관대로 1152 (외동),1,0,0,055-328-3596
A0030792,삼일주유소,S-OIL,제주 제주시,제주,제주시,제주 제주시 연삼로 1051 (삼양일동),0,0,0,064-725-2355
A0030793,동홍주유소,S-OIL,제주 서귀포시,제주,서귀포시,제주 서귀포시 일주동로 8586,1,0,0,064-733-5149
A0030796,평화로주유소,GS칼텍스,제주 제주시,제주,제주시,제주특별자치도 제주시 노형로 177 (노형동),1,0,0,064-747-5149
A0030797,광동주유소,알뜰주유소,제주 제주시,제주,제주시,제주 제주시 일주서로 7832 (연동),1,1,1,064-742-2525
A0030802,극동주유소,S-OIL,제주 제주시,제주,제주시,제주특별자치도 제주시 서광로27길 2 (이도일동),1,0,0,064-722-3568
A0030806,현대주유소,SK에너지,제주 제주시,제주,제주시,제주특별자치도 제주시 용문로 131,0,0,0,064-711-1440
A0030808,서광로주유소,GS칼텍스,제주 제주시,제주,제주시,제주특별자치도 제주시  서광로 125 (용담2동),1,0,0,064-712-5185
A0030809,칠십리주유소,GS칼텍스,제주 서귀포시,제주,서귀포시,제주 서귀포시 중정로 40 (서귀동),0,0,0,064-732-5188
A0030810,공단주유소,SK에너지,제주 제주시,제주,제주시,제주 제주시 연삼로 727 (화북이동),0,0,0,064-755-2555
A0030814,봉개주유소,SK에너지,제주 제주시,제주,제주시,제주 제주시 번영로 515 (봉개동),0,0,0,064-721-3579
A0030816,진성주유소,S-OIL,제주 제주시,제주,제주시,제주 제주시 한경면 일주서로 4672,0,0,0,064-772-3745
A0030818,대천주유소,HD현대오일뱅크,제주 제주시,제주,제주시,제주특별자치도 구좌읍 비자림로 1219,0,0,0,064-783-9975
A0030819,우수주유소,알뜰주유소,제주 서귀포시,제주,서귀포시,제주 서귀포시 표선면 번영로 3497,1,1,1,064-787-1844
A0030821,산방주유소,SK에너지,제주 서귀포시,제주,서귀포시,제주특별자치도 서귀포시 대정읍 신영로 34,0,0,1,064-794-2314
A0030823,수원주유소,GS칼텍스,제주 제주시,제주,제주시,제주특별자치도 제주시 한림읍 한림로 796,0,0,0,064-796-2200
A0030825,삼진주유소,S-OIL,제주 제주시,제주,제주시,제주 제주시 용문로 54 (용담이동),0,0,0,064-758-8227
A0030828,부윤주유소,HD현대오일뱅크,충북 음성군,충북,음성군,충북 음성군 대소면 대동로 538,0,0,0,043-881-7477
A0030829,HD현대오일뱅크㈜직영 연북로주유소,HD현대오일뱅크,제주 제주시,제주,제주시,제주 제주시 연북로 524,0,0,1,064-726-5198
A0030830,한경주유소,SK에너지,제주 제주시,제주,제주시,제주 제주시 한경면 신한로 15,0,0,0,064-772-2944
A0030831,애월주유소,HD현대오일뱅크,제주 제주시,제주,제주시,제주특별자치도 제주시 애월읍 일주서로 6325,0,0,0,064-799-7077
A0030832,동귀주유소,SK에너지,제주 제주시,제주,제주시,제주특별자치도 제주시 애월읍 일주서로 7092,1,0,0,064-713-5166
A0030833,귀일주유소,알뜰주유소,제주 제주시,제주,제주시,제주특별자치도 제주시 애월읍 하귀로 22,1,1,1,064-713-4059
A0030834,유수암주유소,S-OIL,제주 제주시,제주,제주시,제주 제주시 애월읍 유수암평화10길 2,0,0,0,064-799-5185
A0030836,늘푸른주유소,SK에너지,제주 제주시,제주,제주시,제주 제주시 서광로 99 (용담이동),0,0,0,064-712-5182
A0030840,삼화석유(주) 연동주유소,SK에너지,제주 제주시,제주,제주시,제주 제주시 연북로 154 (연동),1,0,1,064-745-2225
A0030842,남동주유소,SK에너지,제주 제주시,제주,제주시,제주 제주시 남광로 78,0,0,1,064-752-5149
A0030844,명지주유소,S-OIL,제주 제주시,제주,제주시,제주 제주시 일주동로 247(화북일동),0,0,0,064-755-9892
A0030846,제주self주유소,SK에너지,제주 제주시,제주,제주시,제주 제주시 노형로 290 (노형동),1,0,1,064-746-8222
A0030849,함덕주유소,알뜰주유소,제주 제주시,제주,제주시,제주 제주시 조천읍 신북로 603,0,0,1,064-783-8509
A0030852,평대주유소,알뜰주유소,제주 제주시,제주,제주시,제주특별자치도 제주시 구좌읍 일주동로 2948,0,0,1,064-783-0187
A0030855,염돈주유소,S-OIL,제주 서귀포시,제주,서귀포시,제주 서귀포시 일주서로 136,1,0,0,064-739-5400
A0030861,엔크린주유소,SK에너지,제주 제주시,제주,제주시,제주 제주시 일주서로 7650 (이호이동),1,0,1,064-712-5152
A0030863,초원주유소,알뜰주유소,제주 서귀포시,제주,서귀포시,제주 서귀포시 일주서로 27 (강정동),1,1,1,064-739-5551
A0030864,정석주유소,S-OIL,제주 제주시,제주,제주시,제주 제주시 한림읍 한수풀로 121,0,0,0,064-796-9797
A0030865,효돈주유소,GS칼텍스,제주 서귀포시,제주,서귀포시,제주특별자치도 서귀포시 일주동로 8314 (신효동),1,0,1,064-767-3030
A0030868,고산주유소,GS칼텍스,제주 제주시,제주,제주시,제주 제주시 한경면 고산로 5,0,0,0,064-772-2626
A0030871,애월한담주유소,GS칼텍스,제주 제주시,제주,제주시,제주 제주시 애월읍 애월로 79,1,0,1,064-799-3975
A0030872,삼성주유소,SK에너지,제주 제주시,제주,제주시,제주 제주시 우정로 43 (외도일동),1,0,1,064-713-3500
A0030876,씨티주유소,S-OIL,제주 제주시,제주,제주시,제주 제주시 한라대학로 88,1,0,0,064-711-5189
A0030878,난산입구주유소,GS칼텍스,제주 서귀포시,제주,서귀포시,제주도 서귀포시 성산읍 일주동로 5058,0,0,0,064-784-0084
A0030880,일도주유소,S-OIL,제주 제주시,제주,제주시,제주특별자치도 제주시 고마로 137 (일도이동),0,0,0,064-721-2025
A0030883,감산주유소,SK에너지,제주 서귀포시,제주,서귀포시,제주 서귀포시 안덕면 일주서로 1487,0,0,0,064-794-1116
A0030885,동광주유소,GS칼텍스,제주 서귀포시,제주,서귀포시,제주 서귀포시 안덕면 동광로 164,0,0,0,064-794-8886
A0030886,삼남주유소,GS칼텍스,제주 제주시,제주,제주시,제주특별자치도 제주시 남성로 60,0,0,0,064-755-1618
A0030888,신례주유소,SK에너지,제주 서귀포시,제주,서귀포시,제주 서귀포시 남원읍 중산간동로 7097,0,0,0,064-767-3001
A0030889,풍년주유소,HD현대오일뱅크,제주 서귀포시,제주,서귀포시,제주특별자치도 서귀포시 표선면 표선동서로 111,1,0,0,064-738-0833
A0030890,동일주유소,GS칼텍스,제주 제주시,제주,제주시,제주특별자치도 제주시 동광로 103 (일도이동),0,0,0,064-758-3341
A0030897,도남주유소,SK에너지,제주 제주시,제주,제주시,제주특별자치도 제주시 연삼로 328 (도남동),0,0,0,064-751-2536
A0030907,신촌주유소,HD현대오일뱅크,제주 제주시,제주,제주시,제주특별자치도 제주시 조천읍 신북로 74,1,0,1,064-805-8888
A0030908,터미널주유소,SK에너지,제주 제주시,제주,제주시,제주특별자치도 제주시 서광로4길 5 (오라일동),0,0,0,064-753-6618
A0030909,노형주유소,S-OIL,제주 제주시,제주,제주시,제주 제주시 1100로 3338,0,0,0,064-742-6896
A0030911,월산주유소,HD현대오일뱅크,제주 제주시,제주,제주시,제주 제주시 노형로 201,0,0,0,064-746-2288
A0030913,명품주유소,알뜰주유소,제주 제주시,제주,제주시,제주특별자치도 제주시 월광로 101 (노형동),1,1,1,064-712-5155
A0030919,월드컵주유소,SK에너지,제주 서귀포시,제주,서귀포시,제주 서귀포시 516로 206-3 (토평동),0,0,0,064-762-6520
A0030920,외도주유소,GS칼텍스,제주 제주시,제주,제주시,제주특별자치도 제주시 일주서로 7277,0,0,0,064-743-3454
A0030923,삼화석유㈜스마트주유소,SK에너지,제주 제주시,제주,제주시,제주 제주시 연북로 732,1,0,1,064-724-8251
A0030924,온누리주유소,SK에너지,제주 제주시,제주,제주시,제주 제주시 중앙로 409 (아라이동),0,0,0,064-726-5185
A0030925,희진주유소,SK에너지,제주 서귀포시,제주,서귀포시,제주 서귀포시 성산읍 일주동로 5160,1,0,0,064-783-0115
A0030927,성안,S-OIL,제주 제주시,제주,제주시,제주 제주시 연삼로 50,0,0,0,064-743-9388
A0030930,대은주유소,SK에너지,제주 제주시,제주,제주시,제주 제주시 번영로 112,1,0,0,064-725-5145
A0030932,오라주유소,GS칼텍스,제주 제주시,제주,제주시,제주 제주시 연삼로 194 (오라이동),1,0,1,064-745-5145
A0030935,중문주유소,GS칼텍스,제주 서귀포시,제주,서귀포시,제주 서귀포시 천제연로 246 (중문동),0,0,0,064-738-0502
A0030936,프라임주유소,S-OIL,제주 제주시,제주,제주시,제주특별자치도 제주시 조천읍 일주동로 1115,1,0,0,064-782-8894
A0030938,하나로주유소,GS칼텍스,제주 제주시,제주,제주시,제주특별자치도 제주시 조천읍 신북로 278,1,0,0,064-782-9239
A0030941,우리주유소,S-OIL,제주 제주시,제주,제주시,제주특별자치도 제주시 서광로 67 (용담2동),1,0,0,064-711-9111
A0030945,신도시주유소,SK에너지,제주 제주시,제주,제주시,제주 제주시 과원로 88,0,0,0,064-746-5185
A0030947,㈜동훈에너지 해송주유소,SK에너지,제주 제주시,제주,제주시,제주 제주시 조천읍 일주동로 854,1,0,0,064-782-6051
A0030949,정석주유소,S-OIL,제주 서귀포시,제주,서귀포시,제주 서귀포시 안덕면 한창로 275,0,0,0,064-794-5144
A0030950,신세기주유소,S-OIL,제주 서귀포시,제주,서귀포시,제주 서귀포시 일주서로 976,1,0,0,064-738-2270
A0030953,돈내코주유소,HD현대오일뱅크,제주 서귀포시,제주,서귀포시,제주특별자치도 서귀포시 516로 438,1,0,0,064-733-5157
A0030954,남흥주유소,SK에너지,제주 제주시,제주,제주시,제주 제주시 애월읍 평화로 2820-34,1,0,1,064-748-0160
A0030955,반석주유소,S-OIL,제주 서귀포시,제주,서귀포시,제주 서귀포시 대정읍 대한로88번길 155,0,0,0,064-794-5544
A0030956,서부관광주유소,GS칼텍스,제주 제주시,제주,제주시,제주특별자치도 제주시 노형로 148 (해안동),0,0,0,064-747-0065
A0030957,(주)회천주유소,S-OIL,제주 제주시,제주,제주시,제주특별자치도 제주시 번영로 937 (회천동),0,0,0,064-721-9222
A0030958,열린주유소,SK에너지,제주 제주시,제주,제주시,제주 제주시 한북로 221 (오등동),0,0,0,064-702-1133
A0030959,한라주유소,S-OIL,제주 제주시,제주,제주시,제주특별자치도 제주시 애월읍 평화로 2692,0,0,0,064-748-5191
A0030960,삼화석유㈜ 동서셀프주유소,SK에너지,제주 제주시,제주,제주시,제주 제주시 연삼로 892 (도련1동),1,0,1,064-756-5151
A0030961,봉아름주유소,HD현대오일뱅크,제주 제주시,제주,제주시,제주특별자치도 제주시 번영로 452 (봉개동),0,0,1,064-723-5188
A0030963,우리주유소,GS칼텍스,제주 제주시,제주,제주시,제주 제주시 조천읍 신북로 448,0,0,1,064-783-8252
A0030968,도련주유소,GS칼텍스,제주 제주시,제주,제주시,제주특별자치도 제주시 연삼로 874,1,0,0,064-757-2626
A0030969,편리한주유소,알뜰주유소,제주 제주시,제주,제주시,제주특별자치도 제주시 중앙로 487 (아라이동),0,1,1,064-724-5123
A0030972,(주)굿모닝제이케이주유소,HD현대오일뱅크,제주 제주시,제주,제주시,제주 제주시 연삼로 135 (오라삼동),1,0,1,064-747-1151
A0030973,새희망주유소,HD현대오일뱅크,제주 제주시,제주,제주시,제주특별자치도 제주시 구좌읍 김녕로 138,0,0,1,064-783-5231
A0030975,원남주유소,GS칼텍스,제주 제주시,제주,제주시,제주 제주시 연북로 463 (도남동),0,0,0,064-759-5189
A0030978,주식회사 번영로주유소,알뜰주유소,제주 제주시,제주,제주시,제주 제주시 번영로 578 (봉개동),1,1,1,064-723-5100
A0030980,삼화석유㈜금성주유소,SK에너지,제주 제주시,제주,제주시,제주특별자치도 제주시 애월읍 일주서로 5940,0,0,1,064-799-7337
A0030981,강정천주유소,SK에너지,제주 서귀포시,제주,서귀포시,제주 서귀포시 이어도로 634 (강정동),1,0,1,064-739-3303
A0030982,중앙주유소,SK에너지,제주 제주시,제주,제주시,제주 제주시 구좌읍 구좌로 74,0,0,0,064-783-2642
A0030985,금악주유소,S-OIL,제주 제주시,제주,제주시,제주특별자치도 제주시 한림읍 한창로 1249,1,0,0,064-796-5189
A0030986,행운주유소,SK에너지,제주 제주시,제주,제주시,제주특별자치도 제주시 도리로 90 (이호일동),0,0,0,064-743-1744
A0030989,환영주유소,GS칼텍스,제주 서귀포시,제주,서귀포시,제주 서귀포시 중산간동로 7862,0,0,0,064-732-5177
A0030994,밝은주유소,알뜰주유소,제주 제주시,제주,제주시,제주특별자치도 제주시 오남로 108,1,0,1,064-746-0051
A0030995,제주공항주유소,GS칼텍스,제주 제주시,제주,제주시,제주 제주시 서광로 58 (오라삼동),1,0,1,064-743-4777
A0030997,희망셀프주유소,SK에너지,제주 서귀포시,제주,서귀포시,제주 서귀포시 중산간동로 8231 (호근동),1,0,1,064-739-5149
A0031001,남조로주유소,S-OIL,제주 제주시,제주,제주시,제주특별자치도 제주시 조천읍 남조로 1766,0,0,0,064-782-8541
A0031007,서광주유소,HD현대오일뱅크,제주 서귀포시,제주,서귀포시,제주특별자치도 서귀포시 안덕면 중산간서로 1866,0,0,1,064-794-8822
A0031011,모슬포행운주유소,SK에너지,제주 서귀포시,제주,서귀포시,제주 서귀포시 대정읍 일주서로 2419,0,0,0,064-794-1629
A0031013,한수풀주유소,SK에너지,제주 제주시,제주,제주시,제주 제주시 한림읍 일주서로 5354,0,0,1,064-796-8951
A0031014,대섬주유소,SK에너지,제주 제주시,제주,제주시,제주특별자치도 제주시 조천읍 신촌11길 5,0,0,0,064-783-5774
A0031018,대포주유소,S-OIL,제주 서귀포시,제주,서귀포시,제주 서귀포시 일주서로 559 (대포동),1,0,0,064-738-5145
A0031020,㈜동훈에너지,SK에너지,제주 서귀포시,제주,서귀포시,제주특별자치도 서귀포시 일주서로 1057,1,0,0,064-739-2055
A0031021,행복주유소,알뜰주유소,제주 서귀포시,제주,서귀포시,제주 서귀포시 대정읍 일주서로 2294,1,0,1,064-792-5145
A0031022,삼양주유소,알뜰주유소,제주 제주시,제주,제주시,제주특별자치도 제주시 일주동로 398,1,1,1,064-757-4941
A0031023,유진주유소,S-OIL,제주 서귀포시,제주,서귀포시,제주특별자치도 서귀포시 표선면 번영로 3239,0,0,0,064-787-5189
A0031027,합동청사주유소,GS칼텍스,제주 제주시,제주,제주시,제주특별자치도 제주시 연삼로 314 (도남동),1,0,1,064-755-5149
A0031029,하원주유소,GS칼텍스,제주 서귀포시,제주,서귀포시,제주 서귀포시 일주서로 479 (하원동),1,0,1,064-738-5144
A0031033,삼화석유㈜ 가든주유소,SK에너지,제주 서귀포시,제주,서귀포시,제주 서귀포시 중산간동로 8338,1,0,1,064-738-5130
A0031035,성신주유소,S-OIL,제주 제주시,제주,제주시,제주특별자치도 제주시 연삼로 159 (오라이동),0,0,0,064-713-8161
A0031036,동산주유소,GS칼텍스,제주 제주시,제주,제주시,제주 제주시 연북로 130 (연동),1,0,0,064-749-5144
A0031038,동아주유소,HD현대오일뱅크,제주 제주시,제주,제주시,제주 제주시 동광로 178 (건입동),0,0,0,064-755-8821
A0031039,태진주유소,GS칼텍스,제주 제주시,제주,제주시,제주 제주시 일주서로 7728,1,0,0,064-745-5189
A0031040,삼화석유(주) 서귀주유소,SK에너지,제주 서귀포시,제주,서귀포시,제주특별자치도 서귀포시 중정로 122 (서귀동),1,0,1,064-732-5054
A0031041,성화주유소,S-OIL,제주 제주시,제주,제주시,제주특별자치도 제주시 용해로 70,0,0,0,064-748-5155
A0031042,남문주유소,HD현대오일뱅크,제주 제주시,제주,제주시,제주 제주시 중앙로 372 (이도이동),1,0,1,064-751-5185
A0031044,장안주유소,GS칼텍스,제주 제주시,제주,제주시,제주특별자치도 제주시 연삼로 718,0,0,0,064-725-5149
A0031045,삼화석유(주) 법환Self주유소,SK에너지,제주 서귀포시,제주,서귀포시,제주 서귀포시 일주동로 9173,1,0,1,064-739-6051
A0031046,일광주유소,알뜰주유소,제주 제주시,제주,제주시,제주특별자치도 제주시 일주동로 53 (건입동),1,1,1,064-756-5189
A0031049,용호주유소,GS칼텍스,제주 제주시,제주,제주시,제주특별자치도 제주시 연삼로 806 (화북이동),1,0,0,064-757-5730
A0031050,별표주유소,SK에너지,제주 제주시,제주,제주시,제주특별자치도 제주시 연삼로 79 (오라삼동),0,0,1,064-711-2179
A0031051,삼남석유㈜ 삼다주유소,GS칼텍스,제주 제주시,제주,제주시,제주특별자치도 제주시 일주서로 7873,1,0,1,064-742-2262
A0031052,도농주유소,S-OIL,제주 제주시,제주,제주시,제주특별자치도 제주시 일주서로 7410 (내도동),1,0,1,064-743-3131
A0031054,고내주유소,S-OIL,제주 제주시,제주,제주시,제주 제주시 애월읍 고내로 73,0,0,0,064-799-2822
A0031056,(주)서홍주유소,GS칼텍스,제주 서귀포시,제주,서귀포시,제주특별자치도 서귀포시 중산간동로 8102,1,0,1,064-733-0111
A0031057,선진주유소,HD현대오일뱅크,제주 서귀포시,제주,서귀포시,제주특별자치도 서귀포시 안덕면 한창로 334,1,0,0,064-794-5188
A0031059,HD현대오일뱅크㈜직영 동남주유소,HD현대오일뱅크,제주 서귀포시,제주,서귀포시,제주 서귀포시 성산읍 고성오조로 35,0,0,1,064-784-0066
A0031061,도두 self 주유소,SK에너지,제주 제주시,제주,제주시,제주 제주시 일주서로 7697,1,0,1,064-743-3351
A0031063,동화주유소,GS칼텍스,제주 제주시,제주,제주시,제주특별자치도 제주시 일주동로 232,1,0,0,064-756-7502
A0031064,남원주유소,S-OIL,제주 서귀포시,제주,서귀포시,제주특별자치도 서귀포시 남원읍 태위로 710,1,0,0,064-764-5189
A0031066,제주항주유소,GS칼텍스,제주 제주시,제주,제주시,제주 제주시 임항로 291 (건입동),1,0,1,064-723-5757
A0031069,삼화석유㈜이도그린주유소,SK에너지,제주 제주시,제주,제주시,제주 제주시 연삼로 430,1,0,1,064-753-7272
A0031070,탐라주유소,S-OIL,제주 서귀포시,제주,서귀포시,제주특별자치도 서귀포시 516로 86,1,0,0,064-762-8161
A0031071,용담주유소,GS칼텍스,제주 제주시,제주,제주시,제주특별자치도 제주시 용담로 136 (용담일동),1,0,1,064-727-0708
A0031072,삼광주유소,GS칼텍스,제주 제주시,제주,제주시,제주특별자치도 제주시 번영로 158 (화북이동),1,0,1,064-725-5188
A0031075,수산주유소,알뜰주유소,제주 서귀포시,제주,서귀포시,제주 서귀포시 성산읍 서성일로 898,1,1,1,064-782-5189
A0031076,한동주유소,SK에너지,제주 제주시,제주,제주시,제주 제주시 구좌읍 일주동로 2763,1,0,1,064-783-6001
A0031078,제주시농협 한라산주유소,GS칼텍스,제주 제주시,제주,제주시,제주도 제주시 연북로 508 (아라일동),0,0,1,064-702-0788
A0031079,애조로주유소,HD현대오일뱅크,제주 제주시,제주,제주시,제주특별자치도 제주시 애월읍 일주서로 6806,0,0,0,064-749-1213
A0031081,유성주유소,GS칼텍스,제주 제주시,제주,제주시,제주  제주시 조천읍 일주동로 1152,1,0,1,064-782-1288
A0031086,㈜에스엔디유통(칠곡-서울)주유소/충전소,알뜰(ex),경북 칠곡군,경북,칠곡군,경북 칠곡군 왜관읍 경부고속도로 158,1,0,1,054-975-2544
A0031087,㈜늘푸른제주 이호주유소,HD현대오일뱅크,제주 제주시,제주,제주시,제주특별자치도 제주시 일주서로 7629,1,0,1,064-743-5189
A0031088,토평주유소,알뜰주유소,제주 서귀포시,제주,서귀포시,제주 서귀포시 중산간동로 7801,0,1,1,064-762-5151
A0031095,(주)무수천주유소,GS칼텍스,제주 제주시,제주,제주시,제주 제주시 노형로 45,0,0,0,064-748-1515
A0031098,애월농협주유소,NH-OIL,제주 제주시,제주,제주시,제주 제주시 애월읍 일주서로 6252,0,1,1,064-799-0164
A0031099,함덕농협주유소,NH-OIL,제주 제주시,제주,제주시,제주 제주시 조천읍 함와로 40,0,0,1,064-780-8890
A0031100,표선농협주유소,NH-OIL,제주 서귀포시,제주,서귀포시,제주 서귀포시 표선면 표선동서로 229,0,0,0,064-786-1045
A0031101,구좌농협우도지점주유소,NH-OIL,제주 제주시,제주,제주시,제주 제주시 우도면 우도로 147,0,0,1,064-783-4040
A0031104,제주남원농협주유소,NH-OIL,제주 서귀포시,제주,서귀포시,제주특별자치도 서귀포시 남원읍 남조로 58,0,0,1,064-764-5982
A0031105,위미농협주유소,NH-OIL,제주 서귀포시,제주,서귀포시,제주 서귀포시 남원읍 일주동로 7830,0,0,1,064-760-1080
A0031106,한림농협주유소,NH-OIL,제주 제주시,제주,제주시,제주 제주시 한림읍 한림상로 89,0,1,1,064-795-2656
A0031107,대정농협주유소,NH-OIL,제주 서귀포시,제주,서귀포시,제주 서귀포시 대정읍 상모대서로 55,0,0,1,064-792-8249
A0031108,큰엉주유소,GS칼텍스,제주 서귀포시,제주,서귀포시,제주 서귀포시 남원읍 태위로 610,1,0,0,064-764-8006
A0031112,스카이주유소,SK에너지,제주 서귀포시,제주,서귀포시,제주특별자치도 서귀포시 중산간동로 7859 (동홍동),0,0,1,064-733-8950
A0031113,서귀포농협주유소,NH-OIL,제주 서귀포시,제주,서귀포시,제주 서귀포시 516로 38 (토평동),0,0,1,064-733-5109
A0031114,하귀농협주유소,NH-OIL,제주 제주시,제주,제주시,제주특별자치도 제주시 애월읍 일주서로 7136,0,1,1,064-720-1870
A0031115,제주시농협 동부주유소,NH-OIL,제주 제주시,제주,제주시,제주 제주시 번영로 417 (봉개동),0,0,1,064-721-7200
A0031116,중문농협주유소,NH-OIL,제주 서귀포시,제주,서귀포시,제주특별자치도 서귀포시 일주서로 872 (색달동),0,0,1,064-738-4178
A0031117,제주안덕농협주유소,NH-OIL,제주 서귀포시,제주,서귀포시,제주 서귀포시 안덕면 화순로 122,0,0,1,064-792-5149
A0031118,해맞이주유소,GS칼텍스,제주 서귀포시,제주,서귀포시,제주 서귀포시 성산읍 일주동로 4501,1,0,1,064-784-3738
A0031119,남부주유소,HD현대오일뱅크,제주 제주시,제주,제주시,제주 제주시 중앙로 301 (이도이동),0,0,1,064-742-5151
A0031120,조천농협주유소,NH-OIL,제주 제주시,제주,제주시,제주 제주시 조천읍 일주동로 757,0,0,1,064-784-5189
A0031121,제주시농협서부주유소,NH-OIL,제주 제주시,제주,제주시,제주 제주시 일주서로 7422 (내도동),0,0,1,064-744-5149
A0031122,뉴서부주유소,S-OIL,제주 서귀포시,제주,서귀포시,제주특별자치도 서귀포시 태평로 22,0,0,0,064-739-6333
A0031123,구좌농협주유소,NH-OIL,제주 제주시,제주,제주시,제주특별자치도 제주시 구좌읍 일주동로 3190,0,1,1,064-783-5150
A0031124,효돈농협주유소,NH-OIL,제주 서귀포시,제주,서귀포시,제주 서귀포시 일주동로 8163,0,1,1,064-767-0395
A0031125,대정농협무릉주유소,NH-OIL,제주 서귀포시,제주,서귀포시,제주 서귀포시 대정읍 서삼중로 66,0,0,1,064-792-8201
A0031126,도순주유소,GS칼텍스,제주 서귀포시,제주,서귀포시,제주 서귀포시 일주서로 366 (도순동),1,0,1,064-738-5553
A0031127,삼화석유(주)삼화주유소,SK에너지,제주 제주시,제주,제주시,제주 제주시 서광로 210,0,0,1,064-753-2135
A0031131,삼화석유(주)승민주유소,SK에너지,제주 제주시,제주,제주시,제주 제주시 노연로 56 (노형동),1,0,1,064-747-6959
A0031138,백록주유소,SK에너지,제주 제주시,제주,제주시,제주 제주시 연삼로 433,1,0,1,064-724-6352
A0031139,삼화석유㈜ 한신Self주유소,SK에너지,제주 서귀포시,제주,서귀포시,제주 서귀포시 천제연로 77,1,0,1,064-739-4941
A0031141,삼화석유(주)에이스주유소,SK에너지,제주 서귀포시,제주,서귀포시,제주 서귀포시 일주동로 8513,1,0,1,064-732-5145
A0031144,삼화석유(주)천마Self주유소,SK에너지,제주 제주시,제주,제주시,제주 제주시 임항로 94,1,0,1,064-753-8866
A0031145,서경주유소,SK에너지,제주 제주시,제주,제주시,제주 제주시 월광로 125 (노형동),0,0,1,064-712-9967
A0031146,삼화석유(주)행복날개주유소,SK에너지,제주 제주시,제주,제주시,제주 제주시 용문로 12 (용담이동),0,0,1,064-711-5184
A0031149,내트럭(주)제주사업소,SK에너지,제주 제주시,제주,제주시,제주 제주시 번영로 345,1,0,1,064-756-3005
A0031154,현대오일뱅크 오름주유소,HD현대오일뱅크,제주 제주시,제주,제주시,제주 제주시 연북로 209,0,0,0,064-746-6565
A0031155,삼화석유(주)유공주유소,SK에너지,제주 제주시,제주,제주시,제주 제주시 노형로 364 (노형동),1,0,1,064-743-3442
A0031158,선반내주유소,HD현대오일뱅크,제주 서귀포시,제주,서귀포시,제주 서귀포시  일주동로 8780 (서홍동),0,0,0,064-739-5008
A0031159,빛나는주유소,HD현대오일뱅크,제주 제주시,제주,제주시,제주 제주시 노형로 26,1,0,0,064-747-5189
A0031160,삼화석유㈜도평주유소,SK에너지,제주 제주시,제주,제주시,제주 제주시 우평로 197,1,0,1,064-712-3112
A0031161,(주)태흥주유소,알뜰주유소,제주 서귀포시,제주,서귀포시,제주특별자치도 서귀포시 남원읍 태위로 990,0,1,1,064-764-5151
A0031166,대성주유소,HD현대오일뱅크,부산 남구,부산,남구,부산광역시 남구 문현로 67 (문현동),0,0,0,051-634-0668
A0031169,공항대로주유소,알뜰주유소,부산 강서구,부산,강서구,부산 강서구 공항로 1217 (대저1동),1,0,1,051-973-8122
A0031172,지피에스㈜ 사랑드림주유소,S-OIL,부산 남구,부산,남구,부산 남구 황령대로 343,1,0,0,051-622-5182
A0031176,동명주유소,S-OIL,부산 남구,부산,남구,부산광역시 남구 전포대로 7 (문현동) 동명주유소,0,0,0,051-646-4390
A0031181,마린타이거주유소,GS칼텍스,부산 수영구,부산,수영구,부산 수영구 광남로 241 (민락동),1,0,0,051-756-0903
A0031184,롯데주유소,HD현대오일뱅크,경남 김해시,경남,김해시,경남 김해시 가야로 469,1,0,0,055-333-5191
A0031185,대성주유소,HD현대오일뱅크,경남 김해시,경남,김해시,경남 김해시 주촌면 골든루트로66번길 101,1,0,0,055-326-2042
A0031191,구도일주유소용호,S-OIL,부산 남구,부산,남구,부산 남구 용호로 172 (용호동),1,0,0,051-611-5191
A0031192,분포셀프주유소,SK에너지,부산 남구,부산,남구,부산 남구 용호로 116,1,0,0,051-627-5151
A0031200,동산휴게소주유소,SK에너지,울산 울주군,울산,울주군,울산 울주군 두서면 반구대로 2319,0,0,0,052-254-5108
A0031202,문장주유소,S-OIL,경기 여주시,경기,여주시,경기 여주시 흥천면 이여로 924,0,0,0,031-884-6114
A0031209,웅촌구도일제2주유소,S-OIL,울산 울주군,울산,울주군,울산 울주군 웅촌면 웅촌로 29,1,0,0,052-700-9676
A0031214,하얀100연산주유소,SK에너지,부산 연제구,부산,연제구,부산 연제구 반송로 68,1,0,1,051-868-5252
A0031218,CJ대한통운㈜ 울산중구 P-OIL,S-OIL,울산 중구,울산,중구,울산 중구 북부순환도로 649,1,0,0,052-295-9551
A0031226,대일주유소,GS칼텍스,부산 남구,부산,남구,부산 남구 황령대로 401-2 (대연동),1,0,0,051-627-0727
A0031234,오일뱅크 실전주유소,HD현대오일뱅크,경남 거제시,경남,거제시,경남 거제시 하청면 거제북로 893,0,0,0,055-636-1151
A0031248,금호주유소,SK에너지,부산 수영구,부산,수영구,"부산 수영구 과정로 4,  (망미동)",0,0,0,051-756-3792
A0031251,(주)경인에너지 광안리주유소,S-OIL,부산 수영구,부산,수영구,부산 수영구 광남로 83,1,0,1,051-754-9799
A0031253,명지주유소,SK에너지,부산 강서구,부산,강서구,부산 강서구 낙동남로 1042,0,0,0,051-271-2828
A0031255,오시리아주유소,HD현대오일뱅크,부산 해운대구,부산,해운대구,부산 해운대구 해운대로 1226 (송정동),1,0,0,051-703-5025
A0031256,금융단지주유소,HD현대오일뱅크,부산 남구,부산,남구,부산 남구 황령대로98번길 75 (문현동),0,0,0,051-633-5117
A0031260,(주)북정주유소,S-OIL,경남 양산시,경남,양산시,경남 양산시 양산대로 1101 (북정동),0,0,0,055-386-5151
A0031273,아인주유소,S-OIL,충남 금산군,충남,금산군,충남 금산군 금산읍 진산로 31,1,0,0,041-751-5179
A0031274,동양산업㈜신덕우리주유소,GS칼텍스,경기 화성시,경기,화성시,경기 화성시 만세구 팔탄면 포승향남로 2295,0,0,1,070-4279-0054
A0031275,하이테크Self주유소,HD현대오일뱅크,울산 울주군,울산,울주군,울산 울주군 삼남면 반구대로 133,1,0,0,052-221-0051
A0031278,한양 브라보주유소,알뜰주유소,부산 해운대구,부산,해운대구,부산 해운대구 해운대로 1238 (송정동),1,0,0,051-703-5451
A0031284,(주)세왕에너지 세진주유소,SK에너지,부산 수영구,부산,수영구,부산 수영구 광남로 176,1,0,0,051-755-8188
A0031287,천보주유소,S-OIL,전남광주 북구,전남광주,북구,전남광주통합특별시 북구 우치로 812 (용전동),0,0,0,062-571-9777
A0031295,로또주유소,S-OIL,경북 경주시,경북,경주시,경북 경주시 건천읍 대경로 3577,1,0,0,054-751-5189
A0031301,금련산주유소,S-OIL,부산 수영구,부산,수영구,부산 수영구 수영로 491 (남천동),0,0,0,051-621-5189
A0031302,성지셀프주유소,SK에너지,부산 남구,부산,남구,부산 남구 유엔로 42,1,0,0,051-636-0051
A0031310,송정역주유소,S-OIL,부산 해운대구,부산,해운대구,부산 해운대구 해운대로 1217,1,0,0,051-717-3070
A0031312,(주)이엠석유 대흥주유소,GS칼텍스,부산 해운대구,부산,해운대구,부산 해운대구 좌동순환로 419 (중동),1,0,1,051-731-3675
A0031315,구도일주유소 센텀시티,S-OIL,부산 해운대구,부산,해운대구,부산 해운대구 해운대로 285 (우동),1,0,1,051-742-0882
A0031318,땡큐망미주유소,S-OIL,부산 수영구,부산,수영구,부산 수영구  연수로 254 (망미동),1,0,0,051-752-6056
A0031320,지에스칼텍스(주) 언덕주유소,GS칼텍스,부산 수영구,부산,수영구,부산 수영구 연수로 239,1,0,1,051-757-6100
A0031323,(주)대양씨앤씨 달맞이주유소,GS칼텍스,부산 해운대구,부산,해운대구,부산 해운대구 달맞이길 57 (중동),1,0,0,051-747-8481
A0031326,은마석유주식회사,GS칼텍스,부산 남구,부산,남구,부산 남구 신선로 351,1,0,1,051-628-4323
A0031327,공단신도시주유소,HD현대오일뱅크,부산 기장군,부산,기장군,부산 기장군 정관면 정관로 835,1,0,0,051-728-4686
A0031329,㈜문화주유소,GS칼텍스,부산 남구,부산,남구,부산 남구 유엔로 155,1,0,1,051-621-2416
A0031332,㈜서광종합상사 고연주유소,HD현대오일뱅크,경남 양산시,경남,양산시,경남 양산시 웅상대로 1533 (용당동),0,0,0,055-386-7952
A0031334,(주)청유주유소,SK에너지,부산 수영구,부산,수영구,부산 수영구 좌수영로 147 (망미동),1,0,0,051-757-8806
A0031335,반송제일주유소,알뜰주유소,부산 해운대구,부산,해운대구,부산 해운대구 반송로 780,1,0,1,051-531-3885
A0031336,(주)조은하루주유소,S-OIL,부산 해운대구,부산,해운대구,부산 해운대구 해운대로 551 (우동),1,0,0,051-741-5189
A0031339,미소셀프주유소,S-OIL,경남 창원시,경남,창원시,경남 창원시 마산회원구 내서읍 경남대로 570,1,0,0,055-299-5900
A0031343,(주)지엠지 우경주유소,S-OIL,부산 사상구,부산,사상구,부산 사상구 백양대로 477 (주례동),1,0,1,051-312-0951
A0031353,우암로셀프주유소,HD현대오일뱅크,부산 남구,부산,남구,부산 남구 우암로 232,1,0,1,051-643-5363
A0031357,SK에너지(주) 돌고래주유소,SK에너지,부산 해운대구,부산,해운대구,부산 해운대구 해운대로573번길 16,0,0,1,051-747-5190
A0031358,SK에너지(주) 마리나주유소,SK에너지,부산 해운대구,부산,해운대구,부산 해운대구 해운대로 345 (우동),1,0,1,051-747-5181
A0031359,SK에너지(주)강일주유소,SK에너지,부산 수영구,부산,수영구,부산 수영구 연수로 411,1,0,1,051-752-6371
A0031361,대양석유㈜신도시주유소,SK에너지,부산 해운대구,부산,해운대구,부산 해운대구 대천로 82 (좌동),1,0,1,051-702-5184
A0031362,동부산셀프주유소,GS칼텍스,부산 해운대구,부산,해운대구,부산 해운대구 반송로 875 (반송동),1,0,0,051-543-1273
A0031363,은마석유㈜ 용당CY주유소,GS칼텍스,부산 남구,부산,남구,부산 남구 신선로 392,1,0,1,051-622-5121
A0031367,대양산업(주)대영주유소,GS칼텍스,부산 수영구,부산,수영구,부산 수영구 수영로 731,1,0,1,051-753-0360
A0031370,인터지스(주)인터지스주유소,HD현대오일뱅크,부산 남구,부산,남구,부산 남구 신선로 173 (감만동),0,0,0,051-611-7611
A0031374,킴스에너지㈜ 직영 메가시티주유소,HD현대오일뱅크,부산 해운대구,부산,해운대구,부산 해운대구 반송로 781,1,0,0,051-522-2590
A0031376,삼양주유소,GS칼텍스,부산 해운대구,부산,해운대구,부산 해운대구 해운대로 1249 (송정동),1,0,0,051-704-5149
A0031377,CJ대한통운㈜ 센텀킹 P-OIL,S-OIL,부산 해운대구,부산,해운대구,부산 해운대구 반송로 782,1,0,0,051-525-5189
A0031380,내트럭(주)부산사업소,SK에너지,부산 남구,부산,남구,부산 남구 신선로 168,0,0,1,051-638-3971
A0031391,지에스칼텍스㈜ 유엔주유소,GS칼텍스,부산 남구,부산,남구,부산 남구 유엔로 202,1,0,1,051-625-1140
A0031392,광신석유(주)직영 수영강변대로주유소,SK에너지,부산 해운대구,부산,해운대구,부산 해운대구 수영강변대로 568,1,0,0,051-529-1100
A0031393,내트럭(주)부산용당,SK에너지,부산 남구,부산,남구,부산 남구 신선로 261,0,0,1,051-931-8001
A0031394,동방석유㈜ 직영 해변주유소,SK에너지,부산 해운대구,부산,해운대구,부산 해운대구 해운대로 592 (우동),1,0,1,051-741-2581
A0031397,에스씨(주) 마리나타운주유소,GS칼텍스,부산 해운대구,부산,해운대구,부산 해운대구 해운대해변로 44 (우동),0,0,1,051-741-7030
A0031398,북항대교주유소,S-OIL,부산 남구,부산,남구,부산 남구  신선로 316 (용당동),1,0,0,051-628-5152
A0031399,금강석유(주) 영웅주유소,HD현대오일뱅크,부산 남구,부산,남구,부산 남구 황령대로 346 (대연동),1,0,0,051-627-0180
A0031400,(주)경인석유,SK에너지,부산 남구,부산,남구,부산 남구 신선로 448,1,0,0,051-626-2426
A0031402,부산항 주유소,S-OIL,부산 남구,부산,남구,부산 남구 신선로 387 (용당동),1,0,0,051-623-5189
A0031404,내리주유소,HD현대오일뱅크,부산 기장군,부산,기장군,부산 기장군 기장읍 기장대로 84,1,0,0,051-722-7363
A0031410,㈜영원석유 하늘주유소,GS칼텍스,부산 해운대구,부산,해운대구,부산 해운대구 해운대로 1184,1,0,0,051-704-0980
A0031416,지에스칼텍스㈜ 인성셀프주유소,GS칼텍스,부산 수영구,부산,수영구,부산 수영구 연수로 250,1,0,1,051-752-9475
A0031417,충렬주유소,S-OIL,부산 동래구,부산,동래구,부산 동래구 충렬대로 463,1,0,0,051-522-0569
A0031421,신촌셀프주유소,S-OIL,부산 해운대구,부산,해운대구,부산 해운대구 반여로 153 (반여동),1,0,1,051-523-5151
A0031427,선암주유소,알뜰주유소,부산 기장군,부산,기장군,부산 기장군 장안읍 기장대로 1453,1,0,1,051-727-1212
A0031428,솔밭주유소,SK에너지,부산 기장군,부산,기장군,부산 기장군 장안읍 하근3길 8,1,0,0,051-727-7277
A0031429,명례주유소,HD현대오일뱅크,부산 기장군,부산,기장군,부산 기장군 장안읍 기장대로 2217,0,0,0,051-727-5120
A0031437,HD현대오일뱅크㈜직영 센텀셀프주유소,HD현대오일뱅크,부산 해운대구,부산,해운대구,부산 해운대구 해운대로 179 (재송동),1,0,1,051-784-0293
A0031438,인성주유소,SK에너지,경남 사천시,경남,사천시,경남 사천시 삼천포대교로 632,0,0,0,055-835-7660
A0031443,장전주유소,SK에너지,경남 창원시,경남,창원시,경남 창원시 진해구 진해대로 1108,1,0,0,055-551-6051
A0031444,학동주유소,SK에너지,경남 사천시,경남,사천시,경남 사천시 정동면 상정대로 2061,0,0,0,055-855-0889
A0031449,삼일주유소,GS칼텍스,경남 사천시,경남,사천시,경남 사천시 삼천포대교로 588 (좌룡동),0,0,0,055-832-5454
A0031452,청양주유소,SK에너지,경남 사천시,경남,사천시,경남 사천시 남일로 128 (향촌동),0,0,0,055-832-0301
A0031454,남척주유소(사천),SK에너지,경남 사천시,경남,사천시,경남 사천시 삼천포대교로 892 (송포동),0,0,0,055-834-3345
A0031456,곤양주유소(현대),HD현대오일뱅크,경남 사천시,경남,사천시,경남 사천시 곤양면 곤양로 94,0,0,0,055-853-0900
A0031466,용현농협주유소,NH-OIL,경남 사천시,경남,사천시,경남 사천시 용현면 진삼로 640,0,0,1,055-834-0179
A0031467,서포농협서포주유소,NH-OIL,경남 사천시,경남,사천시,경남 사천시 서포면 서포로 322,0,0,1,055-853-1507
A0031468,동경주유소,SK에너지,경북 영덕군,경북,영덕군,경북 영덕군 강구면 동해대로 4791,0,0,0,054-734-3200
A0031470,삼일주유소(SK),SK에너지,울산 북구,울산,북구,울산 북구 동해안로 1697 (산하동),0,0,0,052-298-3100
A0031472,소나무주유소,SK에너지,울산 울주군,울산,울주군,울산 울주군 언양읍 언양로 529,0,0,0,052-263-9000
A0031476,인보주유소,S-OIL,울산 울주군,울산,울주군,울산 울주군 두서면 노동길 17,0,0,0,052-262-6003
A0031479,CJ대한통운㈜ 태화강 P-OIL,SK에너지,울산 남구,울산,남구,울산 남구 남산로 322,1,0,0,052-268-5150
A0031488,한진주유소,SK에너지,울산 남구,울산,남구,울산 남구 월평로 141 (신정동),1,0,0,052-261-4477
A0031489,통도IC주유소,S-OIL,울산 울주군,울산,울주군,울산 울주군 삼남면 반구대로 38,1,0,0,055-372-6336
A0031490,행운주유소,SK에너지,울산 중구,울산,중구,울산 중구 구교로 137 (반구동),1,0,0,052-293-6351
A0031491,남목주유소,알뜰주유소,울산 동구,울산,동구,울산 동구 방어진순환도로 1208 (서부동),1,0,1,052-252-1102
A0031492,대경산업㈜보경주유소,GS칼텍스,울산 북구,울산,북구,울산 북구 산업로 1602,1,0,0,052-295-5111
A0031497,신천셀프주유소,알뜰주유소,울산 북구,울산,북구,울산 북구 산업로 1481 (신천동),1,0,1,052-295-1100
A0031498,하나주유소,SK에너지,울산 중구,울산,중구,울산 중구 가구거리 85 (반구동),0,0,0,052-242-1111
A0031505,태평양주유소,S-OIL,울산 울주군,울산,울주군,울산 울주군 해맞이로 1701,1,0,0,052-266-4916
A0031509,청원주유소,S-OIL,울산 울주군,울산,울주군,울산 울주군 상북면 석남로 864,0,0,0,052-254-9200
A0031510,차세대주유소(주),GS칼텍스,울산 중구,울산,중구,울산 중구 구교로 170 (반구동),1,0,0,052-293-6666
A0031513,동주유소,GS칼텍스,울산 동구,울산,동구,울산 동구 방어진순환도로 431 (방어동),0,0,0,052-201-3400
A0031515,덕하에너지 주식회사,S-OIL,울산 울주군,울산,울주군,울산 울주군 청량면 온산로 704,1,0,0,052-258-5767
A0031516,부성주유소,S-OIL,울산 울주군,울산,울주군,울산 울주군 삼동면 삼동로 1262,0,0,1,052-254-0671
A0031521,북울산주유소,GS칼텍스,울산 북구,울산,북구,울산 북구 산업로 1180 (송정동),1,0,0,052-294-5191
A0031526,울산주유소,S-OIL,울산 중구,울산,중구,울산 중구 구교로 83 (학성동),1,0,0,052-293-8104
A0031528,㈜세영티엠에스 남부순환로 주유소,S-OIL,울산 울주군,울산,울주군,울산 울주군 청량면 남부순환도로 240,1,0,0,052-257-3351
A0031530,스카이주유소,알뜰주유소,울산 중구,울산,중구,울산 중구 성안로 157 (성안동),1,1,1,052-246-5301
A0031533,동아주유소,GS칼텍스,울산 중구,울산,중구,울산 중구 다운로 166,1,0,0,052-267-5145
A0031534,성내삼거리주유소,S-OIL,울산 북구,울산,북구,울산 북구 방어진순환도로 1453,1,0,1,052-288-5182
A0031540,연암제일주유소,GS칼텍스,울산 북구,울산,북구,울산 북구 무룡로 76 (연암동),1,0,1,052-283-0888
A0031547,대양석유㈜혁신셀프주유소,SK에너지,울산 중구,울산,중구,울산 중구 북부순환도로 492 (교동),1,0,1,052-244-5101
A0031548,구도일주유소 대학로,S-OIL,울산 남구,울산,남구,울산 남구 대학로 116 (무거동),1,0,0,052-277-9333
A0031550,CJ대한통운㈜ 노바울산 P-OIL,S-OIL,울산 북구,울산,북구,울산 북구 산업로 1707 (중산동),1,0,0,052-286-5152
A0031557,신천주유소,SK에너지,경남 김해시,경남,김해시,경남 김해시 한림면 김해대로 1419,0,0,0,055-343-0056
A0031558,북부순환주유소,SK에너지,울산 중구,울산,중구,울산 중구 북부순환도로 194,1,0,0,052-223-4480
A0031559,행운주유소,S-OIL,경남 김해시,경남,김해시,경남 김해시 상동면 상동로 295,0,0,0,055-323-6831
A0031560,경암주유소 ㈜소명에너지스,S-OIL,울산 중구,울산,중구,울산 중구 북부순환도로 147,1,0,1,052-225-5104
A0031562,삼호주유소,SK에너지,울산 울주군,울산,울주군,울산 울주군 범서읍 울밀로 2812,1,0,0,052-221-2245
A0031564,조일주유소,S-OIL,울산 울주군,울산,울주군,울산 울주군 삼동면 삼동로 176,1,0,0,052-254-4700
A0031576,미림주유소,SK에너지,울산 중구,울산,중구,울산 중구 태화로 119 (태화동),1,0,0,052-247-3232
A0031579,(주)하성에너지 이동지점,S-OIL,경북 포항시,경북,포항시,경북 포항시 남구 희망대로 240 (이동),1,0,0,054-281-8251
A0031585,진성주유소,SK에너지,경남 창원시,경남,창원시,경남 창원시 마산회원구 내서읍 함마대로 2878,1,0,1,055-231-1139
A0031586,다향주유소,HD현대오일뱅크,울산 중구,울산,중구,울산 중구 북부순환도로 189 (태화동),1,0,1,052-224-5050
A0031593,연암주유소,HD현대오일뱅크,울산 북구,울산,북구,울산 북구 북부순환도로 1159,1,0,0,052-288-3686
A0031594,럭키스파밸리 직영주유소,알뜰주유소,울산 울주군,울산,울주군,울산 울주군 범서읍 울밀로 2844,1,1,1,052-224-4300
A0031608,정다운주유소,SK에너지,울산 중구,울산,중구,울산 중구 명륜로 125 (교동),1,0,0,052-243-8560
A0031610,공항주유소,S-OIL,울산 북구,울산,북구,울산 북구 산업로 1102 (송정동),1,0,0,052-289-3600
A0031612,굿모닝주유소,S-OIL,울산 울주군,울산,울주군,울산 울주군 두동면 대밀길 39,0,0,0,052-263-2201
A0031618,케이티엑스(주) 태화루주유소,HD현대오일뱅크,울산 중구,울산,중구,울산 중구 태화로 161,1,0,0,052-245-6162
A0031621,주식회사 동해주유소,GS칼텍스,울산 북구,울산,북구,울산 북구 동해안로 1539 (정자동),0,0,0,052-298-9995
A0031624,영남주유소,SK에너지,울산 북구,울산,북구,울산 북구 무룡1로 110 (연암동),1,0,0,052-288-1447
A0031629,(주)비에스이,SK에너지,울산 울주군,울산,울주군,울산 울주군 삼동로 64,0,0,0,055-372-3335
A0031631,만수르에너지,HD현대오일뱅크,울산 울주군,울산,울주군,울산 울주군 삼남면 반구대로 498,1,0,0,052-262-1133
A0031636,방기주유소,S-OIL,울산 울주군,울산,울주군,울산 울주군 삼남면 하방로 26,1,0,0,055-382-6682
A0031637,언양주유소,SK에너지,울산 울주군,울산,울주군,울산 울주군 언양읍 남천로 224,1,0,0,052-263-5151
A0031638,형제주유소,SK에너지,울산 북구,울산,북구,울산 북구 무룡로 90 (연암동),1,0,0,052-287-0025
A0031639,㈜대영주유소,S-OIL,울산 중구,울산,중구,울산 중구 북부순환도로 730,1,0,0,052-292-6124
A0031640,양정주유소,HD현대오일뱅크,울산 북구,울산,북구,울산 북구 염포로 499 (양정동),0,0,0,052-288-5144
A0031643,그린주유소,HD현대오일뱅크,울산 동구,울산,동구,울산 동구 방어진순환도로 410 (방어동),1,0,0,052-201-5188
A0031645,한마음주유소,HD현대오일뱅크,울산 동구,울산,동구,울산 동구 방어진순환도로 424 (방어동),1,0,0,052-201-5100
A0031647,동울산주유소,알뜰주유소,울산 동구,울산,동구,울산 동구 방어진순환도로 753,1,0,1,052-233-7000
A0031648,청송주유소,S-OIL,울산 울주군,울산,울주군,울산 울주군 온산읍 덕신로 241,1,0,0,052-237-5189
A0031649,유성주유소,SK에너지,울산 북구,울산,북구,울산 북구 산업로 1433 (신천동),1,0,0,052-285-2000
A0031650,남주유소,SK에너지,울산 울주군,울산,울주군,울산 울주군 삼남면 중남로 100,0,0,0,052-264-3000
A0031652,능산주유소,SK에너지,울산 울주군,울산,울주군,울산 울주군 상북면 상북로 90,0,0,0,052-262-3122
A0031654,강변주유소,GS칼텍스,울산 울주군,울산,울주군,울산 울주군 삼남면 중평로 85,0,0,0,052-262-1357
A0031655,성산주유소,SK에너지,울산 울주군,울산,울주군,울산 울주군 범서읍 관문로 600,0,0,0,052-215-8662
A0031656,성일주유소,S-OIL,울산 울주군,울산,울주군,울산 울주군 언양읍 반구대로 1303,1,0,0,052-262-1006
A0031657,강남주유소,S-OIL,울산 울주군,울산,울주군,울산 울주군 삼남면 반구대로 682,1,0,0,052-262-0066
A0031658,범서주유소,HD현대오일뱅크,울산 울주군,울산,울주군,울산 울주군 범서읍 송현길 83,1,0,0,052-248-9944
A0031660,BNJ㈜만수르에너지 반천점,HD현대오일뱅크,울산 울주군,울산,울주군,울산 울주군 언양읍 언양로 368,1,0,0,052-254-0660
A0031667,(주)화주유소,S-OIL,울산 중구,울산,중구,울산 중구 태화로 248,1,0,1,052-248-3325
A0031669,기분좋은주유소,GS칼텍스,울산 울주군,울산,울주군,울산 울주군 범서읍 울밀로 2330,1,0,0,052-243-2051
A0031671,상북농협주유소,NH-OIL,울산 울주군,울산,울주군,울산광역시 울주군 상북면 길천산업로 139,1,0,1,052-263-0055
A0031672,한마음새마을금고주유소,S-OIL,울산 동구,울산,동구,울산 동구 방어진순환도로 420,1,0,1,052-201-4000
A0031679,현대오일뱅크㈜직영 울산셀프주유소,HD현대오일뱅크,울산 동구,울산,동구,울산 동구 방어진순환도로 1025,1,0,1,052-251-8873
A0031682,대양석유(주)해룡주유소,SK에너지,울산 울주군,울산,울주군,울산 울주군 범서읍 울밀로 2373,1,0,1,052-248-8551
A0031692,온누리주유소,SK에너지,울산 북구,울산,북구,울산 북구 신답로 31 (상안동),1,0,0,052-294-0015
A0031693,지에스칼텍스(주) 무룡산셀프주유소,GS칼텍스,울산 북구,울산,북구,울산 북구 무룡1로 105 (연암동),1,0,1,052-288-9379
A0031707,백양주유소,HD현대오일뱅크,울산 중구,울산,중구,울산 중구 성안로 150,1,0,1,052-244-2600
A0031709,서안오토모티브(주) 효문지점 직영주유소,HD현대오일뱅크,울산 북구,울산,북구,울산 북구 공단길 20-4,0,0,0,052-287-3721
A0031710,울산KTX셀프주유소,HD현대오일뱅크,울산 울주군,울산,울주군,울산 울주군 언양읍 언양로 136,1,0,1,052-263-9400
A0031711,대양석유㈜언양행복셀프주유소,SK에너지,울산 울주군,울산,울주군,울산 울주군 언양읍 언양로 106,1,0,1,052-264-0303
A0031713,태원디앤씨(주)태원주유소,HD현대오일뱅크,울산 울주군,울산,울주군,울산광역시 울주군 두동로 348,0,0,0,052-211-9288
A0031717,동진주유소,SK에너지,부산 금정구,부산,금정구,"부산 금정구 금정로 216,  (구서동)",1,0,0,051-515-5007
A0031723,HD현대오일뱅크㈜직영 장산IC주유소,HD현대오일뱅크,부산 해운대구,부산,해운대구,부산 해운대구 양운로 107 (좌동),0,0,1,051-704-5189
A0031735,솔례주유소,S-OIL,대구 달성군,대구,달성군,대구 달성군 현풍면 과학북로 380,0,0,0,053-611-5155
A0031737,동양주유소,GS칼텍스,경남 양산시,경남,양산시,경남 양산시 상북면 상북중앙로 132,0,0,0,055-375-0117
A0031738,태양주유소,S-OIL,경남 사천시,경남,사천시,경남 사천시 사천대로 706 (노룡동),1,0,0,055-833-5200
A0031742,식물원주유소,S-OIL,부산 금정구,부산,금정구,부산 금정구 금샘로 21 (장전동),0,0,0,051-515-5189
A0031751,세방주유소,HD현대오일뱅크,부산 기장군,부산,기장군,부산 기장군 일광면 기장대로 1195,1,0,0,051-727-0016
A0031752,한성주유소,S-OIL,울산 울주군,울산,울주군,울산 울주군 웅촌면 곡천검단로 207,1,0,1,052-260-5153
A0031754,대동주유소,S-OIL,경남 양산시,경남,양산시,경남 양산시 어실로 165 (어곡동),0,0,0,055-387-5152
A0031756,장안IC(하)주유소,SK에너지,부산 기장군,부산,기장군,부산 기장군 장안읍 기장대로 1615,0,0,0,051-728-5189
A0031757,대진주유소,SK에너지,경남 양산시,경남,양산시,경남 양산시 웅상대로 745 (덕계동),1,0,0,055-387-5525
A0031769,환타지아주유소,SK에너지,경남 양산시,경남,양산시,경남 양산시 하북면 양산대로 2270,0,0,0,055-381-0077
A0031775,물금주유소,S-OIL,경남 양산시,경남,양산시,경남 양산시 물금읍 황산로 501,0,0,0,055-381-3366
A0031777,동안주유소,S-OIL,경남 양산시,경남,양산시,경남 양산시 어실로 195,1,0,1,055-387-0600
A0031782,시원석유㈜ 양산주유소,S-OIL,경남 양산시,경남,양산시,경남 양산시 상북면 양산대로 1449,1,0,0,000-0000-0000
A0031785,한길주유소 상북점 한솔유화㈜,HD현대오일뱅크,경남 양산시,경남,양산시,경남 양산시 상북면 양산대로 1354,1,0,1,055-374-9973
A0031788,강변주유소,SK에너지,경남 양산시,경남,양산시,경남 양산시 상북면 양산대로 1545,1,0,0,055-374-5100
A0031797,새양산IC주유소,GS칼텍스,경남 양산시,경남,양산시,경남 양산시 상북면 어곡터널로 181,1,0,0,055-382-5544
A0031798,백운1주유소,GS칼텍스,부산 기장군,부산,기장군,부산 기장군 정관면 정관로 779,1,0,0,051-728-4433
A0031801,경덕주유소,알뜰주유소,부산 북구,부산,북구,부산 북구 시랑로 58 (구포동),1,0,1,051-343-2121
A0031806,양산제일주유소,S-OIL,경남 양산시,경남,양산시,경남 양산시 중앙로 33,0,0,0,055-386-0080
A0031809,호산나주유소,S-OIL,경남 거제시,경남,거제시,경남 거제시 거제면 읍내로 361-3,0,0,0,0
A0031813,장안IC(상)주유소,SK에너지,부산 기장군,부산,기장군,부산 기장군 장안읍 기장대로 1586,1,0,0,051-728-6161
A0031821,신아시아드주유소/충전소 은마석유㈜,GS칼텍스,부산 기장군,부산,기장군,부산 기장군 일광면 기장대로 996,1,0,1,051-722-8701
A0031825,부자주유소,HD현대오일뱅크,경남 양산시,경남,양산시,경남 양산시 중앙로 19,1,0,0,055-384-5145
A0031827,위너스주유소,SK에너지,경남 양산시,경남,양산시,경남 양산시 웅상대로 863 (덕계동),1,0,1,055-387-9790
A0031828,태흥주유소,S-OIL,경남 김해시,경남,김해시,경남 김해시 주촌면 서부로 1329,0,0,0,055-311-9998
A0031829,뉴장안IC주유소,S-OIL,부산 기장군,부산,기장군,부산 기장군 장안읍 좌동길 45,1,0,0,051-728-3838
A0031830,의학원self주유소,SK에너지,부산 기장군,부산,기장군,부산 기장군 장안읍 좌동길 47,1,0,0,051-728-1212
A0031831,남양산 IC 주유소,SK에너지,경남 양산시,경남,양산시,경남 양산시 동면 양산대로 538,0,0,0,055-387-0222
A0031840,포유주유소,GS칼텍스,경남 양산시,경남,양산시,경남 양산시 어곡터널로 40 (유산동),1,0,0,055-385-0110
A0031845,다복주유소,SK에너지,경남 양산시,경남,양산시,경남 양산시 노포사송로 828,1,0,0,055-781-1051
A0031846,동해고속주유소,GS칼텍스,경남 양산시,경남,양산시,경남 양산시 웅상대로 1000,1,0,1,055-366-1940
A0031850,기장수협주유소,SK에너지,부산 기장군,부산,기장군,부산 기장군 기장읍 기장해안로 426,0,0,0,051-721-1813
A0031860,안평주유소,S-OIL,부산 기장군,부산,기장군,부산 기장군 철마면 반송로 1300,0,0,0,051-722-7979
A0031861,기분조은주유소,SK에너지,부산 기장군,부산,기장군,부산 기장군 정관면 정관로 787,1,0,0,051-728-5166
A0031864,대경주유소,HD현대오일뱅크,경남 양산시,경남,양산시,경남 양산시 충렬로 221 (유산동),0,0,0,055-381-9221
A0031874,양산목련주유소,S-OIL,경남 양산시,경남,양산시,경남 양산시 남부로 29 (남부동),0,0,0,055-365-9080
A0031876,㈜진진에너지,SK에너지,부산 금정구,부산,금정구,부산 금정구 반송로 364 (서동),1,0,0,051-532-5157
A0031893,훼미리알뜰주유소,알뜰주유소,부산 금정구,부산,금정구,부산 금정구 두실로 2,1,0,1,051-582-5882
A0031894,삼성셀프주유소,S-OIL,부산 기장군,부산,기장군,부산 기장군 일광면 기장대로 677,1,0,0,051-722-5160
A0031900,영신주유소,GS칼텍스,경남 양산시,경남,양산시,경남 양산시 하북면 양산대로 1937,0,0,0,055-375-9644
A0031903,삼거리주유소,HD현대오일뱅크,부산 기장군,부산,기장군,부산 기장군 기장읍 반송로 1653,0,0,0,051-721-8411
A0031911,유명주유소,S-OIL,경남 양산시,경남,양산시,경남 양산시 웅상대로 811 (덕계동),1,0,0,055-387-3350
A0031912,태양주유소,GS칼텍스,부산 기장군,부산,기장군,부산 기장군 기장읍 대변로 13,1,0,0,051-724-5189
A0031916,갤러리주유소,S-OIL,경기 남양주시,경기,남양주시,경기 남양주시 오남읍 양지로 13,1,0,0,031-527-5853
A0031922,(주)성우에너지 웅상대로주유소,S-OIL,경남 양산시,경남,양산시,경남 양산시 웅상대로 1125  (명동),1,0,0,055-364-6001
A0031923,양산IC주유소,알뜰주유소,경남 양산시,경남,양산시,경남 양산시 공단로 51 (북정동),1,0,1,055-363-8911
A0031925,공단주유소,HD현대오일뱅크,부산 기장군,부산,기장군,부산 기장군 정관면 정관로 833,0,0,0,051-727-1334
A0031928,구도일주유소 다방,S-OIL,경남 양산시,경남,양산시,경남 양산시 다방길 15 (다방동),0,0,0,055-382-3418
A0031930,꿈나무주유소,HD현대오일뱅크,경남 양산시,경남,양산시,경남 양산시 웅상대로 1313 (삼호동),0,0,0,055-385-5474
A0031931,대영주유소,GS칼텍스,부산 기장군,부산,기장군,부산 기장군 정관면 정관로 249,1,0,0,070-4647-4109
A0031933,국제주유소,S-OIL,부산 기장군,부산,기장군,부산 기장군 일광면 기장대로 1291,1,0,0,051-727-8875
A0031934,신화주유소,HD현대오일뱅크,부산 금정구,부산,금정구,부산 금정구 금강로 721,1,0,0,051-515-1997
A0031935,기장IC주유소,SK에너지,부산 기장군,부산,기장군,부산 기장군 일광면 기장대로 670,1,0,0,051-724-4841
A0031937,삼호주유소,GS칼텍스,경남 양산시,경남,양산시,경남 양산시 서창로 226 (삼호동),0,0,0,055-365-1417
A0031939,호림주유소,HD현대오일뱅크,경남 양산시,경남,양산시,경남 양산시 하북면 양산대로 2525,0,0,0,055-382-5777
A0031941,(주)동남주유소,GS칼텍스,부산 기장군,부산,기장군,부산 기장군 철마면 반송로 983,1,0,0,051-722-9900
A0031943,우리주유소,S-OIL,경남 양산시,경남,양산시,경남 양산시 하북면 삼동로 43,1,0,0,055-372-5185
A0031945,태종석유 석산알뜰주유소,알뜰주유소,경남 양산시,경남,양산시,경남 양산시 동면 양산대로 505,1,0,0,055-367-5151
A0031946,금두꺼비주유소,알뜰주유소,부산 금정구,부산,금정구,부산광역시 금정구  부곡로 67 (부곡동),1,1,1,051-583-6433
A0031947,양산주유소,SK에너지,경남 양산시,경남,양산시,경남 양산시 중앙로 192 (북부동),1,0,0,055-385-2246
A0031952,청룡명품주유소,HD현대오일뱅크,부산 금정구,부산,금정구,부산 금정구 중앙대로 2130,1,0,1,051-508-5150
A0031953,창암주유소 ㈜부산뱅커앤오일,S-OIL,부산 기장군,부산,기장군,부산 기장군 정관면 신정관로 188,1,0,0,051-727-3332
A0031954,창암2주유소,자가상표,부산 기장군,부산,기장군,부산 기장군 정관면 신정관로 188,0,0,0,051-727-3332
A0031957,양산오일컴㈜,S-OIL,경남 양산시,경남,양산시,경남 양산시 하북면 양산대로 1964,1,0,0,055-000-0000
A0031959,양산에너지마트주유소,알뜰주유소,경남 양산시,경남,양산시,경남 양산시 양산역5길 2 (중부동),1,0,0,055-363-5151
A0031970,덕우주유소,S-OIL,경남 양산시,경남,양산시,경남 양산시 웅상대로 784 (덕계동),1,0,0,055-388-0510
A0031971,(주)이엠석유 함안(부산방향)주유소/충전소,알뜰(ex),경남 함안군,경남,함안군,경남 함안군 군북면 현포로 205,1,1,1,055-583-9341
A0031973,정관신도시주유소/충전소,SK에너지,부산 기장군,부산,기장군,부산 기장군 정관면 정관로 901,1,0,0,051-727-6228
A0031976,㈜이림,알뜰주유소,울산 울주군,울산,울주군,울산 울주군 삼남면 반구대로 607,1,1,1,052-254-0003
A0031979,(주)성우에너지 고품격월드주유소,S-OIL,경남 양산시,경남,양산시,경남 양산시 웅상대로 1272 (삼호동),1,0,0,055-366-5188
A0031983,(주)더힘찬주유소,GS칼텍스,부산 기장군,부산,기장군,부산 기장군 장안읍 기장대로 1673,1,0,0,051-728-8686
A0031984,세종석유㈜성광주유소,S-OIL,경남 양산시,경남,양산시,경남 양산시 양산대로 1100 (북정동),1,0,0,055-363-0051
A0031986,(주)푸른숲self주유소,SK에너지,부산 기장군,부산,기장군,부산 기장군 장안읍 기장대로 1751,1,0,1,051-727-8213
A0031989,(주)태영에너지 웅상주유소,HD현대오일뱅크,경남 양산시,경남,양산시,경남 양산시 웅상대로 1228,1,0,0,055-386-3728
A0031995,㈜첼시주유소,GS칼텍스,부산 기장군,부산,기장군,부산 기장군 장안읍 정관로 1148,1,0,1,051-727-7473
A0032001,물금농협원동지점주유소,S-OIL,경남 양산시,경남,양산시,경남 양산시 원동면 원동마을길 73,0,0,1,055-381-5101
A0032002,양산농협주유소,NH-OIL,경남 양산시,경남,양산시,경남 양산시 양산대로 951,0,0,1,055-389-2903
A0032003,동부산농협클린주유소,NH-OIL,부산 기장군,부산,기장군,부산 기장군 일광면 기장대로 1037,1,0,1,051-724-5181
A0032014,한길주유소 부곡점 한솔유화㈜,HD현대오일뱅크,부산 금정구,부산,금정구,부산 금정구 중앙대로 1597,1,0,0,051-518-6777
A0032020,(주)유니콘에너지 신도시KYF주유소,S-OIL,경남 양산시,경남,양산시,경남 양산시 삽량로 201 (중부동),1,0,0,055-383-5181
A0032021,한길주유소 금사점 한솔유화㈜,HD현대오일뱅크,부산 금정구,부산,금정구,부산 금정구 반송로 420 (금사동),1,0,1,051-524-6642
A0032023,대양석유㈜천마주유소,SK에너지,경남 양산시,경남,양산시,경남 양산시 웅상대로 795 (덕계동),1,0,1,055-388-2256
A0032024,㈜천일에너지 천일주유소,HD현대오일뱅크,경남 양산시,경남,양산시,경남 양산시 상북면 양산대로 1229,1,0,0,055-374-5189
A0032034,부경셀프주유소,SK에너지,부산 기장군,부산,기장군,부산 기장군 기장읍 반송로 1407,1,0,1,051-721-5181
A0032035,대양석유(주)범어주유소,SK에너지,경남 양산시,경남,양산시,경남 양산시 물금읍 황산로 743,1,0,1,055-385-6436
A0032038,대양석유(주)참사랑주유소,SK에너지,경남 양산시,경남,양산시,경남 양산시 양산대로 1029,1,0,1,055-367-5184
A0032042,은마석유 노포주유소,GS칼텍스,부산 금정구,부산,금정구,부산 금정구 중앙대로 2191 (노포동),1,0,1,051-508-1645
A0032045,대양석유(주) 양산스마일주유소,SK에너지,경남 양산시,경남,양산시,경남 양산시 동면 양산대로 414,1,0,1,055-363-2280
A0032047,KH에너지㈜직영 장안주유소(울산방향),SK에너지,부산 기장군,부산,기장군,부산 기장군 장안읍 동해고속도로 26,1,0,1,051-728-5157
A0032048,KH에너지㈜직영 장안주유소(부산방향),SK에너지,부산 기장군,부산,기장군,부산 기장군 장안읍 동해고속도로 25,1,0,1,051-727-7300
A0032050,(주)에너지원 행복가득주유소,HD현대오일뱅크,경남 양산시,경남,양산시,경남 양산시 양산대로 684,0,0,0,055-365-8851
A0032058,금강에너지(주) 남산주유소,S-OIL,경북 경주시,경북,경주시,경북 경주시 반구대로 3688,1,0,0,054-775-2677
A0032059,OS에너지 터미널주유소,GS칼텍스,경남 양산시,경남,양산시,경남 양산시 물금읍 제방로 21,1,0,0,055-371-2099
A0032067,오케이주유소,SK에너지,경남 양산시,경남,양산시,경남 양산시 웅상대로 1180,1,0,0,055-366-2460
A0032068,한길주유소 부산점 한솔유화㈜,HD현대오일뱅크,부산 금정구,부산,금정구,부산 금정구 중앙대로 1646,1,0,1,051-581-0875
A0032073,달음산주유소,GS칼텍스,부산 기장군,부산,기장군,부산 기장군 장안읍 정관로 1115,1,0,1,051-727-5177
A0032074,석산주유소,HD현대오일뱅크,경남 양산시,경남,양산시,경남 양산시 동면 양산대로 602,1,0,0,055-382-9830
A0032076,세종석유㈜ 세종주유소,S-OIL,경남 양산시,경남,양산시,경남 양산시 양산대로 1088,1,0,0,055-388-5189
A0032079,금강주유소,SK에너지,부산 금정구,부산,금정구,부산 금정구 중앙대로 1972,0,0,0,051-581-8551
A0032080,승학에너지㈜소토,S-OIL,경남 양산시,경남,양산시,경남 양산시 상북면 와곡4길 34,1,0,0,055-375-5575
A0032081,남산주유소,S-OIL,부산 금정구,부산,금정구,부산 금정구 중앙대로 2044 (남산동),1,0,0,051-517-5149
A0032083,통도사(부산)주유소,알뜰(ex),경남 양산시,경남,양산시,경남 양산시 하북면 경부고속도로 31-1,1,1,1,055-372-6163
A0032084,광신홀딩스㈜ 직영 양산대로주유소,SK에너지,경남 양산시,경남,양산시,경남 양산시 양산대로 1115,1,0,0,055-366-5182
A0032086,정림주유소,HD현대오일뱅크,부산 기장군,부산,기장군,부산 기장군 신정관로 183,1,0,0,051-728-7866
A0032087,법기주유소,GS칼텍스,경남 양산시,경남,양산시,경남 양산시 동서로 346,1,0,0,055-785-5115
A0032088,양산신도시주유소,GS칼텍스,경남 양산시,경남,양산시,경남 양산시 동면 양산대로 407,1,0,0,055-367-5101
A0032089,하영주유소,GS칼텍스,부산 기장군,부산,기장군,부산 기장군 기장읍 반송로 1517,1,0,0,051-722-3370
A0032090,우양피앤엘(주) 양산중앙주유소,S-OIL,경남 양산시,경남,양산시,경남 양산시  신기로 69 (북정동),1,0,0,055-383-0055
A0032091,참조은주유소,알뜰주유소,경남 양산시,경남,양산시,경남 양산시 하북면 양산대로 2325,1,0,1,055-912-3253
A0032092,(주)동광주유소,HD현대오일뱅크,부산 기장군,부산,기장군,부산 기장군 기장읍 차성로 241,1,0,0,051-722-4451
A0032095,설창주유소,HD현대오일뱅크,경남 김해시,경남,김해시,경남 김해시 진영읍 김해대로 793,0,0,0,055-342-4113
A0032097,대원주유소,GS칼텍스,경남 창원시,경남,창원시,경남 창원시 성산구 대원로 23 (대원동),1,0,0,055-276-5551
A0032098,본산주유소,S-OIL,경남 김해시,경남,김해시,경남 김해시 진영읍 본산로 112,0,0,0,055-343-3367
A0032104,평강주유소,SK에너지,부산 강서구,부산,강서구,부산 강서구 평강로 309 (대저1동),1,0,0,051-971-4411
A0032105,동방석유㈜직영 대저주유소,SK에너지,부산 강서구,부산,강서구,부산 강서구 낙동북로 209 (대저1동),1,0,1,051-971-2135
A0032110,수남주유소,GS칼텍스,경남 김해시,경남,김해시,경남 김해시 장유면 수가로 160,0,0,0,055-323-5300
A0032117,대흥오일뱅크주유소,HD현대오일뱅크,부산 사상구,부산,사상구,부산 사상구 새벽로 2,0,0,0,051-312-2526
A0032122,김해공항주유소,GS칼텍스,부산 강서구,부산,강서구,부산 강서구 공항진입로 25 (대저2동),1,0,1,051-973-8291
A0032124,SK원박주유소,SK에너지,충북 제천시,충북,제천시,충북 제천시 봉양읍 북부로 1082,0,0,1,043-653-5155
A0032126,금룡주유소,S-OIL,부산 강서구,부산,강서구,부산 강서구 가락대로 1361 (봉림동),0,0,0,051-972-6081
A0032133,우리들주유소,GS칼텍스,부산 강서구,부산,강서구,부산 강서구 낙동남로 667 (녹산동),1,0,1,051-941-5145
A0032135,동방석유(주)직영 부영주유소,SK에너지,경남 김해시,경남,김해시,경남 김해시 진영읍 진산대로 187,1,0,1,055-343-6057
A0032143,(주)우양네트웍스 하마정주유소,S-OIL,부산 부산진구,부산,부산진구,부산 부산진구 동평로 398,1,0,0,051-861-5104
A0032145,㈜차비누 국제주유소,S-OIL,경남 김해시,경남,김해시,경남 김해시 김해대로 1888,1,0,1,055-339-5244
A0032147,남광석유직영 대방주유소,SK에너지,경남 창원시,경남,창원시,경남 창원시 성산구 대암로105번길 2 (대방동),1,0,1,055-264-3607
A0032149,태광주유소,SK에너지,경남 창원시,경남,창원시,경남 창원시 마산회원구 북성로 200 (회원동),0,0,0,055-248-1477
A0032150,매일주유소,알뜰주유소,부산 남구,부산,남구,부산 남구 수영로 22 (문현동),1,0,1,051-646-5182
A0032156,명동주유소,S-OIL,경남 김해시,경남,김해시,경남 김해시 한림면 김해대로 1165,1,0,0,055-345-8600
A0032157,한림주유소,S-OIL,경남 김해시,경남,김해시,경남 김해시 한림면 한림로 423,0,0,0,055-342-6023
A0032160,동원주유소,SK에너지,경남 김해시,경남,김해시,경남 김해시 상동면 상동로 578,1,0,0,055-323-6200
A0032161,대동주유소(김해),GS칼텍스,경남 김해시,경남,김해시,경남 김해시 대동면 대동로 645,0,0,0,055-335-6464
A0032162,대감주유소,SK에너지,경남 김해시,경남,김해시,경남 김해시 대동면 대동로 934,0,0,0,055-323-1001
A0032165,경남주유소,GS칼텍스,경남 김해시,경남,김해시,경남 김해시 장유면 금관대로 578,0,0,0,055-314-0707
A0032167,(주)성윤이앤지 엠케이주유소,SK에너지,경남 김해시,경남,김해시,경남 김해시 장유면 금관대로 745,1,0,0,055-337-2256
A0032169,대진주유소,GS칼텍스,경남 김해시,경남,김해시,경남 김해시 진영읍 테크노밸리길 3,1,0,0,055-342-5151
A0032170,대양석유(주) 고속주유소,SK에너지,경남 김해시,경남,김해시,경남 김해시 진영읍 서부로 386,1,0,1,055-342-5741
A0032173,풀무원식품(주) 장유(부산방향)주유소,알뜰(ex),경남 김해시,경남,김해시,경남 김해시 장유로116번길 44-82,1,1,1,055-323-0878
A0032177,상동농협주유소,HD현대오일뱅크,경남 김해시,경남,김해시,경남 김해시 상동면 동북로 485,0,0,1,055-331-8703
A0032180,광신석유㈜ 나전주유소,SK에너지,경남 김해시,경남,김해시,경남 김해시 생림면 나전로 81,1,0,0,055-322-1237
A0032660,(주)디오티디 수원몬스터 주유소,HD현대오일뱅크,경기 수원시,경기,수원시,경기 수원시 권선구  매송고색로 789 (고색동),1,0,1,031-8019-5185
A0032661,무지개self주유소,SK에너지,전남광주 남구,전남광주,남구,전남광주통합특별시 남구 독립로 24 (백운동),1,0,0,062-651-5152
A0032662,대양석유㈜ 덕성셀프주유소,SK에너지,대전 동구,대전,동구,대전 동구 대전로 287,1,0,1,042-286-5151
A0032665,고려주유소,S-OIL,경기 이천시,경기,이천시,경기 이천시 마장면 덕평로 1008,1,0,1,031-634-3009
A0032666,대월농협주유소,NH-OIL,경기 이천시,경기,이천시,경기 이천시 대월면 대월로 795,0,0,1,031-631-1032
A0032667,느티나무주유소,S-OIL,경기 남양주시,경기,남양주시,경기 남양주시 화도읍 북한강로 1594-1,0,0,0,031-511-7776
A0032669,KH에너지㈜직영 양주주유소(일산방향),SK에너지,경기 양주시,경기,양주시,경기 양주시 장흥면 수도권제1순환고속도로 58,1,0,1,031-871-2996
A0032671,해양주유소,S-OIL,충남 보령시,충남,보령시,충남 보령시 대해로 386,1,0,0,041-933-5145
A0032673,용강주유소,S-OIL,서울 마포구,서울,마포구,서울 마포구 토정로 258,0,0,0,070-7795-4800
A0032674,한이에너지(주) 쌍문주유소,S-OIL,서울 도봉구,서울,도봉구,서울 도봉구 도봉로 547 (쌍문동),1,0,0,02-992-0220
A0032679,㈜신진에너지 남북주유소,HD현대오일뱅크,충북 진천군,충북,진천군,충북 진천군 이월면 생거진천로 2001,1,0,0,043-533-9697
A0032680,스타주유소,HD현대오일뱅크,경기 평택시,경기,평택시,경기 평택시 안중읍 서동대로 1941,1,0,0,031-683-5143
A0032682,매봉주유소,SK에너지,강원 홍천군,강원,홍천군,강원 홍천군 화촌면 구룡령로 1399,0,0,0,033-433-1002
A0032683,바이오주유소,S-OIL,강원 평창군,강원,평창군,강원 평창군 대화면 평창대로 1416,1,0,0,033-333-5149
A0032684,㈜강릉산업 과학,SK에너지,강원 강릉시,강원,강릉시,강원 강릉시 사천면 동해대로 3576,1,0,0,033-645-5064
A0032685,사천농협클린주유소,NH-OIL,강원 강릉시,강원,강릉시,강원 강릉시 사천면 동해대로 3739,0,0,1,033-644-1300
A0032686,성원주유소,알뜰주유소,경기 포천시,경기,포천시,경기 포천시 군내면 청군로 3133,1,1,1,031-536-3351
A0032687,믿음주유소,GS칼텍스,경기 포천시,경기,포천시,경기 포천시 영중면 전영로 1440,1,0,1,031-531-9325
A0032690,굿데이셀프주유소,S-OIL,인천 부평구,인천,부평구,인천 부평구 장제로 335 (갈산1동),1,0,0,032-511-7942
A0032691,동일석유㈜오남동일셀프주유소,SK에너지,경기 남양주시,경기,남양주시,경기도 남양주시 오남읍 양지로 121,1,0,1,031-574-5189
A0032692,백두산주유소,자가상표,충남 보령시,충남,보령시,충남 보령시 대해로 498 (요암동),1,0,0,041-931-0011
A0032695,㈜만유에너지 동영주유소,HD현대오일뱅크,경기 포천시,경기,포천시,경기 포천시 신북면 중앙로 241,1,0,0,031-532-5457
A0032696,오천만주유소,S-OIL,서울 중랑구,서울,중랑구,서울 중랑구 동일로 547 (면목동),1,0,0,070-7797-7474
A0032698,한솔오일뱅크주유소,HD현대오일뱅크,전남광주 영암군,전남광주,영암군,전남광주통합특별시 영암군 삼호읍 대불로 376,1,0,0,061-462-8890
A0032699,(유)대성주유소,알뜰주유소,전남광주 목포시,전남광주,목포시,전남광주통합특별시 목포시 청호로 57,1,0,0,061-245-4005
A0032704,파주제일주유소,GS칼텍스,경기 파주시,경기,파주시,경기 파주시 파주읍 술이홀로 247,1,0,0,031-954-5849
A0032705,영천IC주유소,HD현대오일뱅크,경북 영천시,경북,영천시,경북 영천시 영천아이시로 112 (본촌동),1,0,0,054-338-3489
A0032707,김여사네self주유소,S-OIL,경북 김천시,경북,김천시,경북 김천시 무실7길 7,1,0,0,054-439-5185
A0032708,용궁주유소,S-OIL,경북 예천군,경북,예천군,경북 예천군 용궁면 용궁로 45,0,0,0,054-652-1051
A0032709,경유셀프주유소,S-OIL,경북 영천시,경북,영천시,경북 영천시 북안면 대경로 2332,1,0,0,054-335-0665
A0032712,개봉주유소,GS칼텍스,서울 구로구,서울,구로구,서울 구로구 고척로 115 (개봉동),1,0,1,02-2618-5145
A0032715,DH천안주유소,SK에너지,충남 천안시,충남,천안시,충남 천안시 서북구 천안대로 1166,1,0,0,041-557-5179
A0032716,신창에너지㈜직영 송정셀프주유소,S-OIL,부산 강서구,부산,강서구,부산 강서구 낙동남로 127 (송정동),1,0,0,051-972-5104
A0032719,㈜차비누 제2주유소,HD현대오일뱅크,경기 화성시,경기,화성시,경기도 화성시 효행구 봉담읍 효행로 268,1,0,0,031-226-5120
A0032720,홍성주유소,HD현대오일뱅크,충남 홍성군,충남,홍성군,충남 홍성군 금마면 충서로 1999,1,0,0,041-634-9990
A0032752,소향self주유소,SK에너지,충남 홍성군,충남,홍성군,충남 홍성군 홍성읍 홍덕서로 15,1,0,0,041-634-7055
A0032820,㈜디오티디 파주마징가주유소,HD현대오일뱅크,경기 파주시,경기,파주시,경기 파주시 월롱면 엘지로 105,1,0,1,031-947-5185
A0032824,중도석유㈜ 꽃마을주유소,GS칼텍스,충북 청주시,충북,청주시,충북 청주시 흥덕구  진재로 85-11 (복대동),1,0,1,043-235-8419
A0032827,행복한주유충전소,GS칼텍스,경북 김천시,경북,김천시,경북 김천시 영남대로 2159,1,0,1,054-435-5185
A0032837,용두주유소,SK에너지,전남광주 북구,전남광주,북구,전남광주 북구 빛고을대로 652 (용두동),1,0,0,062-710-1818
A0032838,두성유통㈜ 강천산휴게소(대구방향),알뜰(ex),전북 순창군,전북,순창군,전북 순창군 순창읍 광주대구고속도로 28,1,0,1,063-653-3068
A0032850,화원현대셀프주유소,HD현대오일뱅크,대구 달성군,대구,달성군,대구 달성군 화원읍 비슬로 2388,1,0,0,053-631-7222
A0032851,선남농협클린주유소,NH-OIL,경북 성주군,경북,성주군,경북 성주군 선남면 성주로 3963,0,1,1,054-932-1198
A0032854,보훈주유소,S-OIL,전남광주 광산구,전남광주,광산구,전남광주통합특별시 광산구 첨단봉산안길 102,1,0,0,062-234-3700
A0032856,산단제철지점,HD현대오일뱅크,충남 당진시,충남,당진시,"충남 당진시 송악읍 북부산업로 1480, (씨지구 중장비정비고 내)",0,0,0,041-680-7151
A0032857,보성농협주유소,NH-OIL,전남광주 보성군,전남광주,보성군,전남광주통합특별시 보성군 보성읍 중앙로 55,0,0,1,061-852-5670
A0032859,순창농협쌍치지점주유소,NH-OIL,전북 순창군,전북,순창군,전북 순창군 쌍치면 쌍계로 22,0,0,1,063-650-4393
A0032861,고대그린주유소,SK에너지,충남 당진시,충남,당진시,충남 당진시 고대면 대호만로 333,1,0,1,041-352-8951
A0032863,현대오일뱅크㈜직영 울산대교셀프주유소,HD현대오일뱅크,울산 동구,울산,동구,울산 동구 봉수로 221 (화정동),1,0,1,052-234-9001
A0032864,금탑셀프주유소,SK에너지,경기 화성시,경기,화성시,경기 화성시 효행구 비봉면 서해로 1692,1,0,0,031-357-1632
A0032865,서해현대셀프주유소,HD현대오일뱅크,경기 화성시,경기,화성시,경기 화성시 효행구 매송면 매송고색로 109,1,0,1,031-292-9224
A0032866,경동석유산업㈜ 강서오곡SELF주유소,SK에너지,서울 강서구,서울,강서구,서울 강서구 벌말로 254 (오곡동),1,0,1,032-671-5186
A0032868,삼미상사(주)북천안주유소,SK에너지,충남 천안시,충남,천안시,충남 천안 서북구 직산읍 군삼길 81,0,0,1,041-583-3451
A0032871,㈜세일 구도일주유소 광교신도시,S-OIL,경기 수원시,경기,수원시,경기 수원시 영통구 광교호수로 328-142,1,0,0,031-213-8737
A0032872,택지주유소,S-OIL,경북 영주시,경북,영주시,경북 영주시 영주로 70,1,0,1,054-634-9000
A0032874,천등산(평택)주유소,알뜰(ex),충북 충주시,충북,충주시,충북 충주시 산척면 평택제천고속도로 109,1,1,1,043-844-2915
A0032875,(주)파리크라상 천등산(제천방향)주유소,알뜰(ex),충북 충주시,충북,충주시,충북 충주시 산척면 평택제천고속도로 106,1,1,1,043-844-2988
A0032920,대명에너지2,HD현대오일뱅크,경기 화성시,경기,화성시,경기 화성시 효행구 정남면 만년로 778-5,1,0,1,070-4232-5189
A0032923,지에스칼텍스㈜동탄2산단주유소,GS칼텍스,경기 화성시,경기,화성시,경기 화성시 동탄구 동탄기흥로 161,1,0,1,031-376-7678
A0032924,보람self주유소,S-OIL,세종시,세종시,세종시,세종시 금남구즉로 19 (대평동),1,0,1,044-868-7250
A0032925,안덕하나주유소,S-OIL,제주 서귀포시,제주,서귀포시,제주 서귀포시 안덕면 한창로 182,1,0,0,064-792-3088
A0032926,GS 세마주유소,GS칼텍스,경기 화성시,경기,화성시,경기 화성시 병점구 만년로 889,1,0,0,031-235-5189
A0032928,김포물류터미널주유소 ㈜제이에스에너지,HD현대오일뱅크,경기 김포시,경기,김포시,경기 김포시 고촌읍 아라육로57번길 87-11,1,0,0,031-981-5281
A0032930,㈜삼경쉼터,S-OIL,경남 밀양시,경남,밀양시,경남 밀양 부북면 제대2길 14,1,0,1,055-356-1118
A0032932,(주)비케이대운 대현주유소,HD현대오일뱅크,경남 김해시,경남,김해시,경남 김해시 한림면 장방로 92,0,0,0,055-344-0020
A0032936,청라에너지,SK에너지,인천 서해구,인천,서해구,인천 서해구 봉수대로 690 (연희동),1,0,0,032-562-7728
A0032940,현대석문공단주유소,HD현대오일뱅크,충남 당진시,충남,당진시,충남 당진시 석문면 북부산업로 2642,0,0,0,041-355-5149
A0032941,(주)어울림주유소,알뜰주유소,경기 고양시,경기,고양시,경기 고양시 덕양구 충장로 407,1,1,1,031-967-5145
A0032942,현대석문셀프주유소,HD현대오일뱅크,충남 당진시,충남,당진시,충남 당진시 석문면 북부산업로 2600,1,0,0,041-352-5188
A0032943,금성농협주유소,NH-OIL,경북 의성군,경북,의성군,경북 의성군 금성면 동부로 2336,0,0,1,054-832-5145
A0032944,지에스칼텍스㈜남악주유소,GS칼텍스,전남광주 목포시,전남광주,목포시,전남광주통합특별시 목포시 남악로58번길 2,1,0,1,061-283-3279
A0032945,건천휴게주유소 덕하에너지,GS칼텍스,경북 경주시,경북,경주시,경북 경주시 건천읍 대경로 3969,1,0,1,054-753-9705
A0032946,고산농협주유소,NH-OIL,전북 완주군,전북,완주군,전북 완주군 고산면 고산천로 582,1,1,1,063-260-7530
A0032949,코끼리주유소,SK에너지,경기 화성시,경기,화성시,경기 화성시 만세구 마도면 화성로 909,1,0,0,031-357-6489
A0032951,남선석유(주) 백석셀프주유소,S-OIL,충남 천안시,충남,천안시,충남 천안시 서북구 백석로 161 (백석동),1,0,1,041-558-5189
A0032952,(주)케이엠 보광,S-OIL,충북 제천시,충북,제천시,충북 제천시 내토로 1107(고암동),1,0,1,043-653-9799
A0032954,(주)옥토끼주유소,S-OIL,경기 용인시,경기,용인시,경기 용인시 기흥구 용구대로 1991 (상갈동),1,0,1,031-283-5185
A0032956,동성주유소,S-OIL,경남 밀양시,경남,밀양시,경남 밀양시 시청로 4길 1 (내이동),1,0,0,055-355-7189
A0032958,용문주유소,GS칼텍스,부산 기장군,부산,기장군,부산 기장군 일광면 기장대로 710,1,0,0,051-722-5594
A0032959,대동에너지 유한회사,S-OIL,전남광주 강진군,전남광주,강진군,전남광주통합특별시 강진군 마량면 청자로 2281,0,0,0,061-432-7678
A0032961,웅천농협(내평지점)주유소,NH-OIL,충남 보령시,충남,보령시,충남 보령시 미산면 내평봉성길 4,0,0,1,041-933-4563
A0032962,우정혁신주유소,SK에너지,울산 중구,울산,중구,울산 중구 북부순환도로 323,1,0,0,052-288-2288
A0032965,오토벨리(주),HD현대오일뱅크,충남 서산시,충남,서산시,충남 서산시 지곡면 무장산업로 183,1,0,0,041-664-5189
A0032966,동탄반월주유소,SK에너지,경기 화성시,경기,화성시,경기 화성시 병점구 동탄원천로 447,1,0,1,070-8112-5189
A0032967,(주)대한민국만세주유소,S-OIL,전북 전주시,전북,전주시,전북 전주시 덕진구 혁신로 466  (장동),1,0,0,063-211-0642
A0032970,고운self주유소,SK에너지,세종시,세종시,세종시,세종특별자치시 마음안로 136  (고운동),1,0,0,044-867-5188
A0032971,행복주유소,HD현대오일뱅크,전남광주 나주시,전남광주,나주시,전남광주통합특별시 나주시 남평읍 영산로 6688,1,0,0,061-337-5525
A0032973,양포주유소,SK에너지,경북 구미시,경북,구미시,경북 구미시 옥계2공단로 548,1,0,0,054-472-0099
A0032976,(주)서재홍주유소,S-OIL,대구 동구,대구,동구,대구 동구 혁신대로 409  (대림동),1,0,0,053-961-7241
A0032977,㈜에스엔디유통 진주(부산)주유소/충전소,알뜰(ex),경남 진주시,경남,진주시,경남 진주시 남해고속도로 194,1,0,1,055-759-1028
A0032980,㈜원 삼호현대주유소,HD현대오일뱅크,전남광주 영암군,전남광주,영암군,전남광주통합특별시 영암군 삼호읍 대불로 183,1,0,0,061-462-7319
A0032981,(주)성인석유 천년지기주유소,S-OIL,경기 평택시,경기,평택시,경기 평택시 서동대로 3622,1,0,0,031-656-2221
A0032982,두성유통㈜ 강천산휴게소(광주방향),알뜰(ex),전북 순창군,전북,순창군,전북 순창군 순창읍 광주대구고속도로 27,1,0,1,063-653-4171
A0032983,경주월성농협주유소,NH-OIL,경북 경주시,경북,경주시,경북 경주시 양남면 동해안로 445,1,1,1,054-749-4011
A0032985,경인석유㈜ 외동(상)주유소,알뜰(ex),경북 경주시,경북,경주시,경북 경주시 외동읍 상석길 58-70,1,1,1,054-745-0023
A0032986,경인석유㈜ 외동(하)주유소,알뜰(ex),경북 경주시,경북,경주시,경북 경주시 외동읍 상석길 58-74,1,1,1,054-745-0086
A0032987,구도일주유소(남악신도시),S-OIL,전남광주 무안군,전남광주,무안군,전남광주통합특별시 무안군 삼향읍 남악로 227-8,1,0,0,061-283-1153
A0032988,대우주유소,S-OIL,경북 포항시,경북,포항시,경북 포항시 남구 오천읍 냉천로 444,1,0,0,054-291-4951
A0032989,(주)남현주유소,GS칼텍스,전남광주 나주시,전남광주,나주시,전남광주통합특별시 나주시 금천면 빛가람장성로 2055,1,0,0,061-332-5188
A0032990,SK에너지㈜ 예성주유소,SK에너지,대전 유성구,대전,유성구,대전 유성구 도안동로 488,1,0,1,042-822-6556
A0032991,금정농협주유소,NH-OIL,전남광주 영암군,전남광주,영암군,전남광주통합특별시 영암군 금정면 영나로 915,0,1,1,061-472-2888
A0032992,동해농협클린주유소,NH-OIL,강원 동해시,강원,동해시,강원 동해시 대동로 249,1,0,1,033-521-5544
A0032994,첨단용두주유소,GS칼텍스,전남광주 북구,전남광주,북구,전남광주통합특별시 북구  빛고을대로 663,1,0,0,062-572-5189
A0032999,산단주유소,S-OIL,경남 함안군,경남,함안군,경남 함안군 군북면 함안산단로 69,1,1,1,055-585-4874
A0033000,구도일주유소 김포,S-OIL,경기 김포시,경기,김포시,경기 김포시 김포한강4로 393,1,0,1,031-986-5166
A0033006,(주)테크노주유소,S-OIL,대구 달성군,대구,달성군,대구 달성군 유가면 테크노순환로 230,0,0,0,053-614-1152
A0033007,㈜에스지에너지주유소,HD현대오일뱅크,경기 파주시,경기,파주시,경기 파주시 책향기로 640,1,0,0,031-948-6115
A0033008,현대오일뱅크㈜직영 영종셀프주유소,HD현대오일뱅크,인천 영종구,인천,영종구,인천 영종구 자연대로 55 (중산동),1,0,1,032-746-5189
A0033013,구도일주유소 청라국제도시,S-OIL,인천 서해구,인천,서해구,인천 서해구 청중로 141,1,0,1,032-564-9521
A0033014,내트럭(주)광양옥곡사업소,SK에너지,전남광주 광양시,전남광주,광양시,전남광주통합특별시 광양시 옥곡면 신금리 1587-1,0,0,1,061-772-9331
A0033015,현대오일뱅크㈜직영 송도팰리스셀프주유소,HD현대오일뱅크,인천 연수구,인천,연수구,인천 연수구 아트센터대로 198 (송도동),1,0,1,032-858-5182
A0033016,(주)천일에너지 천일주유소,HD현대오일뱅크,대구 북구,대구,북구,대구 북구 사수로 436,1,0,1,053-710-0496
A0033017,문덕IC주유소,SK에너지,경북 포항시,경북,포항시,경북 포항시 남구 오천읍 냉천로 476,1,0,0,054-291-2440
A0033018,(주)보문 북항IC주유소,GS칼텍스,인천 서해구,인천,서해구,인천 서해구 원석로 133,1,0,0,032-522-5188
A0033020,이광주주유소,S-OIL,경남 의령군,경남,의령군,경남 의령군 대의면 의령대로 173,0,0,1,055-572-5999
A0033021,㈜청담아이파크주유소,SK에너지,경기 수원시,경기,수원시,경기 수원시 권선구 경수대로 229,1,0,0,031-232-0202
A0033022,(주)글로벌산업주유소,SK에너지,경기 이천시,경기,이천시,경기 이천시 대산로 311,1,0,0,031-632-5180
A0033025,율곡이룸주유소,S-OIL,경북 김천시,경북,김천시,경북 김천시 혁신1로 3 (율곡동),1,0,1,054-435-5152
A0033026,제우스주유소,GS칼텍스,경남 창원시,경남,창원시,경남 창원시 마산합포구 현동로 20 (우산동),1,0,0,055-244-5700
A0033027,KK㈜ KK경원주유소,SK에너지,경북 성주군,경북,성주군,경북 성주군 월항면 가야로 5293,1,0,1,054-932-5080
A0033028,내트럭(주)광양황금사업소,SK에너지,전남광주 광양시,전남광주,광양시,전남광주통합특별시 광양시 항만대로 200,1,0,1,061-795-9806
A0033029,도계농협클린주유소,NH-OIL,강원 삼척시,강원,삼척시,강원 삼척시 도계읍 강원남부로 1818,1,1,1,033-541-1170
A0033030,옥천셀프주유소,GS칼텍스,충북 옥천군,충북,옥천군,충북 옥천군 옥천읍 동부로 99,1,0,0,043-732-7742
A0033031,㈜바이미 아름셀프주유소,S-OIL,세종시,세종시,세종시,세종특별자치시 세종로 1328,1,0,1,044-864-5184
A0033034,㈜준은로지스틱스 그레이스에너지,S-OIL,경기 파주시,경기,파주시,경기 파주시 적성면 율곡로 1466,1,0,1,031-959-1109
A0033035,(주)한라석유 논공(광주)주유소,알뜰(ex),대구 달성군,대구,달성군,대구 달성군 논공읍 광주대구고속도로 169,1,1,1,070-4304-0610
A0033036,(주)한라석유 논공(대구)주유소,알뜰(ex),대구 달성군,대구,달성군,대구 달성군 논공읍 광주대구고속도로 170,1,1,1,070-4304-0630
A0033037,파란주유소,HD현대오일뱅크,충북 음성군,충북,음성군,충북 음성군 대소면 한삼로 288,0,0,0,043-882-5012
A0033038,지에스칼텍스㈜ 양주신도시주유소,GS칼텍스,경기 양주시,경기,양주시,경기 양주시 부흥로 2305,1,0,1,031-000-0000
A0033039,일조에너지 별내셀프주유소,S-OIL,경기 남양주시,경기,남양주시,경기 남양주시 순화궁로 122,1,0,0,031-572-2834
A0033040,이마트 김해점 셀프주유소,GS칼텍스,경남 김해시,경남,김해시,경남 김해시 김해대로 2232,1,0,1,055-329-1696
A0033041,속초농협클린주유소,NH-OIL,강원 속초시,강원,속초시,강원 속초시 동해대로 4198 (교동),1,1,1,033-636-1680
A0033042,삼미그린주유소,GS칼텍스,경기 오산시,경기,오산시,경기 오산시 경기대로 682,1,0,1,031-373-6998
A0033044,HD현대오일뱅크㈜직영 불당현대셀프주유소,HD현대오일뱅크,충남 천안시,충남,천안시,충남 천안시 서북구 불당19로 1,1,0,1,041-562-5182
A0033047,용산농협주유소,NH-OIL,전남광주 장흥군,전남광주,장흥군,전남광주통합특별시 장흥군 용산면 용안로11,1,0,1,061-864-5803
A0033048,장수농협클린주유소,NH-OIL,전북 장수군,전북,장수군,전북 장수군 장수읍 장천로 194,0,1,1,063-351-5185
A0033051,대신농협클린주유소,NH-OIL,경기 여주시,경기,여주시,경기 여주시 대신면 여양로 1537,1,1,1,031-884-3948
A0033053,망성농협주유소,NH-OIL,전북 익산시,전북,익산시,전북 익산시 망성면 무네미길 88,0,0,1,063-862-0300
A0033054,㈜하나레미콘 하나주유소 지점,S-OIL,전북 군산시,전북,군산시,전북 군산시 외항로 223 (산북동),1,0,0,063-471-8300
A0033055,연무주유소,SK에너지,충남 논산시,충남,논산시,충남 논산시 연무읍 동안로 957,1,0,0,041-742-4467
A0033058,내트럭(주) 평택사업소,SK에너지,경기 평택시,경기,평택시,경기 평택시 포승읍 하만호길 229,0,0,1,031-684-1201
A0033059,지에스칼텍스(주)가든파이브주유소,GS칼텍스,서울 송파구,서울,송파구,서울 송파구 탄천동로 740,1,0,1,02-409-5145
A0033060,내트럭(주) 부산신항남컨사업소,SK에너지,부산 강서구,부산,강서구,부산 강서구 신항남로 507,0,0,1,070-4454-9235
A0033061,신김포농협주유소(하성지점),S-OIL,경기 김포시,경기,김포시,경기 김포시 하성면 하성로 495,0,0,1,031-988-5159
A0033062,해남농협 마산 주유소,NH-OIL,전남광주 해남군,전남광주,해남군,전남광주 해남군 마산면 마산로 398,0,1,1,061-530-1971
A0033063,서오능SELF주유소,SK에너지,경기 고양시,경기,고양시,경기 고양시 덕양구 권율대로 450-1,1,0,0,031-966-1632
A0033064,광주주유소,HD현대오일뱅크,전남광주 북구,전남광주,북구,전남광주통합특별시 북구 빛고을대로 825,1,0,0,062-575-5116
A0033067,금강석유㈜ 안성대로주유소,HD현대오일뱅크,경기 안성시,경기,안성시,경기 안성시 서운면 안성대로 88,1,0,0,031-677-8693
A0033068,㈜대신기업 건천(부산)주유소,알뜰(ex),경북 경주시,경북,경주시,경북 경주시 건천읍 경부고속도로 77,1,1,1,054-751-4600
A0033070,서일석유(주)용인서일주유소,GS칼텍스,경기 용인시,경기,용인시,경기 용인시 기흥구 신수로 70,1,0,1,031-281-5189
A0033071,논산농협주유소,NH-OIL,충남 논산시,충남,논산시,충남 논산시 대학로 48,1,0,1,041-740-0880
A0033072,신대우리알뜰주유소,알뜰주유소,전남광주 순천시,전남광주,순천시,전남광주통합특별시 순천시 해룡면 신대로 233,1,0,1,061-723-8866
A0033074,미소주유소,HD현대오일뱅크,충북 음성군,충북,음성군,충북 음성군 대소면 대금로 199,0,0,0,043-877-5184
A0033075,케이피에스여수롯데마트주유소,S-OIL,전남광주 여수시,전남광주,여수시,전남광주통합특별시 여수시 국동남7길 37,1,0,0,061-643-5148
A0033077,청천농협주유소,NH-OIL,충북 괴산군,충북,괴산군,충북 괴산군 청천면 괴산로 1352,0,0,1,043-832-5153
A0033078,안중농협송담주유소,NH-OIL,경기 평택시,경기,평택시,경기 평택시 현덕면 송담1로 10,1,1,1,031-682-8400
A0033080,도청주유소,S-OIL,경북 안동시,경북,안동시,경북 안동시 풍산읍 경서로 4269,1,0,0,054-857-0051
A0033081,세경해운주유소,SK에너지,강원 동해시,강원,동해시,강원 동해시 용정로 55 (용정동),1,0,0,033-521-0098
A0033083,경기광주(서울방향)주유소/충전소,SK에너지,경기 광주시,경기,광주시,경기 광주시 곤지암읍 만삼로 211,0,0,1,031-8027-3948
A0033084,경기광주(원주방향)주유소/충전소,SK에너지,경기 광주시,경기,광주시,경기 광주시 곤지암읍 만삼로 270,0,0,1,031-8027-3943
A0033085,양평휴게주유소(서울방향),SK에너지,경기 양평군,경기,양평군,경기 양평군 양동면 여양3로 384-27,0,0,1,031-8027-2194
A0033086,양평휴게주유소(원주방향),SK에너지,경기 양평군,경기,양평군,경기 양평군 양동면 송석2길 52,0,0,1,031-8027-2175
A0033089,송림주유소,S-OIL,인천 제물포구,인천,제물포구,인천 제물포구 염전로 71 (송림동),1,0,0,032-773-9698
A0033091,유한회사 만남주유소,S-OIL,전남광주 해남군,전남광주,해남군,전남광주 해남군 옥천면 공룡대로 3888,1,0,1,061-532-0888
A0033092,영순농협주유소,NH-OIL,경북 문경시,경북,문경시,경북 문경시 영순면 영순로 181,1,0,1,054-554-5182
A0033095,㈜이엠석유 거제주유소,GS칼텍스,부산 연제구,부산,연제구,부산 연제구 거제대로 98,1,0,0,051-715-5189
A0033097,대양석유㈜ SK행복주유소,SK에너지,세종시,세종시,세종시,세종특별자치시 연기면 정안세종로 1573,1,0,1,044-863-2882
A0033098,증산셀프주유소,SK에너지,경남 양산시,경남,양산시,경남 양산시 물금읍 증산역로 158,1,0,0,055-367-8284
A0033099,의성(영덕)주유소/충전소,알뜰(ex),경북 의성군,경북,의성군,경북 의성군 안계면 새못안길 45-47,1,1,1,054-862-9254
A0033101,의성(청주)주유소/충전소,알뜰(ex),경북 의성군,경북,의성군,경북 의성군 안계면 새못안길 45-49,1,1,1,054-862-9036
A0033103,(주)남영전구 청송(상주)주유소,알뜰(ex),경북 청송군,경북,청송군,경북 청송군 파천면 중평병부길 203-92,1,1,1,054-872-5911
A0033104,(주)남영전구 청송(영덕)주유소,알뜰(ex),경북 청송군,경북,청송군,경북 청송군 파천면 중평병부길 203-115,1,1,1,054-872-9102
A0033105,주석self주유소,S-OIL,경기 화성시,경기,화성시,경기 화성시 만세구 남양읍 주석로 79,1,0,0,031-355-1404
A0033106,㈜삼표에너지 삼송주유소,GS칼텍스,경기 고양시,경기,고양시,경기 고양시 덕양구 신원1로 93,1,0,1,02-381-8341
A0033107,지에스칼텍스㈜ 행정타운주유소,GS칼텍스,경기 수원시,경기,수원시,경기도 수원시 권선구 권선로 98,1,0,1,031-292-5120
A0033109,㈜더티드 석문셀프주유소,S-OIL,충남 당진시,충남,당진시,충남 당진시 석문면 북부산업로 2900,1,0,0,041-356-5183
A0033110,신성주유소,S-OIL,대전 유성구,대전,유성구,대전 유성구 가정북로 163,1,0,0,042-861-0896
A0033111,㈜와이비로지스틱스,S-OIL,경기 화성시,경기,화성시,경기 화성시 효행구 매송면 푸른들판로 1937,1,0,1,031-295-0833
A0033112,묘도주유소,SK에너지,전남광주 여수시,전남광주,여수시,전남광주통합특별시 여수시 묘도1길 142 (묘도동),0,0,0,061-685-9106
A0033115,서강화농협주유소,NH-OIL,인천 강화군,인천,강화군,인천 강화군 교동면 교동동로 480,0,0,1,032-933-8328
A0033116,대가농협클린주유소,NH-OIL,경북 성주군,경북,성주군,경북 성주군 대가면 가야로 4179,0,0,1,054-931-6193
A0033117,대박주유소,HD현대오일뱅크,충북 진천군,충북,진천군,충북 진천군 진천읍 진성로 15,0,0,0,043-533-5185
A0033119,대보건설(주) 구리(판교방향)주유소,알뜰(ex),경기 구리시,경기,구리시,경기 구리시 수도권제1순환고속도로 27,1,1,1,031-555-0740
A0033120,대보건설(주) 성남(구리방향)주유소,알뜰(ex),경기 성남시,경기,성남시,경기 성남시 수정구 산성대로 41,1,1,1,031-759-0178
A0033122,율곡행복주유소,SK에너지,경북 김천시,경북,김천시,경북 김천시 혁신로 250 (율곡동),1,0,0,054-435-7117
A0033123,(주)시큐 국제산단주유소,GS칼텍스,부산 강서구,부산,강서구,부산 강서구 생곡로 272,1,0,1,051-714-2208
A0033126,남선석유㈜ 서방셀프주유소,S-OIL,전남광주 북구,전남광주,북구,전남광주통합특별시 북구 서암대로 323 (우산동),1,0,1,062-522-1930
A0033127,지에스칼텍스㈜ 동성셀프주유소,GS칼텍스,부산 강서구,부산,강서구,부산 강서구 명지국제8로 272,1,0,1,051-292-0895
A0033128,관인농협클린주유소,S-OIL,경기 포천시,경기,포천시,경기 포천시 관인면 창동로 1844-1,0,0,1,031-532-0538
A0033129,관산농협주유소,NH-OIL,전남광주 장흥군,전남광주,장흥군,전남광주통합특별시 장흥군 관산읍 관산우회로 106-36,0,0,1,061-867-2716
A0033131,㈜한화미 구파발주유소,S-OIL,서울 은평구,서울,은평구,서울 은평구 통일로 1031,1,0,0,02-355-3055
A0033132,이케이에너지(주) 옥정주유소,HD현대오일뱅크,경기 양주시,경기,양주시,경기 양주시 부흥로 2214,1,0,1,031-841-3203
A0033133,남원농협 보절지점주유소,HD현대오일뱅크,전북 남원시,전북,남원시,전북 남원시 보절면 보산로 949,0,0,1,063-620-1988
A0033134,외암로셀프주유소,GS칼텍스,충남 아산시,충남,아산시,충청남도 아산시 외암로 1279 (장존동),1,0,1,041-425-1411
A0033136,(유)영산호현대 주유소,HD현대오일뱅크,전남광주 영암군,전남광주,영암군,전남광주통합특별시 영암군 삼호읍 녹색로 603,1,0,0,061-461-5189
A0033137,목감행복주유소,GS칼텍스,경기 시흥시,경기,시흥시,경기 시흥시 목감우회로 9 (조남동),1,0,0,031-403-4000
A0033138,월미공단주유소,GS칼텍스,충남 공주시,충남,공주시,충남 공주시 차동로 239,1,0,0,041-854-6276
A0033141,음성농협주유소,NH-OIL,충북 음성군,충북,음성군,충북 음성군 음성읍 중앙로 23,0,1,1,043-873-4002
A0033142,㈜굿오일,S-OIL,충북 진천군,충북,진천군,충북 진천군 문백면 생거진천로 280-1,1,0,1,043-532-8339
A0033143,봉산농협주유소,NH-OIL,전남광주 담양군,전남광주,담양군,전남광주통합특별시 담양군 봉산면 면앙정로 266,0,0,1,061-382-6783
A0033144,HD현대오일뱅크㈜직영 현동셀프주유소,HD현대오일뱅크,경남 창원시,경남,창원시,경남 창원시 마산합포구 현동1길 1,1,0,1,055-222-6578
A0033145,거금도농협주유소,NH-OIL,전남광주 고흥군,전남광주,고흥군,전남광주통합특별시 고흥군 금산면 거금중앙길 117,0,0,1,061-840-3718
A0033146,대성주유소(주)대성에너지,S-OIL,강원 원주시,강원,원주시,강원 원주시 북원로 2607 (우산동),1,0,1,033-743-3434
A0033147,문발셀프주유소,SK에너지,경기 파주시,경기,파주시,경기 파주시 파주로 41,1,0,0,031-948-1092
A0033148,천안농협경제사업장북부점,HD현대오일뱅크,충남 천안시,충남,천안시,충남 천안시 서북구 번영로 730,1,0,1,041-622-8661
A0033149,극동유화(주) 항동주유소,S-OIL,서울 구로구,서울,구로구,서울 구로구 서해안로 2154 (항동),1,0,1,02-2611-1113
A0033150,군산항주유소,SK에너지,전북 군산시,전북,군산시,전북 군산시 미성로 104,0,0,0,063-471-5199
A0033151,함창농협주유소,NH-OIL,경북 상주시,경북,상주시,경북 상주시 함창읍 오동리 565-7,1,1,1,054-541-0050
A0033152,(주)지엘특수유남포항IC주유소,GS칼텍스,경북 포항시,경북,포항시,경북 포항시 남구 오천읍 냉천로 430,1,0,1,054-292-5157
A0033154,계명Ⅱ주유소,S-OIL,대구 동구,대구,동구,대구 동구 이노밸리로 277,1,0,0,053-965-5152
A0033155,고경농협클린주유소,NH-OIL,경북 영천시,경북,영천시,경북 영천시 고경면 호국로 1087,0,1,1,054-330-1612
A0033156,(주)버들주유소,HD현대오일뱅크,전남광주 광산구,전남광주,광산구,전남광주통합특별시 광산구 동곡로 510,1,0,0,062-945-3800
A0033157,구성주유소,GS칼텍스,경북 김천시,경북,김천시,경북 김천시 구성면 남김천대로 2350,0,0,0,054-434-6688
A0033158,㈜BSJ신항만물류주유소,S-OIL,부산 강서구,부산,강서구,부산 강서구 가락대로 834,1,0,0,051-831-9208
A0033159,대호셀프주유소,S-OIL,전남광주 여수시,전남광주,여수시,전남광주통합특별시 여수시 상암로 224,1,0,1,061-686-4217
A0033161,용인대주유소,HD현대오일뱅크,경기 용인시,경기,용인시,경기 용인시 처인구 이동읍 백자로 152,1,0,0,031-333-0074
A0033162,북여주IC주유소,SK에너지,경기 여주시,경기,여주시,경기 여주시 흥천면 이여로 1067,1,0,0,031-883-8484
A0033163,만석2에너지,SK에너지,충남 서산시,충남,서산시,충청남도 서산시 음암면 백제사신로 839,0,0,0,041-662-2214
A0033165,금강주유소,HD현대오일뱅크,경기 여주시,경기,여주시,경기 여주시 가남읍 여주남로 761-1,1,0,1,031-885-5663
A0033166,한밭대앞Self주유소,S-OIL,대전 유성구,대전,유성구,대전 유성구 학하서로 111 (덕명동),1,0,1,042-525-5151
A0033168,㈜중흥에너지 한양주유소,S-OIL,경기 고양시,경기,고양시,경기 고양시 덕양구 권율대로 593 (원흥동),1,0,0,031-903-2222
A0033173,야목주유소,HD현대오일뱅크,경기 화성시,경기,화성시,경기 화성시 효행구 매송면 매송로 283,1,0,0,031-233-8669
A0033176,KH에너지㈜직영 삼국유사군위주유소(상주방향),SK에너지,대구 군위군,대구,군위군,대구광역시 군위군 부계면 치산효령로 989-23,1,0,1,054-383-8842
A0033178,KH에너지㈜직영 군위영천주유소(영천방향),SK에너지,대구 군위군,대구,군위군,대구광역시 군위군 산성면 치산효령로 865-43,1,0,1,054-383-9014
A0033180,키다리식품㈜낙동강구미(상주)주유소/충전소,SK에너지,경북 의성군,경북,의성군,경북 의성군 단밀면 도안로 757-67,1,0,1,054-475-7630
A0033181,키다리식품㈜낙동강의성(영천)주유소/충전소,SK에너지,경북 의성군,경북,의성군,경북 의성군 단밀면 도안로 757-67,1,0,1,054-475-7632
A0033182,(주)케이엘페트로 남양주별내주유소/충전소,HD현대오일뱅크,경기 남양주시,경기,남양주시,경기 남양주시 별내면 구리포천고속도로 14,0,0,1,031-523-3378
A0033183,(주)케이엘페트로 의정부주유소/충전소,HD현대오일뱅크,경기 의정부시,경기,의정부시,경기도 의정부시 구리포천고속도로 19(산곡동),0,0,1,031-928-4779
A0033184,키다리식품(주) 홍천양양주유소/충전소,알뜰(ex),강원 홍천군,강원,홍천군,강원 홍천군 화촌면 서울양양고속도로 84-1,1,1,1,033-436-7997
A0033185,키다리식품(주)홍천서울주유소/충전소,알뜰(ex),강원 홍천군,강원,홍천군,강원 홍천군 화촌면 서울양양고속도로 83-1,1,1,1,033-436-7887
A0033186,두꺼비주유소,HD현대오일뱅크,경기 오산시,경기,오산시,경기 오산시 독산성로 350,1,0,0,031-372-0035
A0033188,SK에너지㈜직영 불당행복주유소,SK에너지,충남 천안시,충남,천안시,충남 천안시 서북구 불당19로 92,1,0,1,041-557-5189
A0033189,SK에너지(주) 서동탄셀프주유소,SK에너지,경기 오산시,경기,오산시,경기 오산시 문시로 127 (외삼미동),1,0,1,031-372-5120
A0033192,내린천(양양방향)주유소/충전소,알뜰(ex),강원 인제군,강원,인제군,강원 인제군 상남면 서울양양고속도로 117,1,1,1,033-852-7220
A0033193,내린천(서울방향)주유소/충전소,알뜰(ex),강원 인제군,강원,인제군,강원 인제군 상남면 서울양양고속도로 117,1,1,1,033-852-7110
A0033194,대성석유(주) 마곡대성주유소,GS칼텍스,서울 강서구,서울,강서구,서울 강서구 강서로 457,1,0,0,02-3664-7781
A0033195,거북선에너지,S-OIL,충남 아산시,충남,아산시,충남 아산시 염치읍 이순신대로 210-2,1,0,1,041-547-5183
A0033196,(주)현충사에너지,S-OIL,충남 아산시,충남,아산시,충남 아산시 염치읍 이순신대로 210-1,0,0,1,041-547-5182
A0033197,SK에너지(주)북오산Self주유소,SK에너지,경기 오산시,경기,오산시,경기 오산시 문시로 120,1,0,1,031-377-1127
A0033198,역전주유소,GS칼텍스,충남 보령시,충남,보령시,충남 보령시 대해로 141 (내항동),1,0,0,041-935-5508
A0033199,SK에너지(주) 소담self주유소,SK에너지,세종시,세종시,세종시,세종 소담로 40,1,0,1,044-864-5145
A0033200,도담알뜰주유소,알뜰주유소,세종시,세종시,세종시,세종 갈매로 596,1,0,1,044-863-6631
A0033201,새경남주유소,SK에너지,경남 진주시,경남,진주시,경남 진주시 초장로 193(장재동),1,0,0,055-753-5189
A0033203,굿오일주유소 ㈜요선,S-OIL,부산 남구,부산,남구,부산 남구 북항로 108,0,0,0,051-637-5157
A0033204,화원IC주유소,SK에너지,대구 달성군,대구,달성군,대구 달성군 화원읍 비슬로 2436,1,0,0,053-290-5182
A0033205,대원석유(주)대원도청주유소,SK에너지,경북 안동시,경북,안동시,경북 안동시 풍천면 도청대로 283,1,0,1,054-859-5189
A0033207,(주)남경석유 길벗주유소,SK에너지,경기 화성시,경기,화성시,경기 화성시 효행구 봉담읍 삼천병마로 1133,1,0,0,031-292-5191
A0033208,군산현대주유소,SK에너지,전북 군산시,전북,군산시,전북 군산시 해망로 127(금암동),1,0,0,063-443-3600
A0033209,SK가곡셀프주유소,SK에너지,전남광주 순천시,전남광주,순천시,전남광주통합특별시 순천시 중앙로 432 (가곡동),1,0,0,061-752-1504
A0033210,세종부강농협주유소,NH-OIL,세종시,세종시,세종시,세종특별자치시 부강면 부강외천로 10,1,1,1,044-868-6145
A0033211,장지IC주유소,S-OIL,경기 화성시,경기,화성시,경기 화성시 동탄구 경기동로 378 (장지동),1,0,0,031-376-5189
A0033213,골드밸리주유소,GS칼텍스,경기 김포시,경기,김포시,경기 김포시 양촌읍 양곡우회로 141,1,0,1,031-981-5920
A0033214,대성석유(주)방화대성주유소,GS칼텍스,서울 강서구,서울,강서구,서울 강서구 양천로 176,1,0,0,02-3663-7781
A0033215,강변셀프주유소,HD현대오일뱅크,충남 아산시,충남,아산시,충남 아산시 곡교천로 288,1,0,0,041-546-5189
A0033216,한국복합물류(주)직영군포셀프주유소,GS칼텍스,경기 군포시,경기,군포시,경기 군포시 번영로 82 (부곡동),1,0,0,031-460-2998
A0033218,남악IC개발 주유소,S-OIL,전남광주 무안군,전남광주,무안군,전남광주통합특별시 무안군 삼향읍 남악5로72번길 81-55,1,0,1,061-284-5149
A0033219,금강석문주유소,S-OIL,충남 당진시,충남,당진시,충남 당진시 석문면 북부산업로 2615,0,0,1,041-357-9199
A0033220,지에스칼텍스(주)이순신대교주유소,GS칼텍스,전남광주 여수시,전남광주,여수시,전남광주통합특별시 여수시 이순신대로 272,1,0,1,061-655-5151
A0033221,대성석유(주)김포한강신도시주유소,GS칼텍스,경기 김포시,경기,김포시,경기 김포시 김포한강3로 400 (마산동),1,0,0,031-998-5189
A0033222,내트럭(주) 울산약수사업소,SK에너지,울산 북구,울산,북구,울산 북구 산업로 1515,0,0,1,052-946-2200
A0033223,극동유화㈜참좋은주유소,S-OIL,충북 음성군,충북,음성군,충북 음성군 맹동면 원중로 1485,1,0,1,043-883-5189
A0033224,두물머리IC주유소,S-OIL,경기 양평군,경기,양평군,경기 양평군 양서면 목왕로 681,0,0,0,031-774-1882
A0033225,꽃밭,S-OIL,경기 하남시,경기,하남시,경기 하남시 미사강변대로 203,1,0,0,031-793-5150
A0033228,시흥하늘주유소(판교방향),SK에너지,경기 시흥시,경기,시흥시,경기 시흥시 수도권제1순환고속도로 106,1,0,1,031-481-8149
A0033229,시흥하늘주유소(일산방향),SK에너지,경기 시흥시,경기,시흥시,경기 시흥시 수도권제1순환고속도로 105-1,1,0,1,031-481-8147
A0033230,용문농협단월주유소,NH-OIL,경기 양평군,경기,양평군,경기 양평군 단월면 보룡길 88,0,0,1,031-773-5020
A0033231,(주)태평석유직영로드801,S-OIL,인천 연수구,인천,연수구,인천광역시 연수구 아암대로 801 (동춘동),1,0,0,032-813-2000
A0033232,동탄2주유소,GS칼텍스,경기 화성시,경기,화성시,경기 화성시 동탄구 동탄대로 750 (영천동),1,0,0,031-374-1189
A0033233,지에스칼텍스㈜ 양주센트럴파크주유소,GS칼텍스,경기 양주시,경기,양주시,경기 양주시 옥정로 74,1,0,1,031-861-5149
A0033234,"서일산업㈜장유 충전소,장유 주유소",S-OIL,경남 김해시,경남,김해시,경남 김해시 장유로 581-1,1,0,1,055-332-7744
A0033236,포곡농협가득채움주유소,NH-OIL,경기 용인시,경기,용인시,경기 용인시 처인구 포곡읍 석성로 871,1,1,1,031-321-5844
A0033237,중마우리알뜰주유소,알뜰주유소,전남광주 광양시,전남광주,광양시,전남광주 광양시 행정2길 30,1,0,1,061-794-5189
A0033238,유성주유소,S-OIL,부산 강서구,부산,강서구,부산 강서구 생곡로 337 (생곡동),1,0,0,051-973-8852
A0033239,삼남석유㈜ 혁신도시주유소,GS칼텍스,제주 서귀포시,제주,서귀포시,제주 서귀포시 일주동로 9144 (서호동),1,0,1,064-739-5233
A0033240,춘천강동농협주유소,NH-OIL,강원 춘천시,강원,춘천시,강원 춘천시 동면 춘천로 469,1,0,1,033-254-0058
A0033241,대양석유(주)동탄드림주유소,SK에너지,경기 화성시,경기,화성시,경기도 화성시 동탄구 동탄순환대로 731(영천동),1,0,1,031-374-5186
A0033242,구도일주유소 시화MTV,S-OIL,경기 시흥시,경기,시흥시,경기 시흥시 엠티브이28로 66,1,0,0,031-432-8983
A0033243,효창에너지직영 5주유소,SK에너지,경기 시흥시,경기,시흥시,경기 시흥시 동서로 996,1,0,0,031-410-5155
A0033244,지에스칼텍스(주)진주혁신도시주유소,GS칼텍스,경남 진주시,경남,진주시,경남 진주시 동진로 581,1,0,1,055-752-5180
A0033245,미창주유소,알뜰주유소,경남 창원시,경남,창원시,경남 창원시 의창구 북면 구룡로 15-66,1,0,1,055-253-3233
A0033246,온수주유소,SK에너지,인천 강화군,인천,강화군,인천 강화군 길상면 초지로 568,1,0,0,032-937-9470
A0033247,미니주유소,알뜰주유소,대구 북구,대구,북구,대구 북구 침산남로 224,1,0,0,053-253-5150
A0033248,선진농협주유소,NH-OIL,전남광주 진도군,전남광주,진도군,전남광주통합특별시 진도군 고군면 오일시1길 82,0,0,1,061-543-5430
A0033249,지에스칼텍스(주)대구혁신도시주유소,GS칼텍스,대구 동구,대구,동구,대구 동구 혁신대로 104 (율암동),1,0,1,053-963-9160
A0033250,성수주유소,GS칼텍스,전북 익산시,전북,익산시,전북 익산시 왕궁면 흥암1길 56,0,0,0,063-832-4617
A0033251,동탄명품주유소,S-OIL,경기 화성시,경기,화성시,경기도 화성시 동탄구 동탄신리천로 249(오산동),1,0,1,031-378-5010
A0033252,농소농협알뜰주유소,NH-OIL,울산 북구,울산,북구,울산 북구 매곡로 11,1,1,1,052-293-5145
A0033253,동양주유소,GS칼텍스,경북 영천시,경북,영천시,경북 영천시 영화로 61 (금노동),0,0,0,054-338-0909
A0033254,하동포구주유소,SK에너지,경남 하동군,경남,하동군,경상남도 하동군 하동읍 섬진강대로 1824,1,0,1,070-8199-2003
A0033255,HD현대오일뱅크㈜직영 가정셀프주유소,HD현대오일뱅크,인천 서해구,인천,서해구,인천 서해구 봉수대로 541 (원창동),1,0,1,032-571-8201
A0033256,지에스칼텍스㈜ 인천공항 제2터미널점,GS칼텍스,인천 영종구,인천,영종구,인천 영종구 제2터미널대로 343 (운서동),1,0,1,032-743-5231
A0033257,성주(양평방향)주유소,알뜰(ex),경북 성주군,경북,성주군,경북 성주군 초전면 중부내륙고속도로 98,1,1,1,054-933-0820
A0033258,성주(창원방향)주유소,알뜰(ex),경북 성주군,경북,성주군,경북 성주군 초전면 중부내륙고속도로 97,1,1,1,054-932-1200
A0033259,김해금관가야(기장방향)주유소,알뜰(ex),경남 김해시,경남,김해시,경남 김해시 대동면 동남로 400,1,1,1,055-312-2862
A0033260,김해금관가야(창원방향)주유소,알뜰(ex),경남 김해시,경남,김해시,경남 김해시 대동면 동남로 400,1,1,1,055-312-2864
A0033261,㈜청담금곡주유소,SK에너지,경기 수원시,경기,수원시,경기 수원시 권선구 금곡로212번길 26,1,0,0,031-224-5151
A0033262,대청주유소,HD현대오일뱅크,인천 옹진군,인천,옹진군,인천 옹진군 대청면 대청로 222,1,0,0,032-836-1111
A0033263,㈜서경에너지 사과나무주유소,S-OIL,경기 용인시,경기,용인시,경기 용인시 처인구 포곡읍 백옥대로 1767,1,0,1,031-339-5511
A0033264,(유)삼삼주유소,S-OIL,전남광주 무안군,전남광주,무안군,전남광주통합특별시 무안군 현경면 송마로 473,1,0,0,061-452-0033
A0033267,지에스칼텍스㈜ 세종청사주유소,GS칼텍스,세종시,세종시,세종시,세종 보듬5로 6,1,0,1,044-862-5117
A0033270,경록주유소,S-OIL,경북 성주군,경북,성주군,경북 성주군 성주읍 성주산업단지로3길 76-23,1,0,0,054-931-3356
A0033271,(주)한진 김포공항제2주유소,S-OIL,서울 강서구,서울,강서구,서울 강서구 하늘길 112,1,0,1,02-2661-8892
A0033272,삼미상사(주) 정남TG셀프주유소,SK에너지,경기 화성시,경기,화성시,경기 화성시 효행구 정남면 세자로 214,1,0,1,031-351-5145
A0033273,(유)풍차주유소,S-OIL,전북 익산시,전북,익산시,전북 익산시 왕궁면 무왕로 2180,1,0,0,063-834-7983
A0033274,명산클린주유소,GS칼텍스,충북 충주시,충북,충주시,충북 충주시 주덕읍 기업도시3로 200,1,0,0,043-854-5145
A0033276,매송주유소(서울방향),알뜰(ex),경기 화성시,경기,화성시,경기 화성시 효행구 매송면 서해안고속도로 316-1,1,1,1,031-295-1509
A0033277,매송주유소(목포방향),알뜰(ex),경기 화성시,경기,화성시,경기 화성시 효행구 매송면 서해안고속도로 315-1,1,1,1,031-296-1509
A0033278,㈜대명에너지,HD현대오일뱅크,경기 오산시,경기,오산시,경기 오산시 경기대로 491,1,0,1,031-377-5188
A0033279,혁신주유소,S-OIL,전남광주 나주시,전남광주,나주시,전남광주통합특별시 나주시 그린로 116,1,0,1,061-336-2250
A0033280,동탄행복셀프주유소,GS칼텍스,경기 용인시,경기,용인시,경기 용인시 기흥구 용구대로 1625 (공세동),1,0,0,031-284-5189
A0033281,㈜드림오일 신녕IC주유소,GS칼텍스,경북 영천시,경북,영천시,경북 영천시 신녕면 완전공단길 2,1,0,0,054-336-5150
A0033283,㈜신명에너지 창녕지점,S-OIL,경남 창녕군,경남,창녕군,경남 창녕군 성산면 경남대로 5742-6,1,0,1,055-987-9804
A0033284,동광주유소,S-OIL,경북 칠곡군,경북,칠곡군,경북 칠곡군 북삼읍 칠곡대로 100,1,0,0,054-973-9706
A0033285,오천주유소,S-OIL,경북 포항시,경북,포항시,경북 포항시 남구 오천읍 철강로 818-1,1,0,0,054-261-5922
A0033286,(주)현우 한가득주유소,SK에너지,전남광주 여수시,전남광주,여수시,전남광주통합특별시 여수시 이순신대로 286,0,0,1,061-686-7084
A0033287,(유)민들레셀프주유소,S-OIL,전북 전주시,전북,전주시,전북 전주시 완산구 유연로 59 (효자동3가),1,0,0,063-224-2218
A0033289,강내농협주유소,NH-OIL,충북 청주시,충북,청주시,충북 청주시 흥덕구 강내면 가로수로 570,1,0,1,043-238-9250
A0033290,청년주유소,HD현대오일뱅크,제주 제주시,제주,제주시,제주 제주시 구좌읍 조천우회로 984,0,0,0,070-8900-5884
A0033291,(주)왕산레저개발,S-OIL,인천 영종구,인천,영종구,인천 영종구 을왕로58번길 9-9 (을왕동),0,1,1,032-202-9960
A0033292,청정주유소,SK에너지,충남 청양군,충남,청양군,충남 청양군 정산면 충의로 1188,0,0,0,041-943-8445
A0033293,HD현대오일뱅크㈜직영 동탄예일주유소,HD현대오일뱅크,경기 화성시,경기,화성시,경기 화성시 동탄구 경기동로 211 (장지동),0,0,1,031-372-3401
A0033294,만석에너지,HD현대오일뱅크,충남 서산시,충남,서산시,충남 서산시 음암면 백제사신로 990,0,0,0,041-664-2213
A0033298,(주)대상에너지,S-OIL,충남 당진시,충남,당진시,충남 당진시 송산면 현대제철로 256,1,0,1,041-358-5182
A0033300,옥화대주유소,알뜰주유소,충북 청주시,충북,청주시,충북 청주시 상당구 미원면 남부로 6705,1,1,1,043-298-1230
A0033301,양성농협주유소,NH-OIL,경기 안성시,경기,안성시,경기 안성시 양성면 만세로 627,0,0,1,031-674-2771
A0033302,옥길동주유소,HD현대오일뱅크,경기 부천시,경기,부천시,경기 부천시 옥길로 143 (옥길동),1,0,0,032-347-9660
A0033303,옥천농협 북일지점 주유소,NH-OIL,전남광주 해남군,전남광주,해남군,전남광주통합특별시 해남군 북일면 만월길 11,0,0,1,061-535-0195
A0033305,㈜좋은기름나라 상개주유소,S-OIL,울산 남구,울산,남구,울산 남구 산업로 92 (상개동),1,0,0,052-256-2239
A0033306,지에스칼텍스(주)옥길주유소,GS칼텍스,경기 부천시,경기,부천시,경기 부천시 소사구 옥길로 6,1,0,1,032-342-1011
A0033307,남선석유(주)빛고을주유소,S-OIL,전남광주 남구,전남광주,남구,전남광주통합특별시 남구 서문대로 42,1,0,1,062-710-5189
A0033309,하늘에너지㈜,GS칼텍스,경기 남양주시,경기,남양주시,경기도 남양주시 순화궁로 513,1,0,0,031-572-5153
A0033310,남원주농협주유소 귀래지점,NH-OIL,강원 원주시,강원,원주시,강원 원주시 귀래면 북원로 105,0,0,1,033-764-1711
A0033311,㈜도감에너지,S-OIL,부산 강서구,부산,강서구,부산 강서구 낙동남로 501 (녹산동),1,0,0,051-973-7622
A0033312,4공단주유소,SK에너지,경북 구미시,경북,구미시,경북 구미시 옥계신당로 6 (옥계동),1,0,0,054-604-3226
A0033313,임실농협 주유소,NH-OIL,전북 임실군,전북,임실군,전라북도 임실군 임실읍 호국로 1721,0,0,1,063-642-2566
A0033314,MTV스마트주유소,GS칼텍스,경기 안산시,경기,안산시,경기도 안산시 단원구 시화호수로841번길 4,1,0,0,031-491-5189
A0033321,(주)푸른에너지 구어2산단주유소,S-OIL,경북 경주시,경북,경주시,경북 경주시 외동읍 구어2산단로 57,1,0,0,054-774-3423
A0033322,퍼시픽㈜ 송산주유소,S-OIL,부산 강서구,부산,강서구,부산 강서구 호계로 200 (죽동동),1,0,0,051-973-6621
A0033323,석문파워주유소,HD현대오일뱅크,충남 당진시,충남,당진시,충남 당진시 석문면 북부산업로 3550,0,0,0,041-357-5448
A0033326,남경주유소,S-OIL,경북 경산시,경북,경산시,경북 경산시 진량읍 금박로 590-3,1,0,0,053-853-5104
A0033327,(주)도개휴게주유소,GS칼텍스,경북 구미시,경북,구미시,경북 구미시 도개면 낙동대로 3878,1,0,1,054-474-0202
A0033328,KH에너지㈜직영 KH외발산주유소,SK에너지,서울 강서구,서울,강서구,서울 강서구 방화대로 30,1,0,1,032-677-9497
A0033329,KH에너지㈜직영 의왕주유소(의왕방향),SK에너지,경기 의왕시,경기,의왕시,경기 의왕시 오전로 24,1,0,1,031-429-9258
A0033330,동원주유소(주),HD현대오일뱅크,부산 사하구,부산,사하구,부산 사하구 감천항로 445 (구평동),1,0,0,051-261-4448
A0033331,지에스칼텍스㈜ 바로주유소,GS칼텍스,전북 전주시,전북,전주시,전북 전주시 덕진구 온고을로 441,1,0,1,063-211-8051
A0033332,아주알뜰주유소 ㈜아주,알뜰주유소,세종시,세종시,세종시,세종특별자치시 다정북로 40,1,0,1,044-862-0935
A0033333,(주)전동 송산산단주유소,SK에너지,충남 당진시,충남,당진시,충남 당진시 송산면 현대제철로 820,1,0,1,0
A0033334,(주)통영IC 직영,SK에너지,경남 통영시,경남,통영시,경남 통영시 통영터널로 32,1,0,0,055-642-4338
A0033335,다시농협주유소,NH-OIL,전남광주 나주시,전남광주,나주시,전남광주통합특별시 나주시 다시면 다시로 175-14,0,0,1,061-335-6002
A0033336,보정꽃길주유소,GS칼텍스,경기 용인시,경기,용인시,경기 용인시 기흥구 용구대로2469번길 153,1,0,0,031-262-5185
A0033338,구룡주유소,HD현대오일뱅크,충남 부여군,충남,부여군,충남 부여군 구룡면 흥수로 152,0,0,0,041-834-5313
A0033339,기안셀프주유소,SK에너지,경기 화성시,경기,화성시,경기 화성시 효행구 서부로 1343,1,0,1,031-225-1225
A0033340,웅천농협주유소,NH-OIL,경남 창원시,경남,창원시,경남 창원시 진해구 웅천서로 38 (남문동),1,0,1,055-552-8103
A0033343,지에스칼텍스(주)스마트위례주유소,GS칼텍스,서울 송파구,서울,송파구,서울 송파구 위례중앙로 43 (장지동),1,0,1,02-409-5185
A0033344,서순창농협주유소,NH-OIL,전북 순창군,전북,순창군,전북 순창군 복흥면 추령로 1181-1,0,0,1,063-652-7461
A0033346,자월주유소,SK에너지,인천 옹진군,인천,옹진군,인천 옹진군 자월면 자월동로 38,0,0,0,032-435-5399
A0033347,주천주유소,S-OIL,강원 영월군,강원,영월군,강원 영월군 주천면 송학주천로 1462,1,0,0,033-372-7475
A0033348,삼척농협하장지점주유소,NH-OIL,강원 삼척시,강원,삼척시,강원 삼척시 하장면 백두대간로 2689,0,0,1,033-554-5182
A0033349,선수촌주유소,SK에너지,인천 남동구,인천,남동구,인천 남동구 매소홀로 810 (구월동),1,0,0,032-466-7457
A0033350,영광주유소,S-OIL,전남광주 서구,전남광주,서구,전남광주통합특별시 서구 풍서우로 128(매월동),1,0,1,062-671-5151
A0033352,블루골드(유) 정남현대주유소,HD현대오일뱅크,경기 화성시,경기,화성시,경기 화성시 효행구 정남면 세자로 257,1,0,0,031-000-0000
A0033353,중도가스(주) 충청주유소,HD현대오일뱅크,충남 천안시,충남,천안시,충남 천안시 서북구 성거읍 봉주로 279,1,0,1,070-7500-2314
A0033354,에이치디오티서비스㈜가덕신항주유소,HD현대오일뱅크,부산 강서구,부산,강서구,부산 강서구 가락대로 649,1,0,1,051-974-0808
A0033355,메이저주유소,GS칼텍스,충북 청주시,충북,청주시,충북 청주시 청원구 오창읍 두릉유리로 207,1,0,0,043-212-7898
A0033356,광신직영(태광셀프),S-OIL,경남 창원시,경남,창원시,경남 창원시 의창구 서상로 14,1,0,1,055-252-5189
A0033357,(주)북고개주유소,HD현대오일뱅크,경기 안산시,경기,안산시,경기 안산시 상록구 수인로 1177,1,0,0,031-417-9050
A0033358,SK 정웅,SK에너지,전남광주 광양시,전남광주,광양시,전남광주통합특별시 광양시 담안길 58,0,0,1,0
A0033363,성산일출봉농협주유소,NH-OIL,제주 서귀포시,제주,서귀포시,제주 서귀포시 성산읍 일주동로 4521,0,0,1,064-780-3135
A0033364,관문주유소,자가상표,전북 부안군,전북,부안군,전북 부안군 동진면 동진로 45,0,0,0,000-000-0000
A0033367,상천에너지㈜ 하남풀페이주유소,S-OIL,경기 하남시,경기,하남시,경기 하남시 감초로 176,1,0,1,02-428-8034
A0033368,(주)삼호SW주유소,GS칼텍스,경기 시흥시,경기,시흥시,경기 시흥시 시화벤처로 358,1,0,1,031-362-6830
A0033369,영산호현대 남악지점주유소,HD현대오일뱅크,전남광주 무안군,전남광주,무안군,전남광주통합특별시 무안군 삼향읍 후광대로 507,1,0,0,061-284-7704
A0033370,씨앤에스유통(주)세종셀프주유소,S-OIL,세종시,세종시,세종시,세종시 다정북로 221(다정동),1,0,0,044-863-6273
A0033371,까막셀프주유소,HD현대오일뱅크,경기 오산시,경기,오산시,경기 오산시 남부대로 40,1,0,0,031-374-5154
A0033372,㈜스피드에너지,S-OIL,전남광주 북구,전남광주,북구,전남광주통합특별시 북구 빛고을대로 849,1,0,1,062-571-1511
A0033373,(주)서평택고속주유소,GS칼텍스,경기 평택시,경기,평택시,경기 평택시 포승읍 포승공단로 260,1,0,0,031-681-1213
A0033374,㈜위굴리 한숲시티주유소,S-OIL,경기 용인시,경기,용인시,경기 용인시 처인구 남사면 처인성로 912,1,0,1,031-333-6039
A0033387,지에스칼텍스(주)양주옥정신도시주유소,GS칼텍스,경기 양주시,경기,양주시,경기 양주시 옥정로 300,1,0,1,031-868-9670
A0033388,현대오일뱅크㈜직영 김포나루셀프주유소,HD현대오일뱅크,경기 김포시,경기,김포시,경기 김포시 태장로 819(장기동),1,0,1,031-996-5691
A0033389,지에스칼텍스㈜ 혁신도시주유소,GS칼텍스,울산 중구,울산,중구,울산 중구 종가로 406-36,1,0,1,052-243-9533
A0033391,대천에너지주유소,GS칼텍스,대구 달서구,대구,달서구,대구 달서구 달서대로 101,1,0,0,053-719-2605
A0033392,궁내동주유소,HD현대오일뱅크,경기 성남시,경기,성남시,경기 성남시 분당구 대왕판교로 270,1,0,1,031-716-1622
A0033394,문덕주유소,SK에너지,경북 포항시,경북,포항시,경북 포항시 남구 오천읍 문덕서로 151,1,0,0,054-273-8100
A0033395,비쓰리에너지주유소,SK에너지,경북 칠곡군,경북,칠곡군,경북 칠곡군 왜관읍 강변대로 610,1,0,0,054-973-8966
A0033396,양주농협클린주유소,NH-OIL,경기 양주시,경기,양주시,경기 양주시 고덕로 274,1,0,1,031-847-5149
A0033397,해바라기주유소,S-OIL,전남광주 나주시,전남광주,나주시,전남광주통합특별시 나주시 금천면 빛가람로 467,1,0,0,061-820-8123
A0033398,용두농협주유소,NH-OIL,전남광주 장흥군,전남광주,장흥군,전남광주통합특별시 장흥군 장동면 곰치로 9,0,1,1,061-862-9715
A0033399,양양IC주유소,SK에너지,강원 양양군,강원,양양군,강원 양양군 양양읍 설악로 2728,1,0,0,033-673-6777
A0033400,김천행복주유소,S-OIL,경북 김천시,경북,김천시,경북 김천시 영남대로 1650 (평화동),1,0,0,054-430-1357
A0033401,삼화석유(주)만남의광장주유소,SK에너지,제주 제주시,제주,제주시,제주 제주시 노형로 121,1,0,1,064-712-5142
A0033402,삼학주유소,S-OIL,전남광주 완도군,전남광주,완도군,전남광주통합특별시 완도군 고금면 고금로 665,0,0,0,061-554-7799
A0033404,(주)대성주유소,SK에너지,경기 남양주시,경기,남양주시,경기 남양주시 진건읍 금강로 596,1,0,1,031-529-5730
A0033405,HD현대오일뱅크㈜직영 논현셀프주유소,HD현대오일뱅크,인천 남동구,인천,남동구,인천 남동구 소래로 233,1,0,1,032-428-5151
A0033406,남원농협주유소,NH-OIL,전북 남원시,전북,남원시,전북 남원시 요천로 1844 (고죽동),1,0,1,063-620-8770
A0033407,임고농협클린주유소,NH-OIL,경북 영천시,경북,영천시,경북 영천시 임고면 포은로 422,0,1,1,054-336-7751
A0033409,지에스칼텍스㈜ 은현IC주유소,GS칼텍스,경기 양주시,경기,양주시,경기 양주시 은현면 선하로 96,1,0,1,031-859-5189
A0033410,주남셀프주유소,HD현대오일뱅크,전남광주 동구,전남광주,동구,전남광주통합특별시 동구 남문로 350,1,0,0,062-223-5116
A0033411,역곡WASH주유소,S-OIL,경기 부천시,경기,부천시,경기 부천시 부일로 829,1,0,1,032-346-2220
A0033412,기업도시주유소,S-OIL,충북 충주시,충북,충주시,충북 충주시 대소원면 기업도시2로 26,1,0,0,043-848-5151
A0033413,대송주유소 에스앤제이㈜,GS칼텍스,경북 포항시,경북,포항시,경북 포항시 남구 장흥로 50(장흥동),1,0,0,054-242-5145
A0033414,현대부석주유소,HD현대오일뱅크,충남 서산시,충남,서산시,충남 서산시 부석면 무학로 946,0,0,0,041-662-4110
A0033415,운봉농협주유소,NH-OIL,전북 남원시,전북,남원시,전북 남원시 운봉읍 운성로 26,0,0,1,063-634-1263
A0033416,신안 천사대교주유소,GS칼텍스,전남광주 신안군,전남광주,신안군,전남광주통합특별시 신안군 압해읍 압해로 205,1,0,1,061-261-5189
A0033418,환영self주유소,SK에너지,충북 음성군,충북,음성군,충북 음성군 음성읍 생음대로 324,1,0,0,043-750-7151
A0033419,㈜삼화이앤아이,SK에너지,충남 당진시,충남,당진시,충남 당진시 석문면 북부산업로 2388,0,0,0,041-358-5180
A0033420,다산신도시주유소 ㈜지앤비에스에코,S-OIL,경기 남양주시,경기,남양주시,경기 남양주시 다산지금로 39,1,0,1,031-554-5133
A0033421,정일주유소,S-OIL,경북 청도군,경북,청도군,경북 청도군 청도읍 중앙로 144,0,0,0,054-373-3501
A0033422,CJ대한통운㈜ 남사IC주유소,S-OIL,경기 용인시,경기,용인시,경기 용인시 처인구 남사면 용구대로 470,1,0,1,031-321-9761
A0033424,㈜버드에너지 위례제일,S-OIL,서울 송파구,서울,송파구,서울 송파구 위례서로 260,1,0,0,02-408-9951
A0033425,신덕계클린주유소 경동제이에이치개발,알뜰주유소,경남 양산시,경남,양산시,경남 양산시 덕명로 48,1,1,1,055-785-0987
A0033426,SK에너지㈜직영 스카이파크주유소,SK에너지,인천 영종구,인천,영종구,인천 영종구 영종대로 312 (운남동),1,0,1,032-751-5185
A0033427,학운공단주유소,SK에너지,경기 김포시,경기,김포시,경기 김포시 양촌읍 황금3로 98,1,0,1,031-985-5144
A0033428,경북셀프주유소,S-OIL,경북 안동시,경북,안동시,경북 안동시 풍산읍 도청대로 716,1,0,0,054-852-5182
A0033430,세종감성셀프주유소,S-OIL,세종시,세종시,세종시,세종 금남면 안금로 581,1,0,1,044-862-3980
A0033431,지에스칼텍스㈜ 비전주유소,GS칼텍스,경기 평택시,경기,평택시,경기 평택시 만세로 1754-3,1,0,1,031-655-5145
A0033432,대보건설(주) 구리(일산방향)주유소,알뜰(ex),경기 구리시,경기,구리시,경기 구리시 수도권제1순환고속도로 32,1,1,1,031-528-3002
A0033434,서울석유㈜ 호매실주유소,SK에너지,경기 수원시,경기,수원시,경기 수원시 권선구 서수원로 453,1,0,1,031-296-8668
A0033436,CJ대한통운㈜ 강릉주유소,S-OIL,강원 강릉시,강원,강릉시,강원 강릉시 동해대로 3292,1,0,1,033-642-8603
A0033437,지에스칼텍스㈜쌍용셀프주유소,GS칼텍스,충남 천안시,충남,천안시,충남 천안시 서북구 불당대로 294,1,0,1,041-577-5185
A0033438,㈜그린에너지 인천현대셀프,HD현대오일뱅크,인천 서해구,인천,서해구,인천 서해구 백범로 818,1,0,0,032-577-5145
A0033439,홍성오토밸리㈜,HD현대오일뱅크,충남 홍성군,충남,홍성군,충남 홍성군 홍성읍 충서로 1569,1,0,0,041-000-0000
A0033440,(주)지엠 옥계주유소,알뜰주유소,경북 구미시,경북,구미시,경북 구미시 산호대로 585(양호동),1,1,1,054-475-4008
A0033441,신항 P-OIL CJ대한통운㈜,GS칼텍스,부산 강서구,부산,강서구,부산 강서구 가락대로 1027,1,0,1,051-832-6717
A0033442,동탄그린주유소,GS칼텍스,경기 화성시,경기,화성시,경기 화성시 동탄구 동탄산단5길 10-44,1,0,1,031-373-5828
A0033444,내트럭(주) 광주평동사업소,SK에너지,전남광주 광산구,전남광주,광산구,전남광주통합특별시 광산구 평동산단9번로 145,0,0,1,062-451-6301
A0033445,기흥에너지셀프주유소,GS칼텍스,경기 용인시,경기,용인시,경기 용인시 기흥구 용구대로 1624 (공세동),1,0,1,031-274-5212
A0033447,내트럭(주) 김해사업소,SK에너지,경남 김해시,경남,김해시,경남 김해시 진영읍 김해대로 243,0,0,1,055-903-2600
A0033449,양구군농협 해안지점주유소,NH-OIL,강원 양구군,강원,양구군,강원 양구군 해안면 해안서화로 22-4,0,0,1,033-482-8217
A0033451,(주)에스에이치에너지 신갈현대셀프주유소,HD현대오일뱅크,경기 용인시,경기,용인시,경기 용인시 기흥구 신수로 69(신갈동),1,0,1,031-285-1026
A0033459,㈜진성 가람Self주유소,SK에너지,세종시,세종시,세종시,세종 금송로 589,1,0,0,044-868-5117
A0033460,동일석유㈜행복드림주유소,SK에너지,인천 남동구,인천,남동구,인천 남동구 서창방산로 112,1,0,1,032-469-5189
A0033463,황정주유소,S-OIL,경북 경산시,경북,경산시,경북 경산시 와촌면 금송로 653,1,0,0,053-851-8251
A0033464,(주)디오티디 부천범블비주유소,S-OIL,경기 부천시,경기,부천시,경기 부천시 양지로 115,1,0,0,02-6949-5189
A0033465,지에스칼텍스㈜구봉산셀프주유소,GS칼텍스,대전 서구,대전,서구,대전 서구 구봉로 208,1,0,1,042-256-8333
A0033467,영해벌영주유소,S-OIL,경북 영덕군,경북,영덕군,경북 영덕군 영해면 동해대로 6643,1,0,0,054-734-9955
A0033468,남원농협대산지점주유소,NH-OIL,전북 남원시,전북,남원시,전북 남원시 대산면 운교2길 20,0,0,1,063-620-2889
A0033469,세종반곡주유소,S-OIL,세종시,세종시,세종시,세종특별자치시 국책연구원3로 9,1,0,1,044-868-6013
A0033470,상영주유소,GS칼텍스,경기 이천시,경기,이천시,경기 이천시 호법면 덕평로 225,1,0,1,031-631-3303
A0033472,서천신도시주유소,GS칼텍스,경기 용인시,경기,용인시,경기 용인시 기흥구 서천로 190,1,0,0,031-205-5188
A0033473,㈜피디텍 광양알뜰주유소,알뜰주유소,전남광주 광양시,전남광주,광양시,전남광주통합특별시 광양시 광양읍 백운로 160,1,1,1,061-763-5566
A0033474,SK 명당주유소,SK에너지,전남광주 광양시,전남광주,광양시,전남광주통합특별시 광양시 백운1로 288,1,0,1,061-793-7712
A0033475,동림셀프주유소,S-OIL,경기 용인시,경기,용인시,경기 용인시 처인구 양지면 중부대로 1955,1,0,0,031-321-5155
A0033476,지리산농협 아영지점주유소,NH-OIL,전북 남원시,전북,남원시,전북 남원시 아영면 아백로 371,0,0,1,063-630-0457
A0033480,기업도시 주유소,HD현대오일뱅크,강원 원주시,강원,원주시,강원 원주시 지정면 기업도시로 125,1,0,0,033-743-5312
A0033481,그린씨티 셀프주유소,SK에너지,경기 김포시,경기,김포시,경기 김포시 양촌읍 양곡우회로 40,1,0,1,031-998-3006
A0033482,평택복합휴게소(평택방향)주유소/충전소,SK에너지,경기 평택시,경기,평택시,경기 평택시 청북읍 평택제천고속도로 6,1,0,1,070-4172-8085
A0033483,CJ대한통운㈜ 신송악주유소,S-OIL,충남 당진시,충남,당진시,충남 당진시 송악읍 북부산업로 987,0,0,1,041-356-8125
A0033484,기흥꽃길주유소,SK에너지,경기 용인시,경기,용인시,경기 용인시 기흥구 용구대로 1701,1,0,1,031-274-5181
A0033485,평택복합휴게소(제천방향)주유소/충전소,SK에너지,경기 평택시,경기,평택시,경기 평택시 청북읍 평택제천고속도로 6,1,0,1,070-4172-8087
A0033487,㈜조은에너지 민락주유소,SK에너지,경기 의정부시,경기,의정부시,경기 의정부시 민락로 403,1,0,0,031-853-5851
A0033488,대창IC주유소,S-OIL,경북 영천시,경북,영천시,경북 영천시 금호읍 금창로 314,1,0,0,054-331-9797
A0033489,우리하나셀프주유소,S-OIL,대전 서구,대전,서구,대전 서구 동서대로 1120,1,0,0,042-522-5179
A0033490,내포오토밸리(주),SK에너지,충남 홍성군,충남,홍성군,충남 홍성군 홍북읍 도청대로 330 (용봉산 입구),1,0,0,041-635-0347
A0033492,행복가득효천주유소,SK에너지,전남광주 남구,전남광주,남구,전남광주통합특별시 남구 서문대로 37 (이장동),1,0,0,062-716-1666
A0033493,골드스타주유소,GS칼텍스,경기 김포시,경기,김포시,경기 김포시 통진읍 월하로 524,1,0,0,031-996-5145
A0033494,자원주유소,HD현대오일뱅크,충남 아산시,충남,아산시,충남 아산시 둔포면 장영실로 1101,1,0,1,041-533-6376
A0033495,(주)미니E주유소,알뜰주유소,대구 달성군,대구,달성군,대구 달성군 다사읍 서재로31길 2,1,0,1,0
A0033500,도덕주유소,S-OIL,전남광주 고흥군,전남광주,고흥군,전남광주통합특별시 고흥군 도덕면 학동2길 23,0,0,0,061-842-8880
A0033501,용연주유소,HD현대오일뱅크,경남 양산시,경남,양산시,경남 양산시 하북면 양산대로 2053,1,0,0,055-374-5188
A0033502,㈜에스엔디유통 진영(기장)주유소,S-OIL,경남 김해시,경남,김해시,경남 김해시 진영읍 하계로96번길 94-4,1,0,0,055-832-8770
A0033503,강구농협달산지점주유소,NH-OIL,경북 영덕군,경북,영덕군,경북 영덕군 달산면 팔각산로 1828-13,0,0,1,054-733-9810
A0033505,㈜에스엔디유통 진영(부산)주유소/충전소,S-OIL,경남 김해시,경남,김해시,경남 김해시 진영읍 하계로96번길 68,1,0,0,055-342-8700
A0033506,석문산단주유소㈜,SK에너지,충남 당진시,충남,당진시,충남 당진시 석문면 산단3로 96,1,0,0,041-356-5149
A0033507,장흥 정남진주유소,알뜰(ex),전남광주 장흥군,전남광주,장흥군,전남광주통합특별시 장흥군 부산면 남해고속도로 41,1,1,1,061-864-5008
A0033508,제2금산주유소,S-OIL,경북 고령군,경북,고령군,경북 고령군 개진면 개경포로 1329,1,0,0,054-956-5151
A0033509,㈜나이스디앤에스 고양(서울방향)주유소/충전소,GS칼텍스,경기 고양시,경기,고양시,경기 고양시 덕양구 수원문산고속도로 51,1,0,0,031-969-9480
A0033510,㈜나이스디앤에스 고양(문산방향)주유소/충전소,GS칼텍스,경기 고양시,경기,고양시,경기 고양시 덕양구 수원문산고속도로 52,1,0,0,031-979-5837
A0033511,지에스칼텍스(주) 고덕국제도시주유소,GS칼텍스,경기 평택시,경기,평택시,경기 평택시 고덕면 고덕국제2로 54,1,0,1,031-666-5149
A0033512,굿오일셀프주유소,S-OIL,충남 홍성군,충남,홍성군,충남 홍성군 홍북면 충서로 2417,1,0,1,041-633-9405
A0033513,세종중앙농협주유소,NH-OIL,세종시,세종시,세종시,세종 연기면 잣띠길 4,1,0,1,044-867-9036
A0033515,㈜명연에너지 내각주유소,SK에너지,경기 남양주시,경기,남양주시,경기 남양주시 진접읍 금강로1190번길 23,1,0,0,031-575-5559
A0033516,㈜나이스디앤에스 울주(울산방향)주유소,알뜰(ex),울산 울주군,울산,울주군,울산광역시 울주군 삼동면 함양울산고속도로 134,1,1,1,052-977-2243
A0033517,㈜나이스디앤에스 울주(함양방향)주유소,알뜰(ex),울산 울주군,울산,울주군,울산광역시 울주군 삼동면 함양울산고속도로 133,1,1,1,052-977-3243
A0033519,문막농협공단클린주유소,NH-OIL,강원 원주시,강원,원주시,강원 원주시 문막읍 원문로 2075,1,0,1,033-734-5182
A0033520,(주)효문에너지 효문2주유소,S-OIL,경북 포항시,경북,포항시,경북 포항시 남구 오천읍 냉천로560번길 64 (오천읍),1,0,0,070-8830-5151
A0033522,우문self주유소,SK에너지,전북 전주시,전북,전주시,전북 전주시 덕진구 동부대로 1273(송천동2가),1,0,0,063-213-8335
A0033523,장성농협주유소,NH-OIL,전남광주 장성군,전남광주,장성군,전남광주통합특별시 장성군 장성읍 뱃나드리로 245,1,1,1,061-393-1000
A0033525,㈜이루다셀프주유소 오산점,HD현대오일뱅크,경기 오산시,경기,오산시,경기 오산시 경기대로 587,1,0,1,031-374-5155
A0033526,강화농협주유소,NH-OIL,인천 강화군,인천,강화군,인천 강화군 강화읍 중앙로 70,1,0,1,032-933-0556
A0033527,봉황농협주유소,NH-OIL,전남광주 나주시,전남광주,나주시,전남광주 나주시 봉황면 봉황로 719-9,0,0,1,061-330-5252
A0033528,낭산농협주유소,NH-OIL,전북 익산시,전북,익산시,전북 익산시 낭산면 함낭로 973,0,0,1,063-861-5510
A0033529,이안주유소,HD현대오일뱅크,충남 당진시,충남,당진시,충남 당진시 석문면 북부산업로 3103,0,0,0,000-000-0000
A0033530,내트럭(주) 울산신항사업소,SK에너지,울산 남구,울산,남구,울산 남구 신항로716번길 13,0,0,1,052-947-6500
A0033532,에이치제이에너지주유소,GS칼텍스,경기 화성시,경기,화성시,경기 화성시 만세구 팔탄면 시청로 567,1,0,0,031-366-9082
A0033534,청정에너지 동백점,S-OIL,경기 용인시,경기,용인시,경기 용인시 기흥구 석성로 666,1,0,1,031-281-3111
A0033536,유니드주유소,SK에너지,경기 하남시,경기,하남시,경기 하남시 미사대로 556,1,0,1,031-793-1443
A0033537,삼미상사(주)서창셀프주유소,SK에너지,인천 남동구,인천,남동구,인천 남동구 서창방산로 165,1,0,1,032-462-7410
A0033539,남제천셀프주유소,HD현대오일뱅크,충북 제천시,충북,제천시,충북 제천시 금성면 청풍호로 741,1,0,1,043-646-4466
A0033540,CJ대한통운㈜ 신항대로 P-OIL,GS칼텍스,부산 강서구,부산,강서구,부산 강서구 가락대로 845,1,0,0,051-972-6560
A0033542,㈜HC에너지 연경1주유소,S-OIL,대구 북구,대구,북구,대구 북구 동화천로 207,1,0,1,053-985-8051
A0033543,SK신대셀프주유소,SK에너지,전남광주 순천시,전남광주,순천시,전남광주통합특별시 순천시 해룡면 해광로 186,1,0,0,061-723-9962
A0033544,(주)서호주유소,S-OIL,부산 강서구,부산,강서구,부산 강서구 명지국제2로28번길 36,1,0,0,051-206-6661
A0033545,영천농협 클린주유소,NH-OIL,경북 영천시,경북,영천시,경북 영천시 장천2길 23,0,1,1,054-338-3851
A0033546,율하2지구주유소,HD현대오일뱅크,경남 김해시,경남,김해시,경남 김해시 율하로 515,1,0,0,055-325-0515
A0033547,대원주유소,S-OIL,대구 달서구,대구,달서구,대구 달서구 갈밭로 55,1,0,0,000-000-0000
A0033548,솔주유소 효천점(유),HD현대오일뱅크,전북 전주시,전북,전주시,전북 전주시 완산구 세내로 105,1,0,0,063-227-5188
A0033549,제일주유소,GS칼텍스,전북 익산시,전북,익산시,전북 익산 평동로 495,1,0,0,063-857-1548
A0033550,한울주유소,S-OIL,전북 부안군,전북,부안군,전북 부안군 행안면 서문로 72-1,0,0,0,063-581-1369
A0033552,남사대로주유소,GS칼텍스,경기 용인시,경기,용인시,경기 용인시 처인구 남사읍 용구대로 202,1,0,0,031-322-5159
A0033553,SK에너지㈜ 고산셀프주유소,SK에너지,경기 의정부시,경기,의정부시,경기 의정부시 문충로 332,1,0,1,031-851-5188
A0033555,정동농협주유소,NH-OIL,경남 사천시,경남,사천시,경남 사천시 정동면 상정대로 2540-27,0,0,1,055-852-8916
A0033557,의성농협 신평지점주유소,NH-OIL,경북 의성군,경북,의성군,경북 의성군 신평면 봉호로 2413,0,0,1,054-862-1909
A0033558,㈜여정 영암주유소,알뜰주유소,전남광주 영암군,전남광주,영암군,전남광주통합특별시 영암군 삼호읍 대불로 164,1,0,1,061-461-1868
A0033559,은현농협 에너지주유소,NH-OIL,경기 양주시,경기,양주시,경기 양주시 은현면 화합로 1148,1,1,1,031-859-5151
A0033560,서홍천농협주유소(본점),NH-OIL,강원 홍천군,강원,홍천군,강원 홍천군 남면 시동로 62,1,0,1,033-432-1853
A0033562,한길주유소,SK에너지,경기 이천시,경기,이천시,경기 이천시 증신로 42,1,0,0,0
A0033564,㈜화담 더남산주유소,S-OIL,경북 칠곡군,경북,칠곡군,경북 칠곡군 왜관읍 칠곡대로 1655,1,0,0,054-971-5189
A0033565,김포감정주유소,알뜰주유소,경기 김포시,경기,김포시,경기 김포시 김포대로 1135,1,1,1,031-986-5199
A0033566,운남농협주유소,NH-OIL,전남광주 무안군,전남광주,무안군,전남광주통합특별시 무안군 운남면 운해로 578-7,0,0,1,061-450-4724
A0033567,천지주유소,알뜰주유소,대구 북구,대구,북구,대구 북구 사수로 369,1,1,1,000-000-0000
A0033568,(주)비봉I.C셀프주유소,HD현대오일뱅크,경기 화성시,경기,화성시,경기 화성시 효행구 비봉면 화성로 1940,1,0,0,031-8055-8735
A0033569,고룡셀프주유소,SK에너지,전남광주 광산구,전남광주,광산구,전남광주통합특별시 광산구 임곡로 359,1,0,0,062-710-0515
A0033570,화개악양농협본점,NH-OIL,경남 하동군,경남,하동군,경남 하동군 화개면 섬진강대로 3748-5,1,0,1,055-883-0802
A0033572,부영석유 도매주유소,GS칼텍스,부산 사하구,부산,사하구,부산 사하구 을숙도대로 564,1,0,0,051-202-7333
A0033573,삼장주유소,GS칼텍스,제주 제주시,제주,제주시,제주 제주시 연신로 196(영평동),0,0,0,064-751-5105
A0033574,블루밸리주유소,S-OIL,경북 포항시,경북,포항시,경북 포항시 남구 동해면 블루서로1길 3,1,0,0,054-291-5950
A0033575,대양석유㈜ 세종대평주유소,SK에너지,세종시,세종시,세종시,세종 종합운동장로 29,1,0,1,070-4196-7002
A0033576,㈜조은에너지 조은주유소,SK에너지,경북 의성군,경북,의성군,경북 의성군 의성읍 경북대로 6182,1,0,1,054-834-5182
A0033578,동안동IC주유소,SK에너지,경북 안동시,경북,안동시,경북 안동시 길안면 만음현하로 195,1,0,1,054-822-2370
A0033580,루트40주유소,HD현대오일뱅크,충남 공주시,충남,공주시,충남 공주시 이인면 잣골길 52-11 (이인면),1,0,0,041-855-0040
A0033581,한길송정주유소,SK에너지,경기 이천시,경기,이천시,경기도 이천시 황무로 746(송정동),1,0,0,031-635-7888
A0033582,(주)충무공에너지,SK에너지,충남 아산시,충남,아산시,충남 아산시 염치읍 이순신대로 206,1,0,1,041-532-5152
A0033583,행복가득주유소,SK에너지,전남광주 북구,전남광주,북구,전남광주통합특별시 북구 우치로 952(용전동),1,0,0,062-576-5185
A0033584,(주)강릉햇살 유천주유소,HD현대오일뱅크,강원 강릉시,강원,강릉시,강원도 강릉시 사임당로 178(유천동),1,0,1,033-641-1868
A0033586,㈜대경유업 의정부셀프,HD현대오일뱅크,경기 의정부시,경기,의정부시,경기 의정부시 용민로 293,1,0,0,031-836-5151
A0033588,신거제주유소,HD현대오일뱅크,경남 거제시,경남,거제시,경남 거제시 연초면 거제대로 4131 (연초면),1,0,0,055-632-0123
A0033589,보은산단주유소,SK에너지,충북 보은군,충북,보은군,충청북도 보은군 삼승면 남부로 3852,1,0,0,043-544-5189
A0033590,영덕울진축산농협 주유소,SK에너지,경북 울진군,경북,울진군,경북 울진군 울진읍 동해대로 4348,1,0,1,054-781-0834
A0033591,오천농협원산도지점주유소,NH-OIL,충남 보령시,충남,보령시,충남 보령시 오천면 원산도3길 66,1,0,1,041-936-6055
A0033595,진안농협 동향지점주유소,NH-OIL,전북 진안군,전북,진안군,전북 진안군 동향면 진성로 1612,0,0,1,063-432-7540
A0033596,울포주유소,SK에너지,경북 포항시,경북,포항시,경북 포항시 남구 오천읍 문덕서로 32,1,0,0,054-292-7766
A0033598,두성유통(주)문의휴게소(청주방향),알뜰(ex),충북 청주시,충북,청주시,충청북도 청주시 상당구 문의면 당진영덕고속도로 123,1,1,1,043-223-2823
A0033599,두성유통(주)문의휴게소(영덕방향),알뜰(ex),충북 청주시,충북,청주시,충청북도 청주시 상당구 문의면 당진영덕고속도로 124,1,1,1,043-715-2823
A0033600,위례드림주유소,S-OIL,서울 송파구,서울,송파구,서울시 송파구  위례중앙로 10,1,0,0,02-404-5189
A0033601,㈜금강산컴퍼니,SK에너지,경기 연천군,경기,연천군,경기 연천군 청산면 동서로 1883,1,0,0,031-833-5125
A0033604,삼미상사(주)탕정셀프주유소,SK에너지,충남 아산시,충남,아산시,충남 아산시 탕정면 이순신대로 612,1,0,1,041-549-6718
A0033607,나노산단주유소,S-OIL,전남광주 장성군,전남광주,장성군,전남광주통합특별시 장성군 남면 하남진곡산단로 931,1,0,0,061-878-8366
A0033608,(주)우방환경 주유소,GS칼텍스,전남광주 여수시,전남광주,여수시,전남광주통합특별시 여수시 소라면 화양로 1818,1,0,0,061-681-7720
A0033609,전곡농협 백학주유소,NH-OIL,경기 연천군,경기,연천군,경기 연천군 백학면 청정로 516-1,1,0,1,031-832-5153
A0033611,공갈못주유소,S-OIL,경북 상주시,경북,상주시,경북 상주시 공검면 경상대로 4260,1,0,0,054-541-1988
A0033613,내트럭(주) 목포사업소,SK에너지,전남광주 목포시,전남광주,목포시,전남광주통합특별시 목포시 대양산단로 154,0,0,1,061-980-8700
A0033614,산단클린주유소,HD현대오일뱅크,충남 당진시,충남,당진시,충남 당진시 석문면 북부산업로 2895,0,0,1,041-358-7841
A0033615,대보유통(주)부안(서울)주유소,알뜰(ex),전북 부안군,전북,부안군,전북 부안군 주산면 서해안고속도로 106,1,1,1,063-776-7088
A0033616,대보유통(주)부안(목포)주유소,알뜰(ex),전북 부안군,전북,부안군,전북 부안군 주산면 서해안고속도로 103,1,1,1,063-776-8088
A0033617,대통주유소,SK에너지,경남 창원시,경남,창원시,경남 창원시 의창구 북면 화천로 46,1,0,0,055-294-1333
A0033618,가까운주유소,GS칼텍스,제주 서귀포시,제주,서귀포시,제주특별자치도 서귀포시 일주서로 1080(상예동),1,0,1,064-738-5150
A0033619,서일석유(주)북항서일주유소,GS칼텍스,인천 서해구,인천,서해구,인천 서해구 북항로 185(원창동),1,0,1,032-572-5262
A0033621,㈜신화에너지서울 박물관주유소,SK에너지,충북 진천군,충북,진천군,충북 진천군 진천읍 생거진천로 1399,1,0,1,043-533-5152
A0033623,우양피앤엘㈜ 빵집주유소,S-OIL,경남 김해시,경남,김해시,경남 김해시 율하로 443,1,0,0,055-312-0995
A0033624,덕산농협주유소,NH-OIL,충북 진천군,충북,진천군,충북 진천군 덕산읍 용몽로 6-6,0,0,1,043-535-4385
A0033625,주식회사 시헌 STAY 365,SK에너지,경기 용인시,경기,용인시,경기 용인시 처인구 남사읍 처인성로 973,1,0,1,031-337-3651
A0033626,부산신항주유소,HD현대오일뱅크,부산 강서구,부산,강서구,부산 강서구 가락대로 706,1,0,1,051-971-5104
A0033628,문정주유소,GS칼텍스,충남 서산시,충남,서산시,충남 서산시 음암면 간대산길 66,1,0,0,041-665-8506
A0033629,(주)경포오앤비 경포주유소,HD현대오일뱅크,경북 포항시,경북,포항시,경북 포항시 북구 장량로 73(장성동),1,0,0,070-7878-5189
A0033630,행복주유소,SK에너지,충북 청주시,충북,청주시,충북 청주시 흥덕구 엘지로 11,1,0,0,043-272-7779
A0033631,장성우리주유소,알뜰주유소,경북 포항시,경북,포항시,경북 포항시 북구 삼흥로 157 (장성동),1,0,1,054-232-5445
A0033632,태물주유소,알뜰주유소,경기 화성시,경기,화성시,경기 화성시 만세구 남양읍 남양로 651,1,1,1,031-355-0903
A0033633,안산주유소(인천방향),SK에너지,경기 안산시,경기,안산시,경기 안산시 단원구 영동고속도로 15,0,0,1,031-402-5157
A0033634,안산주유소(강릉방향),SK에너지,경기 안산시,경기,안산시,경기 안산시 단원구 영동고속도로 15,0,0,1,031-403-5158
A0033636,지리산마천 농협 클린주유소,NH-OIL,경남 함양군,경남,함양군,경남 함양군 마천면 천왕봉로 1178,0,0,1,055-962-5155
A0033642,토진주유소,S-OIL,경기 평택시,경기,평택시,경기 평택시 청북읍 청원로 123,1,0,0,031-681-5155
A0033644,순창농협적성지점,NH-OIL,전북 순창군,전북,순창군,전북 순창군 적성면 적성로 128-12,1,0,1,063-652-3010
A0033647,웅천농협주유소,NH-OIL,충남 보령시,충남,보령시,충남 보령시 웅천읍 독산로 10,0,0,1,041-931-8005
A0033648,㈜에너지공대주유소,S-OIL,전남광주 나주시,전남광주,나주시,전남광주 나주시 혁신로 127,1,0,0,061-333-5189
A0033649,춘천농협주유소 엔타점,NH-OIL,강원 춘천시,강원,춘천시,강원 춘천시 후석로 120,1,0,1,033-262-8013
A0033651,서부산주유소(순천방향),SK에너지,부산 강서구,부산,강서구,부산광역시 강서구 남해2지선고속도로 19,1,0,1,051-941-5155
A0033655,남양기업㈜ 호산주유소,SK에너지,경남 함양군,경남,함양군,경남 함양군 휴천면 목현옥매로 221,1,0,0,055-000-0000
A0033657,김화농협주유소,NH-OIL,강원 철원군,강원,철원군,강원 철원군 서면 와수로110번안길 49,1,0,1,033-458-7551
A0033659,오션네트웍스(주) 서울식물원지점,SK에너지,서울 강서구,서울,강서구,서울 강서구 양천로 300,1,0,0,02-3661-8829
A0033660,플러스주유소,S-OIL,경기 시흥시,경기,시흥시,경기 시흥시 황고개로 520,1,0,0,031-311-7131
A0033661,신항코끼리주유소,S-OIL,부산 강서구,부산,강서구,부산 강서구 봉림길94번길 89,1,0,0,051-974-0911
A0033662,동탄세마주유소,SK에너지,경기 오산시,경기,오산시,"경기 오산시 외삼미로 162-12, 외 1필지",1,0,1,031-8015-5828
A0033663,대왕석유무역㈜서울셀프주유소,GS칼텍스,충북 음성군,충북,음성군,충북 음성군 대소면 대금로 789,1,0,1,043-882-3008
A0033664,남선석유(주) 임방울셀프주유소,S-OIL,전남광주 광산구,전남광주,광산구,전남광주 광산구 임방울대로 14,1,0,1,062-955-9156
A0033665,춘향(완주방향)주유소,알뜰(ex),전북 남원시,전북,남원시,전북 남원 수지면 순천완주고속도로 50,1,1,1,063-636-2207
A0033666,대진주유소,SK에너지,경기 여주시,경기,여주시,경기 여주시 강천면 강문로 344,0,0,0,031-8087-7078
A0033667,춘향(순천방향)주유소,알뜰(ex),전북 남원시,전북,남원시,전북 남원 수지면 순천완주고속도로 49,1,1,1,063-633-0377
A0033668,남원농협사매지점주유소,NH-OIL,전북 남원시,전북,남원시,전북 남원시 사매면 덕오로 84,0,0,1,063-620-1952
A0033669,(주)대원에너지 일봉지점,HD현대오일뱅크,전남광주 나주시,전남광주,나주시,전남광주통합특별시 나주시 왕곡면 여시물길 70,1,0,0,061-336-4980
A0033671,유한회사 디에스(DS),GS칼텍스,전북 군산시,전북,군산시,전북 군산 외항로 259,1,0,1,070-4047-4565
A0033673,㈜대동주유소 양덕지점,S-OIL,경북 포항시,경북,포항시,경북 포항시 북구 흥해읍 영일만산단로 32,1,0,0,054-253-5151
A0033674,검단신도시주유소,HD현대오일뱅크,인천 검단구,인천,검단구,인천 검단구 드림로 486,1,0,0,032-562-2345
A0033675,계곡농협주유소,NH-OIL,전남광주 해남군,전남광주,해남군,전남광주통합특별시 해남군 계곡면 해남로 1452,0,0,1,061-532-5891
A0033676,삼호주유소 주식회사,GS칼텍스,경기 연천군,경기,연천군,경기 연천군 전곡읍 양연로402번길 13,1,0,1,031-833-8280
A0033677,진천현대주유소,HD현대오일뱅크,충북 진천군,충북,진천군,충북 진천군 덕산읍 이덕로 603,1,0,1,043-533-5182
A0033678,당진수청주유소,HD현대오일뱅크,충남 당진시,충남,당진시,충남 당진 당진중앙2로 390,1,0,0,041-357-5180
A0033679,지에스칼텍스(주)백운밸리주유소,GS칼텍스,경기 의왕시,경기,의왕시,경기 의왕 백운로 370,1,0,1,031-425-5189
A0033681,㈜대청에너지 중부권 메가허브터미널주유소,GS칼텍스,충북 진천군,충북,진천군,충북 진천 초평면 은암산단로 246,1,0,1,043-836-5251
A0033683,화성주유소,S-OIL,충북 옥천군,충북,옥천군,충북 옥천 청산면 남부로 2383,1,0,0,043-732-0309
A0033684,희망주유소,HD현대오일뱅크,경기 화성시,경기,화성시,경기 화성시 효행구 봉담읍 삼천병마로 649,1,0,0,031-295-8669
A0033685,옥종농협주유소 북천지점,NH-OIL,경남 하동군,경남,하동군,경남 하동군 북천면 가리골길 4,0,0,1,055-884-0734
A0033686,HD현대오일뱅크㈜직영 운정호수셀프주유소,HD현대오일뱅크,경기 파주시,경기,파주시,경기 파주 동서대로 532,1,0,1,031-957-5152
A0033687,서울이엔지㈜ 삼월주유소,GS칼텍스,인천 서해구,인천,서해구,인천 서해구 경제로 70,1,0,0,032-564-5185
A0033688,HD현대오일뱅크㈜직영 섬섬주유소,HD현대오일뱅크,전남광주 여수시,전남광주,여수시,전남광주통합특별시 여수시 이순신대로 294,0,0,1,061-683-2008
A0033689,신명주유소,SK에너지,경남 창원시,경남,창원시,경남 창원시 진해구 신항4로 50,1,0,0,055-541-5705
A0033690,승학에너지㈜,S-OIL,경남 양산시,경남,양산시,경남 양산시 상북면 양산대로 1510,1,0,0,055-375-5575
A0033691,약수터제4주유소,GS칼텍스,충북 제천시,충북,제천시,충북 제천시 청풍호로 71,1,0,0,043-645-7711
A0033692,(주)동인청사 구도일주유소 세종,S-OIL,세종시,세종시,세종시,세종 시청대로 669,1,0,1,044-864-5182
A0033693,삼미상사(주)남촌도림셀프주유소,SK에너지,인천 남동구,인천,남동구,인천 남동구 비류대로 811,1,0,1,032-422-5159
A0033696,㈜백마주유소,S-OIL,충남 천안시,충남,천안시,충남 천안시 동남구 신방남부길 87-1 (신방동),1,0,1,041-579-5152
A0033697,진량농협주유소,NH-OIL,경북 경산시,경북,경산시,경북 경산시 진량읍 공단11로 257-10,1,0,1,053-859-5570
A0033698,북광산IC주유소,HD현대오일뱅크,전남광주 장성군,전남광주,장성군,전남광주통합특별시 장성군 남면 하남진곡산단로 902,1,0,0,061-878-8008
A0033699,룰루랄라셀프 (주)JY에너지 직영,HD현대오일뱅크,충북 청주시,충북,청주시,충북 청주시 서원구 1순환로 850,1,0,1,043-716-1100
A0033700,여수농협남면지점,NH-OIL,전남광주 여수시,전남광주,여수시,전남광주통합특별시 여수시 남면 내외진길 23,1,0,1,061-665-9705
A0033701,주식회사 양지남부대로주유소,GS칼텍스,경기 오산시,경기,오산시,경기 오산시 남부대로 10 (벌음동),1,0,0,031-378-4980
A0033702,지에스칼텍스㈜ 구래주유소,GS칼텍스,경기 김포시,경기,김포시,경기 김포시 김포한강10로 213,1,0,1,031-985-7516
A0033703,송정주유소,S-OIL,경기 군포시,경기,군포시,경기 군포시 송부로 14 (도마교동),1,0,1,031-409-7322
A0033704,(유)팔용에너지산업 워시헤븐주유소,GS칼텍스,경남 창원시,경남,창원시,경남 창원시 마산회원구 봉암공단14길 26,1,0,1,055-297-5188
A0033705,(유)이플렉스 직영 남사주유소,GS칼텍스,경기 용인시,경기,용인시,경기도 용인시 처인구 남사읍 용구대로 155,1,0,0,070-7777-7339
A0033706,내트럭(주)웅동사업소,SK에너지,경남 창원시,경남,창원시,경남 창원시 진해구 신항10로 98 (남문동),0,0,1,055-980-2300
A0033708,인제스피디움주유소,S-OIL,강원 인제군,강원,인제군,강원 인제군 기린면 상하답로 130 (기린면),0,0,0,033-463-8855
A0033709,(주)신평믿음오일,SK에너지,충남 당진시,충남,당진시,충청남도 당진시 신평면 중말길 29-16,1,0,1,041-362-6677
A0033710,북부농협고제지점,NH-OIL,경남 거창군,경남,거창군,경남 거창군 고제면 입석1길 7,0,0,0,055-942-7541
A0033711,지에스칼텍스㈜ 소사벌주유소,GS칼텍스,경기 평택시,경기,평택시,경기 평택시 소사5길 114,1,0,1,031-653-5145
A0033712,봉담제일주유소,S-OIL,경기 화성시,경기,화성시,경기 화성시 효행구 봉담읍 상리중앙로 257,1,0,0,070-4015-5145
A0033714,㈜태흥기업 태흥클린주유소,S-OIL,경기 용인시,경기,용인시,경기 용인시 처인구 중부대로 1652,1,0,1,031-339-5251
A0033716,태인농협주유소,NH-OIL,전북 정읍시,전북,정읍시,전북 정읍시 태인면 석지로 1422,0,0,1,063-536-4402
A0033717,좋은기름나라 테크노주유소,S-OIL,울산 남구,울산,남구,울산 남구 테크노산업로55번길 67,1,0,0,052-260-0721
A0033718,극동유화㈜참좋은2주유소,S-OIL,충북 음성군,충북,음성군,충북 음성군 맹동면 교연로 962,1,0,1,043-883-6449
A0033719,강진남부농협 대구지점 주유소,NH-OIL,전남광주 강진군,전남광주,강진군,전남광주통합특별시 강진군 대구면 청자로 1856,1,0,1,061-433-2800
A0033720,의령IC주유소 베르데산업,HD현대오일뱅크,경남 함안군,경남,함안군,경남 함안군 군북면 함마대로 281,1,0,0,0
A0033721,(유)아르힐포레 첨단주유소,GS칼텍스,경기 용인시,경기,용인시,경기 용인시 처인구 이동읍 남북대로 3438,1,0,0,031-333-4375
A0033722,중원대로주유소,HD현대오일뱅크,충북 충주시,충북,충주시,충북 충주시 중원대로 3208,1,0,1,043-846-6660
A0033724,금광주유소,HD현대오일뱅크,인천 검단구,인천,검단구,인천 검단구 중봉대로 1593 (금곡동),1,0,1,032-716-9979
A0033725,(유)동하석유 송파IC주유소,SK에너지,경기 성남시,경기,성남시,경기 성남시 수정구 헌릉로 893,1,0,0,031-752-0893
A0033726,극동유화(주) 만수르주유소,S-OIL,충남 아산시,충남,아산시,충남 아산시 배방읍 이순신대로 817,1,0,1,041-546-5183
A0033727,다이어리주유소,S-OIL,경기 용인시,경기,용인시,경기 용인시 처인구 모현읍 곡현로485번길 30,1,0,1,031-333-1283
A0033728,㈜HC에너지 연경2주유소,S-OIL,대구 동구,대구,동구,대구 동구 동화천로 391,1,0,1,053-981-3358
A0033729,태리알뜰주유소,알뜰주유소,경기 김포시,경기,김포시,경기 김포시 고촌읍 김포대로451번길 3,1,1,1,031-981-5184
A0033730,스타셀프주유소,GS칼텍스,강원 원주시,강원,원주시,강원 원주시 지정면 기업도시로 224,1,0,1,033-743-5182
A0033731,월드컵주유소,SK에너지,전북 전주시,전북,전주시,전북 전주시 덕진구 온고을로 713,1,0,1,063-214-8692
A0033732,거홍㈜ 초록로주유소,GS칼텍스,경기 화성시,경기,화성시,경기 화성시 만세구 양감면 초록로 612,1,0,0,031-352-6699
A0033733,이양청풍농협주유소,NH-OIL,전남광주 화순군,전남광주,화순군,전남광주통합특별시 화순군 이양면 화보로 1971,1,0,1,061-372-7989
A0033734,서강화농업협동조합 내가지점,NH-OIL,인천 강화군,인천,강화군,인천 강화군 내가면 중앙로 1282,1,0,1,032-932-7521
A0033735,㈜태산이앤엘 양지셀프주유소,알뜰주유소,대구 북구,대구,북구,대구 북구 관음로 211,1,1,1,053-242-2003
A0033736,(유)이영반도체주유소,GS칼텍스,경기 용인시,경기,용인시,경기 용인시 처인구 이동읍 남북대로 3429,1,0,0,031-332-8251
A0033737,남산농협 주유소,NH-OIL,강원 춘천시,강원,춘천시,강원특별자치도 춘천시 남산면 보매기1길 62-25 (남산면),1,0,1,033-262-8787
A0033739,㈜참바다 수동(포천방향)주유소,SK에너지,경기 남양주시,경기,남양주시,경기 남양주시 수동면 비룡로 1183,1,0,0,070-7791-9217
A0033740,㈜참바다 수동(화도방향)주유소,SK에너지,경기 남양주시,경기,남양주시,경기 남양주시 수동면 비룡로 1183-1,1,0,0,070-7796-1309
A0033741,(주)영덕 금릉주유소,HD현대오일뱅크,충북 충주시,충북,충주시,충북 충주시 충원대로 737 (금릉동),1,0,0,043-848-8530
A0033742,위즈코프㈜ 남한강(창원)주유소,알뜰(ex),경기 양평군,경기,양평군,경기 양평군 강상면 중부내륙고속도로 298,1,0,1,031-771-0952
A0033743,위즈코프㈜ 남한강(포천)주유소,알뜰(ex),경기 양평군,경기,양평군,경기 양평군 강상면 중부내륙고속도로 298,1,0,1,031-771-0983
A0033744,승하셀프주유소,HD현대오일뱅크,경기 화성시,경기,화성시,경기 화성시 만세구 향남읍 향남로 150,1,0,0,031-8059-3465
A0033745,상남농업협동조합 주유소,NH-OIL,경남 밀양시,경남,밀양시,경남 밀양시 상남면 평촌중앙로 44-1,0,0,1,055-352-6566
A0033747,순창농협풍산지점,NH-OIL,전북 순창군,전북,순창군,전북 순창군 풍산면 금풍로 1028,0,0,1,063-652-9506
A0033748,표선주유소,SK에너지,제주 서귀포시,제주,서귀포시,제주특별자치도 서귀포시 표선면 일주동로 5691,1,0,1,064-787-8989
A0033749,㈜펀오토워시주유소,S-OIL,경기 안성시,경기,안성시,경기 안성시  중앙대학로 389 (안성2동),1,0,0,031-671-1868
A0033751,씨앤에스유통(주) 마곡드림주유소,S-OIL,서울 강서구,서울,강서구,서울 강서구 방화대로 254(마곡동),1,0,0,02-2667-0113
A0033752,회천농협주유소,NH-OIL,전남광주 보성군,전남광주,보성군,전남광주통합특별시 보성군 회천면 남부관광로 2383,0,0,1,061-853-9888
A0033753,동백자연에너지,SK에너지,경기 용인시,경기,용인시,경기 용인시 기흥구 석성로 531,1,0,1,031-281-5151
A0033754,㈜선도테크 회화로주유소,GS칼텍스,경기 화성시,경기,화성시,경기 화성시 만세구 양감면 정문회화로 41-1,1,0,0,031-352-5114
A0033755,원평동양주유소,SK에너지,경북 구미시,경북,구미시,경북 구미시 산업로 240,1,0,0,054-604-5885
A0033757,생극그린셀프주유소,GS칼텍스,충북 음성군,충북,음성군,충청북도 음성군 생극면 오신로 555,1,0,1,043-878-5104
A0033758,판암하늘셀프주유소,SK에너지,대전 동구,대전,동구,대전 동구 옥천로 77,1,0,0,042-286-5189
A0033759,㈜아산구도일,S-OIL,충남 아산시,충남,아산시,충남 아산시 영인면 장영실로 714,1,0,0,041-547-5148
A0033760,대원카고주유소,SK에너지,경기 화성시,경기,화성시,경기 화성시 효행구 봉담읍 매봉로 222,1,0,0,031-292-5305
A0033763,KH에너지㈜직영 예산예당호주유소(평택방향),SK에너지,충남 예산군,충남,예산군,충남 예산군 응봉면 예당로 1187,1,0,1,041-331-5553
A0033764,KH에너지㈜직영 예산예당호주유소(익산방향),SK에너지,충남 예산군,충남,예산군,충남 예산군 응봉면 예당로 1187,1,0,1,041-331-5550
A0033766,KH에너지㈜직영 평택호주유소(평택방향),SK에너지,경기 평택시,경기,평택시,경기 평택시 현덕면 평택호3길 63,1,0,1,031-683-5552
A0033767,KH에너지㈜직영 평택호주유소(익산방향),SK에너지,경기 평택시,경기,평택시,경기 평택시 현덕면 평택호3길 63,1,0,1,031-684-5538
A0033770,하양셀프주유소,HD현대오일뱅크,경북 경산시,경북,경산시,경북 경산시 하양읍 대곡로 148,1,0,0,053-853-9824
A0033771,오일드림주유소,HD현대오일뱅크,경북 구미시,경북,구미시,경북 구미시  구미중앙로25길 38,1,0,0,054-444-2020
A0033772,철원농협주유소,NH-OIL,강원 철원군,강원,철원군,강원 철원군 철원읍 금학로290번길 43,1,0,1,033-455-0251
A0033773,㈜해우 동세종주유소,S-OIL,세종시,세종시,세종시,세종 부강면 세종청주로 205,1,0,1,044-867-3447
A0033774,춘향골농협송동지점,NH-OIL,전북 남원시,전북,남원시,전북 남원시 송동면 송기길 73,1,0,1,063-634-6024
A0033775,에스제이오일㈜ 밀양(함양방향)주유소,알뜰(ex),경남 밀양시,경남,밀양시,경남 밀양시 무안면 함양울산고속도로 87-1,1,1,1,054-355-7977
A0033776,에스제이오일㈜ 밀양(울산방향)주유소,알뜰(ex),경남 밀양시,경남,밀양시,경남 밀양시 무안면 함양울산고속도로 88,1,1,1,055-355-7974
A0033777,㈜케이알산업 처인(세종방향)주유소,알뜰(ex),경기 용인시,경기,용인시,경기 용인시 처인구 모현읍 곡현로619번길 36,1,1,1,031-339-5330
A0033778,㈜케이알산업 처인(포천방향)주유소,알뜰(ex),경기 용인시,경기,용인시,경기 용인시 처인구 모현읍 곡현로619번길 36,1,1,1,031-323-5328
A0033780,황간농협주유소,NH-OIL,충북 영동군,충북,영동군,충북 영동군 황간면 영동황간로 1520,1,0,1,043-745-3001
A0033781,㈜원,S-OIL,전남광주 나주시,전남광주,나주시,전남광주통합특별시 나주시 동강면 장동들길 25-4,1,0,0,061-331-7319
A0033782,지에프에너지㈜ 나들목주유소,GS칼텍스,충남 천안시,충남,천안시,충남 천안시 서북구 입장면 삼사로 1880,1,0,1,041-417-0800
A0033783,춘향골농협수지지점,NH-OIL,전북 남원시,전북,남원시,전북 남원시 수지면 고주로 614,0,0,1,063-625-0067
A0033785,㈜광동티엘에스 송산에너지,SK에너지,경기 화성시,경기,화성시,경기 화성시 만세구 송산면 삼존로 59,1,0,1,031-356-7330
A0033786,반도체클러스터주유소,GS칼텍스,경기 용인시,경기,용인시,경기 용인시 처인구 남사읍 처인성로 948,1,0,1,031-334-2555
A0033788,지에스칼텍스㈜ 묘도대교주유소,GS칼텍스,전남광주 여수시,전남광주,여수시,전남광주통합특별시 여수시 이순신대로 303,0,0,1,061-692-5151
A0033789,지에스칼텍스㈜ 양주시청앞주유소,GS칼텍스,경기 양주시,경기,양주시,경기 양주시 평화로 1072,1,0,1,031-848-5150
A0033790,원흥신도시주유소 ㈜지앤비에스에코,S-OIL,경기 고양시,경기,고양시,경기 고양시 덕양구 서오릉로 619,1,0,1,031-966-5133
A0033791,현대이엔티㈜ 두바이주유소,GS칼텍스,전남광주 광산구,전남광주,광산구,전남광주통합특별시 광산구 노안삼도로 1353,1,0,0,062-433-8889
A0033792,경동석유산업㈜부평SELF 주유소,SK에너지,인천 부평구,인천,부평구,인천 부평구 백범로 567,1,0,1,032-710-7305
A0033793,영암농협주유소,NH-OIL,전남광주 영암군,전남광주,영암군,전남광주통합특별시 영암군 영암읍 낭주로 148,1,0,1,061-473-2424
A0033795,챔피언셀프주유소,S-OIL,경북 포항시,경북,포항시,경북 포항시 남구 오천읍 철강로 630,1,0,0,070-5213-1337
A0033796,포곡농협가득채움주유소 본점,NH-OIL,경기 용인시,경기,용인시,경기 용인시 처인구 포곡읍 포곡로 227,1,1,1,031-334-5844
A0033797,동강농협주유소,NH-OIL,전남광주 나주시,전남광주,나주시,전남광주통합특별시 나주시 동강면 남악동강로 1432,1,0,1,061-335-5182
A0033798,동구미농협주유소,NH-OIL,경북 구미시,경북,구미시,경북 구미시 산동읍 해마루공원로 345,1,0,1,054-474-3450
A0033799,양운개발 구도일주유소 에듀시티,S-OIL,경기 오산시,경기,오산시,경기도 오산시 수목원로 371,1,0,0,031-375-5551
A0033800,주식회사 만수르에너지,S-OIL,충남 아산시,충남,아산시,충남 아산시 음봉면 음봉로 319,1,0,1,070-4617-5182
A0033801,만수르기름창고㈜,SK에너지,충남 아산시,충남,아산시,충남 아산시 음봉면 음봉로 315,1,0,1,070-4616-5151
A0033802,로드801(ROAD801) 주식회사,S-OIL,경기 화성시,경기,화성시,경기도 화성시 만세구 남양읍 시청로 399,1,0,1,031-357-8018
A0033803,남사2주유소 (유)남사신도시주유소,SK에너지,경기 용인시,경기,용인시,경기 용인시 처인구 남사읍 용구대로 166,1,0,0,031-333-7339
A0033804,화산농협주유소,NH-OIL,전남광주 해남군,전남광주,해남군,전남광주통합특별시 해남군 화산면 해남화산로 1051,1,0,1,061-534-4448
A0033805,㈜케이알산업 포항(하)주유소,알뜰(ex),경북 포항시,경북,포항시,경북 포항시 북구 송라면 동해대로 3373,1,1,1,054-000-0000
A0033806,㈜케이알산업 영덕(상)주유소,알뜰(ex),경북 영덕군,경북,영덕군,경북 영덕군 남정면 양성리 산8-1,1,1,1,054-000-0000
A0033807,CJ대한통운㈜ 아산탕정주유소,S-OIL,충남 아산시,충남,아산시,충남 아산시 탕정면 새아산로 354,1,0,1,041-531-5106
A0033808,CJ대한통운㈜ 호산주유소,S-OIL,충남 아산시,충남,아산시,충남 아산시 탕정면 새아산로 352,1,0,1,041-531-5107
A0033809,CJ대한통운㈜ 제스에너지,S-OIL,충남 아산시,충남,아산시,충남 아산시 탕정면 새아산로 356,1,0,1,041-531-5104
A0033810,김제(새만금방향)주유소,알뜰(ex),전북 김제시,전북,김제시,전북 김제시 하정로 93 (흥사동),1,0,1,063-920-1166
A0033811,김제(전주방향)주유소,알뜰(ex),전북 김제시,전북,김제시,전북 김제시 백산면 하정2길 126,1,0,1,063-920-2266
A0033812,여량농협 북평주유소,NH-OIL,강원 정선군,강원,정선군,강원 정선군 북평면 서동로 1838,1,0,1,033-563-4001
A0033813,㈜고삼하이파크 고삼(포천)주유소,알뜰(ex),경기 안성시,경기,안성시,경기 안성시 고삼면 삼은리 산15-9,1,1,1,031-8057-8258
A0033814,㈜고삼하이파크 고삼(세종)주유소,알뜰(ex),경기 안성시,경기,안성시,경기 안성시 고삼면 삼은리 산15-9,1,1,1,031-8057-8265
A0033816,서진도농업협동조합,NH-OIL,전남광주 진도군,전남광주,진도군,전남광주통합특별시 진도군 임회면 십일시길 48,1,0,1,061-542-0152
A0033818,㈜남경프라임 평택점,SK에너지,경기 평택시,경기,평택시,경기 평택시 비전4로 188 (비전동),1,0,0,031-654-5189
A0033819,상암DMC에너지주유소,S-OIL,경기 고양시,경기,고양시,경기 고양시 덕양구 으뜸로 142 (덕은동),1,0,0,02-3431-6233
A0033820,금송 주유소,GS칼텍스,충남 당진시,충남,당진시,충남 당진시 석문면 산단4로 11,1,0,1,041-357-9170
A0033821,제부마리나,자가상표,경기 평택시,경기,평택시,경기 평택시 포승읍 평택항만길 73,0,0,1,031-686-0651
A0033822,피트인 하이웨이 안산새솔점,S-OIL,경기 화성시,경기,화성시,경기 화성시 만세구 수노을중앙로 280,0,0,0,031-8050-1515
A0033823,탕정에너지,SK에너지,충남 아산시,충남,아산시,충남 아산시 탕정면 새아산로 340,1,0,1,041-541-8285
A0033825,청주축산농협주유소,NH-OIL,충북 청주시,충북,청주시,충북 청주시 상당구 목련로 92 (운동동),1,0,1,043-287-3047
A0033826,동양주유소,HD현대오일뱅크,부산 기장군,부산,기장군,부산 기장군 기장읍 기장대로 534,1,0,0,051-724-0202
A0033827,음암농협주유소,NH-OIL,충남 서산시,충남,서산시,충남 서산시 음암면 운암로 373,1,0,1,041-663-6161
A0033828,서영암농업협동조합,NH-OIL,전남광주 영암군,전남광주,영암군,전남광주 영암군 학산면 독천로 210-12,1,0,1,061-470-1859
